stock_id,stock_name,industry_category,actual_months,WMAPE_numeric_valid,SMAPE_numeric_valid,MedianAPE_numeric_valid,MAPE_numeric_valid,WMAPE,SMAPE,MedianAPE,MAPE,RMSE,MAE,Bias,UnderestimateRate,DirectionAccuracy,sarima_months,fallback_months,selected_order,selected_seasonal_order,best_aic,runtime_seconds
3628,盈正,其他電子類,12,15.001911031865392,13.988333198586627,11.018416924577759,13.830957894165651,15.002,13.988,11.018,13.831,61130.934,41946.393,-7006.097,50.0,58.333,12,0,"(1, 1, 1)","(0, 1, 1, 12)",0.6131043428425276,1.3470221001189202
3211,順達,電腦及週邊設備業,12,15.045094819089517,16.063395529246826,13.4833935827603,15.570415067392032,15.045,16.063,13.483,15.57,180303.822,165727.8,-101861.85,83.333,75.0,12,0,"(1, 1, 1)","(0, 1, 1, 12)",-12.603191844363575,0.9971102999988944
6881,潤德,其他,12,15.05876433604314,16.844226835547392,14.231411427512652,15.079314900592111,15.059,16.844,14.231,15.079,35934.716,30927.0,-29713.5,91.667,0.0,0,12,,,,0.0217438000254333
5906,台南-KY,貿易百貨,12,15.073932588075042,14.36993524607075,16.109459293782834,14.641261984991457,15.074,14.37,16.109,14.641,27159.658,21125.174,457.138,50.0,75.0,12,0,"(1, 1, 1)","(0, 1, 1, 12)",21.64560965040078,0.8504392998293042
2382,廣達,電腦及週邊設備業,12,15.101816630815676,15.129902548491103,9.441718175161734,14.773060748053846,15.102,15.13,9.442,14.773,35077766.644,26726307.174,-7213493.672,66.667,66.667,12,0,"(1, 1, 1)","(0, 1, 0, 12)",-43.76714533742963,0.6108176000416279
1786,科妍,生技醫療業,12,15.115231065279113,14.049982837895488,12.378926154090111,15.166516272818203,15.115,14.05,12.379,15.167,14182.302,11167.914,6574.061,25.0,91.667,12,0,"(0, 1, 1)","(0, 1, 1, 12)",7.237658281687398,0.8656850999686867
6907,雅特力-KY,半導體業,2,15.117901916285392,16.354100340683072,15.117901916285392,15.117901916285392,15.118,16.354,15.118,15.118,24914.0,24914.0,-24914.0,100.0,0.0,0,12,,,,0.0114438000600785
2073,雄順,鋼鐵工業,12,15.127259161744952,14.73583245740546,14.892621759745717,15.184123868165797,15.127,14.736,14.893,15.184,9031.421,7028.667,2860.667,33.333,75.0,0,12,,,,0.022291800007224
6538,倉和,電子零組件業,12,15.132075500732899,15.425074442061437,14.960612590281372,15.042144104710328,15.132,15.425,14.961,15.042,22049.859,18372.433,592.963,41.667,66.667,12,0,"(1, 1, 0)","(0, 1, 0, 12)",-41.24306644645328,0.368025500094518
6890,來億-KY,運動休閒,12,15.159504214949798,15.169658200703712,6.282214207211983,15.326998132472772,15.16,15.17,6.282,15.327,708814.452,500196.167,1056.833,50.0,41.667,0,12,,,,0.0173986000008881
3149,正達,電子工業,12,15.165821823044102,15.319384989741417,14.838929760111819,14.923373230322559,15.166,15.319,14.839,14.923,33968.092,28859.801,-11008.934,58.333,58.333,12,0,"(0, 1, 1)","(0, 1, 1, 12)",-40.11700924385658,0.8298486000858247
5438,東友,電腦及週邊設備業,12,15.167531302333643,15.356852890496638,5.874710738487525,16.790631383771192,15.168,15.357,5.875,16.791,25304.558,16401.031,3103.574,50.0,66.667,12,0,"(1, 1, 1)","(0, 1, 1, 12)",-0.395533713356615,0.988291900139302
3679,新至陞,電子零組件業,12,15.182800204957154,15.617524500057787,14.434413434284615,15.386271800163584,15.183,15.618,14.434,15.386,68756.677,56571.05,12466.926,33.333,75.0,12,0,"(1, 1, 1)","(0, 1, 1, 12)",14.517446731277232,1.0854070000350475
1583,程泰,電機機械,12,15.18845294207449,14.977372220614962,12.9091498398443,15.619989713043992,15.188,14.977,12.909,15.62,57707.205,49199.335,3683.687,58.333,75.0,12,0,"(0, 1, 1)","(0, 1, 1, 12)",-30.520490185372974,0.7214029999449849
3131,弘塑,半導體業,12,15.20430927191318,14.256586388842035,8.342585719177844,12.809600166117367,15.204,14.257,8.343,12.81,143577.828,82540.331,-50595.016,58.333,58.333,12,0,"(0, 1, 1)","(0, 1, 1, 12)",-33.88968995977589,0.8411969998851418
1416,廣豐,其他,12,15.207262850325446,15.053650936342997,14.819322418907815,14.787970707418896,15.207,15.054,14.819,14.788,5359.554,4564.092,-723.624,50.0,33.333,12,0,"(0, 1, 1)","(0, 1, 1, 12)",22.55181530654432,0.97725349990651
3207,耀勝,電子零組件業,12,15.213072585413942,14.567034814724906,10.2535991168614,15.211035781941245,15.213,14.567,10.254,15.211,34397.655,24356.04,-2233.319,41.667,66.667,12,0,"(0, 1, 1)","(0, 1, 1, 12)",-11.721278294517976,0.803127400111407
1517,利奇,電機機械,12,15.22294489067666,15.250401427122576,11.376161084522563,15.797663565168287,15.223,15.25,11.376,15.798,32807.173,25641.414,4333.615,50.0,66.667,12,0,"(1, 1, 0)","(0, 1, 1, 12)",-1.883432032816371,0.5493844000156969
4736,泰博,生技醫療業,12,15.24312204176499,15.049014762527147,16.470280217826275,15.3170298097446,15.243,15.049,16.47,15.317,56980.761,53403.071,5316.41,50.0,50.0,12,0,"(0, 1, 1)","(0, 1, 1, 12)",28.71389959792821,0.504113599890843
2033,佳大,鋼鐵工業,12,15.243486871984025,15.811430761514536,12.646429201082421,15.304580618423788,15.243,15.811,12.646,15.305,10933.197,8926.776,-2955.37,75.0,50.0,12,0,"(0, 1, 1)","(0, 1, 1, 12)",-23.00776664119034,0.6838004998862743
3548,兆利,電子零組件業,12,15.278463269980106,15.042744491398121,15.060692083584748,15.675907525108023,15.278,15.043,15.061,15.676,132384.122,119750.469,48252.975,25.0,58.333,12,0,"(1, 1, 1)","(0, 1, 1, 12)",-7.774774848612653,0.9746201999951154
6569,醫揚,生技醫療業,12,15.278569990192176,15.163762422693033,9.73525566332116,16.208127006894287,15.279,15.164,9.735,16.208,21568.164,16720.956,2187.167,58.333,75.0,12,0,"(1, 1, 0)","(0, 1, 1, 12)",3.24160736091865,0.7649895001668483
6843,進典,電機機械,12,15.282536528629237,15.72793133997344,16.502587865001335,14.76527078218351,15.283,15.728,16.503,14.765,12692.145,10511.583,-6840.583,75.0,66.667,0,12,,,,0.0279493001289665
1539,巨庭,電機機械,12,15.286869435831285,15.559690357535564,10.857606889666048,14.768971743088274,15.287,15.56,10.858,14.769,23950.795,16587.285,-1701.527,41.667,58.333,12,0,"(1, 1, 0)","(0, 1, 1, 12)",15.920685336316058,0.5824720999225974
4991,環宇-KY,半導體業,12,15.292706203551646,15.916111416630931,11.920412026002776,14.914169919988387,15.293,15.916,11.92,14.914,36013.356,27867.261,-14194.763,66.667,75.0,12,0,"(0, 1, 1)","(0, 1, 1, 12)",3.3969139792434637,0.6354147000238299
8067,志旭,電子通路業,12,15.32075948954133,15.149330060461057,15.007300585500671,15.43023421754259,15.321,15.149,15.007,15.43,1507.335,1367.799,165.335,41.667,75.0,12,0,"(1, 1, 1)","(0, 1, 1, 12)",21.523220240474743,1.4205444001127034
4737,華廣,生技醫療業,12,15.336087265360106,15.16025722365626,15.226449457852127,15.616216481382484,15.336,15.16,15.226,15.616,25688.893,23497.263,5810.498,41.667,50.0,12,0,"(0, 1, 1)","(0, 1, 1, 12)",11.580222080187337,0.7528291998896748
6603,富強鑫,電機機械,12,15.342139959981765,15.332620965172502,12.024858323973584,15.059674183233609,15.342,15.333,12.025,15.06,86372.343,64871.464,-19456.166,66.667,83.333,12,0,"(0, 1, 1)","(0, 1, 1, 12)",2.832937246860163,1.6557769000064582
8936,國統,其他,12,15.342647408536658,14.871850889051563,12.74748461818969,14.105240395496663,15.343,14.872,12.747,14.105,109738.021,80674.082,-24436.205,66.667,75.0,12,0,"(0, 1, 1)","(0, 1, 1, 12)",-5.005152218292652,0.7774299001321197
3229,晟鈦,電子零組件業,12,15.353196665361079,15.769611357770364,14.0260125821548,15.637428398469243,15.353,15.77,14.026,15.637,15553.796,13313.576,-2469.191,58.333,50.0,12,0,"(0, 1, 1)","(0, 1, 1, 12)",13.77662699280241,0.7044096998870373
6668,中揚光,電子工業,12,15.357324873896673,16.558223198922313,15.027205201932098,15.84534155649984,15.357,16.558,15.027,15.845,17236.976,14923.916,-8972.035,75.0,58.333,12,0,"(0, 1, 1)","(0, 1, 1, 12)",13.526573475952548,0.7254269002005458
1515,力山,電機機械,12,15.36110242341277,16.054675739716224,10.604682765268205,14.625502962271094,15.361,16.055,10.605,14.626,96101.81,69371.903,-27588.237,58.333,91.667,12,0,"(1, 1, 0)","(0, 1, 1, 12)",21.76914939320888,0.6088785000611097
2734,易飛網,觀光餐旅,12,15.367607494501415,15.561287663774035,14.69385605640474,15.263855864322018,15.368,15.561,14.694,15.264,24426.21,21044.299,-16.662,41.667,41.667,12,0,"(0, 1, 1)","(0, 1, 1, 12)",37.46434549713745,0.8052198998630047
6416,瑞祺電通,電子工業,12,15.383678797862377,14.682456564246332,10.480262070375817,14.342272841296952,15.384,14.682,10.48,14.342,78411.536,55243.714,-14530.311,50.0,83.333,12,0,"(0, 1, 1)","(1, 1, 0, 12)",-54.65953269896716,1.027309900149703
2380,虹光,電腦及週邊設備業,12,15.389857649375358,16.153523377705742,16.485771695099853,15.527383923981194,15.39,16.154,16.486,15.527,45408.409,37566.668,-11442.369,66.667,75.0,12,0,"(1, 1, 1)","(0, 1, 1, 12)",21.799097238926603,1.2105020999442786
2726,雅茗-KY,觀光餐旅,12,15.391366312281441,15.748562316330531,14.255813970622578,15.034677659163812,15.391,15.749,14.256,15.035,8326.184,7287.838,-3349.677,66.667,66.667,12,0,"(1, 1, 1)","(0, 1, 1, 12)",-1.3525702414924154,1.580329499905929
8342,益張,其他,12,15.404562723648821,15.024594925481924,12.65093500922918,16.072425298841743,15.405,15.025,12.651,16.072,26753.146,21076.651,6221.763,58.333,66.667,12,0,"(0, 1, 1)","(0, 1, 0, 12)",-27.66509675564613,0.5091505001764745
4513,福裕,電機機械,12,15.408907538526853,15.40044688739918,9.913943276602147,15.129973811911007,15.409,15.4,9.914,15.13,16554.98,12945.306,-720.986,50.0,75.0,12,0,"(0, 1, 1)","(0, 1, 1, 12)",-3.3835052078247223,0.6547179000917822
8446,華研,文化創意業,12,15.432019116077173,14.8539508557461,10.88144011305416,15.774810622079883,15.432,14.854,10.881,15.775,17711.322,13951.741,2079.717,50.0,50.0,12,0,"(0, 1, 1)","(0, 1, 1, 12)",-4.750849637578813,1.1322361000347885
6585,鼎基,其他,12,15.51282188701151,15.436294337845375,11.809231321497009,16.315474997495073,15.513,15.436,11.809,16.315,47373.247,36837.729,4383.753,41.667,50.0,12,0,"(0, 1, 1)","(0, 1, 1, 12)",-45.479326310870775,1.0342447999864817
3663,鑫科,其他電子類,12,15.516246534971465,15.512120005609312,16.204530268133404,15.732025131055668,15.516,15.512,16.205,15.732,91724.746,73895.723,4844.056,58.333,58.333,12,0,"(0, 1, 1)","(0, 1, 1, 12)",1.8979396090614624,0.8066001001279801
4105,東洋,生技醫療業,12,15.517634641903069,14.541627839673074,11.2200036960722,14.602634032487769,15.518,14.542,11.22,14.603,107929.878,83451.292,-7325.976,50.0,83.333,12,0,"(0, 1, 1)","(0, 1, 1, 12)",-41.49194313689152,1.0338661998976022
4167,松瑞藥,生技醫療業,12,15.521722662501494,15.679797970349437,14.009332497801394,15.39392286973556,15.522,15.68,14.009,15.394,18959.295,15543.582,-5281.802,58.333,58.333,12,0,"(0, 1, 1)","(0, 1, 1, 12)",19.238217992324262,0.8722286000847816
1598,岱宇,運動休閒,12,15.539653322522087,15.116847325400332,13.531709520114651,15.891145995276688,15.54,15.117,13.532,15.891,106707.703,79405.155,15842.67,41.667,75.0,12,0,"(0, 1, 1)","(0, 1, 1, 12)",-27.27291107084713,0.6049071000888944
3702,大聯大,電子通路業,12,15.540416227210152,15.471424261952684,16.199935240620587,15.988393444170862,15.54,15.471,16.2,15.988,14295734.783,12938988.379,3356180.271,41.667,75.0,12,0,"(0, 1, 1)","(0, 1, 0, 12)",-68.86551915036108,0.3759773999918252
2910,統領,貿易百貨,12,15.554214429448646,14.23661626589581,13.89113365816533,15.56014009384976,15.554,14.237,13.891,15.56,7952.928,6718.747,5232.135,16.667,41.667,12,0,"(0, 1, 1)","(0, 1, 1, 12)",75.15074309205563,0.5756211001425982
4711,永純,化學工業,12,15.571225850695427,15.94803416412203,15.538375152182846,15.717384609981908,15.571,15.948,15.538,15.717,11665.896,9459.883,-573.736,50.0,75.0,12,0,"(0, 1, 1)","(0, 1, 1, 12)",7.231883297044893,0.6884747999720275
1541,錩泰,電機機械,12,15.584081020430768,15.718806522973045,12.7680497439361,15.611752416976035,15.584,15.719,12.768,15.612,55028.126,47135.417,7477.564,33.333,83.333,12,0,"(0, 1, 1)","(1, 1, 0, 12)",-7.488039711822978,0.620440199971199
1470,大統新創,紡織纖維,12,15.584201235634776,15.02228823598182,14.294019514749074,15.028500283137236,15.584,15.022,14.294,15.029,12558.98,10437.662,-1743.013,58.333,75.0,12,0,"(1, 1, 1)","(0, 1, 1, 12)",12.654766922335355,1.2312384000979364
3528,安馳,電子通路業,12,15.624463299867186,16.165465812095043,15.596001160147466,14.526858586521541,15.624,16.165,15.596,14.527,146486.448,116653.649,-103852.716,75.0,50.0,12,0,"(0, 1, 1)","(1, 1, 0, 12)",-52.14546090914653,0.7865365000907332
8929,富堡,其他,12,15.626088830800134,15.746486453824685,9.165376465378216,15.80954324003442,15.626,15.746,9.165,15.81,12051.198,9389.443,-286.738,50.0,58.333,12,0,"(0, 1, 1)","(0, 1, 1, 12)",-27.591412255600275,0.845619099913165
6113,亞矽,電子通路業,12,15.633727106961532,16.2782096062659,9.29492538461107,15.458945807359584,15.634,16.278,9.295,15.459,12199.894,8355.862,-702.156,41.667,58.333,12,0,"(1, 1, 0)","(0, 1, 1, 12)",19.68154593419419,0.8666017998475581
2331,精英,電腦及週邊設備業,12,15.650994831053982,14.76322726527122,13.33563865705879,15.349639506887257,15.651,14.763,13.336,15.35,345768.541,262312.16,23207.544,50.0,66.667,12,0,"(0, 1, 1)","(0, 1, 1, 12)",-25.050564435639576,0.675459299935028
4557,永新-KY,汽車工業,12,15.687350987184482,15.179078053711889,17.392389209939353,16.419404796056167,15.687,15.179,17.392,16.419,62894.946,52194.941,33695.875,33.333,75.0,12,0,"(1, 1, 1)","(0, 1, 1, 12)",1.8560231893696424,0.901134799933061
5315,光聯,光電業,12,15.690408334815533,15.120861643803526,13.463921400928042,15.749180587566695,15.69,15.121,13.464,15.749,29993.433,26196.353,11077.883,33.333,41.667,12,0,"(1, 1, 0)","(0, 1, 0, 12)",-81.0361704741969,0.5869549999479204
2867,三商壽,金融保險,10,15.70408519512963,16.165411306495766,13.068968221225303,16.635953258810787,15.704,16.165,13.069,16.636,2011903.15,1850485.665,-54477.907,60.0,33.333,5,7,"(1, 1, 1)","(0, 1, 1, 12)",3.75076865620246,0.5459922000300139
8255,朋程,電機機械,12,15.713218932050221,15.067482469872406,11.944961932207706,15.533347976074033,15.713,15.067,11.945,15.533,127854.611,106142.336,20480.865,41.667,25.0,12,0,"(1, 1, 1)","(0, 1, 1, 12)",-64.43053560610328,1.6040384999942034
6953,家碩,半導體業,12,15.719011521974357,15.664762064199136,6.967578028799924,15.941814052067036,15.719,15.665,6.968,15.942,29559.264,17347.75,-6495.75,66.667,50.0,0,12,,,,0.0243643000721931
6965,中傑-KY,運動休閒,12,15.77954463654665,14.72691032074819,11.146392708794938,15.831810241271482,15.78,14.727,11.146,15.832,369828.146,284862.583,113825.917,41.667,0.0,0,12,,,,0.0317592001520097
2754,亞洲藏壽司,觀光餐旅,12,15.78665297898537,15.37874914598805,12.232853963746868,15.421799235412026,15.787,15.379,12.233,15.422,85560.238,75092.504,16662.164,33.333,58.333,12,0,"(0, 1, 1)","(0, 1, 1, 12)",50.90288766144741,0.520168200135231
3669,圓展,電子工業,12,15.810472158052221,15.348867535284066,11.606889443781334,14.841297389431093,15.81,15.349,11.607,14.841,46632.053,33338.66,-7210.285,50.0,66.667,12,0,"(0, 1, 1)","(0, 1, 1, 12)",-29.13171826844561,1.2565962001681328
6120,達運,電子工業,12,15.812200281821523,15.669897575446548,12.363199148927414,16.418747783979455,15.812,15.67,12.363,16.419,263889.31,225396.537,27085.672,41.667,58.333,12,0,"(0, 1, 1)","(0, 1, 1, 12)",-10.12573691688689,1.3403888999018818
6523,達爾膚,生技醫療業,12,15.83450204369205,15.326655423692761,12.956537491691913,16.009316241958473,15.835,15.327,12.957,16.009,20278.464,15415.706,-419.798,33.333,75.0,12,0,"(0, 1, 1)","(0, 1, 1, 12)",1.927072632441572,0.8061983999796212
6156,松上,電子零組件業,12,15.887007068155695,15.953411908661758,15.26330989433986,15.887500349149985,15.887,15.953,15.263,15.888,69878.615,65469.469,8643.283,33.333,41.667,12,0,"(0, 1, 1)","(0, 1, 1, 12)",-40.08873485866178,0.9059498000424356
6923,中台,綠能環保,12,15.88928852071989,13.983363085133279,9.472914968663918,15.90195683176244,15.889,13.983,9.473,15.902,20727.934,15300.167,13304.0,16.667,33.333,0,12,,,,0.0310123001690953
5439,高技,電子零組件業,12,15.894020165183232,17.151213329937764,14.986856216975442,16.325615096179767,15.894,17.151,14.987,16.326,140172.981,127729.485,-36540.723,58.333,50.0,12,0,"(1, 1, 0)","(0, 1, 1, 12)",-74.68270120149022,0.8985295000020415
6470,宇智,通信網路業,12,15.937841162234056,15.860634516335862,14.068966284475003,16.80844574424768,15.938,15.861,14.069,16.808,30565.161,25961.628,10198.54,25.0,50.0,12,0,"(1, 1, 0)","(0, 1, 1, 12)",-31.222915521668952,1.764415399869904
8390,金益鼎,綠能環保類,12,15.954826196727435,15.905082208595122,17.074959486081493,16.31829912789306,15.955,15.905,17.075,16.318,69085.1,61624.732,8162.731,50.0,41.667,12,0,"(0, 1, 1)","(0, 1, 1, 12)",-29.47979621590664,0.8840799001045525
3030,德律,電子工業,12,16.042058441744416,16.45870342858995,15.8408046234504,15.741034494536102,16.042,16.459,15.841,15.741,137873.718,113195.919,-26129.751,50.0,75.0,12,0,"(0, 1, 1)","(0, 1, 1, 12)",13.223696676051995,0.6629868999589235
3325,旭品,電腦及週邊設備業,12,16.065701916792992,16.879127201743948,13.61877001775618,17.405664750736662,16.066,16.879,13.619,17.406,20289.75,16965.127,-2152.726,58.333,66.667,12,0,"(0, 1, 1)","(0, 1, 1, 12)",39.77585983963945,0.561427199980244
4127,天良,生技醫療業,12,16.069024774648796,17.26367516251762,13.54541747946247,16.08219508813757,16.069,17.264,13.545,16.082,7962.736,6884.586,-2860.226,58.333,75.0,12,0,"(0, 1, 1)","(0, 1, 1, 12)",-14.475772172810093,0.9863720999564976
4804,大略-KY,觀光餐旅,12,16.070422861198765,16.554922874945863,12.013345702501466,16.459744738457406,16.07,16.555,12.013,16.46,2176.685,1735.833,-403.667,66.667,25.0,0,12,,,,0.0209365000482648
2885,元大金,金融保險,12,16.10216398689012,15.95959138527205,11.109218404510804,16.085744170368752,16.102,15.96,11.109,16.086,2299366.977,1723274.187,203061.318,41.667,66.667,12,0,"(1, 1, 0)","(0, 1, 0, 12)",-20.336542377888343,0.3536763000302017
3516,亞帝歐,光電業,12,16.10608649498438,16.083367612145175,14.631529595276271,17.042694074501128,16.106,16.083,14.632,17.043,18154.672,14020.321,590.015,41.667,58.333,12,0,"(0, 1, 1)","(0, 1, 1, 12)",23.324182024329076,0.6779062999412417
6951,青新-創,綠能環保,12,16.11207253083924,16.55569040227155,14.782178619452024,15.100208300095389,16.112,16.556,14.782,15.1,14139.465,11622.417,-10325.25,91.667,50.0,0,12,,,,0.0273230001330375
2241,艾姆勒,汽車工業,12,16.120856876936852,16.230895934070517,13.95908116029081,15.943673342612485,16.121,16.231,13.959,15.944,12719.553,10518.644,-3540.981,50.0,58.333,12,0,"(0, 1, 1)","(1, 1, 0, 12)",-58.12943016682976,0.572336700046435
6791,虎門科技,資訊服務業,12,16.149609553919543,17.467039076726497,14.494016415169058,15.91052174196092,16.15,17.467,14.494,15.911,11791.399,10842.0,-10842.0,100.0,58.333,0,12,,,,0.0224669999442994
4148,全宇生技-KY,生技醫療業,12,16.15737557458146,16.392212978817554,14.003870188249678,16.381720290410218,16.157,16.392,14.004,16.382,45053.008,39760.474,-7265.406,50.0,75.0,12,0,"(0, 1, 1)","(0, 1, 1, 12)",13.62368820465766,0.6176899999845773
3447,展達,通信網路業,12,16.165388066491513,17.57905840455835,16.204679543106227,17.000310271671946,16.165,17.579,16.205,17.0,58073.04,49236.674,-12826.534,58.333,58.333,12,0,"(1, 1, 0)","(1, 1, 0, 12)",2.483628895194637,0.6036137000191957
4161,聿新科,生技醫療業,12,16.168981128893666,16.441589981831797,13.037144548096036,16.668520069245933,16.169,16.442,13.037,16.669,12205.017,11280.438,1778.705,33.333,75.0,12,0,"(0, 1, 1)","(0, 1, 1, 12)",19.13437662112706,0.8873479999601841
4506,崇友,電機機械,12,16.17048881070739,16.228362402808553,11.93401816056011,17.37377212088963,16.17,16.228,11.934,17.374,104482.414,81132.989,626.429,66.667,66.667,12,0,"(0, 1, 1)","(0, 1, 1, 12)",-41.91093668045685,0.8689365999307483
2419,仲琦,電子工業,12,16.172018271789916,16.649070152817064,13.677811946517487,15.634866522661047,16.172,16.649,13.678,15.635,154936.676,119676.21,-44314.474,58.333,75.0,12,0,"(0, 1, 1)","(1, 1, 0, 12)",8.455747850347533,0.440932699944824
6141,柏承,電子零組件業,12,16.18209871658754,15.800266872965576,12.60683393993965,15.739202839154537,16.182,15.8,12.607,15.739,28408.685,24198.238,2876.891,41.667,50.0,12,0,"(1, 1, 0)","(0, 1, 1, 12)",-19.488205260919457,0.7507438000757247
6270,倍微,電子通路業,12,16.22157674991215,15.203440850049269,14.966629458986164,15.323313656216975,16.222,15.203,14.967,15.323,46478.401,37442.616,-631.824,50.0,66.667,12,0,"(1, 1, 0)","(0, 1, 1, 12)",-40.73496700682453,1.0252227000892162
9958,世紀鋼,鋼鐵工業,12,16.22456697003438,15.58868323451178,10.913952189291713,16.321100517690958,16.225,15.589,10.914,16.321,248414.521,195563.278,61009.014,41.667,50.0,12,0,"(0, 1, 1)","(0, 1, 1, 12)",4.030959896575867,1.301786599913612
4541,晟田,其他,12,16.23468480610322,16.290965735773725,11.750679726762995,16.724051569726406,16.235,16.291,11.751,16.724,29103.809,22241.653,-4946.993,75.0,58.333,12,0,"(1, 1, 0)","(1, 1, 0, 12)",-22.97967476106985,0.5386467000935227
4549,桓達,電機機械,12,16.264593598498756,16.138918059836403,17.00572384985976,16.69716533563276,16.265,16.139,17.006,16.697,18236.375,16695.673,5374.112,33.333,58.333,12,0,"(1, 1, 1)","(0, 1, 1, 12)",-17.875659525254626,0.8177755998913199
6568,宏觀,半導體業,12,16.276417589197443,16.34663932239141,18.488591887055122,16.19489260051201,16.276,16.347,18.489,16.195,18335.879,15425.812,-3390.473,50.0,58.333,12,0,"(1, 1, 1)","(0, 1, 1, 12)",3.1082754141426534,1.2535480000078678
3017,奇鋐,電腦及週邊設備業,12,16.29721744554999,18.813977286753417,15.815157595612794,17.062949357676345,16.297,18.814,15.815,17.063,1981646.717,1896444.205,-1660977.62,91.667,8.333,12,0,"(0, 1, 1)","(0, 1, 1, 12)",-50.35448839181292,0.7301570000126958
1229,聯華,食品工業,12,16.305832119326748,15.80745540833993,8.907596907184155,15.670775179122906,16.306,15.807,8.908,15.671,253104.843,182355.947,-73020.481,66.667,75.0,12,0,"(1, 1, 1)","(1, 1, 0, 12)",-29.280574282036333,1.023137700045481
5521,工信,建材營造,12,16.32898542890371,16.64025697466335,15.10691279914606,16.803078082245683,16.329,16.64,15.107,16.803,153944.574,122989.796,6891.595,41.667,66.667,12,0,"(0, 1, 1)","(0, 1, 1, 12)",53.33815044083777,0.6410612999461591
6914,阜爾運通,其他,12,16.33217551887235,17.652571793483755,16.59944675004948,16.096955926092413,16.332,17.653,16.599,16.097,84014.216,77281.5,-71101.5,91.667,50.0,0,12,,,,0.0205178998876363
4536,拓凱,運動休閒,12,16.346293469217184,16.221389974785165,9.66494398441029,17.424130260853833,16.346,16.221,9.665,17.424,160028.459,125357.749,53121.667,41.667,66.667,12,0,"(0, 1, 1)","(0, 1, 0, 12)",-36.40282107043867,0.3387643999885767
7704,明遠精密,半導體業,12,16.360664190035955,15.55973803005707,13.250156189382192,15.676287115086899,16.361,15.56,13.25,15.676,11586.041,9149.333,811.667,41.667,16.667,0,12,,,,0.0230790998321026
6862,三集瑞-KY,電子零組件業,12,16.380017283704326,15.178855168654474,13.495564459703951,16.042406406590544,16.38,15.179,13.496,16.042,36821.525,30927.083,11365.417,33.333,33.333,0,12,,,,0.0210224001202732
2477,美隆電,其他電子業,12,16.386157755487453,16.680704666380286,13.186965689236663,17.15897835639323,16.386,16.681,13.187,17.159,45681.339,34119.503,-2068.36,66.667,66.667,12,0,"(0, 1, 1)","(0, 1, 1, 12)",11.702580679663814,0.759438999928534
3691,碩禾,光電業,12,16.388932405161263,15.337272457425433,11.919935693655912,13.917845028322617,16.389,15.337,11.92,13.918,109223.433,79294.312,-71154.714,83.333,50.0,12,0,"(1, 1, 0)","(0, 1, 1, 12)",30.586972962962207,0.6184932000469416
3499,環天科,通信網路業,12,16.418675224000072,16.44109045297179,11.112719207881192,18.47160316979191,16.419,16.441,11.113,18.472,5974.867,4886.854,1513.926,50.0,75.0,12,0,"(0, 1, 1)","(0, 1, 1, 12)",22.679481059280658,0.820971499895677
1268,漢來美食,觀光餐旅,12,16.429242458461893,16.59169755625774,15.931102442088175,16.58902036747389,16.429,16.592,15.931,16.589,105836.695,85253.612,6804.029,41.667,66.667,12,0,"(0, 1, 1)","(0, 1, 1, 12)",27.553902503299717,1.541778199840337
8048,德勝,通信網路業,12,16.446047384181313,16.972836465705697,13.76845983690968,17.04688780727587,16.446,16.973,13.768,17.047,15964.625,13851.012,-591.337,58.333,58.333,12,0,"(1, 1, 0)","(0, 1, 1, 12)",-11.31557356676272,0.7826014999300241
7718,友鋮,電機機械,12,16.48302466423193,16.725844512819,14.039742270832207,17.05844142158911,16.483,16.726,14.04,17.058,39893.912,33246.545,-1136.364,54.545,0.0,0,12,,,,0.0190834999084472
6206,元大上證50,ETF,12,16.506509502328694,16.407461197236874,18.20156956607365,16.85483731448102,16.507,16.407,18.202,16.855,77751.072,69225.921,12806.772,41.667,25.0,12,0,"(1, 1, 0)","(0, 1, 1, 12)",-24.605890299075348,1.148637300124392
8069,元太,光電業,12,16.512057731035775,16.399149345652646,6.612983876738293,18.70142172185072,16.512,16.399,6.613,18.701,706832.228,496955.338,205573.93,50.0,66.667,12,0,"(0, 1, 1)","(0, 1, 1, 12)",-6.555762407441668,0.8329564000014216
8072,陞泰,電子通路業,12,16.5147887448956,17.338383782731004,17.13330716082469,15.969039679926908,16.515,17.338,17.133,15.969,21988.926,17672.709,-6510.792,50.0,50.0,12,0,"(0, 1, 1)","(0, 1, 1, 12)",-17.102204389765472,0.7459517000243068
1626,艾美特-KY,電器電纜,12,16.517605091089727,18.607136701524972,12.493570866281992,19.73501489251311,16.518,18.607,12.494,19.735,132106.889,107281.845,17986.342,50.0,83.333,12,0,"(0, 1, 1)","(0, 1, 1, 12)",-23.97158032134217,0.7726477000396699
2221,大甲,其他,12,16.52132595780994,15.880775860755683,15.308041721599682,16.78030154591274,16.521,15.881,15.308,16.78,23125.031,18762.582,3830.309,50.0,58.333,12,0,"(1, 1, 0)","(0, 1, 1, 12)",-9.317690959376517,0.6318308999761939
4433,興采,紡織纖維,12,16.53143099605631,15.923069979297294,15.07520092020913,15.764475026750233,16.531,15.923,15.075,15.764,61073.171,49733.253,-9606.568,50.0,83.333,12,0,"(1, 1, 1)","(0, 1, 1, 12)",12.488027538691776,0.8389834000263363
2031,新光鋼,鋼鐵工業,12,16.611323285886165,15.905511637980252,12.831969801106267,16.503594290952154,16.611,15.906,12.832,16.504,313312.189,232532.142,65149.557,33.333,58.333,12,0,"(0, 1, 1)","(0, 1, 1, 12)",-10.071232878764224,0.6623114000540227
4568,科際精密,電機機械,12,16.70556285092679,17.027944533974203,14.561850809127252,16.345310615017645,16.706,17.028,14.562,16.345,21339.208,16919.394,762.814,25.0,41.667,12,0,"(0, 1, 1)","(0, 1, 1, 12)",-32.22732621161841,0.6227705001365393
2014,中鴻,鋼鐵工業,12,16.710886409596988,16.251943835334583,14.681401629942087,17.024963280350384,16.711,16.252,14.681,17.025,336408.377,264889.19,72854.987,41.667,50.0,12,0,"(1, 1, 1)","(0, 1, 1, 12)",-50.21358277319104,1.2759348000399768
7744,崴寶,電子零組件業,4,16.729398185177168,17.14465087066425,15.033377186571165,16.23237704454435,16.729,17.145,15.033,16.232,37725.887,35557.667,-20211.667,66.667,0.0,0,12,,,,0.0194037000183016
1707,葡萄王,化學生技醫療,12,16.74874742706825,15.163471614999036,12.17089361084011,17.13774224397308,16.749,15.163,12.171,17.138,201716.631,143084.647,92513.023,33.333,66.667,12,0,"(0, 1, 1)","(0, 1, 0, 12)",-84.4123135472938,0.4648957999888807
6139,亞翔,電子工業,12,16.752183572565787,18.818592352127418,12.215730766569196,17.20880243253292,16.752,18.819,12.216,17.209,1344380.004,1071285.932,-421208.812,58.333,83.333,12,0,"(1, 1, 0)","(1, 1, 0, 12)",-3.343750875948244,0.7142419998999685
1713,國化,化學生技醫療,12,16.779085807285895,16.702583240542644,18.381806865873546,17.271396132665114,16.779,16.703,18.382,17.271,7285.949,6432.556,391.672,58.333,91.667,12,0,"(0, 1, 1)","(0, 1, 1, 12)",-0.2429530662425305,0.6348826000466943
2451,創見,電子工業,12,16.788805275900664,14.884896821742197,13.525466855488567,13.361107514783532,16.789,14.885,13.525,13.361,381171.939,239596.58,-234056.137,83.333,41.667,12,0,"(0, 1, 1)","(0, 1, 1, 12)",-58.97646796662001,0.8752745999954641
7703,銳澤,其他電子類,12,16.801083130753256,16.726329815254683,12.267578252311496,16.58153473495018,16.801,16.726,12.268,16.582,45714.707,35904.167,-11714.5,58.333,8.333,0,12,,,,0.0213468000292778
3036,文曄,電子通路業,12,16.811382626682878,17.771685079332418,15.929147188294207,18.141562920487537,16.811,17.772,15.929,18.142,18783644.898,16502458.159,-238122.345,50.0,58.333,12,0,"(0, 1, 1)","(1, 1, 0, 12)",-43.284351084814254,0.6731493999250233
8466,美吉吉-KY,其他,12,16.825626339630237,15.927373577375764,16.123103257220787,16.279206209562965,16.826,15.927,16.123,16.279,55156.791,44351.818,14270.808,33.333,75.0,12,0,"(1, 1, 1)","(0, 1, 1, 12)",-18.87384243249933,3.2729291000869125
8941,關中,居家生活類,12,16.833502859420012,16.65332296307703,13.100340791054489,17.88735147851016,16.834,16.653,13.1,17.887,54213.297,41843.922,5648.078,41.667,66.667,12,0,"(0, 1, 1)","(0, 1, 1, 12)",-29.215176863854246,0.7210514000616968
6720,久昌,半導體業,12,16.839393098131712,16.66346723823815,15.994952442703026,18.928614684465163,16.839,16.663,15.995,18.929,7315.436,6116.25,4975.583,25.0,25.0,0,12,,,,0.0192090000491589
2367,燿華,電子零組件業,12,16.847083727081156,16.96216342118625,17.59764319352439,17.252375102080368,16.847,16.962,17.598,17.252,256187.159,228085.521,32963.062,50.0,33.333,12,0,"(1, 1, 0)","(0, 1, 1, 12)",-48.08437574869866,0.6696444000117481
1789,神隆,生技醫療業,12,16.888475831191858,18.10321622167664,14.650964051434146,19.76886289557183,16.888,18.103,14.651,19.769,57765.04,44521.147,17698.084,33.333,75.0,12,0,"(1, 1, 1)","(0, 1, 1, 12)",13.968426676377993,1.064345199847594
6870,騰雲,數位雲端類,12,16.894243141935362,18.485163070668563,16.735327778694057,16.52216242015852,16.894,18.485,16.735,16.522,13513.196,11324.0,-11324.0,100.0,75.0,0,12,,,,0.0210928001906722
3297,杭特,光電業,12,16.942560272174337,17.5274163867078,16.390247704692676,18.41459484447788,16.943,17.527,16.39,18.415,3627.108,2845.235,-1011.13,83.333,58.333,12,0,"(0, 1, 1)","(0, 1, 1, 12)",6.588675539427415,0.7065626000985503
1473,台南,紡織纖維,12,16.95876027221563,16.705396090371302,15.117147876934588,17.579009570979498,16.959,16.705,15.117,17.579,120337.066,94361.044,26538.405,25.0,41.667,12,0,"(0, 1, 1)","(0, 1, 1, 12)",11.056785969754406,0.5740827000699937
1603,華電,電器電纜,12,16.975621238604415,17.65017681452573,15.948570398312395,17.215811765933523,16.976,17.65,15.949,17.216,96051.726,78121.894,-15192.657,50.0,75.0,12,0,"(0, 1, 1)","(0, 1, 1, 12)",31.675728811742665,0.6505615001078695
2482,連宇,電子工業,12,16.98361343883567,17.643964143108757,11.3561561560348,17.52874221223738,16.984,17.644,11.356,17.529,8740.725,7012.888,84.34,50.0,25.0,12,0,"(1, 1, 0)","(0, 1, 1, 12)",34.32558223148457,0.573820399818942
4974,亞泰,電子零組件業,12,16.99432336895661,16.37053741670225,17.193056998048345,17.63381114506343,16.994,16.371,17.193,17.634,56063.508,52585.903,30408.395,25.0,75.0,12,0,"(0, 1, 1)","(0, 1, 1, 12)",-10.016926552330084,1.1443614999298006
2362,藍天,電腦及週邊設備業,12,17.013253782959804,16.258147864833447,14.954096883450346,18.485994735093776,17.013,16.258,14.954,18.486,354898.714,289178.159,208630.813,33.333,66.667,12,0,"(0, 1, 1)","(0, 1, 1, 12)",13.079723198375303,0.7466605000663549
4543,萬在,電機機械,12,17.044265435119907,17.71666055891246,18.46719195758929,17.408662048465835,17.044,17.717,18.467,17.409,12638.291,11398.736,-2465.881,58.333,50.0,12,0,"(1, 1, 1)","(0, 1, 1, 12)",-14.635006014344672,0.927968999836594
2546,根基,建材營造,12,17.051938775947974,17.074671827042597,13.239411552329807,17.657252620028554,17.052,17.075,13.239,17.657,433890.898,305438.931,-44918.826,75.0,58.333,12,0,"(1, 1, 1)","(0, 1, 1, 12)",-13.572839741900124,0.799016400007531
4906,正文,電子工業,12,17.067691744372933,16.01392651866513,17.80139334410339,16.931228900976,17.068,16.014,17.801,16.931,282790.001,234605.721,130324.978,33.333,50.0,12,0,"(1, 1, 1)","(0, 1, 1, 12)",-17.868777156464127,1.155636499868706
3615,安可,光電業,12,17.069896930157313,16.772498942084844,17.65484143905109,17.263556337441607,17.07,16.772,17.655,17.264,14893.775,13195.471,2180.36,41.667,41.667,12,0,"(0, 1, 1)","(1, 1, 0, 12)",-29.26358731773733,0.5763483999762684
1475,業旺,紡織纖維,12,17.12089309236053,16.36589958387497,12.190823519035348,17.968324945946282,17.121,16.366,12.191,17.968,26687.404,20975.99,7608.477,41.667,41.667,12,0,"(0, 1, 1)","(0, 1, 1, 12)",33.85622372672589,0.5783247000072151
3276,宇環,電子零組件業,12,17.12324952617181,17.05845834884678,15.948071909566089,17.63097668482097,17.123,17.058,15.948,17.631,8240.069,7207.418,-273.014,66.667,66.667,12,0,"(1, 1, 1)","(0, 1, 1, 12)",12.848213063869755,1.283181499922648
8047,星雲,其他電子類,12,17.127867367142162,17.80140884111724,15.090590222167465,19.14979096706722,17.128,17.801,15.091,19.15,7745.382,6589.347,-27.628,58.333,50.0,12,0,"(0, 1, 1)","(0, 1, 1, 12)",7.827293327371162,0.6667665999848396
2706,第一店,觀光餐旅,12,17.135778888690353,14.378420103997582,5.366267896907185,15.749700337779085,17.136,14.378,5.366,15.75,9986.74,5382.277,637.783,41.667,58.333,12,0,"(1, 1, 0)","(0, 1, 1, 12)",-43.130793532429074,0.7867614000570029
3541,西柏,其他電子類,12,17.14430443245425,17.067662896700046,16.487805664409017,16.99551150136743,17.144,17.068,16.488,16.996,18156.99,15440.746,-2121.275,58.333,58.333,12,0,"(0, 1, 1)","(1, 1, 0, 12)",-31.515150682211207,0.5029017999768257
6160,欣技,電腦及週邊設備業,12,17.17593921518589,16.68995178584303,16.303506209257847,17.844317088411277,17.176,16.69,16.304,17.844,19987.87,17055.421,6797.894,41.667,58.333,12,0,"(1, 1, 1)","(0, 1, 1, 12)",-8.613215478433162,1.1842398000881076
3623,富晶通,光電業,12,17.179988884958433,17.238953488272287,15.183462294125372,17.344345370099333,17.18,17.239,15.183,17.344,5325.209,4227.852,-990.812,58.333,66.667,12,0,"(1, 1, 0)","(1, 1, 0, 12)",-8.947151347525748,0.5666944000404328
6136,富爾特,電子工業,12,17.19024391706145,17.189387773840714,13.574805534630082,15.467675968738758,17.19,17.189,13.575,15.468,11977.861,9120.427,-6229.29,58.333,66.667,12,0,"(0, 1, 1)","(0, 1, 1, 12)",-40.32696051980807,1.0453369000460953
5515,建國,建材營造,12,17.194996956139907,16.02935602126382,13.959625469917142,17.17537063240375,17.195,16.029,13.96,17.175,126800.679,101674.146,43704.496,41.667,33.333,12,0,"(0, 1, 1)","(0, 1, 1, 12)",-16.17536918145301,0.7202538000419736
8482,商億-KY,居家生活,12,17.21186269586435,17.607531320136594,16.3320437323199,18.697040514816223,17.212,17.608,16.332,18.697,58691.353,49124.951,7854.893,50.0,83.333,12,0,"(0, 1, 1)","(0, 1, 1, 12)",-23.59228189755488,1.0853055000770837
3354,律勝,電子零組件業,12,17.240107553753788,17.244392438979652,10.613890444111451,16.713427245832335,17.24,17.244,10.614,16.713,1813.316,1417.41,2.913,33.333,66.667,12,0,"(0, 1, 1)","(0, 1, 1, 12)",19.89423233418314,0.7038801999296993
1445,大宇,紡織纖維,12,17.252527715673825,17.495493031357825,15.371665648843644,17.710217624440553,17.253,17.495,15.372,17.71,13423.338,11071.695,-1190.464,50.0,75.0,12,0,"(0, 1, 1)","(0, 1, 1, 12)",-12.80822310166486,0.7739172999281436
6204,永豐臺灣加權,ETF,12,17.27503216608009,19.373171877930528,15.269199581794204,18.7151102670557,17.275,19.373,15.269,18.715,6668.581,5577.086,234.525,41.667,66.667,12,0,"(0, 1, 1)","(0, 1, 1, 12)",10.430718839673844,0.8464029999449849
3546,宇峻,文化創意業,12,17.288881753376696,15.952963859011907,7.677382628901916,15.56829997866239,17.289,15.953,7.677,15.568,33294.911,20498.995,-6388.443,58.333,66.667,12,0,"(0, 1, 1)","(0, 1, 1, 12)",-14.738185172103694,0.6851621998939663
4739,康普,化學生技醫療,12,17.29095040746367,20.42074090269221,13.294615927048891,19.753966297396627,17.291,20.421,13.295,19.754,118381.292,89208.466,-48770.841,50.0,41.667,12,0,"(1, 1, 0)","(0, 1, 1, 12)",-55.84299214158129,0.6284779000561684
6629,泰金-KY,居家生活類,12,17.29312579881742,17.097329729003953,17.988214474124643,16.459860193582262,17.293,17.097,17.988,16.46,31421.794,25087.44,-10366.699,58.333,58.333,12,0,"(1, 1, 1)","(0, 1, 1, 12)",-4.373334481787431,1.4244355999398977
6902,GOGOLOOK,數位雲端,12,17.299539012234494,19.2401165850061,15.327530382160242,17.207925049458993,17.3,19.24,15.328,17.208,16630.392,15110.917,-15110.917,100.0,33.333,0,12,,,,0.0166776999831199
2641,正德,航運業,12,17.3267728195819,14.824745568134897,7.384672673488445,15.02888256188297,17.327,14.825,7.385,15.029,59621.351,34188.206,-115.46,50.0,58.333,12,0,"(1, 1, 0)","(0, 1, 1, 12)",-65.23039951489137,0.9523306998889892
6561,是方,通信網路業,12,17.34622438820561,16.036074139339743,11.272474942649763,17.252217433754048,17.346,16.036,11.272,17.252,71705.467,57006.429,21065.401,33.333,33.333,12,0,"(0, 1, 1)","(0, 1, 0, 12)",-162.58823181921983,0.4853294000495225
3346,麗清,汽車工業,12,17.354164627149498,16.04767316426331,19.10931793589577,17.994105406738324,17.354,16.048,19.109,17.994,142151.533,123544.226,117143.689,8.333,58.333,12,0,"(0, 1, 1)","(0, 1, 1, 12)",3.303324567139084,0.929602000163868
8426,紅木-KY,其他,12,17.397973254743928,16.19969658860679,13.335009855896757,17.466093190458633,17.398,16.2,13.335,17.466,49803.833,39241.97,14276.408,41.667,58.333,12,0,"(0, 1, 1)","(0, 1, 1, 12)",8.920557877072092,0.6739684999920428
6150,撼訊,電腦及週邊設備業,12,17.447202447176366,17.14340133563448,12.759308174568474,16.295549918305834,17.447,17.143,12.759,16.296,141560.432,110067.552,-11709.865,41.667,75.0,12,0,"(1, 1, 1)","(0, 1, 1, 12)",39.54456614996275,1.5989513001404705
3232,昱捷,電子通路業,12,17.454699442423482,16.457609471302884,14.211100545526179,17.96256125947322,17.455,16.458,14.211,17.963,15285.795,12983.344,5964.755,41.667,58.333,12,0,"(1, 1, 1)","(0, 1, 1, 12)",3.330956442452573,0.8377033001743257
2063,世鎧,鋼鐵工業,12,17.50183766902588,17.094857540476767,18.77999171471591,18.54681004487113,17.502,17.095,18.78,18.547,17147.62,14224.867,2922.72,41.667,100.0,12,0,"(0, 1, 1)","(0, 1, 1, 12)",-20.481954003524734,0.6313207999337465
8114,振樺電,電腦及週邊設備業,12,17.530692416725667,16.277340286769267,13.819195561787273,17.23336177724565,17.531,16.277,13.819,17.233,351546.07,265138.882,72109.236,41.667,58.333,12,0,"(1, 1, 0)","(0, 1, 1, 12)",-66.04341997467334,0.8330248999409378
2949,欣新網,數位雲端類,12,17.53918531492754,19.629938987081648,18.51250680282281,17.65001724235805,17.539,19.63,18.513,17.65,88512.18,83547.5,-83547.5,100.0,41.667,0,12,,,,0.0211351001635193
3021,鴻名,電子零組件業,12,17.548093886545708,18.325649607736395,11.55710986456395,18.833290136194737,17.548,18.326,11.557,18.833,62321.24,48835.731,-11645.119,50.0,66.667,12,0,"(0, 1, 1)","(0, 1, 0, 12)",-45.16811887811342,0.3913193999323994
6199,天品,其他,12,17.557330325612426,22.59703362019415,13.020881038953089,18.974131249350123,17.557,22.597,13.021,18.974,5471.12,3859.145,-3281.868,75.0,58.333,12,0,"(0, 1, 1)","(0, 1, 1, 12)",36.79251579021764,0.7418349001090974
6906,現觀科,數位雲端,12,17.585258115102047,13.806673042675714,12.923827498204924,15.310892435379422,17.585,13.807,12.924,15.311,7123.993,5102.333,3800.0,50.0,83.333,0,12,,,,0.0172264999710023
2748,雲品,觀光餐旅,12,17.61637426025848,17.174552452136137,14.721816031795887,17.5636216964151,17.616,17.175,14.722,17.564,45128.377,35598.435,665.535,33.333,50.0,12,0,"(0, 1, 1)","(0, 1, 1, 12)",16.652276176897026,0.6349179998505861
6829,千附精密,半導體業,12,17.621397648755785,17.745754812584902,16.97692682754754,17.636100291319416,17.621,17.746,16.977,17.636,30335.15,26749.355,977.865,50.0,33.333,12,0,"(0, 1, 1)","(1, 1, 0, 12)",7.844790723465321,0.4413649998605251
6185,幃翔,電子零組件業,12,17.64452532750657,17.59668212506733,13.035244964736439,17.979025021049967,17.645,17.597,13.035,17.979,9899.803,7745.167,-829.027,50.0,50.0,12,0,"(0, 1, 1)","(0, 1, 1, 12)",5.208519062187808,0.5839066000189632
4164,承業醫,生技醫療業,12,17.645739952873868,16.380355905275728,12.035084821951127,14.810759092002629,17.646,16.38,12.035,14.811,98574.268,64675.754,-26271.171,33.333,91.667,12,0,"(0, 1, 1)","(0, 1, 1, 12)",48.73188544588764,0.7710159998387098
4771,望隼,生技醫療業,12,17.65916106991887,19.0601636634244,17.622203514611982,17.56382086031707,17.659,19.06,17.622,17.564,55727.474,51321.083,-40452.917,91.667,58.333,0,12,,,,0.0189793000463396
6166,凌華,電腦及週邊設備業,12,17.693643369218034,16.683006340314353,12.976450422838079,17.613026016767307,17.694,16.683,12.976,17.613,233308.5,174005.437,21378.053,58.333,66.667,12,0,"(1, 1, 1)","(0, 1, 0, 12)",-45.98085391717612,0.4130006998311728
4972,湯石照明,光電業,12,17.708306508511363,16.204045745629752,20.669946808981862,17.51451195337442,17.708,16.204,20.67,17.515,16171.277,13766.615,8489.065,16.667,66.667,12,0,"(0, 1, 1)","(0, 1, 1, 12)",31.453890114223448,1.2874029001686722
6855,數泓科,其他電子類,12,17.746082135431802,17.144558751363657,15.893766964409467,17.57758621933824,17.746,17.145,15.894,17.578,10935.099,9261.0,-360.667,41.667,83.333,0,12,,,,0.0236343999858945
3046,建碁,電腦及週邊設備業,12,17.749755372121864,18.404487369309017,13.78265286603892,20.339219646111705,17.75,18.404,13.783,20.339,130693.635,111132.505,7659.033,58.333,58.333,12,0,"(0, 1, 1)","(0, 1, 1, 12)",33.88564338917496,0.7595546999946237
3022,威強電,電腦及週邊設備業,12,17.786515452873047,18.17583976049785,16.853820588740863,18.364528835828228,17.787,18.176,16.854,18.365,116365.349,96536.95,-10649.008,66.667,50.0,12,0,"(1, 1, 1)","(1, 1, 0, 12)",-24.875984630317,1.061109800124541
6165,浪凡,數位雲端,12,17.78862398734514,16.663872554480673,12.003014911254272,17.637798783438484,17.789,16.664,12.003,17.638,68510.859,47745.942,14311.751,41.667,75.0,12,0,"(0, 1, 1)","(0, 1, 1, 12)",107.54543705165266,0.5779258001130074
8033,雷虎,其他,12,17.791938488991754,17.530303749141144,11.732575763192074,17.44165807570934,17.792,17.53,11.733,17.442,27767.145,21105.717,-3016.132,41.667,75.0,12,0,"(0, 1, 1)","(0, 1, 1, 12)",-2.307738518291956,0.7467314000241458
1514,亞力,電機機械,12,17.795492632078606,18.38904348087511,13.314162854472078,16.606729562115433,17.795,18.389,13.314,16.607,206048.325,156519.529,-66009.0,58.333,75.0,12,0,"(0, 1, 1)","(0, 1, 0, 12)",-42.69269438627761,0.3283846001140773
6111,光聚晶電,文化創意業,12,17.8585869198489,21.018332402769367,12.21226126456113,18.70499995829875,17.859,21.018,12.212,18.705,187851.772,114796.321,-35203.301,33.333,75.0,12,0,"(0, 1, 1)","(0, 1, 1, 12)",63.88155205961258,0.76579670002684
8996,高力,電機機械,12,17.863182713381594,18.73222566807513,18.31750593556758,17.37141477798784,17.863,18.732,18.318,17.371,117944.622,97959.059,-63523.227,66.667,33.333,12,0,"(1, 1, 0)","(1, 1, 0, 12)",-33.01471313531868,0.6836939000058919
8088,品安,半導體業,12,17.871234969163957,17.557082804939583,14.471241504447763,15.43525436375274,17.871,17.557,14.471,15.435,39036.439,24959.607,-22775.42,83.333,66.667,12,0,"(0, 1, 1)","(0, 1, 1, 12)",-16.238868686890253,0.7968753001186997
6216,居易,電子工業,12,17.88165569515101,16.891354512425856,10.41705437088256,18.377577080408138,17.882,16.891,10.417,18.378,15495.689,11283.295,2931.504,41.667,75.0,12,0,"(0, 1, 1)","(0, 1, 1, 12)",34.4584484445936,0.6430936998222023
6187,萬潤,半導體業,12,17.88222225000561,15.879476735272327,8.852780108962367,19.716016913426294,17.882,15.879,8.853,19.716,123782.712,79966.481,58279.32,41.667,66.667,12,0,"(0, 1, 1)","(0, 1, 1, 12)",-12.027597099077209,0.8574456998612732
6127,九豪,電子零組件業,12,17.891957614820846,17.83591212412736,18.973690428411633,18.055312806347665,17.892,17.836,18.974,18.055,16644.75,14725.349,1250.057,41.667,66.667,12,0,"(1, 1, 0)","(0, 1, 0, 12)",-54.74316083501742,0.4760907001327723
5355,佳總,電子零組件業,12,17.900421204183896,18.519347116439477,14.473106988046231,18.035538146210282,17.9,18.519,14.473,18.036,8316.038,6894.586,-1209.103,50.0,75.0,12,0,"(1, 1, 1)","(1, 1, 0, 12)",-17.713409061313516,1.207484400132671
8942,森鉅,其他,12,17.90352125422622,18.67385673405286,13.563533627783409,21.182701215072967,17.904,18.674,13.564,21.183,57431.015,51392.55,33039.869,33.333,33.333,12,0,"(0, 1, 1)","(0, 1, 1, 12)",-22.90098221766052,1.132190499920398
6606,建德工業,電機機械,12,17.90661282495344,19.37029572372189,14.465047896244121,16.94604040651204,17.907,19.37,14.465,16.946,15810.978,12165.574,-9819.502,75.0,66.667,12,0,"(1, 1, 1)","(1, 1, 0, 12)",12.99377930902724,1.5425982000306249
8444,綠河-KY,其他,12,17.92346124112787,19.470172890655657,17.968448969705282,19.906411958918792,17.923,19.47,17.968,19.906,53795.682,48683.466,11159.445,33.333,41.667,12,0,"(0, 1, 1)","(0, 1, 1, 12)",-1.3016633754706337,1.6025064000859857
5548,安倉,建材營造,12,17.944775866237926,18.51495886829896,14.944537068086525,16.555727109139603,17.945,18.515,14.945,16.556,50961.193,37292.25,-26420.417,66.667,75.0,0,12,,,,0.0221235998906195
3285,微端,其他電子類,12,17.948824509004417,18.211223081558522,16.798831814224975,19.225802372015213,17.949,18.211,16.799,19.226,13351.212,10149.701,1343.356,41.667,100.0,12,0,"(0, 1, 1)","(0, 1, 1, 12)",5.456530999068194,0.9505183000583202
6846,綠茵,食品工業,12,17.980795808246505,18.62886650059687,14.845705602146019,18.797323857120464,17.981,18.629,14.846,18.797,17919.804,13715.167,-3506.5,66.667,91.667,0,12,,,,0.0218170001171529
6244,茂迪,光電業,12,17.98546324535786,17.733497304940872,18.49349124095968,17.73742910737889,17.985,17.733,18.493,17.737,55784.673,45901.225,-5622.006,66.667,66.667,12,0,"(0, 1, 1)","(1, 1, 0, 12)",3.20500511054342,0.7393738999962807
3570,大塚,資訊服務業,12,18.003586768593934,17.613240074741164,12.468503981846055,18.003856211933808,18.004,17.613,12.469,18.004,53168.72,36508.498,6736.376,33.333,66.667,12,0,"(0, 1, 1)","(0, 1, 1, 12)",-20.06064460460493,0.5736569000873715
3013,晟銘電,電腦及週邊設備業,12,18.007488757385957,18.9114735240696,13.202211871305058,19.927663828535824,18.007,18.911,13.202,19.928,188960.038,158027.569,-1212.434,66.667,75.0,12,0,"(0, 1, 1)","(0, 1, 1, 12)",-2.221703695726987,0.6945537999272346
3206,志豐,電子零組件業,12,18.014087689932545,17.62040174429552,13.612207588432065,18.083508889399177,18.014,17.62,13.612,18.084,57803.777,47893.5,17624.27,33.333,75.0,12,0,"(1, 1, 1)","(0, 1, 1, 12)",-44.80129196361115,1.1444401999469846
6698,旭暉應材,電子工業,12,18.04225453497976,18.458335722676065,17.744819727683847,18.903247202245957,18.042,18.458,17.745,18.903,20468.253,17390.568,-4489.668,75.0,25.0,12,0,"(1, 1, 1)","(0, 1, 1, 12)",-7.44459437505526,1.594253099989146
4562,穎漢,電機機械,12,18.050629645103268,18.0297660547475,11.13580976674198,20.70069368925333,18.051,18.03,11.136,20.701,14379.777,10791.554,3952.22,33.333,66.667,12,0,"(0, 1, 1)","(1, 1, 0, 12)",-9.367218538457315,0.6843389000277966
6472,保瑞,化學生技醫療,12,18.05903719655865,17.133261095596243,15.650948728263364,18.65844416429678,18.059,17.133,15.651,18.658,366041.815,297544.956,114925.168,33.333,41.667,12,0,"(1, 1, 0)","(0, 1, 1, 12)",30.34240261534704,1.654071900062263
6125,廣運,電機機械,12,18.060002809983306,21.30263914707786,10.995222992859615,19.655532303903588,18.06,21.303,10.995,19.656,74391.195,50205.514,-2748.129,33.333,58.333,12,0,"(0, 1, 1)","(0, 1, 0, 12)",-22.579089048621807,0.924674900015816
6667,信紘科,其他電子類,12,18.068635606631776,18.518821549300355,18.345856306581705,17.614350536370214,18.069,18.519,18.346,17.614,113923.104,95434.995,-16394.111,50.0,66.667,12,0,"(0, 1, 1)","(0, 1, 1, 12)",-25.660747218516963,0.7374909000936896
2365,昆盈,電腦及週邊設備業,12,18.091671008629287,18.600045669941732,18.254680004540937,18.120370474337346,18.092,18.6,18.255,18.12,16347.75,14436.897,-1349.695,41.667,83.333,12,0,"(0, 1, 1)","(0, 1, 1, 12)",26.07543431070483,0.6331120000686496
6578,達邦蛋白,農業科技業,12,18.11973103935694,19.450230074930285,14.932383934220683,18.249406658574255,18.12,19.45,14.932,18.249,5805.995,4670.889,-2005.181,50.0,75.0,12,0,"(0, 1, 1)","(0, 1, 1, 12)",13.098538888941906,1.0072949000168592
6124,業強,電子零組件業,12,18.12305127453124,17.48979668940887,18.21699996300257,18.229010184337778,18.123,17.49,18.217,18.229,32477.233,27377.255,2347.434,58.333,66.667,12,0,"(0, 1, 1)","(0, 1, 1, 12)",1.4199042026660311,1.4507203998509794
6161,捷波,電腦及週邊設備業,12,18.150099970992056,18.9123827608241,16.85248490898854,18.816305790003838,18.15,18.912,16.852,18.816,25203.865,21273.43,-7636.147,66.667,75.0,12,0,"(0, 1, 1)","(0, 1, 1, 12)",-13.935539668275364,0.661500700050965
6651,全宇昕,半導體業,12,18.15114885988098,17.99213942063882,13.653142225216905,18.38797776595485,18.151,17.992,13.653,18.388,28779.575,22721.654,10116.481,25.0,25.0,12,0,"(0, 1, 1)","(0, 1, 0, 12)",-42.96759518704084,0.440443699946627
2745,五福,觀光餐旅,12,18.153800755169794,18.875298090693445,16.72342025204845,18.263205635638684,18.154,18.875,16.723,18.263,153674.613,132524.198,1947.295,33.333,41.667,12,0,"(0, 1, 1)","(0, 1, 1, 12)",78.79896997318015,0.5156855001114309
5011,久陽,鋼鐵工業,12,18.184198931202655,17.859422126517163,21.8455443335831,18.972970298176406,18.184,17.859,21.846,18.973,92787.307,76713.922,20769.365,50.0,50.0,12,0,"(1, 1, 1)","(0, 1, 1, 12)",7.628762547758571,0.8006887999363244
4303,信立,塑膠工業,12,18.21747445758402,18.463729616986733,16.18001319572857,18.138242795558224,18.217,18.464,16.18,18.138,19173.36,15001.771,473.478,41.667,50.0,12,0,"(0, 1, 1)","(0, 1, 1, 12)",40.90460354031389,0.622104600071907
3322,建舜電,電子零組件業,12,18.2202567538788,18.21977234183807,19.034542865987998,18.465635302484948,18.22,18.22,19.035,18.466,52809.008,45617.313,4318.183,33.333,66.667,12,0,"(0, 1, 1)","(0, 1, 1, 12)",-4.918760901022223,0.6025683998595923
2399,映泰,電腦及週邊設備業,12,18.22497709172297,18.865864983819325,11.616616670199337,20.738203235066287,18.225,18.866,11.617,20.738,32931.049,26337.598,4881.334,50.0,83.333,12,0,"(1, 1, 1)","(1, 1, 0, 12)",-2.965545164386544,0.6980318001005799
3450,聯鈞,半導體業,12,18.244024313747342,16.125346959014976,10.519248780268246,18.342782097459242,18.244,16.125,10.519,18.343,196809.104,130514.618,45155.355,41.667,58.333,12,0,"(1, 1, 1)","(0, 1, 0, 12)",-85.43657748311622,0.6146695001516491
2488,漢平,電子工業,12,18.252910059309546,18.3475862281667,17.36204247477102,19.32695387199204,18.253,18.348,17.362,19.327,48486.89,43843.901,19934.944,33.333,66.667,12,0,"(1, 1, 1)","(0, 1, 1, 12)",-30.73216040222129,1.3079111000988632
6574,霈方,生技醫療業,12,18.25519104161377,18.670820089008,17.124076535658368,18.60000183768349,18.255,18.671,17.124,18.6,10387.793,9398.457,-2959.571,66.667,50.0,12,0,"(1, 1, 1)","(0, 1, 1, 12)",-5.535375784249245,1.2321077999658885
1314,中石化,塑膠工業,12,18.263013154391015,19.38695094170407,14.742320282686261,20.7535166870791,18.263,19.387,14.742,20.754,331667.579,292953.098,109672.681,41.667,50.0,12,0,"(1, 1, 1)","(0, 1, 1, 12)",-25.97920852179437,1.5696845999918878
1533,車王電,汽車工業,12,18.295254942791946,16.646906141961143,9.9634739781591,17.471139783596765,18.295,16.647,9.963,17.471,88837.861,61034.175,-2693.81,58.333,75.0,12,0,"(1, 1, 1)","(0, 1, 1, 12)",32.46861031851362,0.9415709001477808
4533,協易機,電機機械,12,18.300413157979133,19.75658796140704,7.052545656519212,19.028696019900472,18.3,19.757,7.053,19.029,89433.103,61396.88,-15870.76,50.0,91.667,12,0,"(0, 1, 1)","(0, 1, 1, 12)",41.07302346734228,0.5514515999238938
4552,力達-KY,電機機械,12,18.309860993360992,18.571308900628203,15.378763349792196,18.55192065512767,18.31,18.571,15.379,18.552,58204.591,52233.868,11439.249,33.333,58.333,12,0,"(0, 1, 1)","(0, 1, 1, 12)",21.691832032459487,0.7905222999397665
8147,正淩,電子零組件業,12,18.313311750189477,19.06785154432494,21.584613965540413,18.38312894903432,18.313,19.068,21.585,18.383,27718.01,24892.537,-7565.556,58.333,66.667,12,0,"(0, 1, 1)","(0, 1, 1, 12)",-5.855694931636275,0.6341254999861121
9945,潤泰新,其他,12,18.3138216455071,17.00543756064539,12.793775737679338,16.249619892717707,18.314,17.005,12.794,16.25,870000.224,592110.806,-299213.403,58.333,66.667,12,0,"(0, 1, 1)","(0, 1, 1, 12)",16.219523260140303,1.2886571998242289
3257,虹冠電,電子工業,12,18.328637416339134,19.303238831660455,18.69364118164773,19.68800045304874,18.329,19.303,18.694,19.688,19562.206,16118.677,190.649,50.0,58.333,12,0,"(1, 1, 1)","(0, 1, 1, 12)",-19.28579598759856,0.9156948002055288
8222,寶一,電機機械,12,18.34597554533353,18.944184042369095,18.452936866890735,18.69323284987129,18.346,18.944,18.453,18.693,16397.74,14692.298,-3092.761,58.333,66.667,12,0,"(0, 1, 1)","(0, 1, 1, 12)",1.873078728090638,0.9329713999759406
8467,波力-KY,運動休閒,12,18.458278790454703,17.790879953736304,20.249789018653196,19.794450482672367,18.458,17.791,20.25,19.794,43293.473,37418.715,24846.669,25.0,58.333,12,0,"(0, 1, 1)","(0, 1, 1, 12)",25.613138752446588,1.7590677000116557
2736,富野,觀光餐旅,12,18.500158616430795,19.13953845073893,17.07370636021567,19.276778197715945,18.5,19.14,17.074,19.277,9842.963,8081.008,719.253,50.0,75.0,12,0,"(1, 1, 1)","(0, 1, 1, 12)",60.22947274584038,1.177974000107497
6532,瑞耘,半導體業,12,18.527664465970673,18.18459342588705,16.672015446197147,19.587935906172092,18.528,18.185,16.672,19.588,12297.18,10420.236,3825.409,33.333,66.667,12,0,"(0, 1, 1)","(0, 1, 1, 12)",-21.88534238403456,0.8891351998317987
1337,再生-KY,塑膠工業,12,18.539478391447382,18.98786613832017,21.90218315738291,19.14519416813715,18.539,18.988,21.902,19.145,12119.507,10260.427,1558.382,33.333,50.0,12,0,"(0, 1, 1)","(0, 1, 1, 12)",30.977106100510767,0.5425831000320613
7717,萊德光電-KY,通信網路業,4,18.58847296365285,19.161664914718717,18.57888398233641,18.432279961525598,18.588,19.162,18.579,18.432,11732.278,11409.667,-5239.0,66.667,0.0,0,12,,,,0.0150276999920606
4561,健椿,電機機械,12,18.599289405501494,18.669846713533353,24.90784568917497,19.321543448798764,18.599,18.67,24.908,19.322,16559.54,14367.145,1783.478,50.0,58.333,12,0,"(0, 1, 1)","(0, 1, 1, 12)",9.305766314148386,0.6083742000628263
7791,皇家可口,食品工業,5,18.660776576043364,16.49232613264449,20.611205344571438,18.131539471776595,18.661,16.492,20.611,18.132,37416.13,34839.25,34839.25,0.0,0.0,0,12,,,,0.0213202000595629
3426,台興,電機機械,12,18.66897788372071,18.3374807761754,14.492689141255747,20.843369761892554,18.669,18.337,14.493,20.843,11501.859,9558.346,6156.605,33.333,50.0,12,0,"(0, 1, 1)","(0, 1, 1, 12)",-43.60919862498916,0.85644769994542
3062,建漢,電子工業,12,18.694598216409418,18.34568387849995,13.947900777828126,18.400325990600454,18.695,18.346,13.948,18.4,81588.927,65229.254,-18393.586,75.0,75.0,12,0,"(1, 1, 1)","(0, 1, 1, 12)",24.14036988931516,2.037622899981216
1528,恩德,電機機械,12,18.703678875886528,17.926984768496215,20.738900943854084,19.35612049578794,18.704,17.927,20.739,19.356,50177.437,43694.179,15831.927,50.0,75.0,12,0,"(1, 1, 1)","(0, 1, 1, 12)",-39.466650034698944,0.948605400044471
7765,中華資安,數位雲端,7,18.721203449679052,18.507226570832866,14.053921388677521,18.154639078674176,18.721,18.507,14.054,18.155,40397.486,33278.0,-12649.667,66.667,0.0,0,12,,,,0.0183273998554795
6023,元大期,金融業,12,18.749860081824345,18.292216563097554,16.508300996609815,19.073682524270207,18.75,18.292,16.508,19.074,67243.023,57232.432,5423.142,41.667,58.333,12,0,"(0, 1, 1)","(0, 1, 1, 12)",-18.35569333504652,0.8971507998649031
6215,和椿,電子工業,12,18.757800075360066,18.435100630937136,16.294397425795825,18.59299809033064,18.758,18.435,16.294,18.593,47537.8,39022.602,-6660.912,58.333,66.667,12,0,"(0, 1, 1)","(0, 1, 1, 12)",0.2798657793287908,0.744636399904266
8162,微矽電子-創,電子工業,12,18.77189115238556,20.706533652339775,18.984141048742394,18.107371852635552,18.772,20.707,18.984,18.107,23927.363,19941.583,-17551.75,75.0,58.333,0,12,,,,0.0184853000100702
3086,華義*,文化創意業,12,18.795304843434202,18.59618723342593,17.363721356495194,18.85353020325041,18.795,18.596,17.364,18.854,2928.089,2497.974,-324.896,58.333,58.333,12,0,"(0, 1, 1)","(0, 1, 1, 12)",5.65184671777693,1.0995410999748856
8050,廣積,電腦及週邊設備業,12,18.798301516890177,20.11314486991848,12.010034699770749,22.946427034946073,18.798,20.113,12.01,22.946,109791.138,83958.525,23895.145,50.0,66.667,12,0,"(0, 1, 1)","(0, 1, 1, 12)",7.788287085830697,0.9806741999927908
3709,鑫聯大投控,電腦及週邊設備業,12,18.836396933559097,19.625609966002347,20.000266990238856,19.82652977238979,18.836,19.626,20.0,19.827,740430.957,643415.86,21587.732,33.333,66.667,12,0,"(0, 1, 1)","(0, 1, 1, 12)",-21.91189903675296,1.0451114000752568
4564,元翎,電機機械,12,18.841157986459258,18.465020744709747,15.331878387475296,19.636642069807444,18.841,18.465,15.332,19.637,21122.993,17302.73,3395.892,41.667,58.333,12,0,"(0, 1, 1)","(0, 1, 1, 12)",-9.649420194165817,0.6635045001748949
2374,佳能,光電業,12,18.857302330483947,20.739267358835665,16.87314849777252,21.0716374317657,18.857,20.739,16.873,21.072,171538.126,155700.974,-53638.015,75.0,50.0,12,0,"(1, 1, 0)","(0, 1, 1, 12)",-18.991609322647744,0.5837152998428792
8083,瑞穎,電機機械,12,18.86413689502949,19.37502097953413,17.722216522574165,19.39404216558993,18.864,19.375,17.722,19.394,25603.992,22500.781,-4021.956,58.333,25.0,12,0,"(1, 1, 0)","(0, 1, 1, 12)",-25.143446130176127,0.6195767000317574
3511,矽瑪,電子零組件業,12,18.86537504987661,18.759447584638224,17.63079664268827,18.94319058639574,18.865,18.759,17.631,18.943,29993.457,27547.456,3177.388,41.667,58.333,12,0,"(1, 1, 0)","(0, 1, 1, 12)",14.410683645835617,0.7003003999125212
8084,巨虹,電子通路業,12,18.873391702859898,19.40678378730535,15.877272923376104,19.535057564982605,18.873,19.407,15.877,19.535,10949.377,8913.573,49.726,41.667,58.333,12,0,"(1, 1, 1)","(0, 1, 1, 12)",41.6162388605755,1.0590757001191378
5272,笙科,半導體業,12,18.875336096987297,19.069801697835395,19.526835712993144,19.391673815850254,18.875,19.07,19.527,19.392,6316.737,5368.256,173.114,50.0,66.667,12,0,"(1, 1, 0)","(0, 1, 1, 12)",9.508585475514,0.7487508999183774
2712,遠雄來,觀光餐旅,12,18.87858487720576,23.207075218699558,13.549059386980355,22.67542068551056,18.879,23.207,13.549,22.675,10329.793,8259.271,-1893.627,50.0,58.333,12,0,"(1, 1, 1)","(0, 1, 1, 12)",97.56327835997394,1.0777915001381189
9962,有益,鋼鐵工業,12,18.893813290556803,17.391397031572097,11.41276663237328,18.56391475861914,18.894,17.391,11.413,18.564,40903.766,30338.583,6116.628,50.0,66.667,12,0,"(0, 1, 1)","(0, 1, 1, 12)",9.525822870645316,1.1591962999664247
1471,首利,電子零組件業,12,18.908712436553763,20.17660646583222,22.538823983054773,21.963515402765786,18.909,20.177,22.539,21.964,3490.628,2877.922,1516.787,25.0,66.667,12,0,"(0, 1, 1)","(0, 1, 1, 12)",47.86507385684325,0.5834152000024915
6164,華興,電子工業,12,18.911464997167794,19.07923278692727,20.195352497920275,20.6700229389283,18.911,19.079,20.195,20.67,14558.103,11538.61,1936.564,41.667,83.333,12,0,"(1, 1, 1)","(0, 1, 1, 12)",-27.875442407454905,1.0681827999651432
2498,宏達電,電子工業,12,18.96845176137543,18.741718992816622,18.625513181282862,18.06135779225567,18.968,18.742,18.626,18.061,54670.116,45850.889,-6988.755,50.0,83.333,12,0,"(0, 1, 1)","(0, 1, 1, 12)",5.363733342499572,0.6276620000135154
1727,中華化,化學生技醫療,12,18.975008077152847,18.724901197614795,15.006181707462908,19.250175135431405,18.975,18.725,15.006,19.25,40878.433,31139.222,797.459,50.0,58.333,12,0,"(1, 1, 0)","(0, 1, 0, 12)",-48.91385637791168,0.3896427999716252
3390,旭軟,電子零組件業,12,18.980674571195827,19.07897369452653,16.830570833235775,19.142646078999075,18.981,19.079,16.831,19.143,15438.303,12531.358,1510.358,50.0,25.0,12,0,"(1, 1, 1)","(0, 1, 1, 12)",-9.041196090988429,1.1423396999016404
6516,勤崴國際,資訊服務業,12,19.029076998689153,19.13233436832539,17.98943640510322,20.22996010819761,19.029,19.132,17.989,20.23,10488.935,8673.533,-1083.543,75.0,75.0,12,0,"(0, 1, 1)","(0, 1, 1, 12)",37.74383425663633,0.8837732998654246
1295,生合,食品工業,10,19.09176290524558,19.34526021957956,19.13665515540207,19.343392951544587,19.092,19.345,19.137,19.343,18447.458,17075.333,-1208.889,44.444,0.0,0,12,,,,0.0309294001199305
3581,博磊,半導體業,12,19.144387967878878,18.7993849158375,17.549160336794323,17.809533759398995,19.144,18.799,17.549,17.81,33016.238,25057.116,-13353.725,66.667,58.333,12,0,"(0, 1, 1)","(0, 1, 1, 12)",-34.178299004848235,0.6641225998755544
6733,博晟生醫,生技醫療業,12,19.165073269267367,17.826759497438736,11.573884647109931,20.418950378201366,19.165,17.827,11.574,20.419,4531.589,3550.921,2025.925,41.667,66.667,12,0,"(0, 1, 1)","(0, 1, 1, 12)",107.03587653991453,1.7473850001115352
6768,志強-KY,運動休閒,12,19.175480261712078,18.95518089524528,17.06012593730934,18.76154474764268,19.175,18.955,17.06,18.762,390766.189,325567.2,73889.203,33.333,58.333,12,0,"(0, 1, 1)","(1, 1, 0, 12)",-16.46672155776346,1.277391699841246
1316,上曜,建材營造,12,19.219347432894637,22.135838800668484,19.091410342005226,19.942688432078896,19.219,22.136,19.091,19.943,82115.606,71801.256,-49774.411,75.0,58.333,12,0,"(0, 1, 1)","(0, 1, 1, 12)",90.54505502032676,0.6771873000543565
3522,御嵿,觀光餐旅,12,19.229360032177546,17.769589017048478,13.717875362713382,17.033437227591165,19.229,17.77,13.718,17.033,28059.629,18295.134,-6570.458,66.667,75.0,12,0,"(1, 1, 1)","(0, 1, 1, 12)",74.77182935087515,0.7659716000780463
1467,南緯,紡織纖維,12,19.280598843607454,18.846094276583823,11.782708322795147,19.40754414209623,19.281,18.846,11.783,19.408,107597.012,82744.329,3341.949,41.667,66.667,12,0,"(1, 1, 0)","(0, 1, 1, 12)",-11.933524516580384,0.9464116001036018
1452,宏益,紡織纖維,12,19.37103080648313,18.577506141835197,17.68988923623982,19.17094747846284,19.371,18.578,17.69,19.171,25940.403,21891.767,5403.378,41.667,33.333,12,0,"(0, 1, 1)","(0, 1, 1, 12)",-17.344839053708494,1.4902971000410616
4109,加捷生醫,生技醫療業,12,19.381024875712857,17.927633238376963,12.915128478083632,18.00682019135467,19.381,17.928,12.915,18.007,10736.587,7817.869,-576.959,41.667,58.333,12,0,"(0, 1, 1)","(0, 1, 1, 12)",18.66226131514857,0.6727676999289542
6904,伯鑫,其他,12,19.388873107981983,19.25059219788897,17.22586649812976,20.48556826459157,19.389,19.251,17.226,20.486,16825.691,13935.833,2261.833,41.667,83.333,0,12,,,,0.0220595002174377
8068,全達,電子通路業,12,19.391493466406693,20.62741834061291,14.192498105548696,18.997601187747186,19.391,20.627,14.192,18.998,18253.531,13508.47,-5040.754,41.667,75.0,12,0,"(0, 1, 1)","(0, 1, 1, 12)",84.0518308485785,0.6725376998074353
7714,創泓科技,數位雲端類,12,19.41109887911992,19.383720807792674,15.016851118138813,20.75090842823154,19.411,19.384,15.017,20.751,37857.359,29196.25,1326.417,58.333,16.667,0,12,,,,0.0235812000464648
4192,杏國,生技醫療業,12,19.413881715481534,18.19945182314118,15.850285634383152,19.155032497651273,19.414,18.199,15.85,19.155,573.53,437.508,58.416,50.0,58.333,12,0,"(0, 1, 1)","(0, 1, 1, 12)",58.59434472194059,0.5307450001128018
1777,生泰,生技醫療業,12,19.42107155762096,19.26421521267343,15.912970750575486,19.689730657405278,19.421,19.264,15.913,19.69,24378.222,21043.362,2546.719,41.667,75.0,12,0,"(0, 1, 1)","(0, 1, 1, 12)",8.11017651242572,0.6197136000264436
6715,嘉基,電子零組件業,12,19.423201172543283,20.3130074666278,14.466437038606816,22.442970801956463,19.423,20.313,14.466,22.443,31398.368,27198.762,-1810.792,66.667,50.0,12,0,"(1, 1, 1)","(1, 1, 0, 12)",15.72622014386314,1.4541907999664545
3430,奇鈦科,化學工業,12,19.44084661477999,20.38649717100519,19.755179805226426,18.66772238078903,19.441,20.386,19.755,18.668,32331.902,27717.917,-19864.583,83.333,75.0,0,12,,,,0.0627884999848902
2705,六福,觀光餐旅,12,19.44875333655282,19.756385508495413,20.20741925570294,20.04686423371972,19.449,19.756,20.207,20.047,41581.547,36831.304,4200.687,50.0,66.667,12,0,"(1, 1, 1)","(0, 1, 1, 12)",57.23972931565481,0.8258001001086086
2731,雄獅,觀光餐旅,12,19.454828955935703,17.937477049296724,16.388805561161803,19.067349571463367,19.455,17.937,16.389,19.067,670017.823,486822.741,48404.606,58.333,33.333,12,0,"(1, 1, 1)","(0, 1, 1, 12)",78.0579849144065,1.3130529997870326
5603,陸海,航運業,12,19.489027304314853,17.762163754592745,17.729896754115416,19.4266019977851,19.489,17.762,17.73,19.427,31375.772,22033.027,9601.023,33.333,66.667,12,0,"(0, 1, 1)","(0, 1, 0, 12)",-28.757011629287103,0.4502134001813829
5474,聰泰,電腦及週邊設備業,12,19.508270871973522,20.05058308926053,21.645325435758462,20.55774519761213,19.508,20.051,21.645,20.558,31429.501,23864.256,-3368.941,58.333,58.333,12,0,"(1, 1, 0)","(0, 1, 1, 12)",12.511297512142296,0.6630981001071632
4538,大詠城,電機機械,12,19.51548065682117,21.90027340567221,20.670695587268078,20.096412424998107,19.515,21.9,20.671,20.096,7239.269,6176.422,-2863.167,50.0,50.0,12,0,"(0, 1, 1)","(0, 1, 1, 12)",1.772858889734695,0.673891199985519
3209,全科,電子通路業,12,19.529175978809256,19.945506455002796,17.813093171478585,19.613648486715043,19.529,19.946,17.813,19.614,1025210.81,771127.513,-221743.837,50.0,91.667,12,0,"(0, 1, 1)","(0, 1, 1, 12)",10.326498709806383,0.7092380998656154
4945,陞達科技,半導體業,8,19.567594469410967,19.38485073420549,19.89286978160079,18.76451785944856,19.568,19.385,19.893,18.765,11854.508,10610.528,-2487.15,50.0,62.5,9,3,"(0, 1, 1)","(0, 1, 1, 12)",-8.77451487662575,0.6808499000035226
7402,邑錡,光電業,12,19.598850550940497,20.870520272759055,17.472309606692367,22.960006782246065,19.599,20.871,17.472,22.96,10244.179,8507.355,266.878,50.0,66.667,12,0,"(1, 1, 1)","(0, 1, 1, 12)",19.300550321973432,0.9324594000354408
5484,慧友,電子工業,12,19.615937580001955,19.69554480772947,16.24901096105802,18.45050992336856,19.616,19.696,16.249,18.451,11140.875,8313.594,-5608.144,83.333,66.667,12,0,"(1, 1, 1)","(0, 1, 1, 12)",50.45182718871126,0.8062408999539912
6482,弘煜科,文化創意業,12,19.667010354238553,18.33689103181386,16.38436682610165,20.758313515220163,19.667,18.337,16.384,20.758,9650.534,8132.03,5796.091,25.0,66.667,12,0,"(0, 1, 1)","(0, 1, 1, 12)",40.987768660563766,0.6256351999472827
8935,邦泰,其他,12,19.696134665211066,19.3471893165132,15.48449862236046,19.943841959310447,19.696,19.347,15.484,19.944,10196.504,8506.088,1322.726,41.667,33.333,12,0,"(0, 1, 1)","(0, 1, 0, 12)",-35.59981940841359,0.4786545999813825
4905,台聯電,生技醫療業,12,19.707890088968192,18.441690003159337,9.711571806715344,25.059655522062325,19.708,18.442,9.712,25.06,21266.825,11939.828,7680.437,33.333,75.0,12,0,"(0, 1, 1)","(0, 1, 1, 12)",83.47516798463282,0.4923260000068694
5488,松普,電子零組件業,12,19.71856983438586,19.024157758340962,18.905941846717237,20.167427819158643,19.719,19.024,18.906,20.167,16262.878,12662.247,1153.153,58.333,66.667,12,0,"(0, 1, 1)","(0, 1, 1, 12)",17.39228568220733,0.6030365999322385
4911,德英,生技醫療業,12,19.766624968613765,17.857549388318414,16.87293280256536,19.959355642210475,19.767,17.858,16.873,19.959,6469.024,5092.08,3531.708,25.0,75.0,12,0,"(0, 1, 1)","(0, 1, 1, 12)",79.59734636644684,0.61752919992432
7721,微程式,數位雲端,8,19.767449361372726,20.171857584062508,23.474960406313144,19.833240696458677,19.767,20.172,23.475,19.833,9713.162,8755.286,-2553.571,57.143,0.0,0,12,,,,0.0136680998839437
1101,台泥,水泥工業,12,19.80971348592399,17.016918109754712,14.067375573625496,19.658233395738304,19.81,17.017,14.067,19.658,3664299.401,2487147.051,1572820.694,41.667,66.667,12,0,"(1, 1, 0)","(0, 1, 0, 12)",-56.435079770856106,1.1557785000186414
9960,邁達康,運動休閒類,12,19.898976824353056,19.59939793081128,17.323921807362943,20.748414645830003,19.899,19.599,17.324,20.748,13628.829,11268.326,823.838,50.0,50.0,12,0,"(0, 1, 1)","(0, 1, 1, 12)",8.964927497781346,1.1508744999300689
7732,金興精密,汽車工業,12,19.943661043451673,19.377519571803777,16.613699558712536,21.03072452165019,19.944,19.378,16.614,21.031,22316.469,18154.0,6230.167,33.333,8.333,0,12,,,,0.0247146000619977
2468,華經,電子工業,12,20.018811117374906,21.11256745145981,17.38947687740133,19.062329269475565,20.019,21.113,17.389,19.062,55759.004,44945.617,-29302.567,66.667,83.333,12,0,"(0, 1, 1)","(0, 1, 1, 12)",16.531612596004607,0.8019809001125395
5236,凌陽創新,電子工業,12,20.038990362528303,19.784457792116292,16.48191659929382,20.624560497032032,20.039,19.784,16.482,20.625,39385.634,33394.109,4811.407,50.0,50.0,12,0,"(0, 1, 1)","(0, 1, 1, 12)",11.34371431136029,0.8559431000612676
4590,富田-創,電機機械,2,20.135156909020253,22.3892079886178,20.135156909020253,20.135156909020253,20.135,22.389,20.135,20.135,21244.0,21244.0,-21244.0,100.0,0.0,0,12,,,,0.0119394001085311
8437,大地-KY,其他,12,20.142752171697428,18.74391353822312,19.42179004732869,19.34752269143641,20.143,18.744,19.422,19.348,4322.048,3601.658,1174.414,41.667,100.0,12,0,"(0, 1, 1)","(0, 1, 1, 12)",17.044586841824838,0.6741530001163483
3625,西勝,電腦及週邊設備業,12,20.179670976677155,21.303719971745874,17.22489266414354,20.469772151305936,20.18,21.304,17.225,20.47,7953.757,6764.68,-2017.551,58.333,58.333,12,0,"(0, 1, 1)","(0, 1, 1, 12)",30.509057618099117,0.856112000066787
2491,吉祥全,電子工業,12,20.197583850828085,19.362298541419754,17.33232073868646,21.014766791292708,20.198,19.362,17.332,21.015,3563.902,3027.5,1746.167,16.667,33.333,0,12,,,,0.0213562999852001
4763,材料*-KY,化學生技醫療,12,20.253454613443182,18.515608114250504,22.262149434637347,19.759315179706945,20.253,18.516,22.262,19.759,279628.77,223317.983,97112.85,16.667,50.0,12,0,"(1, 1, 0)","(0, 1, 1, 12)",-58.1647174318861,0.8479138999246061
6122,擎邦,電機機械,12,20.274284330192874,20.500088493076905,17.499580786121584,21.70061161855926,20.274,20.5,17.5,21.701,82108.13,70751.981,-4566.898,58.333,66.667,12,0,"(0, 1, 1)","(0, 1, 1, 12)",23.930132772236764,1.185196200152859
4707,磐亞,化學工業,12,20.284629799922502,21.047792953845764,14.727829642928015,22.40955766201671,20.285,21.048,14.728,22.41,28729.93,22708.66,1129.865,50.0,75.0,12,0,"(0, 1, 1)","(0, 1, 1, 12)",50.22493968369872,0.5747173000127077
6697,東捷資訊,資訊服務業,12,20.295627614284207,20.421614095484895,16.961522538849767,20.547640073936414,20.296,20.422,16.962,20.548,29446.196,22871.87,-2741.819,41.667,75.0,12,0,"(0, 1, 1)","(0, 1, 1, 12)",-3.378900335056098,1.037027700105682
8249,菱光,電子零組件業,12,20.326884975398013,19.517242068878815,16.12222005663721,20.584065978421563,20.327,19.517,16.122,20.584,81227.801,63024.235,8705.098,50.0,50.0,12,0,"(0, 1, 1)","(0, 1, 1, 12)",4.725220868987928,0.7159122000448406
8450,霹靂,文化創意業,12,20.344285572352277,20.766883394387357,15.78955834177574,20.435544212362817,20.344,20.767,15.79,20.436,5179.235,3978.698,-394.467,41.667,58.333,12,0,"(1, 1, 1)","(0, 1, 0, 12)",-56.64043571400641,0.4268801999278366
4406,新昕纖,紡織纖維,12,20.376473901547108,19.712070951657125,15.567613919342868,22.0036472066921,20.376,19.712,15.568,22.004,10977.343,8138.364,1399.634,50.0,66.667,12,0,"(0, 1, 1)","(0, 1, 1, 12)",-3.235744909371018,0.6662862000521272
2751,王座,觀光餐旅,12,20.386648194629334,21.38550180993353,21.533671781642543,18.800424591928554,20.387,21.386,21.534,18.8,36791.921,30092.833,-26710.0,91.667,16.667,0,12,,,,0.0301138998474925
2432,倚天酷碁-創,電子工業,12,20.399809117160757,23.421114516331443,20.191594366855302,20.607766653415116,20.4,23.421,20.192,20.608,59049.052,55644.083,-55644.083,100.0,91.667,0,12,,,,0.0204628000501543
3205,佰研,生技醫療業,12,20.468100854279708,29.328459788055845,11.141560122229235,43.67056671495118,20.468,29.328,11.142,43.671,7973.829,5903.0,3756.732,25.0,66.667,12,0,"(0, 1, 1)","(0, 1, 1, 12)",-50.384314525171895,1.0680040998850018
4502,健信,電機機械,12,20.472733927306265,19.513314600182888,17.259860046305796,22.306090161720395,20.473,19.513,17.26,22.306,20273.784,15982.722,8772.353,25.0,66.667,12,0,"(0, 1, 1)","(0, 1, 1, 12)",-10.8682064287468,0.7217079000547528
9949,琉園,文化創意業,12,20.474953170052572,18.79409540557365,16.948411811780677,19.47223277063078,20.475,18.794,16.948,19.472,3147.009,2400.211,343.257,41.667,66.667,12,0,"(1, 1, 1)","(0, 1, 1, 12)",-11.250257699999532,1.991143400082365
2941,米斯特,居家生活類,12,20.512773498253797,20.70276865070301,13.338890762256034,19.589567351405794,20.513,20.703,13.339,19.59,21975.221,15848.75,-8710.417,75.0,58.333,0,12,,,,0.0259197000414133
2020,美亞,鋼鐵工業,12,20.523221128144737,19.09147042136349,11.561132141012243,18.69667219542318,20.523,19.091,11.561,18.697,135775.538,81132.312,-3887.537,33.333,58.333,12,0,"(0, 1, 1)","(0, 1, 1, 12)",-3.557690824449434,0.7538817999884486
4569,六方科-KY,汽車工業,12,20.581565137782256,23.004157982194574,23.448690297946705,20.276043838944872,20.582,23.004,23.449,20.276,33963.049,31173.833,-30475.333,91.667,50.0,0,12,,,,0.0181824001483619
3556,禾瑞亞,半導體業,12,20.603199958637212,21.10122303441013,16.072182652623674,20.515569115582476,20.603,21.101,16.072,20.516,20324.309,16610.781,-1169.12,41.667,50.0,12,0,"(0, 1, 1)","(0, 1, 1, 12)",-1.039742122578164,0.6719663999974728
8076,伍豐,電腦及週邊設備業,12,20.621507520301314,21.106832283589103,19.521529084768417,22.046468597514615,20.622,21.107,19.522,22.046,36456.862,33848.331,-4757.112,66.667,58.333,12,0,"(0, 1, 1)","(0, 1, 1, 12)",-4.2621904985187005,0.6479478999972343
6236,中湛,數位雲端類,12,20.6492656797869,20.048917793058248,19.132477522380125,22.007191260827017,20.649,20.049,19.132,22.007,772.476,621.973,235.675,50.0,41.667,12,0,"(0, 1, 1)","(0, 1, 1, 12)",93.11082033677852,0.6176380999386311
4585,達明,電子工業,6,20.664861240006914,21.66132512491958,29.079315910953774,20.427916699922726,20.665,21.661,29.079,20.428,39129.663,33712.2,-16757.0,80.0,0.0,0,12,,,,0.0189330000430345
3708,上緯投控,綠能環保,12,20.70177104905976,26.020896356596584,12.05603767000452,94.71157247210175,20.702,26.021,12.056,94.712,195880.04,97139.869,55652.237,25.0,66.667,12,0,"(0, 1, 1)","(0, 1, 1, 12)",-18.15745221711949,0.906611899845302
8928,鉅明,運動休閒類,12,20.7446398679237,19.59986747252108,18.871935698428455,21.16768650551472,20.745,19.6,18.872,21.168,85598.131,59167.862,13439.522,58.333,75.0,12,0,"(1, 1, 0)","(0, 1, 1, 12)",0.2519639408598246,0.6689707001205534
6856,鑫傳,文化創意業,12,20.77361626443458,26.56098286524813,14.929823836693876,21.611061667633138,20.774,26.561,14.93,21.611,17137.287,13217.75,-10265.083,66.667,83.333,0,12,,,,0.0188338002189993
6706,惠特,電子工業,12,20.818502480057216,19.119631179209463,12.250561374446029,24.37665850570949,20.819,19.12,12.251,24.377,21945.887,15604.838,6929.176,50.0,50.0,12,0,"(1, 1, 0)","(0, 1, 1, 12)",-5.187812320401873,1.6083054000046104
6788,華景電,半導體業,12,20.821230282054458,20.726044601462966,17.11079522442349,21.184166504475936,20.821,20.726,17.111,21.184,53407.93,44808.606,4725.615,41.667,50.0,12,0,"(0, 1, 1)","(1, 1, 0, 12)",20.697028298242746,0.8714590000454336
3685,元創精密,電機機械,12,20.879507450506463,18.973755028574736,11.670375887177928,19.29222959329478,20.88,18.974,11.67,19.292,29269.971,20813.285,-4832.69,58.333,58.333,12,0,"(0, 1, 1)","(0, 1, 1, 12)",10.663183730819677,0.7127743000164628
3339,泰谷,光電業,12,20.888949727187807,20.06833233808839,16.851719497561305,19.377521001440144,20.889,20.068,16.852,19.378,18239.832,14253.07,-2922.544,50.0,25.0,12,0,"(0, 1, 1)","(0, 1, 1, 12)",-37.674985518115264,0.7465896001085639
2915,潤泰全,貿易百貨,12,20.91067607346262,19.80784772308121,19.38587971356003,23.899756491005796,20.911,19.808,19.386,23.9,58220.21,42180.545,27178.321,25.0,75.0,12,0,"(0, 1, 1)","(1, 1, 0, 12)",0.2518373946134975,0.6754457999486476
2102,泰豐,橡膠工業,12,20.999347367226655,20.73315416839031,14.996381750301047,19.405999039695264,20.999,20.733,14.996,19.406,6119.724,4652.265,-906.218,50.0,50.0,12,0,"(0, 1, 1)","(0, 1, 1, 12)",14.525870191292643,0.5502347000874579
6533,晶心科,半導體業,12,21.011580178695908,20.0499857056827,23.504901538008095,21.454301042200903,21.012,20.05,23.505,21.454,33637.761,25882.537,5369.511,41.667,50.0,12,0,"(0, 1, 1)","(0, 1, 1, 12)",60.47662528744902,0.7734296000562608
4108,懷特,生技醫療業,12,21.021737482702083,19.82976343580911,15.143662750922788,20.81554507415451,21.022,19.83,15.144,20.816,2984.633,2357.535,482.348,25.0,75.0,12,0,"(0, 1, 1)","(0, 1, 1, 12)",20.05198245606457,0.6572489999234676
2851,中再保,金融保險,12,21.024094704872017,23.233809515830668,17.834744159315672,23.09667359302505,21.024,23.234,17.835,23.097,492484.627,401181.442,-76213.734,50.0,50.0,12,0,"(0, 1, 1)","(0, 1, 0, 12)",-64.11713272569868,0.3832558998838067
4441,振大環球,紡織纖維,7,21.03767486404636,21.92963124565045,23.117238288841165,22.331047253444144,21.038,21.93,23.117,22.331,153825.207,142162.333,9925.333,50.0,0.0,0,12,,,,0.0177044000010937
3661,世芯-KY,電子工業,12,21.071328854998946,18.863112186270683,16.73840200389534,21.759220930130052,21.071,18.863,16.738,21.759,673157.582,545067.955,457426.202,16.667,58.333,12,0,"(0, 1, 1)","(1, 1, 0, 12)",-40.79348023709298,0.5583192000631243
2520,冠德,建材營造,12,21.08998530043897,21.19783786535153,21.42282611030028,22.874799773213475,21.09,21.198,21.423,22.875,507369.642,402006.544,134580.379,25.0,66.667,12,0,"(0, 1, 1)","(0, 1, 1, 12)",76.51692029794687,0.524154799990356
7642,昶瑞機電,電機機械,10,21.102294585830116,21.200544466413156,21.263924893154908,22.977582282391566,21.102,21.201,21.264,22.978,15885.892,13542.444,4700.0,44.444,0.0,0,12,,,,0.0206246001180261
9943,好樂迪,觀光餐旅,12,21.15392982757771,20.642418154551777,10.055287308278835,21.339220167481194,21.154,20.642,10.055,21.339,55461.71,42549.949,5862.435,50.0,58.333,12,0,"(0, 1, 1)","(0, 1, 1, 12)",94.48450933024476,0.9008091001305728
4577,達航科技,其他電子類,12,21.17827927151459,21.96971952719796,19.437331056597028,23.435919025640526,21.178,21.97,19.437,23.436,17054.644,13173.931,-1443.15,58.333,58.333,12,0,"(0, 1, 1)","(0, 1, 1, 12)",37.50671136783596,0.5518320999108255
6462,神盾,半導體業,12,21.206938526419073,21.002150796740864,16.839751342834376,20.726402465794138,21.207,21.002,16.84,20.726,117070.823,94232.537,-14283.971,50.0,66.667,12,0,"(1, 1, 1)","(0, 1, 1, 12)",19.11842151416355,2.3317563999444246
6716,應廣,半導體業,12,21.240792280032895,22.9207734872691,13.886624488765554,26.834518214494825,21.241,22.921,13.887,26.835,26775.097,19150.415,2438.545,50.0,66.667,12,0,"(1, 1, 0)","(0, 1, 1, 12)",-15.381221027243493,1.3279290001373738
4728,雙美,生技醫療業,12,21.25897690109432,20.202915134008588,25.040899274468774,21.86019134865087,21.259,20.203,25.041,21.86,43520.003,35895.127,21723.929,33.333,58.333,12,0,"(0, 1, 1)","(0, 1, 1, 12)",65.11720637121375,0.5927515998482704
4807,日成-KY,貿易百貨,12,21.268912543212227,20.481425468055594,25.475885442649588,20.380204247704846,21.269,20.481,25.476,20.38,44273.476,37686.794,-61.499,41.667,75.0,12,0,"(0, 1, 1)","(0, 1, 1, 12)",6.293992769857277,0.7191026001237333
2211,長榮鋼,鋼鐵工業,12,21.328636507570273,20.547639592603563,21.241126395700142,21.238480467700008,21.329,20.548,21.241,21.238,329424.087,272178.125,23684.854,41.667,33.333,12,0,"(0, 1, 1)","(0, 1, 1, 12)",4.774709081981248,0.7446551001630723
8011,台通,電子工業,12,21.34554990760051,21.72592627348696,21.573882013943795,23.653489228677397,21.346,21.726,21.574,23.653,40748.778,36917.609,8938.758,41.667,75.0,12,0,"(1, 1, 1)","(0, 1, 1, 12)",18.406409911769764,1.152565099997446
8024,佑華,半導體業,12,21.379905241585938,21.37968852999291,17.246095116490288,23.13835300036079,21.38,21.38,17.246,23.138,3299.026,2739.87,595.25,41.667,66.667,12,0,"(0, 1, 1)","(0, 1, 1, 12)",15.075347085417826,0.8403398001100868
6767,台微醫,生技醫療業,12,21.42682858120606,19.797460832254973,23.495496242124865,22.20379046829826,21.427,19.797,23.495,22.204,6304.17,5566.94,4379.381,8.333,41.667,12,0,"(0, 1, 1)","(0, 1, 0, 12)",-16.026001402374334,0.5579884999897331
2359,所羅門,電子工業,12,21.43424345487544,21.692513281143704,21.01724978335086,21.42108648768135,21.434,21.693,21.017,21.421,86733.499,75798.362,-11285.823,41.667,50.0,12,0,"(0, 1, 1)","(0, 1, 1, 12)",13.47115466915922,0.6535410999786109
3230,錦明,光電業,12,21.517870415491068,20.486042457111882,18.14671896384495,20.86539664340693,21.518,20.486,18.147,20.865,9060.298,7238.271,727.921,41.667,50.0,12,0,"(0, 1, 1)","(0, 1, 1, 12)",-5.085459032733873,0.695461800089106
3373,熱映,其他電子類,12,21.529286477380065,21.132558265574318,22.022034235577625,21.654229270838556,21.529,21.133,22.022,21.654,7684.557,6953.565,1081.657,41.667,66.667,12,0,"(0, 1, 1)","(0, 1, 1, 12)",79.328953542088,0.5066836001351476
4714,永捷,化學工業,12,21.531135579290037,22.242325657995742,22.938451413744662,21.710000949914498,21.531,22.242,22.938,21.71,31232.962,27432.102,-5992.936,58.333,25.0,12,0,"(0, 1, 1)","(0, 1, 1, 12)",56.70138010857359,0.4828561001922935
3306,鼎天,通信網路業,12,21.544137920472075,20.869247759187218,20.318016696961067,19.581434164602218,21.544,20.869,20.318,19.581,23148.53,19441.448,-7975.826,58.333,83.333,12,0,"(0, 1, 1)","(1, 1, 0, 12)",36.29982598911442,0.5960419001057744
6203,元大MSCI台灣,ETF,12,21.551803761766706,20.686025441857858,18.15180831383042,22.057060921324574,21.552,20.686,18.152,22.057,63792.155,50074.449,4951.687,58.333,83.333,12,0,"(0, 1, 1)","(1, 1, 0, 12)",12.757865752601877,0.6262385998852551
6609,瀧澤科,電機機械,12,21.593369117033916,20.75429790524467,21.2264736958977,20.966795597325625,21.593,20.754,21.226,20.967,41843.115,36679.72,5492.816,41.667,50.0,12,0,"(1, 1, 0)","(0, 1, 1, 12)",-4.849195085427265,1.6213431998621672
9955,佳龍,綠能環保,12,21.61595600388174,22.386545912856057,19.23717137997881,20.341968700905444,21.616,22.387,19.237,20.342,36319.349,27147.047,-10834.508,58.333,50.0,12,0,"(0, 1, 1)","(0, 1, 1, 12)",36.84748301818152,1.2079964999575168
2035,唐榮,鋼鐵工業,12,21.62346169689215,21.327806456229258,20.16837753537305,22.640298900615218,21.623,21.328,20.168,22.64,205036.911,173031.445,26153.096,50.0,58.333,12,0,"(0, 1, 1)","(0, 1, 1, 12)",-7.249913532772547,0.7853253998328
3652,精聯,電腦及週邊設備業,12,21.6253933586151,19.20163262555884,13.97587994434504,22.786225968673634,21.625,19.202,13.976,22.786,69998.572,44197.546,10050.225,58.333,83.333,12,0,"(0, 1, 1)","(0, 1, 0, 12)",-31.976849029348287,0.4327897999901324
5546,永固-KY,建材營造,12,21.63726814203518,22.019016048549204,23.172934882748528,26.336709577613444,21.637,22.019,23.173,26.337,42672.861,35152.483,25005.354,25.0,58.333,12,0,"(0, 1, 1)","(1, 1, 0, 12)",26.674563862639705,0.7543810999486595
3437,榮創,電子工業,12,21.6530171237065,21.274183354661957,22.07149558397398,21.94753968932995,21.653,21.274,22.071,21.948,32069.787,28874.84,9147.114,33.333,50.0,12,0,"(0, 1, 1)","(0, 1, 0, 12)",-24.200770638591926,0.3306363001465797
3577,泓格,電腦及週邊設備業,12,21.668350697933874,21.406018760764486,18.034539473124255,21.286497110517978,21.668,21.406,18.035,21.286,24857.567,21161.365,-742.653,50.0,66.667,12,0,"(0, 1, 1)","(0, 1, 1, 12)",10.93762131683245,0.5298506999388337
7770,君曜,半導體業,4,21.69271406559542,21.03245059391552,14.040883336336515,23.70233598997057,21.693,21.032,14.041,23.702,10293.419,9198.0,4522.667,33.333,0.0,0,12,,,,0.0137902998831123
5201,凱衛,資訊服務業,12,21.743737622594203,21.937169242378395,23.134606266585646,20.7178325436877,21.744,21.937,23.135,20.718,6743.241,5519.231,-2421.675,58.333,83.333,12,0,"(0, 1, 1)","(0, 1, 1, 12)",41.287038473292014,0.7431055000051856
3580,友威科,其他電子類,12,21.77878458142409,20.227393661490456,20.9235089291541,22.22848469605039,21.779,20.227,20.924,22.228,8735.393,7841.597,3846.294,41.667,66.667,12,0,"(0, 1, 1)","(0, 1, 1, 12)",47.16480445206876,0.4744381001219153
3083,網龍,文化創意業,12,21.821125157483092,23.036189549121833,21.317436074727993,22.342251266887057,21.821,23.036,21.317,22.342,8389.393,7199.517,-3438.446,66.667,75.0,12,0,"(0, 1, 1)","(0, 1, 1, 12)",14.44369015242654,1.5697251001838597
6751,智聯服務,資訊服務業,12,21.868221342534603,22.39540704061631,11.62839356324362,27.63122608369704,21.868,22.395,11.628,27.631,40227.289,32078.293,19722.068,33.333,83.333,12,0,"(0, 1, 1)","(0, 1, 1, 12)",-10.869098887199698,1.254389600129798
7799,禾榮科,生技醫療業,6,21.894150417827298,23.863805346389093,26.69683257918552,21.46677663789737,21.894,23.864,26.697,21.467,393.339,314.4,-170.4,60.0,0.0,0,12,,,,0.0155046000145375
6024,群益期,金融保險,12,22.044141466090935,20.589973935733383,12.924118926826042,21.409333620422988,22.044,20.59,12.924,21.409,71458.614,53285.705,3915.782,33.333,50.0,12,0,"(0, 1, 1)","(0, 1, 1, 12)",7.522559344339193,0.7535870999563485
4930,燦星網,電器電纜,12,22.05473219557855,22.656897577938608,19.844201247403355,23.833291112363753,22.055,22.657,19.844,23.833,138612.965,110900.769,20118.851,41.667,58.333,12,0,"(1, 1, 1)","(0, 1, 0, 12)",-52.54593198920531,0.723227099981159
8923,時報,文化創意業,12,22.0557342463896,22.385479242433913,20.27582955266093,23.466366136330578,22.056,22.385,20.276,23.466,9347.75,8222.543,131.025,50.0,75.0,12,0,"(0, 1, 1)","(0, 1, 1, 12)",-6.704403999956764,0.7617914997972548
6613,朋億*,其他電子類,12,22.057359013645495,21.269944635061485,15.294985595173003,23.98702625045043,22.057,21.27,15.295,23.987,200365.293,163868.568,65101.061,33.333,66.667,12,0,"(1, 1, 1)","(0, 1, 1, 12)",4.693582426859302,1.9996491998899728
6207,復華滬深,ETF,12,22.20135355739674,20.920840213056728,20.013703804199697,24.232031083793014,22.201,20.921,20.014,24.232,26445.79,20614.29,10089.928,41.667,58.333,12,0,"(0, 1, 1)","(0, 1, 1, 12)",21.66013880281058,1.1129262000322342
6584,南俊國際,電子零組件業,12,22.221984739350674,25.055168641148757,18.853071400205003,22.017335127933872,22.222,25.055,18.853,22.017,48025.208,45053.667,-42368.833,91.667,25.0,0,12,,,,0.0266598998568952
2354,鴻準,其他電子業,12,22.222268351789086,24.238758460264044,15.401396028699722,25.569108366653992,22.222,24.239,15.401,25.569,3611092.909,2892085.596,1223085.777,33.333,58.333,12,0,"(0, 1, 1)","(0, 1, 1, 12)",10.66887934545391,0.6366343998815864
3135,凌航,電子工業,8,22.28571748153785,22.151227079933985,19.489462232812468,20.455672794804762,22.286,22.151,19.489,20.456,207990.613,165084.286,-89346.0,71.429,0.0,0,12,,,,0.0163098000921309
6287,元隆,半導體業,5,22.31326346248225,21.143841690094394,31.453985946112727,21.836824751984157,22.313,21.144,31.454,21.837,24021.171,20582.29,7675.64,40.0,60.0,6,6,"(1, 1, 1)","(0, 1, 0, 12)",-64.22947641563944,0.4460789000149816
6220,岳豐,電子零組件業,12,22.373545617625638,22.032040472100608,18.24986804798284,23.079315545813383,22.374,22.032,18.25,23.079,181137.401,155773.705,13180.272,50.0,50.0,12,0,"(0, 1, 1)","(0, 1, 0, 12)",-41.301360744905885,0.3586061999667436
8473,山林水,綠能環保,12,22.41261094518316,21.35648803322858,8.782116388897771,16.229539742814687,22.413,21.356,8.782,16.23,193239.06,95712.999,-92008.165,66.667,83.333,12,0,"(0, 1, 1)","(0, 1, 1, 12)",22.07960621030516,1.4419115998316556
4977,眾達-KY,電子工業,12,22.43462718284606,24.589674213330667,24.12058093055657,23.81488519562258,22.435,24.59,24.121,23.815,25119.991,20097.219,-6120.741,58.333,41.667,12,0,"(1, 1, 0)","(1, 1, 0, 12)",-28.56778465281204,0.917568099917844
2515,中工,建材營造,12,22.460461858184992,20.8712182262728,19.345078790869792,21.413059854397503,22.46,20.871,19.345,21.413,536104.605,387787.978,69750.189,33.333,58.333,12,0,"(0, 1, 1)","(0, 1, 1, 12)",-26.01163621966034,0.7376067000441253
2887,台新新光金,金融保險,12,22.494560793713067,23.402318110030524,13.172411036926052,20.884956377194538,22.495,23.402,13.172,20.885,4228114.482,2827995.844,-2089832.498,66.667,50.0,12,0,"(0, 1, 1)","(0, 1, 1, 12)",-8.917048235621015,0.6692540000658482
6922,宸曜,電腦及週邊設備業,12,22.54035846325587,24.95626718556372,18.522052678573818,23.660015854009295,22.54,24.956,18.522,23.66,35827.633,30859.667,-16464.167,75.0,66.667,0,12,,,,0.0174294000025838
6419,京晨科,光電業,12,22.575830355377626,21.070366982995477,21.960186679536875,23.01558435115375,22.576,21.07,21.96,23.016,12451.642,9373.466,3289.923,41.667,41.667,12,0,"(1, 1, 0)","(0, 1, 1, 12)",-5.498696540922296,1.4798824999015778
2376,技嘉,電腦及週邊設備業,12,22.58771741346701,22.019214090190598,21.511385957155753,21.763588196389986,22.588,22.019,21.511,21.764,8305952.576,6342170.768,-561132.117,41.667,58.333,12,0,"(0, 1, 1)","(0, 1, 1, 12)",-5.73194896880562,0.6758724998217076
6782,視陽,生技醫療業,12,22.66046438048225,22.82343372029092,21.618607561071563,22.959372216878556,22.66,22.823,21.619,22.959,93703.611,79650.645,-7811.024,50.0,50.0,12,0,"(0, 1, 1)","(1, 1, 0, 12)",-7.048501292554814,1.0677256998606026
6152,百一,通信網路業,12,22.667766810170235,22.011354273940483,19.96330575396939,23.291473351007962,22.668,22.011,19.963,23.291,37520.832,29717.442,-899.987,58.333,66.667,12,0,"(0, 1, 1)","(0, 1, 1, 12)",29.64070564129868,0.6831112999934703
9940,信義,其他,12,22.734416666299897,17.5195667251515,8.358211263738037,15.685101953321952,22.734,17.52,8.358,15.685,480892.964,217062.697,-137841.863,58.333,58.333,12,0,"(1, 1, 1)","(0, 1, 1, 12)",9.069821328563313,2.06662579998374
4908,前鼎,通信網路業,12,22.744727851416478,21.43675822693787,18.99560308628914,23.989703690696455,22.745,21.437,18.996,23.99,19133.396,15441.547,7814.411,33.333,41.667,12,0,"(1, 1, 1)","(0, 1, 1, 12)",-0.3218149339349967,1.3684573001228273
1312,國喬,塑膠工業,12,22.753806442844855,24.351263475171322,17.391583028716152,22.951864972135883,22.754,24.351,17.392,22.952,554464.83,430569.312,-193390.263,66.667,50.0,12,0,"(1, 1, 1)","(0, 1, 1, 12)",-37.46625571415582,1.2466315000783652
6695,芯鼎,電子工業,12,22.910193344514944,21.91574597536839,15.212840120674112,24.375832410196764,22.91,21.916,15.213,24.376,27963.604,21490.62,6872.448,50.0,33.333,12,0,"(0, 1, 1)","(0, 1, 0, 12)",-17.493515259728483,0.5180912998039275
4527,方土霖,電機機械,12,22.95849200519897,21.404713250135554,20.675447668659725,23.106090797811998,22.958,21.405,20.675,23.106,78294.369,58685.598,11816.827,33.333,83.333,12,0,"(0, 1, 1)","(0, 1, 1, 12)",8.996459834697422,0.5807884000241756
2363,矽統,電子工業,12,22.97246756518086,18.944720033236464,11.004968623082737,19.921742908363612,22.972,18.945,11.005,19.922,101926.885,54007.065,18138.539,50.0,83.333,12,0,"(0, 1, 1)","(0, 1, 1, 12)",82.1103156461919,0.5178533000871539
4304,勝昱,塑膠工業,12,22.979760338924223,22.18092289611342,22.95968369689831,23.189726065013108,22.98,22.181,22.96,23.19,8231.474,6699.29,218.542,58.333,66.667,12,0,"(0, 1, 1)","(0, 1, 1, 12)",21.5118935121498,0.5875752000138164
4540,全球傳動,電機機械,12,23.00270842838002,22.333554330791774,17.57656576027703,23.883393818511458,23.003,22.334,17.577,23.883,61824.831,49059.601,478.993,66.667,58.333,12,0,"(0, 1, 1)","(0, 1, 0, 12)",2.067594163623031,0.3416596001479774
5222,全訊,電子工業,12,23.02209819105715,22.8741288456807,12.460697275126726,27.628337712883965,23.022,22.874,12.461,27.628,23726.003,18308.976,9508.22,33.333,75.0,12,0,"(0, 1, 1)","(0, 1, 1, 12)",9.536881412342176,0.6021626000292599
6662,樂斯科,生技醫療業,12,23.026401982982044,18.13628040493453,10.641776842461278,23.598117047454537,23.026,18.136,10.642,23.598,9465.887,5040.172,3587.775,33.333,66.667,12,0,"(1, 1, 1)","(0, 1, 1, 12)",8.845632638522705,0.9339510998688638
3043,科風,電子工業,12,23.02705947775036,21.788816112688195,20.174512530323145,23.15384969015265,23.027,21.789,20.175,23.154,19817.37,16382.064,4875.519,25.0,41.667,12,0,"(0, 1, 1)","(0, 1, 1, 12)",0.0403924467827234,0.6933102000039071
8916,光隆,其他,12,23.039016974139724,23.4436530530469,22.58358908898885,22.782124756857677,23.039,23.444,22.584,22.782,194146.783,163914.446,-28166.786,58.333,58.333,12,0,"(1, 1, 1)","(0, 1, 1, 12)",-6.692646142376175,1.1017629001289606
2247,汎德永業,汽車工業,12,23.057090893479202,20.6316005546676,20.463022036635937,22.625137551268214,23.057,20.632,20.463,22.625,1148048.339,988538.475,564051.029,33.333,75.0,12,0,"(0, 1, 1)","(1, 1, 0, 12)",-18.995362990674916,0.5773366000503302
3228,金麗科,半導體業,12,23.07165202791169,22.43212427756118,15.994416656456089,24.1955178189265,23.072,22.432,15.994,24.196,7953.976,5940.681,489.9,50.0,58.333,12,0,"(1, 1, 1)","(0, 1, 1, 12)",62.84094215585184,0.788944800151512
6163,華電網,資訊服務業,12,23.09586855190922,24.60505216224904,13.514473046345996,25.260802217283114,23.096,24.605,13.514,25.261,163206.196,117515.936,-17290.755,41.667,91.667,12,0,"(0, 1, 1)","(0, 1, 1, 12)",53.90170856689467,0.6872425999026746
9950,萬國通,塑膠工業,12,23.103159916312563,23.098091159530263,22.804380694992393,23.867204411038035,23.103,23.098,22.804,23.867,49688.523,41103.64,-2066.307,58.333,75.0,12,0,"(0, 1, 1)","(0, 1, 1, 12)",42.698806947553486,1.3343843000475315
6899,創為精密,光電業,12,23.14058440688861,26.111189741249806,22.593369835246094,22.137401854484988,23.141,26.111,22.593,22.137,27360.141,23040.0,-21200.5,83.333,58.333,0,12,,,,0.0203664000146091
5530,龍巖,其他,12,23.217436736033697,21.23667195582137,16.59099883127792,22.45893802498385,23.217,21.237,16.591,22.459,105138.341,78298.251,9120.92,33.333,91.667,12,0,"(1, 1, 1)","(1, 1, 0, 12)",-7.641990766704094,0.9497546998318284
8499,鼎炫-KY,其他電子業,12,23.235230020761584,22.45236841367739,17.220238168964958,19.499677317022424,23.235,22.452,17.22,19.5,87321.74,56497.372,-38506.402,66.667,66.667,12,0,"(0, 1, 1)","(0, 1, 1, 12)",3.351534194771211,1.1848915999289602
3593,力銘,電子零組件業,12,23.237296277314627,23.360359680364926,23.256393612516344,23.34619134370942,23.237,23.36,23.256,23.346,27064.251,21165.401,2247.628,33.333,25.0,12,0,"(1, 1, 1)","(0, 1, 1, 12)",7.11472186716406,1.0379039000254124
3622,洋華,電子工業,12,23.241801738279747,24.57393685790424,17.552442223894666,23.67037698596076,23.242,24.574,17.552,23.67,44107.538,33422.35,-5251.158,41.667,66.667,12,0,"(1, 1, 1)","(0, 1, 1, 12)",50.8443713016263,0.8709941999986768
1615,大山,電器電纜,12,23.247692112129698,22.3642882928936,27.18211188791194,24.93622810051833,23.248,22.364,27.182,24.936,141202.746,110795.614,60504.55,41.667,66.667,12,0,"(0, 1, 1)","(0, 1, 1, 12)",15.349998924691626,0.6557740999851376
6921,嘉雨思-創,電子工業,3,23.26423463383724,25.557633879916043,22.54270887324541,22.54270887324541,23.264,25.558,22.543,22.543,4083.887,3855.0,-3855.0,100.0,0.0,0,12,,,,0.0119574000127613
4931,新盛力,電腦及週邊設備業,12,23.312897118905283,23.765437989047513,18.648015232088444,23.529081513764375,23.313,23.765,18.648,23.529,62338.263,47623.917,-16567.857,75.0,58.333,12,0,"(1, 1, 0)","(0, 1, 1, 12)",36.147836494030045,0.7065628999844193
4147,中裕,生技醫療業,12,23.332055534691467,22.623666709952335,16.77910760715991,26.156505055981473,23.332,22.624,16.779,26.157,14088.472,11886.71,4601.665,41.667,75.0,12,0,"(0, 1, 1)","(0, 1, 1, 12)",118.97318768367656,0.589378000004217
8472,夠麻吉,數位雲端類,12,23.36082217440737,24.046735921326132,17.856593816196913,24.611022156339956,23.361,24.047,17.857,24.611,13303.284,9719.737,-633.856,58.333,66.667,12,0,"(1, 1, 0)","(0, 1, 1, 12)",0.6934050730073391,1.560631499858573
8455,大拓-KY,其他電子類,12,23.373150235861186,22.770004122520163,16.73665127487828,22.838503607783014,23.373,22.77,16.737,22.839,30134.421,22535.788,1490.733,41.667,58.333,12,0,"(1, 1, 0)","(0, 1, 0, 12)",-39.14587117418528,0.9471928998827934
6451,訊芯-KY,電子工業,12,23.387904482404256,23.422946424009137,20.376529254022476,24.142713833379844,23.388,23.423,20.377,24.143,171835.882,146796.716,8147.489,50.0,58.333,12,0,"(0, 1, 1)","(0, 1, 1, 12)",-12.206884597534795,1.4359065000899136
2425,承啟,電腦及週邊設備業,12,23.40487403974923,25.47448379414932,24.521348268890584,26.650109932300342,23.405,25.474,24.521,26.65,208094.292,167472.308,-31906.175,75.0,75.0,12,0,"(0, 1, 1)","(0, 1, 1, 12)",-2.86086641747538,0.8296630000695586
6210,慶生,電子零組件業,12,23.4398328349122,25.39434265645116,19.70322200126108,23.72349890991698,23.44,25.394,19.703,23.723,7433.195,6374.892,-3219.725,66.667,33.333,12,0,"(0, 1, 1)","(0, 1, 1, 12)",6.047003563230015,1.0639619999565184
1538,正峰,電機機械,12,23.45969977771036,24.27015136563937,21.095179247992895,24.799650663653107,23.46,24.27,21.095,24.8,2816.39,2259.658,439.915,33.333,58.333,12,0,"(0, 1, 1)","(0, 1, 1, 12)",37.2731359640543,0.5859116001520306
2535,達欣工,建材營造,12,23.55976973884756,23.065216116642663,15.581335172737987,20.962865360750072,23.56,23.065,15.581,20.963,609159.586,433350.532,-150757.425,58.333,58.333,12,0,"(0, 1, 1)","(0, 1, 1, 12)",-5.526538947706738,0.6446049998048693
7631,聚賢研發-創,電子工業,12,23.599541154381004,20.22584733434795,8.718441868024705,17.198134641074912,23.6,20.226,8.718,17.198,44555.483,22555.455,-18157.273,72.727,0.0,0,12,,,,0.0224952001590281
2431,聯昌,電子零組件業,12,23.71483466339075,23.87568468297129,18.878462879467353,22.33940995635185,23.715,23.876,18.878,22.339,9826.384,7412.605,-2448.783,50.0,66.667,12,0,"(1, 1, 1)","(0, 1, 1, 12)",-4.534019244446924,1.1268541000317782
6821,聯寶,電子零組件業,12,23.735396529007676,23.645086857776672,22.2434485793397,22.982648003731356,23.735,23.645,22.243,22.983,14842.987,11514.417,-1340.583,50.0,50.0,0,12,,,,0.0194836999289691
4754,國碳科,化學工業,12,23.742613802105936,23.87632225322596,21.63598448712925,26.19947324661471,23.743,23.876,21.636,26.199,13709.786,12322.476,1093.263,58.333,66.667,12,0,"(0, 1, 1)","(0, 1, 1, 12)",16.85049677720017,0.694718400016427
3703,欣陸,建材營造,12,23.743513155638922,19.27792070348433,14.743992030641653,17.544777884678357,23.744,19.278,14.744,17.545,1401742.893,684836.762,-298273.448,50.0,75.0,12,0,"(1, 1, 1)","(0, 1, 1, 12)",-1.6936025247939916,0.8225784001406282
5301,寶得利,觀光餐旅,12,23.781798866773258,25.356434846780452,14.630581774586753,27.216190052908267,23.782,25.356,14.631,27.216,6790.763,4623.519,597.478,33.333,58.333,12,0,"(1, 1, 0)","(0, 1, 1, 12)",92.69662621133752,0.6230663999449462
1410,南染,紡織纖維,12,23.78616666000995,23.608860097533153,25.648997721398846,24.397617586005996,23.786,23.609,25.649,24.398,4584.336,3756.589,452.416,41.667,50.0,12,0,"(1, 1, 0)","(0, 1, 1, 12)",-17.9881448399033,0.7449296000413597
6841,長佳智能,生技醫療業,12,23.879357091149984,25.168123769452944,19.021298640775075,24.69790334939597,23.879,25.168,19.021,24.698,9373.254,7449.583,-2426.75,66.667,75.0,0,12,,,,0.029954700032249
4550,長佳,電機機械,12,23.931545835133004,25.071084084860324,24.896999189035718,24.18981984124533,23.932,25.071,24.897,24.19,22008.051,18328.672,-6905.09,58.333,66.667,12,0,"(0, 1, 1)","(0, 1, 1, 12)",31.52155105998911,0.5766467999201268
4442,竣邦-KY,紡織纖維,12,24.069352798601162,30.19464192108266,26.931443521659048,24.9234837615369,24.069,30.195,26.931,24.923,41605.704,33507.167,-31805.667,83.333,75.0,0,12,,,,0.0223404001444578
8104,錸寶,電子工業,12,24.098121626552334,23.68748968099838,18.807377434345245,27.300007052063997,24.098,23.687,18.807,27.3,111226.971,72055.05,2468.252,58.333,41.667,12,0,"(0, 1, 1)","(0, 1, 1, 12)",-17.307625537958312,0.8180617999751121
6735,美達科技,其他電子類,12,24.122327762769153,30.066083339321064,21.94071065642585,30.570014488251278,24.122,30.066,21.941,30.57,8343.195,6904.675,-1449.202,41.667,41.667,12,0,"(0, 1, 1)","(0, 1, 1, 12)",43.465276486872106,0.8699904000386596
2740,華軒,觀光餐旅,12,24.157611393237097,21.69413196078375,18.36262877827655,24.79328117505377,24.158,21.694,18.363,24.793,3390.853,2581.18,1259.884,41.667,50.0,12,0,"(0, 1, 1)","(0, 1, 1, 12)",13.608376915329917,0.7629444000776857
3508,位速,其他電子類,12,24.190586612082264,25.03776980297509,26.648241784926014,24.966221801985398,24.191,25.038,26.648,24.966,18229.807,16689.932,-1537.999,50.0,41.667,12,0,"(0, 1, 1)","(0, 1, 1, 12)",-16.5696554677721,0.7299718998838216
8064,東捷,光電業,12,24.192213963020563,23.866007626431895,20.539854274392056,21.77223013821717,24.192,23.866,20.54,21.772,81241.296,57873.501,-35111.317,75.0,41.667,12,0,"(0, 1, 1)","(0, 1, 1, 12)",7.220511370200938,1.2625534001272172
3666,光耀,光電業,12,24.2101750185249,23.630095460251766,25.771386443162204,24.693221041030586,24.21,23.63,25.771,24.693,11238.25,9274.757,2853.0,25.0,66.667,12,0,"(0, 1, 1)","(0, 1, 1, 12)",2.8681741704906,0.9038031999953092
3686,達能,半導體業,12,24.24532680662352,23.761676578901174,22.52078198008996,23.899016426959808,24.245,23.762,22.521,23.899,2140.003,1733.844,-269.216,58.333,58.333,12,0,"(0, 1, 1)","(0, 1, 1, 12)",109.32817489452226,0.4892156000714749
5704,老爺知,觀光餐旅,12,24.292213083725276,24.34818769974048,13.058576959550228,24.22086920170087,24.292,24.348,13.059,24.221,9492.926,6618.09,-1025.531,58.333,50.0,12,0,"(1, 1, 1)","(0, 1, 1, 12)",111.80433777351028,0.8224861000198871
2722,夏都,觀光餐旅,12,24.314528119528553,24.280571900080027,18.43193371393014,25.92352765776569,24.315,24.281,18.432,25.924,13959.12,11531.59,2022.345,50.0,58.333,12,0,"(1, 1, 1)","(0, 1, 1, 12)",79.94109965266078,1.134445199975744
6589,台康生技,化學生技醫療,12,24.3806244562724,24.621526657055483,21.03228365879999,25.17667537707406,24.381,24.622,21.032,25.177,25641.801,20421.942,-4095.27,41.667,75.0,12,0,"(0, 1, 1)","(0, 1, 1, 12)",76.75149529113024,0.5823289998807013
2881,富邦金,金融保險,10,24.3947849411344,24.579883853807495,22.02445477490087,23.571611756246135,24.395,24.58,22.024,23.572,12801422.882,9971259.3,-3558977.9,80.0,22.222,0,12,,,,0.0382368999999016
3064,泰偉,文化創意業,12,24.505079437335773,22.21744097164347,16.76880907003327,24.332619819647615,24.505,22.217,16.769,24.333,2275.677,1678.251,411.778,41.667,83.333,12,0,"(1, 1, 1)","(0, 1, 1, 12)",53.25875161315109,2.424119400093332
1795,美時,生技醫療業,12,24.512152973627842,25.398587601058537,29.124931620281625,26.52995637511633,24.512,25.399,29.125,26.53,519589.591,418775.896,-3570.709,41.667,91.667,12,0,"(0, 1, 1)","(0, 1, 1, 12)",30.551295882546967,0.7054035000037402
4526,東台,電機機械,12,24.529938327809738,23.686875023975364,18.09985125082748,26.469105023504362,24.53,23.687,18.1,26.469,136715.042,109560.149,6502.692,58.333,75.0,12,0,"(0, 1, 1)","(0, 1, 1, 12)",-3.3484819817794538,0.5419681998901069
8054,安國,半導體業,12,24.555918641429482,25.317916568452674,22.63106469740082,24.710585708731646,24.556,25.318,22.631,24.711,71893.224,58949.041,-28528.094,50.0,83.333,12,0,"(1, 1, 1)","(0, 1, 1, 12)",1.3100395292226894,1.5081829000264406
1294,漢田生技,食品工業,12,24.572310071505363,26.628771775679528,29.364924330244957,25.594743104552986,24.572,26.629,29.365,25.595,17336.842,15942.167,-5875.667,58.333,16.667,0,12,,,,0.0656910999678075
6643,M31,半導體業,12,24.607223571313465,27.82578354725033,18.88283835085642,25.475823186355534,24.607,27.826,18.883,25.476,44734.827,36545.193,-11261.482,58.333,58.333,12,0,"(1, 1, 0)","(0, 1, 0, 12)",-21.457407088112,0.3148685998748988
6593,台灣銘板,資訊服務業,12,24.607917736859065,24.95368318274268,26.0213685948936,27.001092849042646,24.608,24.954,26.021,27.001,10300.169,8572.045,1239.896,41.667,58.333,12,0,"(1, 1, 0)","(0, 1, 1, 12)",-35.817196905536065,0.8092751000076532
4989,榮科,電子零組件業,12,24.629702301116446,26.279581867222646,16.128414301770086,23.51401424236862,24.63,26.28,16.128,23.514,67523.491,54772.271,-25569.304,50.0,58.333,12,0,"(1, 1, 1)","(1, 1, 0, 12)",-8.436852940151898,0.6712101998273283
6179,亞通,其他,12,24.630659546536727,22.80735196464857,22.672617660591378,26.412839485854008,24.631,22.807,22.673,26.413,103821.572,85789.572,47389.922,33.333,75.0,12,0,"(0, 1, 1)","(0, 1, 1, 12)",56.33552578526024,0.6355523997917771
4503,金雨,電機機械,12,24.821623160116182,25.890170582652832,17.778552489541823,34.18471642454299,24.822,25.89,17.779,34.185,21815.106,13834.27,857.332,66.667,50.0,12,0,"(0, 1, 1)","(0, 1, 1, 12)",28.35045614862706,0.6696262999903411
5443,均豪,半導體業,12,24.83772777873407,25.17511822677161,26.18021875513992,26.906315925364392,24.838,25.175,26.18,26.906,110313.842,96656.576,-910.53,58.333,58.333,12,0,"(0, 1, 1)","(0, 1, 1, 12)",26.44074889746465,0.6772451000288129
8099,大世科,資訊服務業,12,24.87622118701073,20.260642798988147,11.881004378819956,16.870571954376377,24.876,20.261,11.881,16.871,202507.698,103543.228,-79844.628,66.667,75.0,12,0,"(0, 1, 1)","(0, 1, 1, 12)",-22.35001752927654,1.044337400002405
3226,龍鋒,電機機械,12,24.928766694619352,22.51583473522157,19.792719920517087,25.303072904456453,24.929,22.516,19.793,25.303,43159.78,33374.446,6340.11,50.0,41.667,12,0,"(1, 1, 0)","(0, 1, 1, 12)",-28.183915391820776,0.6353929000906646
3284,太普高,其他,12,24.944795942657166,24.261756545027556,18.340061304269206,23.24711036789329,24.945,24.262,18.34,23.247,24928.004,18058.473,-2460.344,41.667,58.333,12,0,"(0, 1, 1)","(0, 1, 1, 12)",31.86977876660205,0.720331700053066
7749,意騰-KY,電子工業,9,24.950294642677356,24.369272417278054,20.04384526242434,23.472985023789512,24.95,24.369,20.044,23.473,41675.513,35623.75,1852.25,25.0,0.0,0,12,,,,0.0286256000399589
1721,三晃,化學生技醫療,12,25.09634074988916,25.313676350165686,19.99466739222112,27.048400399943624,25.096,25.314,19.995,27.048,41902.919,37116.568,3570.502,41.667,66.667,12,0,"(0, 1, 1)","(0, 1, 1, 12)",-11.988126197619051,0.6858552999328822
3085,新零售,數位雲端類,12,25.107528541733952,25.03696231352525,24.58842365686718,23.87426074974478,25.108,25.037,24.588,23.874,1470.573,1142.455,-295.479,50.0,66.667,12,0,"(0, 1, 1)","(0, 1, 1, 12)",80.79264652955037,1.435332299908623
8045,達運光電,電子工業,12,25.13252763144303,26.818593640310816,20.223687774876886,31.52655953249834,25.133,26.819,20.224,31.527,29767.706,25344.583,4206.583,41.667,8.333,0,12,,,,0.0206860997714102
6425,易發,電機機械,12,25.171070150923274,27.38627029877496,27.15909656114846,29.062686836401895,25.171,27.386,27.159,29.063,32043.243,29575.861,-125.093,41.667,75.0,12,0,"(0, 1, 1)","(0, 1, 1, 12)",81.22944024650307,1.2122126000467688
3491,昇達科,通信網路業,12,25.18587224138418,26.714251234639004,26.29025576501025,26.683038940164966,25.186,26.714,26.29,26.683,53044.648,51466.574,-5416.835,50.0,16.667,12,0,"(0, 1, 1)","(0, 1, 1, 12)",-6.284094118422249,0.8825115000363439
4123,晟德,生技醫療業,12,25.29694693207518,25.1716135565364,21.417602039760958,26.13950648747318,25.297,25.172,21.418,26.14,38614.78,31962.482,1925.32,50.0,66.667,12,0,"(0, 1, 1)","(0, 1, 1, 12)",17.134513147856723,0.7462111001368612
6617,共信-KY,生技醫療業,12,25.2978717576488,24.415910145890997,24.838761993969502,24.10160684128014,25.298,24.416,24.839,24.102,970.659,769.667,-181.167,58.333,50.0,0,12,,,,0.0221467998344451
2392,正崴,電子零組件業,12,25.30193406941378,24.36083370005292,27.215427238797663,25.175754903208023,25.302,24.361,27.215,25.176,2311312.457,1991697.868,398786.96,33.333,75.0,12,0,"(1, 1, 1)","(0, 1, 1, 12)",-53.36728920997555,1.2900838998612016
1472,三洋實業,建材營造,12,25.32574859265115,25.42370491030667,23.813307858570415,25.95988823917066,25.326,25.424,23.813,25.96,94057.935,76887.664,8490.208,58.333,50.0,12,0,"(0, 1, 1)","(0, 1, 1, 12)",84.76101701715677,0.493282200070098
2444,兆勁,電子工業,12,25.38170770613984,25.59507646759637,14.323389454696034,27.71967145111347,25.382,25.595,14.323,27.72,33091.588,24030.386,3645.405,50.0,75.0,12,0,"(1, 1, 1)","(0, 1, 1, 12)",-6.0437400688455405,0.7742821001447737
3066,李洲,光電業,12,25.383379323893706,21.32740172708367,12.260785381885928,20.728066564646415,25.383,21.327,12.261,20.728,9665.21,5116.803,-1824.898,50.0,83.333,12,0,"(0, 1, 1)","(0, 1, 1, 12)",21.4019867211427,0.5644559001084417
5547,久舜,建材營造,2,25.408058784557007,22.54405536480113,25.408058784557007,25.408058784557007,25.408,22.544,25.408,25.408,59059.0,59059.0,59059.0,0.0,0.0,0,12,,,,0.011622899910435
5292,華懋,綠能環保,12,25.4200709272159,28.246255659634883,22.785681833102252,23.926983174552056,25.42,28.246,22.786,23.927,72599.837,60610.833,-51167.833,83.333,75.0,0,12,,,,0.0202315999194979
4563,百德,電機機械,12,25.445860096214183,23.84653534982632,14.495073110979922,28.71555892303215,25.446,23.847,14.495,28.716,78897.198,60846.586,27315.388,50.0,66.667,12,0,"(0, 1, 1)","(1, 1, 0, 12)",-3.615136854065089,0.5327677000313997
6957,裕慶-KY,其他,12,25.50884285177426,25.484018142714394,17.01702006922566,30.920112832173842,25.509,25.484,17.017,30.92,118875.521,81284.417,30509.917,41.667,58.333,0,12,,,,0.0161558000836521
3360,尚立,電子通路業,12,25.516195869114604,26.857194910122512,25.134551655696146,24.041960267209195,25.516,26.857,25.135,24.042,184017.874,156146.807,-96500.843,66.667,33.333,12,0,"(1, 1, 1)","(0, 1, 1, 12)",27.73583910643593,1.0799148997757584
3150,鈺寶-創,電子工業,12,25.60773984063085,24.197451813810066,28.90405830680369,27.243833254033923,25.608,24.197,28.904,27.244,7907.526,6440.667,4028.167,16.667,33.333,0,12,,,,0.0181698000524193
6221,晉泰,資訊服務業,12,25.65487404011913,24.050114818865527,21.109967289279545,26.47670841652012,25.655,24.05,21.11,26.477,129992.576,112206.594,41119.978,25.0,75.0,12,0,"(1, 1, 1)","(0, 1, 1, 12)",22.969298773483903,1.2415988000575453
5202,力新,資訊服務業,12,25.726628845491156,24.91021988458683,22.059266098945653,23.10220282976023,25.727,24.91,22.059,23.102,4643.029,3217.844,-949.882,41.667,83.333,12,0,"(0, 1, 1)","(0, 1, 1, 12)",42.42930303792388,0.7218470999505371
8933,愛地雅,運動休閒類,12,25.9185272579098,28.897026397815996,27.794542394326193,34.21080618474326,25.919,28.897,27.795,34.211,55578.947,47407.233,8645.693,41.667,58.333,12,0,"(0, 1, 1)","(0, 1, 1, 12)",4.79722138108021,0.6687421000096947
3434,哲固,光電業,12,25.926870282614896,26.253398573545223,26.83047970113383,28.18101892238477,25.927,26.253,26.83,28.181,16602.254,14936.621,2837.443,41.667,66.667,12,0,"(1, 1, 1)","(0, 1, 1, 12)",22.275293447247986,0.8283973000943661
6265,方土昶,電子通路業,12,25.93823156457683,24.907005781356915,18.825763638933513,21.172860153518318,25.938,24.907,18.826,21.173,30606.2,19668.032,-17482.206,75.0,33.333,12,0,"(0, 1, 1)","(0, 1, 1, 12)",33.52617763619802,0.6668088999576867
4542,科嶠,電子零組件業,12,25.96293111336046,30.49555204881777,22.480525725593758,26.10227377612188,25.963,30.496,22.481,26.102,21155.527,15756.059,-6299.319,58.333,66.667,12,0,"(0, 1, 1)","(0, 1, 1, 12)",54.46734439261467,0.5125820999965072
6218,豪勉,通信網路業,12,26.097959186216517,25.673223591306776,20.557266084746495,25.507661722782814,26.098,25.673,20.557,25.508,36499.046,28696.163,-6100.672,41.667,75.0,12,0,"(0, 1, 1)","(0, 1, 1, 12)",62.52616273757701,0.5515377998817712
2511,太子,建材營造,12,26.21929168968264,21.676350135403386,11.359931128125943,21.65832745434103,26.219,21.676,11.36,21.658,361572.87,204147.469,-69715.066,50.0,83.333,12,0,"(1, 1, 0)","(0, 1, 1, 12)",10.25049367437057,0.5549719999544322
4523,永彰,電機機械,12,26.236912938965062,25.192117247572636,23.4472407595346,28.371893946674238,26.237,25.192,23.447,28.372,14035.069,12553.27,3317.577,50.0,66.667,12,0,"(0, 1, 1)","(0, 1, 1, 12)",21.675377663299976,0.6698408999945968
3515,華擎,電子工業,12,26.35215125097331,26.47400512541274,24.26398428840794,25.985479529805744,26.352,26.474,24.264,25.985,1239505.783,1051129.405,-259316.131,58.333,83.333,12,0,"(1, 1, 1)","(0, 1, 1, 12)",-20.14677134125285,1.060486099915579
5410,國眾,資訊服務業,12,26.489643774830075,24.82357866053486,13.45947546512496,26.0880965010596,26.49,24.824,13.459,26.088,155686.424,96885.364,-12004.244,41.667,83.333,12,0,"(1, 1, 1)","(0, 1, 1, 12)",65.6533384380391,0.846792200114578
5701,劍湖山,觀光餐旅,12,26.56280214235259,27.030441565930204,23.048879421294515,28.10606822020356,26.563,27.03,23.049,28.106,16018.736,12036.469,-77.516,58.333,75.0,12,0,"(1, 1, 1)","(0, 1, 1, 12)",116.96423548219452,0.9076693998649716
6877,鏵友益,其他電子類,12,26.574500448415563,29.577501549264955,25.41008405382153,33.13486980040629,26.575,29.578,25.41,33.135,13761.193,10642.667,-0.333,50.0,100.0,0,12,,,,0.0265901999082416
6167,久正,光電業,12,26.608555879850098,25.97105076675017,17.84413519396421,27.35572821920787,26.609,25.971,17.844,27.356,35683.985,26869.364,-1471.863,66.667,50.0,12,0,"(1, 1, 0)","(0, 1, 0, 12)",-26.17567836114919,0.4131606000009924
1540,喬福,電機機械,12,26.662272172808827,27.215948953637042,19.001497457095308,28.31636641566075,26.662,27.216,19.001,28.316,13200.741,11007.941,-3021.082,58.333,75.0,12,0,"(0, 1, 1)","(0, 1, 1, 12)",89.63755688133098,0.6184797000605613
1468,昶和,紡織纖維,12,26.67431034023401,25.514708397424847,21.07621735464059,27.11369135911949,26.674,25.515,21.076,27.114,22562.818,18597.929,4081.258,41.667,58.333,12,0,"(0, 1, 1)","(0, 1, 1, 12)",-5.446274854237808,0.7804155999328941
3432,台端,電子零組件業,12,26.72713938922832,30.45039127052905,25.94317295576618,25.43100201144971,26.727,30.45,25.943,25.431,4228.433,3458.692,-3295.665,91.667,50.0,12,0,"(0, 1, 1)","(0, 1, 1, 12)",90.25994502393664,0.6003655998501927
4530,宏易,觀光餐旅,12,26.823672608276507,26.176507953123824,20.94722233847414,23.95221854205445,26.824,26.177,20.947,23.952,12402.4,8674.284,-4199.875,50.0,58.333,12,0,"(1, 1, 0)","(0, 1, 1, 12)",12.95746388710104,0.6650438001379371
7743,金利食安,食品工業,10,27.035810928538158,26.759956635101425,25.68043547870637,26.96628166425526,27.036,26.76,25.68,26.966,20413.211,16896.0,1052.444,33.333,0.0,0,12,,,,0.0199601000640541
6753,龍德造船,航運業,12,27.103338985552618,26.764606843695788,25.924438268803872,28.794613311450572,27.103,26.765,25.924,28.795,130935.099,118494.285,36838.475,41.667,66.667,12,0,"(1, 1, 0)","(1, 1, 0, 12)",21.39378151457037,0.7062554000876844
6241,鑫永洋,通信網路業,12,27.15736167222913,25.853462269761916,26.38573599474288,26.520542075274715,27.157,25.853,26.386,26.521,19212.886,15375.978,5575.257,25.0,50.0,12,0,"(0, 1, 1)","(0, 1, 1, 12)",118.81957316669562,0.5512486000079662
3557,嘉威,居家生活,12,27.170157092019153,26.552414814759857,29.460053530132996,29.283868319827537,27.17,26.552,29.46,29.284,119594.654,97880.061,22878.349,33.333,66.667,12,0,"(0, 1, 1)","(0, 1, 1, 12)",-6.397982809325278,0.7865726000163704
6486,互動,通信網路業,12,27.170831615158836,25.469013687930243,32.30563638675123,25.126071180088566,27.171,25.469,32.306,25.126,104954.959,60819.574,-29943.156,58.333,83.333,12,0,"(1, 1, 1)","(0, 1, 1, 12)",27.671265327547346,0.9005418999586254
5490,同亨,電腦及週邊設備業,12,27.230123133326295,28.246076144303927,22.102831188156376,27.93437237954902,27.23,28.246,22.103,27.934,44969.247,34870.147,1328.963,50.0,58.333,12,0,"(1, 1, 1)","(1, 1, 0, 12)",64.56722282783038,0.4850994998123497
4171,瑞基,農業科技業,12,27.237599668601188,29.846312792415013,18.83444413390966,30.60348378760577,27.238,29.846,18.834,30.603,7092.044,5282.755,-1175.553,58.333,33.333,12,0,"(0, 1, 1)","(0, 1, 1, 12)",56.90070547971381,0.6742257999721915
8432,東生華,生技醫療業,12,27.255081920825987,23.779112082588107,13.15255092915271,23.527704878285043,27.255,23.779,13.153,23.528,50567.019,30533.437,-1637.963,33.333,50.0,12,0,"(1, 1, 1)","(1, 1, 0, 12)",5.281264857434669,0.8336429998744279
7734,印能科技,半導體業,12,27.305253275073138,29.022371853658317,28.60794539326406,31.507657983866082,27.305,29.022,28.608,31.508,66121.877,52398.167,710.667,58.333,8.333,0,12,,,,0.0186177000869065
6928,攸泰科技,電腦及週邊設備業,12,27.395239647267534,27.811048764182306,24.372038389988372,29.520696373182503,27.395,27.811,24.372,29.521,51315.658,44898.583,7173.583,41.667,75.0,0,12,,,,0.0174897999968379
2719,燦星旅,觀光餐旅,12,27.396122435037253,25.03718075811396,17.771628127557836,26.154833493877234,27.396,25.037,17.772,26.155,58003.361,44835.604,5031.938,58.333,50.0,12,0,"(0, 1, 1)","(0, 1, 1, 12)",115.3655200269484,0.5512483001220971
3213,茂訊,電腦及週邊設備業,12,27.428741789724466,27.499128027096315,19.091610013354476,30.450264071663764,27.429,27.499,19.092,30.45,90109.257,65993.804,1503.101,41.667,75.0,12,0,"(1, 1, 0)","(0, 1, 1, 12)",-1.7910676367624765,0.6863666998688132
1906,寶隆,造紙工業,12,27.468057548729035,28.905319461007938,23.517586666560504,29.87657687116098,27.468,28.905,23.518,29.877,86277.926,71223.712,-2909.861,50.0,50.0,12,0,"(0, 1, 1)","(0, 1, 1, 12)",60.27435461497884,0.5726228998973966
4432,銘旺實,紡織纖維,12,27.694583136152005,29.95868036444523,24.29391678050463,32.567933100065765,27.695,29.959,24.294,32.568,30984.709,25134.034,-8552.923,58.333,58.333,12,0,"(0, 1, 1)","(0, 1, 1, 12)",34.50739457537468,0.6666792000178248
8201,無敵,電子工業,12,27.70071880856122,29.775773150509472,25.01172259562216,26.379591152703373,27.701,29.776,25.012,26.38,13407.582,10969.992,-4391.088,58.333,83.333,12,0,"(0, 1, 1)","(0, 1, 1, 12)",33.08584711523726,0.803649100009352
6508,惠光,農業科技業,12,27.863991753190874,29.808293548965832,27.52717332719757,31.12772708175467,27.864,29.808,27.527,31.128,43210.621,33044.07,-1486.398,66.667,50.0,12,0,"(1, 1, 1)","(0, 1, 1, 12)",28.813322905201208,0.9162412998266518
8940,新天地,觀光餐旅,12,28.045732898586902,28.06103151901485,26.313040563326478,30.53733667795852,28.046,28.061,26.313,30.537,44026.375,37111.773,-2101.403,58.333,75.0,12,0,"(1, 1, 1)","(0, 1, 1, 12)",86.04769511608549,0.8192752001341432
4946,辣椒,文化創意業,12,28.10776242141643,30.07471147250546,19.235299437347912,26.33285213983197,28.108,30.075,19.235,26.333,11668.531,8309.568,-1914.179,58.333,58.333,12,0,"(0, 1, 1)","(0, 1, 1, 12)",76.02299141573658,0.712893099989742
6865,偉康科技,數位雲端類,12,28.150670833255365,23.966530569879062,23.210685599714438,28.682999554833216,28.151,23.967,23.211,28.683,13012.5,10029.333,7533.333,16.667,91.667,0,12,,,,0.0250611999072134
1530,亞崴,電機機械,12,28.23892088491768,28.916658254997348,19.973282138053268,32.667060575130684,28.239,28.917,19.973,32.667,54326.014,45334.505,2884.906,50.0,75.0,12,0,"(0, 1, 1)","(0, 1, 1, 12)",6.991615947113064,0.5937654001172632
3576,聯合再生,電子工業,12,28.304169517340743,24.409608734815457,13.788613003549049,32.76161074698454,28.304,24.41,13.789,32.762,116778.381,71858.626,42419.348,33.333,83.333,12,0,"(0, 1, 1)","(0, 1, 1, 12)",13.501599995378132,0.626171899959445
6227,茂綸,電子通路業,12,28.61820160162657,27.895890590853938,25.237794003063343,27.987020621742964,28.618,27.896,25.238,27.987,504235.806,419161.999,-54669.449,41.667,83.333,12,0,"(0, 1, 1)","(0, 1, 1, 12)",-35.387020645492875,0.8091955999843776
6582,申豐,橡膠工業,12,28.673521436264547,24.48947806693125,22.257492889281096,28.15294835861364,28.674,24.489,22.257,28.153,24993.359,19626.834,12328.106,41.667,58.333,12,0,"(1, 1, 0)","(0, 1, 1, 12)",50.565725554607006,0.524577199947089
2882,國泰金,金融保險,11,28.727908365755837,31.82619890894812,20.540216395675255,51.183960845612845,28.728,31.826,20.54,51.184,10637101.944,9165158.52,2296132.397,45.455,30.0,6,6,"(0, 1, 1)","(0, 1, 1, 12)",81.81980748160903,0.3820676000323146
8272,全景軟體,資訊服務業,12,28.866886918701905,26.62200677239316,15.778482938288269,34.981756634348415,28.867,26.622,15.778,34.982,17874.553,11504.417,1542.583,66.667,41.667,0,12,,,,0.0406376998871564
6933,AMAX-KY,電腦及週邊設備業,12,28.903498446988486,29.8482056161927,26.988024969749368,25.727103377577095,28.903,29.848,26.988,25.727,246069.199,168618.0,-125680.833,83.333,83.333,0,12,,,,0.0310307999607175
6894,衛司特,綠能環保類,12,28.907749896463514,35.16619234266307,26.25198298879169,28.816427010717245,28.908,35.166,26.252,28.816,37594.405,33213.583,-33213.583,100.0,58.333,0,12,,,,0.0173653999809175
1570,力肯,電機機械,12,28.918420088031283,33.289888914586754,24.047101014828886,63.27420962817801,28.918,33.29,24.047,63.274,14481.453,11895.279,4628.986,41.667,66.667,12,0,"(0, 1, 1)","(0, 1, 1, 12)",40.59149526190341,0.8083363999612629
6725,矽科宏晟,其他電子類,3,29.017035961337267,28.35065439252916,29.99892542256209,29.99892542256209,29.017,28.351,29.999,29.999,93874.155,92914.0,13392.0,50.0,0.0,0,12,,,,0.0213491998147219
6863,永道-KY,電子工業,12,29.035528988169148,27.225879228967546,30.528814719929365,30.72327509402648,29.036,27.226,30.529,30.723,100723.571,95641.0,54975.5,25.0,66.667,0,12,,,,0.016780599951744
5432,新門,綠能環保類,12,29.056768625168928,32.08615615255255,22.76548549664739,33.62396292052709,29.057,32.086,22.765,33.624,6125.034,4809.186,-923.043,41.667,75.0,12,0,"(0, 1, 1)","(0, 1, 1, 12)",44.87261023417373,0.7969202999956906
5398,慕康生醫,其他,12,29.094445382502244,32.2698745706885,31.121265152068684,35.74646852191252,29.094,32.27,31.121,35.746,6944.767,5572.774,-330.512,50.0,66.667,12,0,"(0, 1, 1)","(0, 1, 1, 12)",32.39859764256144,0.704359499970451
2743,山富,觀光餐旅,12,29.135386824497246,29.11660979472285,26.28806552562004,29.96941149067389,29.135,29.117,26.288,29.969,200961.865,163128.084,17223.31,50.0,66.667,12,0,"(0, 1, 1)","(0, 1, 1, 12)",123.47223116335404,0.5858647001441568
3219,倚強科,其他電子類,12,29.19564274137865,32.18834208132373,27.898686136779173,30.86845422330631,29.196,32.188,27.899,30.868,52266.124,41437.789,1079.44,58.333,66.667,12,0,"(0, 1, 1)","(0, 1, 1, 12)",109.80516976947528,0.4125240000430494
6499,益安,生技醫療業,12,29.29202480258915,31.557175980358505,31.881814805491153,29.084913867235233,29.292,31.557,31.882,29.085,11609.322,10238.173,-2430.434,58.333,41.667,12,0,"(0, 1, 1)","(0, 1, 1, 12)",128.5163736423968,0.4995258999988436
6598,ABC-KY,生技醫療業,12,29.424010991150908,31.730207973555018,29.99703241764657,29.593778259329877,29.424,31.73,29.997,29.594,13149.13,11693.053,-5142.449,66.667,66.667,12,0,"(1, 1, 1)","(0, 1, 1, 12)",88.66192831607518,1.631751799955964
6492,生華科,生技醫療業,12,29.570862539213444,26.313901641009394,24.89532114141776,28.282296562292615,29.571,26.314,24.895,28.282,32.259,26.367,10.877,16.667,33.333,12,0,"(0, 1, 1)","(0, 1, 1, 12)",106.23224951655078,0.5426459000445902
6708,天擎,半導體業,12,29.738626051990106,36.28404422751102,24.341364732890497,29.560962527800854,29.739,36.284,24.341,29.561,7715.333,6964.167,-6964.167,100.0,50.0,0,12,,,,0.0279709999449551
2107,厚生,橡膠工業,12,29.75954586439032,27.5329420501214,21.62986890779493,25.701073026577507,29.76,27.533,21.63,25.701,51613.518,35826.327,-6126.527,41.667,50.0,12,0,"(0, 1, 1)","(0, 1, 1, 12)",53.45627692011381,0.5518412000965327
8926,台汽電,油電燃氣業,12,29.7684114377984,29.04802583213963,24.994954461770728,35.317882757324014,29.768,29.048,24.995,35.318,239685.974,188936.56,54364.843,41.667,58.333,12,0,"(0, 1, 1)","(0, 1, 1, 12)",60.05801415335034,0.5767309998627752
3693,營邦,電腦及週邊設備業,12,30.050828375291754,29.81286460004885,25.927731507252215,30.64986182897939,30.051,29.813,25.928,30.65,213007.383,188229.274,18009.254,41.667,41.667,12,0,"(0, 1, 1)","(1, 1, 0, 12)",-11.111203904042643,0.4941424999851733
6016,康和證,金融業,9,30.270094578233564,27.056332519777413,21.60650381825734,31.20865307691309,30.27,27.056,21.607,31.209,209652.858,156872.444,17063.111,44.444,12.5,0,12,,,,0.0318038000259548
2438,翔耀,電子工業,12,30.323048087336456,30.532477774323034,28.7363763139188,32.463765594654596,30.323,30.532,28.736,32.464,13541.529,11315.424,-941.868,50.0,58.333,12,0,"(0, 1, 1)","(0, 1, 1, 12)",50.70160350790537,0.5202768999151886
6674,鋐寶科技,電子工業,12,30.339305680594475,31.429092071811155,40.80296056654817,32.79454458316386,30.339,31.429,40.803,32.795,18307.884,15116.306,2259.046,33.333,50.0,12,0,"(1, 1, 1)","(0, 1, 1, 12)",34.138024470314775,0.7622651001438498
3259,鑫創,半導體業,12,30.46874777233927,27.48378964506268,21.14564751219108,26.917183494192205,30.469,27.484,21.146,26.917,9980.184,7157.007,-1952.053,50.0,41.667,12,0,"(0, 1, 1)","(0, 1, 1, 12)",27.65820951657576,0.7325580001343042
5364,力麗店,觀光餐旅,12,30.487562335948937,27.570314106706334,23.01875682579891,30.803944223623592,30.488,27.57,23.019,30.804,9834.624,7916.451,3954.719,33.333,83.333,12,0,"(1, 1, 1)","(0, 1, 1, 12)",111.40893184156148,0.7538888999260962
5345,馥鴻,其他,12,30.59420938066723,42.42079704672291,26.664514439405316,42.853591650483324,30.594,42.421,26.665,42.854,951.384,591.004,-434.03,66.667,58.333,12,0,"(0, 1, 1)","(0, 1, 1, 12)",104.42950821975364,1.265541699947789
8096,擎亞,電子通路業,12,30.75628013259947,28.38438309787954,26.24040612182117,31.545303119043446,30.756,28.384,26.24,31.545,1155882.778,889256.584,18397.07,50.0,33.333,12,0,"(0, 1, 1)","(0, 1, 1, 12)",15.294360410999218,0.8349421999882907
6517,保勝光學,光電業,12,30.772289989619043,30.284260356156707,29.33007062131847,34.257097184923204,30.772,30.284,29.33,34.257,16102.522,12573.583,720.25,50.0,66.667,0,12,,,,0.0248364999424666
4402,郡都開發,紡織纖維,12,30.855636600646147,31.86312193893684,27.0061542280035,29.136962242140125,30.856,31.863,27.006,29.137,735.776,609.887,-224.855,50.0,75.0,12,0,"(1, 1, 1)","(0, 1, 1, 12)",88.63596843289389,0.617611899971962
5512,力麒,建材營造,12,30.90678305302827,29.92055299611026,27.75161630523199,28.294072032674507,30.907,29.921,27.752,28.294,236650.787,180235.61,-52749.676,50.0,66.667,12,0,"(1, 1, 1)","(0, 1, 1, 12)",48.66075026946234,1.191876399796456
7728,光焱科技,其他電子類,12,30.972344869153247,32.120071694534,35.68192485393742,30.314276315361226,30.972,32.12,35.682,30.314,11433.93,9206.917,-2701.583,41.667,0.0,0,12,,,,0.0241461000405251
6515,穎崴,電子工業,12,30.973991087761732,31.95868642448992,27.320093837621716,31.8385417969293,30.974,31.959,27.32,31.839,230184.251,202806.827,-38935.512,58.333,33.333,12,0,"(0, 1, 1)","(0, 1, 1, 12)",22.38492504889148,0.7796374000608921
1532,勤美,電機機械,12,31.17107037839024,27.46932421515151,18.37109793921311,27.99464998532242,31.171,27.469,18.371,27.995,631029.012,399741.599,27712.353,25.0,75.0,12,0,"(1, 1, 1)","(0, 1, 1, 12)",27.8744966377564,0.8590656998567283
3288,點晶,電子零組件業,12,31.227929601823917,31.735508120876972,27.67384065775302,36.62708959621983,31.228,31.736,27.674,36.627,2209.54,1924.083,195.325,41.667,91.667,12,0,"(0, 1, 1)","(0, 1, 1, 12)",31.56287479592404,0.7231823999900371
6909,創控,電子工業,10,31.44853558275937,30.134608182575768,24.145791915175614,33.056471433281196,31.449,30.135,24.146,33.056,21261.683,14697.333,-5692.222,66.667,0.0,0,12,,,,0.0162583000492304
3052,夆典,建材營造,12,31.574748228429055,32.06871420580282,29.379149870977137,29.86671839291572,31.575,32.069,29.379,29.867,111635.584,89991.321,-26275.395,50.0,66.667,12,0,"(0, 1, 1)","(0, 1, 1, 12)",43.987470575384656,0.6308176000602543
6680,鑫創電子,電腦及週邊設備業,12,31.60243126151179,31.129057301906027,28.48928217709036,36.88521183518069,31.602,31.129,28.489,36.885,16881.109,14849.719,4639.28,41.667,75.0,12,0,"(0, 1, 1)","(0, 1, 1, 12)",16.840034596846944,0.7139980001375079
4183,福永生技,生技醫療業,12,31.759819989284377,35.6465677390885,31.222600091409262,33.9212750686479,31.76,35.647,31.223,33.921,14724.768,13225.451,-5302.325,75.0,83.333,12,0,"(0, 1, 1)","(1, 1, 0, 12)",73.14534176558446,0.9643850000575184
1781,合世,生技醫療業,12,31.915578879579094,31.217895546152945,31.38075915807096,36.20371916674013,31.916,31.218,31.381,36.204,11748.226,10586.504,4390.156,41.667,58.333,12,0,"(0, 1, 1)","(0, 1, 1, 12)",57.576999744658295,0.5207099998369813
6742,澤米,電子工業,12,31.93448742475853,30.207962196896354,29.100879072659875,39.144141789458246,31.934,30.208,29.101,39.144,17444.576,14258.083,11268.417,33.333,58.333,0,12,,,,0.0255816001445055
3349,寶德,電腦及週邊設備業,12,31.972592131500388,31.568125657920216,36.050138538649364,36.508980923868,31.973,31.568,36.05,36.509,15332.752,12770.946,3478.403,50.0,41.667,12,0,"(0, 1, 1)","(0, 1, 1, 12)",39.94388326421829,0.5908843001816422
4119,旭富,生技醫療業,12,32.06067468181103,33.129081673911074,27.601142393261142,35.00977336757079,32.061,33.129,27.601,35.01,41961.359,35900.502,-5369.095,50.0,66.667,12,0,"(0, 1, 1)","(0, 1, 1, 12)",49.84499631831883,0.5381938999053091
7810,捷創科技,半導體業,3,32.358303351026926,44.09939569871778,33.87247847994042,33.87247847994042,32.358,44.099,33.872,33.872,33866.545,30084.0,-30084.0,100.0,0.0,0,12,,,,0.0211132001131773
1799,易威,生技醫療業,12,32.51369554887915,33.503860661744554,31.390104716980225,39.08988806476829,32.514,33.504,31.39,39.09,18466.23,16186.672,3129.073,41.667,91.667,12,0,"(1, 1, 1)","(0, 1, 1, 12)",103.12785247087652,0.7712139000650495
6887,寶綠特-KY,綠能環保,12,32.59851773819628,32.55281711987999,32.824485213152435,36.25320254321332,32.599,32.553,32.824,36.253,151065.618,129762.583,41786.417,50.0,8.333,0,12,,,,0.0219718001317232
7777,能率亞洲,其他,2,32.63953717704293,39.005075185016416,32.63953717704293,32.63953717704293,32.64,39.005,32.64,32.64,24824.0,24824.0,-24824.0,100.0,0.0,0,12,,,,0.0142594000790268
6581,鋼聯,綠能環保,12,32.82378869852831,34.091792577203044,23.28826418703052,45.63094957171157,32.824,34.092,23.288,45.631,72654.129,60471.211,10993.331,50.0,75.0,12,0,"(0, 1, 1)","(0, 1, 1, 12)",49.32926388177039,0.5962133000139147
1599,宏佳騰,電機機械,12,32.83408503060343,31.606898545051365,27.412727633810473,34.26234251597238,32.834,31.607,27.413,34.262,65666.464,51008.134,7466.087,41.667,66.667,12,0,"(0, 1, 1)","(0, 1, 1, 12)",44.347310986506855,0.5260226000100374
5706,鳳凰,觀光餐旅,12,32.88453644249263,32.71456588101315,32.90076327119786,34.24047026443024,32.885,32.715,32.901,34.24,97712.277,86086.29,7472.865,50.0,58.333,12,0,"(0, 1, 1)","(0, 1, 1, 12)",99.87709124524784,0.6214118998032063
8027,鈦昇,電機機械,12,33.03175513304486,31.548742416268833,27.19308909164615,32.088563362048724,33.032,31.549,27.193,32.089,73626.163,49804.923,-21639.341,58.333,66.667,12,0,"(1, 1, 1)","(0, 1, 1, 12)",35.27801483599748,0.9157646999228746
6859,伯特光,光電業,12,33.107740498654984,34.22765330798605,23.135564798133252,27.441160489765014,33.108,34.228,23.136,27.441,36463.909,25507.5,-20231.5,66.667,58.333,0,12,,,,0.01906120008789
3455,由田,光電業,12,33.13445095368877,30.35777882551749,24.128863639150794,33.61341189500624,33.134,30.358,24.129,33.613,64601.737,46259.67,15274.922,25.0,58.333,12,0,"(1, 1, 0)","(1, 1, 0, 12)",-36.58795934483815,0.7177776000462472
7730,暉盛-創,電子工業,5,33.215836130161975,41.8195511831466,33.356995803584056,33.26264643561882,33.216,41.82,33.357,33.263,22544.424,18210.25,-11113.75,75.0,0.0,0,12,,,,0.0228860999923199
6658,聯策,其他電子業,12,33.22419514388705,36.20134708028752,27.154310613693276,29.67785918083587,33.224,36.201,27.154,29.678,75924.099,57629.0,-40566.0,58.333,75.0,0,12,,,,0.0234284000471234
6804,明係,運動休閒類,12,33.40021782749458,33.31698178107877,22.921488108191895,36.183604429815496,33.4,33.317,22.921,36.184,48872.109,37287.085,-3806.886,58.333,58.333,12,0,"(0, 1, 1)","(1, 1, 0, 12)",18.88270946865886,0.5013844999484718
4770,上品,化學生技醫療,12,33.52276780377447,31.161391771949738,28.021535510825935,36.811562062551026,33.523,31.161,28.022,36.812,172573.012,132026.683,18088.945,50.0,75.0,12,0,"(0, 1, 1)","(1, 1, 0, 12)",9.957923512194416,0.4866066998802125
2243,宏旭-KY,汽車工業,12,33.715375141358905,37.39799882047539,33.01041482086502,40.88768041378888,33.715,37.398,33.01,40.888,59254.161,48862.232,676.917,50.0,75.0,12,0,"(1, 1, 1)","(0, 1, 1, 12)",135.37229252729173,0.6290319999679923
7584,樂意,文化創意業,12,33.96673017809649,29.15673901306603,25.683993105282475,35.12427672738402,33.967,29.157,25.684,35.124,33127.079,27468.583,18767.917,16.667,25.0,0,12,,,,0.0208978001028299
6140,訊達,資訊服務業,12,34.019105688903664,34.64508756600693,38.7201439274701,35.182064894886736,34.019,34.645,38.72,35.182,76395.136,66726.52,-7408.116,66.667,66.667,12,0,"(0, 1, 1)","(0, 1, 1, 12)",56.71891053169471,0.5912228999659419
2314,台揚,電子工業,12,34.02911549228968,29.243982783366025,24.305993800266265,30.009517636453765,34.029,29.244,24.306,30.01,66726.46,47586.06,-3264.097,58.333,33.333,12,0,"(0, 1, 1)","(1, 1, 0, 12)",-13.38534613298776,0.6616783998906612
6805,富世達,電子零組件業,12,34.044335677742666,40.42218659425815,32.376142905312996,33.01195489447448,34.044,40.422,32.376,33.012,380254.72,352186.667,-352186.667,100.0,16.667,0,12,,,,0.0168396001681685
2429,銘旺科,電子工業,12,34.18736377212174,34.817343500199286,28.42389364613624,35.16483673682658,34.187,34.817,28.424,35.165,15958.749,14123.227,-2146.311,58.333,41.667,12,0,"(0, 1, 1)","(0, 1, 1, 12)",14.81475511197107,0.6496784999035299
6620,漢達,生技醫療業,3,34.23103514770691,35.89960717763655,30.061254046396265,30.061254046396265,34.231,35.9,30.061,30.061,43935.624,36390.5,-24618.5,50.0,0.0,0,12,,,,0.0165532000828534
6431,光麗-KY,生技醫療業,12,34.24584849800165,36.603303346814585,32.948954237805026,40.922622618519846,34.246,36.603,32.949,40.923,12284.791,10906.418,-466.978,58.333,50.0,12,0,"(1, 1, 1)","(0, 1, 1, 12)",120.518755979472,1.800359399989247
6969,成信實業*-創,綠能環保,12,34.274797077583976,38.81798800193283,21.25324508494821,32.13695543117446,34.275,38.818,21.253,32.137,14868.361,10285.667,-6893.167,83.333,41.667,0,12,,,,0.0172546999529004
2466,冠西電,電子工業,12,34.279944055965785,35.726570202322925,25.278956252588785,42.76849796867437,34.28,35.727,25.279,42.768,33514.569,27061.045,4132.719,50.0,83.333,12,0,"(0, 1, 1)","(0, 1, 1, 12)",56.35043488005336,0.5620855998713523
9931,欣高,油電燃氣業,12,34.457775511460135,30.020851824727146,23.380327768782504,34.669174369368534,34.458,30.021,23.38,34.669,66867.143,45028.359,8963.062,58.333,50.0,12,0,"(1, 1, 0)","(0, 1, 0, 12)",-36.44145994904333,2.4534851000644267
3202,樺晟,電子零組件業,6,34.58964179540903,60.97887825570657,10.267535497456832,1640.2320860670545,34.59,60.979,10.268,1640.232,254729.704,134868.357,108472.996,33.333,50.0,7,5,"(0, 1, 1)","(0, 1, 1, 12)",-42.9061417628958,0.8560609000269324
4198,欣大健康,生技醫療業,12,34.60579150242485,32.17382576750352,26.600963061836236,35.03633934500721,34.606,32.174,26.601,35.036,8195.041,5888.781,-529.637,41.667,66.667,12,0,"(0, 1, 1)","(0, 1, 1, 12)",56.02313637372718,0.5933845001272857
6625,必應,其他,12,34.90551165804969,37.12331123961872,28.078687429564734,36.220492617727956,34.906,37.123,28.079,36.22,165203.001,127136.141,-6373.634,50.0,66.667,12,0,"(1, 1, 1)","(0, 1, 1, 12)",113.00331006447522,1.077963500050828
5251,天鉞電,光電業,12,34.94377744599608,33.300304519150906,28.561686436287083,39.295146534936535,34.944,33.3,28.562,39.295,11017.938,8892.58,1699.849,41.667,83.333,12,0,"(0, 1, 1)","(0, 1, 1, 12)",66.810571496779,0.6141520999372005
6588,東典光電,通信網路業,12,35.1561973374862,36.36827953812752,25.705737252097947,39.90376324071395,35.156,36.368,25.706,39.904,6234.134,5074.27,-379.415,58.333,50.0,12,0,"(0, 1, 1)","(0, 1, 1, 12)",24.422735765221788,0.5818575001321733
4529,淳紳,其他,12,35.265449958485775,26.543377807605218,25.151108513193893,35.583236833977644,35.265,26.543,25.151,35.583,237.224,155.491,140.37,25.0,41.667,12,0,"(1, 1, 1)","(1, 1, 0, 12)",45.50411889323904,0.7813418000005186
6727,亞泰金屬,電子零組件業,12,35.275007253490465,38.013345827382075,31.644142840500322,44.838470017508335,35.275,38.013,31.644,44.838,59433.227,47925.918,-15484.137,66.667,50.0,12,0,"(0, 1, 1)","(0, 1, 1, 12)",45.91057403466596,0.7662679001223296
2501,國建,建材營造,12,35.31518631781291,34.981003638727955,30.52699331448624,36.83230186289046,35.315,34.981,30.527,36.832,1017388.211,714815.952,-80405.515,33.333,83.333,12,0,"(1, 1, 1)","(0, 1, 1, 12)",83.5335571943813,0.95229689986445
3035,智原,電子工業,12,35.424350274465944,32.27412607037501,22.758183466208198,35.30279854031362,35.424,32.274,22.758,35.303,831196.191,531152.944,77541.623,50.0,25.0,12,0,"(1, 1, 0)","(0, 1, 0, 12)",-102.4040593613991,0.3912589000537991
4721,美琪瑪,化學工業,12,35.46019712444488,35.52478938165826,26.089732027408207,35.74322626250599,35.46,35.525,26.09,35.743,96615.353,74781.478,-13190.41,50.0,58.333,12,0,"(1, 1, 1)","(0, 1, 1, 12)",-11.581853031008862,0.958876899909228
6512,啟發電,其他電子類,12,35.495607414917515,34.48109020219903,35.020706605416265,37.462454554331444,35.496,34.481,35.021,37.462,6511.763,5336.143,57.126,50.0,66.667,12,0,"(0, 1, 1)","(0, 1, 1, 12)",57.59739936593794,0.641461200080812
3057,喬鼎,電子工業,12,35.63846692782538,33.17345224231312,22.59467521220604,40.48765305600162,35.638,33.173,22.595,40.488,22706.933,17339.599,2646.149,66.667,25.0,12,0,"(0, 1, 1)","(1, 1, 0, 12)",-2.771351247969168,0.4881845000199973
2809,京城銀,金融保險,8,35.70212005766491,36.14089599842997,33.05079519670347,34.15588784154471,35.702,36.141,33.051,34.156,306288.633,268548.0,45719.0,25.0,62.5,0,12,,,,0.0224149001296609
2820,華票,金融保險,12,35.715357656166226,41.453048258618644,32.75907688224066,36.23732544211118,35.715,41.453,32.759,36.237,103088.68,88650.667,-61670.167,75.0,58.333,0,12,,,,0.0236003999598324
1213,大飲,食品工業,12,35.926218620214215,45.75968644878506,35.100858250561714,35.947262779400305,35.926,45.76,35.101,35.947,9656.001,8902.667,-8902.667,100.0,66.667,0,12,,,,0.0289626000449061
6739,竹陞科技,其他電子類,12,35.92714327562324,41.834201217476625,48.983861298910696,31.912837837273884,35.927,41.834,48.984,31.913,30028.303,24120.167,-24120.167,100.0,0.0,0,12,,,,0.0257960001472383
6234,高僑,光電業,12,36.09322206859939,33.24702376482994,30.736311889886636,39.471637963996436,36.093,33.247,30.736,39.472,16289.534,14384.954,7651.126,25.0,75.0,12,0,"(0, 1, 1)","(0, 1, 1, 12)",100.44450411699488,0.6008160000201315
5516,雙喜,建材營造,12,36.10097844607175,36.61706834349525,34.4164833433267,35.68870361944532,36.101,36.617,34.416,35.689,83833.029,65869.093,-14758.595,41.667,66.667,12,0,"(0, 1, 1)","(0, 1, 1, 12)",66.44915256190507,0.6193824000656605
2891,中信金,金融保險,12,36.10152883970653,39.61985417971907,31.011847269690545,37.692359862710006,36.102,39.62,31.012,37.692,8333927.906,7367560.083,-4623758.083,75.0,91.667,0,12,,,,0.0240269999485462
6442,光聖,電子工業,12,36.175779967135256,32.046620663499596,30.83716369865576,39.04957932009294,36.176,32.047,30.837,39.05,398510.964,317421.035,190702.86,25.0,75.0,12,0,"(1, 1, 0)","(0, 1, 0, 12)",-10.3161216776232,0.7585541000589728
4768,晶呈科技,化學工業,12,36.21847025816087,34.44763223906144,39.04688166989616,32.20972095276501,36.218,34.448,39.047,32.21,51848.496,37102.171,-22306.792,66.667,50.0,12,0,"(0, 1, 1)","(0, 1, 1, 12)",22.19714836300948,0.5807409000117332
5386,青雲,電腦及週邊設備業,12,36.58477564985913,39.941751006436164,35.29982179068937,41.844277827112506,36.585,39.942,35.3,41.844,226445.215,179383.6,-38758.131,41.667,58.333,12,0,"(0, 1, 1)","(0, 1, 1, 12)",59.05200328004295,0.74433090002276
1423,利華,紡織纖維,12,36.652899413662716,36.959627018809975,28.419018569386413,33.8532062276272,36.653,36.96,28.419,33.853,3815.596,2608.098,-1060.638,50.0,66.667,12,0,"(0, 1, 1)","(0, 1, 1, 12)",49.61843671228763,0.6830692000221461
7780,大研生醫*,食品工業,7,36.70678356775065,29.542329911652836,14.93183236166252,29.825595625595057,36.707,29.542,14.932,29.826,104059.445,67628.333,-1230.667,33.333,0.0,0,12,,,,0.0168151000980287
1449,佳和,紡織纖維,12,36.89439414895081,35.54908378801549,34.18956842528919,35.1213550310782,36.894,35.549,34.19,35.121,112838.237,83108.681,-19031.393,50.0,33.333,12,0,"(0, 1, 1)","(0, 1, 1, 12)",16.388233154164332,0.6317430001217872
2427,三商電,電子工業,12,36.913294316131775,32.39261110211012,17.71635665525321,27.010444948617373,36.913,32.393,17.716,27.01,361963.64,200801.554,-118478.13,33.333,83.333,12,0,"(0, 1, 1)","(0, 1, 1, 12)",37.38920674539284,0.5950484001077712
1447,力鵬,紡織纖維,12,37.12282607026467,37.00886415266531,39.14207233651301,45.36321662950225,37.123,37.009,39.142,45.363,976281.861,861838.426,279403.322,33.333,66.667,12,0,"(0, 1, 1)","(0, 1, 1, 12)",31.767021522525404,0.6516466001048684
6640,均華,半導體業,12,37.180052801667365,37.9547086745356,31.078472984687178,45.22281980716781,37.18,37.955,31.078,45.223,106737.16,83366.726,-15097.034,66.667,66.667,12,0,"(1, 1, 1)","(0, 1, 1, 12)",62.75268333415681,0.9104198000859468
5302,太欣,半導體業,12,37.27186458692915,43.35069195693901,36.65202500298277,38.34231185785382,37.272,43.351,36.652,38.342,656.52,603.587,-438.973,83.333,41.667,12,0,"(0, 1, 1)","(0, 1, 1, 12)",108.84327808500944,0.6021744001191109
6823,濾能,半導體業,12,37.27446344469641,35.357054747464815,31.782864789279518,39.161727464129314,37.274,35.357,31.783,39.162,26199.327,19730.026,6740.914,41.667,41.667,12,0,"(1, 1, 0)","(0, 1, 1, 12)",19.764130193165915,0.876270700013265
5381,光譜,電機機械,12,37.3511722495827,36.0349728014344,32.675892396906605,41.94757736233542,37.351,36.035,32.676,41.948,87453.087,68392.642,1401.811,58.333,91.667,12,0,"(1, 1, 1)","(0, 1, 1, 12)",82.86825527189886,0.9790130001492798
6015,宏遠證,金融業,10,37.419575374621445,37.05866065796971,27.75281818555182,46.9197736312277,37.42,37.059,27.753,46.92,69940.742,58456.0,13025.8,40.0,11.111,0,12,,,,0.0210068000014871
8429,金麗-KY,貿易百貨,12,37.47834346392798,41.164478599354844,31.901619142634587,37.56108130120337,37.478,41.164,31.902,37.561,6333.512,4696.755,-279.094,41.667,66.667,12,0,"(1, 1, 1)","(1, 1, 0, 12)",87.44551628807858,0.7482369998469949
4934,太極,電子工業,12,37.478430618644666,38.82483320479624,36.19014690386325,34.29516318052723,37.478,38.825,36.19,34.295,3715.141,2790.175,-1347.278,58.333,58.333,12,0,"(1, 1, 0)","(1, 1, 0, 12)",51.12820390604665,0.566061699995771
6240,松崗,資訊服務業,12,37.654023913879456,31.561966678975722,27.926906540733277,39.49787251126813,37.654,31.562,27.927,39.498,2184.328,1560.697,651.77,50.0,50.0,12,0,"(0, 1, 1)","(1, 1, 0, 12)",35.53544913073701,0.6841168999671936
2236,百達-KY,汽車工業,12,37.78825459990773,34.11396181019461,23.671266346712155,38.8343836145505,37.788,34.114,23.671,38.834,394599.132,294621.669,74986.034,50.0,50.0,12,0,"(0, 1, 1)","(0, 1, 1, 12)",36.021221028269025,0.6207331998739392
6130,上亞科技,生技醫療業,12,38.019696741829435,33.857270177157154,34.56319745326587,38.727801643788204,38.02,33.857,34.563,38.728,6113.038,4893.135,1352.19,50.0,50.0,12,0,"(0, 1, 1)","(0, 1, 1, 12)",66.73355590777896,0.8065422000363469
3041,揚智,電子工業,12,38.168141611133684,34.32457743895352,25.90279699165649,32.05140576764495,38.168,34.325,25.903,32.051,72344.921,44439.295,-16677.511,33.333,50.0,12,0,"(0, 1, 1)","(0, 1, 1, 12)",10.942825115245991,0.6279174999799579
6283,淳安,電子工業,12,38.19951830652133,36.24984024100893,44.597470103579326,38.70606857941736,38.2,36.25,44.597,38.706,66432.241,57628.175,7095.441,50.0,66.667,12,0,"(0, 1, 1)","(0, 1, 1, 12)",19.84281251357728,1.080397899961099
3664,安瑞-KY,通信網路業,12,38.2168283863242,44.96648359129507,42.67422762253009,42.78312804810645,38.217,44.966,42.674,42.783,38794.87,27023.724,-14721.005,58.333,91.667,12,0,"(0, 1, 1)","(0, 1, 1, 12)",59.50852632291003,0.6779690000694245
2485,兆赫,電子工業,12,38.35744835065798,38.398915422243405,32.69933228141133,36.97712328585721,38.357,38.399,32.699,36.977,101688.569,83397.691,-24209.982,66.667,58.333,12,0,"(0, 1, 1)","(0, 1, 1, 12)",20.718262148104834,0.5709047999698669
3176,基亞,生技醫療業,12,38.537494165169086,34.616057889467214,30.564592617317004,38.1128205761026,38.537,34.616,30.565,38.113,73933.89,50821.513,3431.551,50.0,75.0,12,0,"(1, 1, 0)","(0, 1, 1, 12)",96.78344422385958,0.5446713001001626
1235,興泰,食品工業,12,38.67308304557097,41.940817567963876,33.01965779179515,47.458275024964266,38.673,41.941,33.02,47.458,6813.216,5669.345,780.165,50.0,83.333,12,0,"(0, 1, 1)","(0, 1, 1, 12)",95.90234343858376,1.0567346001043916
4924,欣厚-KY,綠能環保類,12,38.825212834357124,41.64267801251138,38.56088720677474,46.818769198660284,38.825,41.643,38.561,46.819,25201.145,23513.228,-2762.753,58.333,58.333,12,0,"(0, 1, 1)","(0, 1, 1, 12)",61.9992903082933,0.7067811000160873
8476,台境*,綠能環保,12,38.84914280555675,34.57130121339338,26.7219949905582,40.002410119841954,38.849,34.571,26.722,40.002,66138.853,39485.168,3485.448,66.667,58.333,12,0,"(0, 1, 1)","(0, 1, 1, 12)",81.02183615364522,0.8948741999920458
6654,天正國際,其他電子類,12,38.9872140703145,43.91718303069316,23.6552378091317,47.882291822979,38.987,43.917,23.655,47.882,15159.31,11780.929,-3212.547,66.667,66.667,12,0,"(1, 1, 0)","(0, 1, 1, 12)",29.25201952786361,0.749803900020197
6952,大武山,其他,12,39.09242340688016,43.68154821182117,40.3560235240882,35.371992583666426,39.092,43.682,40.356,35.372,65751.824,57302.0,-51773.0,75.0,33.333,0,12,,,,0.0239538999740034
7823,奧義賽博-KY創,創新板股票,2,39.713816988698504,49.55363742849669,39.713816988698504,39.713816988698504,39.714,49.554,39.714,39.714,21787.0,21787.0,-21787.0,100.0,0.0,0,12,,,,0.0123412001412361
2939,永邑-KY,貿易百貨,12,40.02871310969125,46.370755802459755,30.779238971248805,47.55666481558375,40.029,46.371,30.779,47.557,11423.231,9988.632,-5056.64,66.667,58.333,12,0,"(0, 1, 1)","(0, 1, 1, 12)",76.65134128039493,0.764398500090465
3047,訊舟,電子工業,12,40.03314196052713,28.51114301059459,19.809386535676133,36.74745386307681,40.033,28.511,19.809,36.747,198714.577,121085.776,66793.909,41.667,50.0,12,0,"(1, 1, 0)","(0, 1, 0, 12)",-27.935102541175294,0.6355198000092059
2889,國票金,金融保險,12,40.05739075016624,54.07565535518021,37.419293725783895,143.41074212176227,40.057,54.076,37.419,143.411,339895.352,287587.864,-130069.623,58.333,50.0,12,0,"(0, 1, 1)","(0, 1, 1, 12)",18.45620682736337,0.553259199950844
8092,建暐,其他電子類,12,40.076688481640296,42.895756764067464,35.4202900587681,44.500286397078014,40.077,42.896,35.42,44.5,13929.697,11484.309,-4930.527,66.667,66.667,12,0,"(0, 1, 1)","(1, 1, 0, 12)",51.46228810954469,1.0355503000319004
5864,致和證,金融業,8,40.35770846420238,60.65735185768677,32.847578479179504,51.955430621773615,40.358,60.657,32.848,51.955,139719.638,108335.375,-52328.375,75.0,0.0,0,12,,,,0.0340509000234305
1465,偉全,紡織纖維,12,40.38557227179867,41.94526268317368,34.8405715883082,49.42298104160236,40.386,41.945,34.841,49.423,13501.785,12036.55,43.944,58.333,66.667,12,0,"(0, 1, 1)","(0, 1, 1, 12)",30.77854460180796,1.1381870999466628
6873,泓德能源,綠能環保,12,40.45403198033786,32.290327886874934,22.79531762327316,46.148436220680075,40.454,32.29,22.795,46.148,502389.914,295986.105,190956.179,50.0,75.0,12,0,"(0, 1, 1)","(0, 1, 1, 12)",38.7177882856433,0.5355414000805467
4744,皇將,生技醫療業,12,40.49785822349524,38.51251319338086,36.991815005497756,39.4864352241223,40.498,38.513,36.992,39.486,70722.93,49185.088,-25832.733,50.0,91.667,12,0,"(1, 1, 1)","(0, 1, 1, 12)",53.08827461049011,0.7274230001494288
3027,盛達,電子工業,12,40.62028116122591,37.620945693715505,38.00434386551708,48.31593656438414,40.62,37.621,38.004,48.316,92220.997,71371.696,20355.553,41.667,50.0,12,0,"(0, 1, 1)","(0, 1, 1, 12)",23.828258461447668,0.9373784000054002
1618,合機,電器電纜,12,41.03319702496651,42.638388153189936,37.52621707215814,48.90650100884104,41.033,42.638,37.526,48.907,202689.416,164662.834,3895.428,41.667,83.333,12,0,"(0, 1, 1)","(0, 1, 1, 12)",80.84916638284488,0.5689830998890102
4588,玖鼎電力,電子工業,12,41.607980136588125,49.37716559885956,32.57945512259447,102.79320548532533,41.608,49.377,32.579,102.793,37894.934,31909.333,12551.667,50.0,75.0,0,12,,,,0.0259223000612109
5508,永信建,建材營造,12,41.74965965342301,42.6305687346534,33.06697693806381,48.87176439442988,41.75,42.631,33.067,48.872,108910.128,88152.841,-19866.652,58.333,83.333,12,0,"(0, 1, 1)","(0, 1, 1, 12)",98.02509082156745,0.5591457998380065
6228,全譜,電腦及週邊設備業,12,42.283321163826656,47.420092567062675,47.171875229689036,51.186422396232935,42.283,47.42,47.172,51.186,2228.539,1806.59,-763.074,58.333,75.0,12,0,"(0, 1, 1)","(0, 1, 1, 12)",94.32112377117772,0.6074519001413137
1762,中化生,生技醫療業,12,42.49701420322701,43.68111794562359,38.643936067826445,74.87152724117296,42.497,43.681,38.644,74.872,35715.51,28504.093,8155.623,33.333,50.0,12,0,"(0, 1, 1)","(0, 1, 1, 12)",56.944514131104384,0.5714187999255955
3489,森寶,建材營造,12,42.73037854318803,48.916438099949836,36.256094768295924,521.4805122233203,42.73,48.916,36.256,521.481,32841.996,25604.933,12638.628,33.333,50.0,12,0,"(1, 1, 1)","(0, 1, 1, 12)",99.66493490140148,0.8995372999925166
6874,倍力,資訊服務業,12,42.83496063750532,36.49120089042467,27.25734210068388,54.52338566997007,42.835,36.491,27.257,54.523,68399.965,48919.917,33571.417,25.0,91.667,0,12,,,,0.0174451998900622
8927,北基,油電燃氣業,12,43.07929371289262,38.23670844717413,30.50109622419962,43.85499542789218,43.079,38.237,30.501,43.855,525635.378,384735.644,76347.952,58.333,50.0,12,0,"(1, 1, 1)","(0, 1, 0, 12)",-7.020725611646105,0.4413228000048548
6649,台生材,生技醫療業,12,43.25018740209979,46.470396807008726,36.4598263091159,46.09901123238498,43.25,46.47,36.46,46.099,9926.012,7943.654,-2085.179,50.0,66.667,12,0,"(1, 1, 1)","(0, 1, 1, 12)",150.17182091878945,0.7846371999476105
8093,保銳,電子零組件業,12,43.25623263714275,45.018719517237685,42.25142763130996,55.847273403108254,43.256,45.019,42.251,55.847,10219.911,7422.95,-2601.213,58.333,66.667,12,0,"(0, 1, 1)","(0, 1, 1, 12)",34.21786104054128,0.7757381000556052
6103,合邦,半導體業,12,43.325410312127275,50.007437510922415,42.12140721180406,46.603349895480434,43.325,50.007,42.121,46.603,3857.577,3305.512,-804.648,58.333,58.333,12,0,"(0, 1, 1)","(0, 1, 1, 12)",122.30525134238998,0.5257530000526458
2101,南港,橡膠工業,12,43.44360273007329,27.357371342226077,20.494498707021457,46.2068876720474,43.444,27.357,20.494,46.207,633332.801,305286.958,280048.745,8.333,50.0,12,0,"(0, 1, 1)","(0, 1, 1, 12)",46.75543506309695,0.6192455000709742
8277,商丞,半導體業,12,43.603976819615696,37.597807460042034,33.73488396018796,41.33381296595059,43.604,37.598,33.735,41.334,13987.719,8858.911,-709.611,33.333,75.0,12,0,"(1, 1, 1)","(0, 1, 1, 12)",69.83467538795375,0.9105326000135392
8059,凱碩,通信網路業,12,43.962211867805266,62.64564975452301,44.4938758982609,47.23200197422525,43.962,62.646,44.494,47.232,360502.485,280255.987,-143226.601,66.667,41.667,12,0,"(1, 1, 1)","(0, 1, 1, 12)",101.2776316185147,1.3223476998973638
3054,立萬利,食品工業,12,44.41402905492813,39.40370189521767,37.82340461289131,37.20162025000595,44.414,39.404,37.823,37.202,6697.114,4646.448,-1297.958,25.0,66.667,12,0,"(0, 1, 1)","(0, 1, 1, 12)",76.11339965651356,0.5872273000422865
2506,太設,建材營造,12,44.62938215951334,37.71394083933051,34.62989720379406,40.64707534047951,44.629,37.714,34.63,40.647,59002.017,42383.669,2251.564,25.0,58.333,12,0,"(1, 1, 1)","(0, 1, 1, 12)",89.09577003652107,0.9687512000091374
4413,飛寶企業,紡織纖維,12,44.96143278804022,51.214082675319275,42.93904098575633,48.41005851562684,44.961,51.214,42.939,48.41,36146.252,32305.314,-16979.199,66.667,75.0,12,0,"(0, 1, 1)","(0, 1, 1, 12)",81.01324996233276,0.5209309998899698
1742,台蠟,化學工業,12,45.04343295000429,37.17787469163285,36.74080890742811,48.194533066370155,45.043,37.178,36.741,48.195,5592.491,4192.83,3364.958,25.0,58.333,12,0,"(0, 1, 1)","(0, 1, 1, 12)",89.33592158723307,0.471596899908036
3093,港建*,其他電子類,12,45.305225487926215,46.9152220809944,43.100702362699955,54.640283367060846,45.305,46.915,43.101,54.64,82215.198,70419.309,8802.042,41.667,75.0,12,0,"(0, 1, 1)","(0, 1, 1, 12)",70.94625899823467,0.6412112999241799
3308,聯德,電子工業,12,45.30908155399671,49.049373147876786,33.717472526682634,39.1948878453531,45.309,49.049,33.717,39.195,487.756,302.891,-133.846,58.333,58.333,12,0,"(1, 1, 1)","(0, 1, 1, 12)",187.40795136881857,0.6051088999956846
6222,立軒,光電業,12,45.37854205785431,51.08637501903388,39.20317996191518,83.53280016316079,45.379,51.086,39.203,83.533,126.129,104.598,-19.567,66.667,75.0,12,0,"(0, 1, 1)","(0, 1, 1, 12)",116.11485817508289,0.5478023998439312
8409,商之器,生技醫療業,12,45.47225970202952,43.0282067327485,27.043429806394474,48.75678279949567,45.472,43.028,27.043,48.757,19566.482,9591.123,-3524.641,41.667,66.667,12,0,"(0, 1, 1)","(0, 1, 1, 12)",92.88270388738002,0.5603998000733554
6854,錼創科技-KY創,電子工業,12,45.99558076931897,39.63851072442568,49.99923535233217,46.02705098989255,45.996,39.639,49.999,46.027,63235.187,51814.75,34718.583,16.667,91.667,0,12,,,,0.0197162998374551
4726,永昕,生技醫療業,12,46.14521761483494,50.26538356430434,43.9408809270138,61.21362657635297,46.145,50.265,43.941,61.214,32570.192,28465.37,-4313.841,58.333,50.0,12,0,"(0, 1, 1)","(0, 1, 1, 12)",95.10695684896464,0.5917984999250621
2348,海悅,其他,12,46.29197768829945,52.945217764364614,50.78487473956164,65.23684122038821,46.292,52.945,50.785,65.237,317507.774,285327.047,-1776.975,41.667,66.667,12,0,"(1, 1, 1)","(0, 1, 1, 12)",68.8989331187591,0.761002599960193
3067,全域,居家生活類,12,46.44467114819778,49.13967971985238,38.570902740306515,50.350741875197826,46.445,49.14,38.571,50.351,2944.54,2261.314,-416.624,50.0,66.667,12,0,"(0, 1, 1)","(0, 1, 1, 12)",125.6191251983402,0.6985167001839727
6937,天虹,半導體業,12,46.66094341824947,34.80955598040249,25.550565779461987,41.36487450858316,46.661,34.81,25.551,41.365,138638.405,87281.083,28582.917,66.667,75.0,0,12,,,,0.0212622999679297
8937,合騏*,其他,12,46.668848540867295,42.76380600272741,36.44547251536624,55.2911471154537,46.669,42.764,36.445,55.291,3308.175,2553.875,1428.974,41.667,58.333,12,0,"(0, 1, 1)","(0, 1, 1, 12)",100.46534568754936,0.6200361999217421
1595,川寶,半導體業,12,46.71220407071125,49.24778699515737,37.17462183945567,63.242741923114124,46.712,49.248,37.175,63.243,30713.717,27878.272,573.284,58.333,58.333,12,0,"(0, 1, 1)","(0, 1, 1, 12)",24.678917141243662,0.5906156999990344
3025,星通,電子工業,12,46.91209053066428,43.82210167880182,42.445735555000944,43.1827112897101,46.912,43.822,42.446,43.183,39393.441,26494.346,-12595.403,33.333,75.0,12,0,"(0, 1, 1)","(0, 1, 1, 12)",75.35747641197845,0.97499919985421
6949,沛爾生醫-創,生技醫療業,12,47.02885166549901,43.12045891698735,35.22517786099479,35.66367553915071,47.029,43.12,35.225,35.664,2310.37,1230.667,-967.167,75.0,75.0,0,12,,,,0.0308868999127298
2465,麗臺,電腦及週邊設備業,12,47.20304966633972,36.650611036089884,36.41118406330814,39.795499530555496,47.203,36.651,36.411,39.795,336000.525,175358.818,-21360.576,25.0,100.0,12,0,"(0, 1, 1)","(0, 1, 1, 12)",47.79739565265521,0.5966950999572873
3672,康聯訊,通信網路業,12,47.38326724000992,46.20417902081142,35.21528818759906,59.488625377396154,47.383,46.204,35.215,59.489,11454.513,9253.518,15.993,50.0,83.333,12,0,"(0, 1, 1)","(0, 1, 1, 12)",19.112305162799743,0.8934206999838352
4188,安克,生技醫療業,12,47.75419052246332,41.51004411346369,33.17754706554001,57.324800132125574,47.754,41.51,33.178,57.325,1600.402,1211.245,550.737,16.667,41.667,12,0,"(0, 1, 1)","(0, 1, 1, 12)",53.98380613441196,0.5459354999475181
5314,世紀*,其他,12,47.87779783656727,53.230029266081615,54.20779437619685,46.358690994655774,47.878,53.23,54.208,46.359,156920.976,122038.113,16483.759,58.333,33.333,12,0,"(0, 1, 1)","(0, 1, 1, 12)",219.14822740997047,0.6130741001106799
5534,長虹,建材營造,12,47.89662080904931,48.57905525605541,38.59772428159952,63.44340630550958,47.897,48.579,38.598,63.443,475125.517,338867.594,-62925.353,58.333,75.0,12,0,"(0, 1, 1)","(0, 1, 1, 12)",141.19253456817793,0.6077686999924481
2230,泰茂,居家生活類,12,47.94229654871957,45.00415955881059,37.38545818560412,54.20287826932528,47.942,45.004,37.385,54.203,102254.86,81907.536,-1441.199,41.667,58.333,12,0,"(1, 1, 0)","(0, 1, 1, 12)",6.692232959368048,0.5330008999444544
4154,樂威科-KY,其他,12,48.08320953627575,45.37217185976575,41.007293841887375,43.2315870064986,48.083,45.372,41.007,43.232,1720.497,1073.498,-516.61,50.0,66.667,12,0,"(0, 1, 1)","(0, 1, 1, 12)",74.88131299529589,0.4686312000267207
1417,嘉裕,紡織纖維,12,48.15761658390005,42.6107254532629,41.22464443706651,48.34695307282239,48.158,42.611,41.225,48.347,24873.977,16209.252,383.104,58.333,41.667,12,0,"(0, 1, 1)","(1, 1, 0, 12)",21.899460288873613,0.5335771001409739
6465,威潤,通信網路業,12,48.26993052294415,46.71238597831254,33.50295219722954,38.440307117725766,48.27,46.712,33.503,38.44,16182.529,10589.095,-8163.438,58.333,66.667,12,0,"(0, 1, 1)","(0, 1, 1, 12)",57.68482030396082,1.5829851999878883
7786,東方風能,綠能環保,4,48.67648161211392,43.684417123435225,72.68607135702997,58.23907387373174,48.676,43.684,72.686,58.239,352413.417,337659.667,337659.667,0.0,0.0,0,12,,,,0.014793099835515
8176,智捷,通信網路業,12,48.815106637913615,50.70048543096593,34.32012471722107,96.08531104600286,48.815,50.7,34.32,96.085,20261.132,15183.939,3419.461,66.667,58.333,12,0,"(0, 1, 1)","(0, 1, 1, 12)",89.63711965202776,0.6689626998268068
7709,榮田,電機機械,12,48.83580130423768,48.95888964862971,42.51590156161159,67.75173077677734,48.836,48.959,42.516,67.752,51773.515,40801.417,4699.583,58.333,8.333,0,12,,,,0.0215254998765885
2540,愛山林,建材營造,12,48.88580288499366,43.691359888261246,46.579091518405924,55.03486462055075,48.886,43.691,46.579,55.035,586503.427,460512.207,96345.065,33.333,58.333,12,0,"(0, 1, 1)","(0, 1, 1, 12)",45.24788890352807,0.5183182000182569
6441,廣錠,電腦及週邊設備業,12,48.99810427020181,49.787082511313436,48.31352163985954,63.35648516405789,48.998,49.787,48.314,63.356,12720.368,9606.078,571.397,50.0,41.667,12,0,"(0, 1, 1)","(0, 1, 1, 12)",69.29638278730518,1.5958869999740273
6624,萬年清,綠能環保類,12,49.14116063404547,51.75293113813577,43.498598323658285,63.1315452345506,49.141,51.753,43.499,63.132,31029.854,23541.687,5362.814,50.0,75.0,12,0,"(0, 1, 1)","(0, 1, 1, 12)",71.63219217645664,0.6651105999480933
5468,凱鈺,半導體業,12,49.198943524776695,33.55242843933645,12.50535818286536,46.2347230762723,49.199,33.552,12.505,46.235,12377.598,6766.208,-458.752,41.667,58.333,12,0,"(1, 1, 0)","(0, 1, 1, 12)",-10.333354406916904,0.8719375999644399
1442,名軒,建材營造,12,49.470911750698676,45.202852522571504,45.81474420256612,50.34454453476002,49.471,45.203,45.815,50.345,175791.129,137283.47,33647.074,41.667,66.667,12,0,"(1, 1, 1)","(0, 1, 1, 12)",172.56880378267263,0.4964451000560075
3073,天方能源,綠能環保類,12,49.67943102130563,47.10390101772375,44.94953834834205,40.6957065446895,49.679,47.104,44.95,40.696,5703.749,3647.091,-1936.946,58.333,66.667,12,0,"(0, 1, 1)","(0, 1, 1, 12)",100.67032007271771,1.468406300060451
2388,威盛,電子工業,12,50.04820238984786,40.60666246893816,32.497974906074624,55.67844449017895,50.048,40.607,32.498,55.678,506040.859,398179.161,253077.104,25.0,33.333,12,0,"(1, 1, 1)","(1, 1, 0, 12)",16.351676844507843,0.8418823000974953
3498,陽程,其他電子類,12,50.34414973607239,52.070131781097096,46.20808059613329,59.20419402863565,50.344,52.07,46.208,59.204,73292.955,56081.243,-13374.79,33.333,75.0,12,0,"(0, 1, 1)","(0, 1, 1, 12)",104.6332254182272,0.6164274998009205
2724,藝舍-KY,其他,12,50.497133849298116,51.40653206987874,46.422809869595255,63.10031675436147,50.497,51.407,46.423,63.1,8489.628,7115.762,-250.592,58.333,41.667,12,0,"(0, 1, 1)","(0, 1, 1, 12)",83.79570103224174,0.6779698000755161
6614,資拓宏宇,數位雲端,4,50.67787121380002,48.18038535626239,61.51956656145941,44.5797362700809,50.678,48.18,61.52,44.58,370934.524,289671.333,-102368.667,33.333,0.0,0,12,,,,0.0218801998998969
6020,大展證,金融業,9,50.832033281331256,39.15845341153997,19.20966992096699,47.28843890909157,50.832,39.158,19.21,47.288,27494.431,17377.778,1250.0,33.333,0.0,0,12,,,,0.0301232999190688
4131,浩泰,生技醫療業,12,51.07993791965654,70.1944985373057,35.26532042714202,46.46837905756456,51.08,70.194,35.265,46.468,12830.958,10414.178,-10101.398,83.333,58.333,12,0,"(0, 1, 1)","(0, 1, 1, 12)",68.68488616176163,0.6138466999400407
1456,怡華,建材營造,12,51.122899475410456,52.29524139589991,42.33034123265077,72.84369077500355,51.123,52.295,42.33,72.844,43527.94,35317.02,-3351.392,50.0,66.667,12,0,"(0, 1, 1)","(0, 1, 1, 12)",122.4184562378131,1.273079500067979
6443,元晶,光電業,12,51.16911467989994,47.35131114987042,34.11305326605677,55.2860898022307,51.169,47.351,34.113,55.286,98437.553,77834.79,4639.433,50.0,33.333,12,0,"(1, 1, 0)","(0, 1, 1, 12)",-15.928013566498077,1.6853875999804586
6895,宏碩系統,半導體業,12,51.3658215498901,65.13955573493836,51.006215411029864,46.8216584737489,51.366,65.14,51.006,46.822,42400.008,36417.083,-36417.083,100.0,16.667,0,12,,,,0.0228085000999271
2208,台船,航運業,12,51.42433160074109,39.141125064736656,34.94362540918809,37.36323800729015,51.424,39.141,34.944,37.363,1943112.83,933362.118,-396923.724,41.667,75.0,12,0,"(0, 1, 1)","(0, 1, 1, 12)",22.84605910555641,0.6741200999822468
4419,皇家美食,觀光餐旅,12,51.754985494335145,39.13538782328597,37.181401988760776,50.68149743434979,51.755,39.135,37.181,50.681,171521.859,114824.344,63365.393,41.667,50.0,12,0,"(0, 1, 1)","(0, 1, 1, 12)",126.46547839350288,0.413440000033006
6423,億而得,半導體業,12,51.95513963419407,54.27034051851053,45.006422669406824,88.6313036554538,51.955,54.27,45.006,88.631,18247.478,9956.25,887.417,41.667,66.667,0,12,,,,0.0189691002015024
3379,彬台,電機機械,12,52.1112607684182,47.39024088488362,36.99814121856908,48.32999804327694,52.111,47.39,36.998,48.33,119063.825,85939.459,-6101.847,58.333,58.333,12,0,"(0, 1, 1)","(0, 1, 1, 12)",76.4161941308167,0.4608616998884827
2883,凱基金,金融保險,10,52.51408377206225,58.448472615168754,43.51256943773871,102.7394900443554,52.514,58.448,43.513,102.739,6074925.129,4916442.2,419462.6,40.0,0.0,0,12,,,,0.0319497000891715
6021,美好證,金融業,9,52.87056977725001,69.5887924282246,43.40509325531217,113.98140290357945,52.871,69.589,43.405,113.981,179404.697,155237.333,-16651.111,66.667,0.0,0,12,,,,0.0249924000818282
4903,聯光通,通信網路業,12,53.12554247901687,59.054217315109106,42.20931676477222,52.56949995537216,53.126,59.054,42.209,52.569,77790.315,59829.809,-31061.244,75.0,41.667,12,0,"(0, 1, 1)","(0, 1, 1, 12)",86.26372248354303,0.5197229001205415
6903,巨漢,其他電子類,12,53.20374304131262,55.53772579450278,55.84724653811539,52.82939431555537,53.204,55.538,55.847,52.829,205532.023,159794.25,-87001.417,75.0,33.333,0,12,,,,0.0219555001240223
8227,巨有科技,半導體業,12,53.26292462933523,63.0370019751647,50.96824597894077,47.297161761267056,53.263,63.037,50.968,47.297,76829.47,59888.167,-55585.833,91.667,41.667,0,12,,,,0.0323355000000447
1529,樂事綠能,電機機械,12,54.10265806872437,54.20226458650469,43.20195983353036,66.30255811508799,54.103,54.202,43.202,66.303,50924.111,41727.441,-3841.617,58.333,75.0,12,0,"(0, 1, 1)","(0, 1, 1, 12)",97.49820599127077,0.5236947000958025
8080,泰霖,建材營造,12,54.308372231438554,54.78967444905172,65.07957878370931,54.954657790693005,54.308,54.79,65.08,54.955,11448.745,9147.657,93.938,41.667,58.333,12,0,"(0, 1, 1)","(0, 1, 1, 12)",32.634503143309736,0.8327444000169635
8038,長園科,電子零組件業,12,54.35074652592659,68.4916285914425,60.987972664052336,77.23431548436999,54.351,68.492,60.988,77.234,32482.28,27036.281,-9317.94,58.333,58.333,12,0,"(0, 1, 1)","(0, 1, 1, 12)",136.6822366270874,0.4731723999138921
4702,中美實,居家生活類,12,54.90559371408409,57.597320369987415,49.30110320310239,95.36058979148576,54.906,57.597,49.301,95.361,3707.823,3156.111,908.483,41.667,58.333,12,0,"(0, 1, 1)","(0, 1, 1, 12)",66.95396300282204,0.576681099832058
3713,新晶投控,綠能環保類,12,55.236452009903616,58.03408058129242,41.4157932935863,55.226791696083176,55.236,58.034,41.416,55.227,20111.995,15062.704,-4787.608,50.0,58.333,12,0,"(1, 1, 0)","(1, 1, 0, 12)",68.103893820305,0.5832951997872442
4772,台特化,化學工業,12,55.272234633308884,55.15781890522267,23.708279439854053,38.216283153383436,55.272,55.158,23.708,38.216,132266.858,91728.833,-86123.667,66.667,8.333,0,12,,,,0.020494099939242
6148,驊宏資,資訊服務業,12,55.653873223440044,59.96521649150507,62.016996500926936,57.9662038968706,55.654,59.965,62.017,57.966,55300.02,41921.512,-17724.409,50.0,75.0,12,0,"(0, 1, 1)","(0, 1, 1, 12)",111.45838610080968,0.5208814002107829
3555,博士旺,半導體業,12,55.66004251244608,65.3556659009754,60.49424645246504,65.77825752954492,55.66,65.356,60.494,65.778,20342.467,13102.235,-192.972,50.0,58.333,12,0,"(0, 1, 1)","(0, 1, 1, 12)",122.2068986633016,0.4247297998517751
8171,天宇,綠能環保類,12,55.73721030969181,57.21095407422736,47.517359897672705,89.27585371205487,55.737,57.211,47.517,89.276,16797.561,14329.851,-2141.674,50.0,50.0,12,0,"(0, 1, 1)","(0, 1, 1, 12)",93.09731977065766,0.4376582999248057
3310,佳穎,電子零組件業,12,55.80982082285958,32.75338896797521,11.59852904295926,32.05449331546719,55.81,32.753,11.599,32.054,267973.632,124196.059,-20684.146,41.667,66.667,12,0,"(1, 1, 1)","(0, 1, 1, 12)",0.4730714058681968,1.0287972001824528
8478,東哥遊艇,運動休閒,12,56.02856766520481,82.80546785170712,56.07999518942501,56.712968708706526,56.029,82.805,56.08,56.713,270261.874,244254.393,-161469.099,75.0,41.667,12,0,"(0, 1, 1)","(0, 1, 1, 12)",113.60710491429754,1.8079043000470847
2542,興富發,建材營造,12,56.181634992289844,63.14039471559377,50.292750350625404,98.4841338625459,56.182,63.14,50.293,98.484,2069750.348,1442046.517,-686534.389,50.0,66.667,12,0,"(0, 1, 1)","(0, 1, 1, 12)",116.771453535356,0.4984816000796854
6169,昱泉,文化創意業,12,56.22386149204041,61.01561898106297,46.50455692013472,92.81546683968011,56.224,61.016,46.505,92.815,1920.275,1615.312,-361.287,58.333,41.667,12,0,"(0, 1, 1)","(0, 1, 1, 12)",132.0010678417772,0.4198746001347899
2855,統一證,金融保險,12,56.32852310353776,56.10292390842645,51.42472946466825,73.66331857810545,56.329,56.103,51.425,73.663,743328.544,635747.417,-42783.583,50.0,50.0,0,12,,,,0.0180815998464822
2923,鼎固-KY,建材營造,12,56.46017887233769,37.89692629479224,25.357665306952647,39.42673309599301,56.46,37.897,25.358,39.427,673667.472,275712.791,-157665.431,58.333,75.0,12,0,"(1, 1, 1)","(0, 1, 1, 12)",156.4537799235274,0.5524039999581873
2025,千興,鋼鐵工業,12,56.66398482938722,60.85160091045183,50.34837636045629,61.3822231953389,56.664,60.852,50.348,61.382,44919.067,38660.09,-5490.319,58.333,41.667,12,0,"(1, 1, 1)","(0, 1, 1, 12)",220.23946884038892,0.7150965998880565
8101,華冠,電子工業,12,57.212516310328475,52.64999806737912,42.98889957801832,64.75269097760041,57.213,52.65,42.989,64.753,24353.468,17951.381,1911.044,58.333,41.667,12,0,"(0, 1, 1)","(0, 1, 1, 12)",96.98657811557324,0.5340339001268148
6869,雲豹能源,綠能環保,12,57.72749718465503,55.18310593353627,39.1171180070952,64.09810615460803,57.727,55.183,39.117,64.098,524186.264,359306.43,-51068.603,58.333,66.667,12,0,"(0, 1, 1)","(0, 1, 1, 12)",28.702861968429257,0.5484054998960346
5227,立凱-KY,電子零組件業,12,58.310565284650394,52.32912179811684,60.96239849685134,62.37344605007266,58.311,52.329,60.962,62.373,24430.414,19468.44,3976.098,33.333,58.333,12,0,"(0, 1, 1)","(0, 1, 1, 12)",101.49747902710642,0.4421892000827938
7715,裕山,綠能環保類,12,58.38790716517088,44.62720930473818,33.70981896066775,62.53183461666746,58.388,44.627,33.71,62.532,78789.93,60292.667,25730.167,33.333,8.333,0,12,,,,0.0244357001502066
8291,尚茂,電子零組件業,12,58.428693240266796,52.747256994988,48.441587008691236,48.257940651289616,58.429,52.747,48.442,48.258,245.048,140.375,-88.083,50.0,91.667,12,0,"(0, 1, 1)","(0, 1, 1, 12)",84.73152727678506,0.4711382000241428
2534,宏盛,建材營造,12,58.52206990591996,53.21515381684853,35.77703550005258,73.5639292646272,58.522,53.215,35.777,73.564,344670.818,231214.456,-2037.595,33.333,50.0,12,0,"(1, 1, 1)","(0, 1, 1, 12)",87.88165064602434,0.7970825000666082
3266,昇陽,建材營造,12,58.88637841147949,48.51819204094049,40.66261805316965,81.18303932502981,58.886,48.518,40.663,81.183,100485.729,70344.146,32108.916,58.333,66.667,12,0,"(1, 1, 1)","(0, 1, 1, 12)",152.33993546795543,1.2373613000381738
4743,合一,生技醫療業,12,59.15283274547642,48.816402119308236,42.654077382017554,66.2470891008328,59.153,48.816,42.654,66.247,8598.629,6364.993,1293.58,33.333,83.333,12,0,"(0, 1, 1)","(0, 1, 1, 12)",150.4032725789208,0.6327292998321354
3712,永崴投控,電腦及週邊設備業,12,59.58558864527963,53.51852086854919,58.16253920676184,66.23067957856689,59.586,53.519,58.163,66.231,1968566.119,1602115.708,172922.891,33.333,75.0,12,0,"(0, 1, 1)","(0, 1, 1, 12)",7.957056709206999,0.6671242001466453
6225,天瀚,電子工業,12,60.424438277021345,64.02657200426877,63.818731721505564,85.3054241890028,60.424,64.027,63.819,85.305,3209.069,2743.823,179.308,33.333,75.0,12,0,"(1, 1, 1)","(0, 1, 1, 12)",76.01719199272165,0.7868083999492228
7711,永擎,電腦及週邊設備業,4,60.51662911505187,55.8025937578248,68.59649559447222,64.36780102639149,60.517,55.803,68.596,64.368,1492109.386,1485678.0,405378.667,33.333,0.0,0,12,,,,0.0152376000769436
6657,華安,生技醫療業,12,60.78697424634354,53.125069906323155,46.18316587124445,72.598244013605,60.787,53.125,46.183,72.598,509.817,388.733,14.328,58.333,66.667,12,0,"(1, 1, 1)","(0, 1, 1, 12)",31.718282245036924,1.1443379998672754
5533,皇鼎,建材營造,12,62.111188047512165,51.178273562078836,47.86009720280425,76.98774876159716,62.111,51.178,47.86,76.988,68743.157,60274.043,42291.192,16.667,75.0,12,0,"(0, 1, 1)","(0, 1, 1, 12)",159.98292317207074,0.6046211998909712
3147,大綜,資訊服務業,12,62.203036911814145,56.252837881892404,61.09733904425156,69.01148424066342,62.203,56.253,61.097,69.011,508989.355,423836.72,16885.681,41.667,41.667,12,0,"(1, 1, 0)","(1, 1, 0, 12)",-6.947664878180776,0.481601299950853
7795,長廣,電子零組件業,2,62.622036646846624,91.16751350559194,62.622036646846624,62.622036646846624,62.622,91.168,62.622,62.622,227065.0,227065.0,-227065.0,100.0,0.0,0,12,,,,0.0136180999688804
4609,唐鋒,居家生活類,12,62.78374253457751,61.9783282824994,43.841161409069116,79.81303385082322,62.784,61.978,43.841,79.813,12652.019,8591.746,-1336.524,66.667,58.333,12,0,"(0, 1, 1)","(0, 1, 1, 12)",121.23393915755943,0.4401879999786615
3055,蔚華科,電子工業,12,62.97614357667645,60.368705638593326,53.05008915090006,75.15962243060986,62.976,60.369,53.05,75.16,32803.845,24099.448,-10003.757,66.667,83.333,12,0,"(1, 1, 1)","(1, 1, 0, 12)",83.84718041200303,0.4587371000088751
6994,富威電力,綠能環保,12,63.115799455637585,50.17714313876843,27.43862972465928,41.40301847667956,63.116,50.177,27.439,41.403,520146.974,262459.583,-219478.083,58.333,0.0,0,12,,,,0.0182807000819593
7792,安葆,其他電子類,2,63.887682606958606,93.8749465597223,63.887682606958606,63.887682606958606,63.888,93.875,63.888,63.888,588472.0,588472.0,-588472.0,100.0,0.0,0,12,,,,0.0133737998548895
9902,台火,其他,12,64.12233741451873,81.2159757184689,61.58554952034545,77.37705229401254,64.122,81.216,61.586,77.377,30380.737,20226.002,-15331.473,66.667,83.333,12,0,"(0, 1, 1)","(0, 1, 1, 12)",182.64369611039996,0.5513199998531491
4967,十銓,電子工業,12,64.64362991605441,53.77129502207357,49.2363850518932,74.87601973307699,64.644,53.771,49.236,74.876,1764656.155,1100474.247,76700.013,58.333,50.0,12,0,"(1, 1, 1)","(1, 1, 0, 12)",42.20193360857201,2.104627900058404
2424,隴華,電子工業,12,65.19388716889101,55.13307572620407,52.803928618116714,62.8411978213718,65.194,55.133,52.804,62.841,15915.013,10127.925,389.407,33.333,83.333,12,0,"(0, 1, 1)","(0, 1, 1, 12)",17.850545773132026,0.3281980999745428
3465,進泰電子,其他電子類,12,65.46874241493836,48.218862677691085,41.286368719806006,66.46390467029255,65.469,48.219,41.286,66.464,150169.627,91435.228,41466.997,50.0,25.0,12,0,"(1, 1, 1)","(0, 1, 1, 12)",98.06795533626362,1.1892729999963194
3609,三一東林,電子零組件業,12,65.85861361768914,64.19369872518882,51.892860230212456,68.16436127189425,65.859,64.194,51.893,68.164,57693.48,36507.954,-16069.61,66.667,66.667,12,0,"(0, 1, 1)","(0, 1, 1, 12)",46.7267806868338,0.4375836001709103
1591,駿吉-KY,電機機械,12,66.90313972756384,64.93483306994915,61.612750537120455,90.4079307679286,66.903,64.935,61.613,90.408,10247.889,6985.803,-2014.362,41.667,66.667,12,0,"(0, 1, 1)","(0, 1, 1, 12)",197.5796163177828,0.5148342999164015
5205,中茂,綠能環保類,12,67.22364279977248,60.25855809720607,33.62723819475546,142.52947589364345,67.224,60.259,33.627,142.529,2308.31,1375.452,-179.072,50.0,75.0,12,0,"(0, 1, 1)","(0, 1, 1, 12)",133.49237975669013,0.4493078000377863
4416,三圓,建材營造,12,67.40836123715268,59.110154568803495,40.11049540083834,49.75018741413204,67.408,59.11,40.11,49.75,160733.201,81744.097,-76429.038,33.333,75.0,12,0,"(0, 1, 1)","(0, 1, 1, 12)",72.06834004016562,0.6619591000489891
6198,瑞築,建材營造,12,67.9057056280043,82.25347067447841,60.21339990484782,65.15432786358683,67.906,82.253,60.213,65.154,15.779,13.298,-1.419,58.333,16.667,12,0,"(1, 1, 1)","(0, 1, 1, 12)",229.8160166706752,0.7941561001352966
6596,寬宏藝術,文化創意業,12,68.08390171821993,80.98053607385513,67.2926608760923,110.11147639515329,68.084,80.981,67.293,110.111,223908.576,175280.814,-52770.472,58.333,58.333,12,0,"(1, 1, 1)","(0, 1, 1, 12)",166.1077770111259,0.7278161998838186
8487,愛爾達-創,數位雲端,12,69.63744354997054,38.38417773682326,23.863980238272735,67.99202742828037,69.637,38.384,23.864,67.992,113309.437,59110.583,38912.917,58.333,58.333,0,12,,,,0.0185112000908702
2905,三商,貿易百貨,11,70.77661504538108,90.21456411406699,91.75988211259838,264.39323955035445,70.777,90.215,91.76,264.393,11824911.577,10559860.091,478925.545,36.364,0.0,0,12,,,,0.0203088999260216
6541,泰福-KY,生技醫療業,12,70.93412246079232,98.64987139078588,90.74857357418368,109.73254273484399,70.934,98.65,90.749,109.733,31793.692,23702.105,322.777,41.667,58.333,12,0,"(1, 1, 1)","(0, 1, 1, 12)",202.38703475075667,0.5398325000423938
6637,醫影,生技醫療業,12,71.01897946617729,52.73615057971782,45.235989222219345,56.01210041196056,71.019,52.736,45.236,56.012,143895.336,68916.167,-30669.5,33.333,58.333,0,12,,,,0.0200427002273499
1340,勝悅-KY,塑膠工業,12,71.24478501104599,74.97877148356758,137.00881310784877,166.21412746495878,71.245,74.979,137.009,166.214,10167.114,9210.823,7730.068,16.667,50.0,12,0,"(0, 1, 1)","(0, 1, 1, 12)",61.24734589006914,0.7122435001656413
2254,巨鎧精密-創,汽車工業,12,71.42507294488004,65.49268141794458,62.38312882353536,104.00172124764867,71.425,65.493,62.383,104.002,35049.717,28436.583,12923.417,33.333,66.667,0,12,,,,0.021227299934253
4582,聚恆-創,綠能環保,12,71.71395640469619,69.47248462514915,68.41883717358257,77.24302553740715,71.714,69.472,68.419,77.243,101016.416,73314.612,1750.201,58.333,50.0,12,0,"(1, 1, 1)","(1, 1, 0, 12)",107.53137078552425,0.4333761997986585
2538,基泰,建材營造,12,72.13850589974803,49.0414266984393,71.63213042569129,79.41946904412355,72.139,49.041,71.632,79.419,23904.891,17953.831,15074.605,33.333,66.667,12,0,"(1, 1, 1)","(0, 1, 1, 12)",101.44587823539996,0.731766999932006
6872,浩宇生醫,生技醫療業,12,72.5555661547267,54.31114447768345,43.70430463877293,78.48983608494257,72.556,54.311,43.704,78.49,926.673,633.833,94.0,50.0,8.333,0,12,,,,0.0239750000182539
3523,迎輝,光電業,12,73.41863031770895,64.05800457901096,70.21452439506403,75.40635222287642,73.419,64.058,70.215,75.406,10739.065,6523.306,-2187.458,41.667,58.333,12,0,"(0, 1, 1)","(0, 1, 1, 12)",63.12580854450128,0.5669956998899579
2545,皇翔,建材營造,12,74.43890028100597,78.98229223518015,74.15294875413075,139.01940457890805,74.439,78.982,74.153,139.019,536383.794,376935.019,38820.781,33.333,58.333,12,0,"(0, 1, 1)","(0, 1, 1, 12)",105.41746897500504,0.4823311001528054
2524,京城,建材營造,12,75.85101557754547,58.86589959197141,77.28396227597723,87.85478050753213,75.851,58.866,77.284,87.855,281971.562,232297.654,171689.949,16.667,66.667,12,0,"(0, 1, 1)","(0, 1, 1, 12)",105.74813570923408,0.4486503000371158
2924,宏太-KY,居家生活類,12,76.56949452053226,63.94008215577958,57.14564216626214,93.45399522428751,76.569,63.94,57.146,93.454,6369.685,4302.887,436.205,58.333,16.667,12,0,"(0, 1, 1)","(0, 1, 1, 12)",74.20541421673082,0.4724470998626202
8089,康全電訊,通信網路業,12,76.78126642857225,49.114644284461825,34.56957456902043,77.59108446516862,76.781,49.115,34.57,77.591,86255.907,52381.716,12455.625,33.333,83.333,12,0,"(0, 1, 1)","(0, 1, 1, 12)",61.15477718566344,0.5740350000560284
1436,華友聯,建材營造,12,76.88480860435355,91.0030059143058,84.08511502571892,147.09062858189853,76.885,91.003,84.085,147.091,376816.034,249293.354,-60747.808,41.667,41.667,12,0,"(1, 1, 1)","(0, 1, 1, 12)",186.02598436632948,0.9880664001684636
6885,全福生技,生技醫療業,12,76.92167577413478,65.71749899901444,7.041325508662193,47.24779764984589,76.922,65.717,7.041,47.248,556.406,351.917,-223.583,58.333,25.0,0,12,,,,0.0158740000333637
4142,國光生,生技醫療業,12,77.06012504249341,91.5879229935846,64.79194682082917,169.5115949406545,77.06,91.588,64.792,169.512,134138.934,89999.804,-20196.787,50.0,58.333,12,0,"(1, 1, 1)","(0, 1, 1, 12)",158.26493316595096,0.5447893999516964
5519,隆大,建材營造,12,77.92349831874384,71.83316421648526,70.17835763003697,91.85003250384248,77.923,71.833,70.178,91.85,511511.856,358537.769,-52852.018,33.333,41.667,12,0,"(1, 1, 1)","(0, 1, 1, 12)",126.60291524633848,0.7058695999439806
6560,欣普羅,光電業,12,78.89924233232135,76.55615325492113,57.47989973551476,220.88235602968857,78.899,76.556,57.48,220.882,14959.045,11349.656,-276.572,66.667,41.667,12,0,"(1, 1, 0)","(1, 1, 0, 12)",94.32279198130551,0.3737878000829369
3115,富榮綱,電子零組件業,12,79.03746182754504,97.95364342278016,37.29537697656195,58.72573006701525,79.037,97.954,37.295,58.726,457.451,290.66,124.661,41.667,33.333,12,0,"(0, 1, 1)","(0, 1, 1, 12)",212.289960648122,0.8933091999497265
3535,晶彩科,電子工業,12,79.39751332757253,105.8166673751269,70.44832494714987,176.77229753610945,79.398,105.817,70.448,176.772,41364.348,30426.517,-21785.431,66.667,66.667,12,0,"(1, 1, 1)","(0, 1, 1, 12)",150.45069669391478,0.708607800072059
5531,鄉林,建材營造,12,80.27312749501802,55.34065958445197,32.21277386272585,117.14656398943535,80.273,55.341,32.213,117.147,123961.161,71753.473,7667.133,50.0,66.667,12,0,"(1, 1, 1)","(0, 1, 1, 12)",144.54665290097907,0.6965700001455843
2539,櫻花建,建材營造,12,80.63751449358155,132.49694274272696,88.67783158308802,77.56354358950291,80.638,132.497,88.678,77.564,1468891.89,940989.396,-705869.804,83.333,50.0,12,0,"(0, 1, 1)","(0, 1, 1, 12)",308.43371117326603,0.5898905999492854
6026,福邦證,金融業,10,81.0384271790192,85.74153768281262,68.11228413908964,173.85192512214692,81.038,85.742,68.112,173.852,124926.867,109491.1,-5082.7,50.0,0.0,0,12,,,,0.0218708000611513
3024,憶聲,光電業,12,82.53396932851231,45.53724049516539,44.48898772269562,84.74471926279566,82.534,45.537,44.489,84.745,238888.947,117746.4,103479.388,25.0,50.0,12,0,"(1, 1, 0)","(1, 1, 0, 12)",45.17858997213925,0.7150824000127614
1418,東華,紡織纖維,12,82.57272611076222,104.24602165890886,94.09499859518402,621.0482008629405,82.573,104.246,94.095,621.048,488.473,366.761,-65.16,50.0,50.0,12,0,"(1, 1, 1)","(0, 1, 1, 12)",149.30071395100123,0.6707833998370916
8034,榮群,通信網路業,12,83.89610509761847,83.58498199031028,74.43986582780255,124.09041481507961,83.896,83.585,74.44,124.09,42176.148,34167.108,-3309.935,41.667,75.0,12,0,"(1, 1, 1)","(0, 1, 1, 12)",123.7705271849819,0.6987614000681788
6806,森崴能源,綠能環保,12,84.1648940635551,70.7291666494135,66.25859146433014,116.30142962035674,84.165,70.729,66.259,116.301,2179767.722,1788868.082,393806.73,33.333,75.0,12,0,"(0, 1, 1)","(0, 1, 1, 12)",85.67641438911969,0.5112495000939816
5324,士開,建材營造,12,84.26948938654081,66.60687003654245,70.3553613856862,90.80242568817378,84.269,66.607,70.355,90.802,103801.805,81353.835,24039.882,25.0,66.667,12,0,"(0, 1, 1)","(0, 1, 1, 12)",107.2205246009424,1.645348200108856
5525,順天,建材營造,12,85.31838844242341,69.60459667384944,72.27114244114706,128.82380129450146,85.318,69.605,72.271,128.824,377978.394,163054.603,-94427.79,33.333,58.333,12,0,"(1, 1, 1)","(0, 1, 1, 12)",150.18091650899018,0.6462781000882387
5523,豐謙,建材營造,12,86.48529034772562,79.41179919391278,76.6880424502011,85.73254928957806,86.485,79.412,76.688,85.733,478.154,378.229,56.756,41.667,50.0,12,0,"(0, 1, 1)","(0, 1, 1, 12)",213.5302937872343,0.4243175000883639
7740,熙特爾-創,綠能環保,9,86.6875822011388,77.28637402184452,65.71102448973069,74.68031332484723,86.688,77.286,65.711,74.68,822325.871,424550.375,-311453.875,75.0,0.0,0,12,,,,0.0171791000757366
2509,全坤建,建材營造,12,87.39277809484923,37.54688191828171,23.257050652926438,95.02148225509454,87.393,37.547,23.257,95.021,49503.835,19248.114,13795.871,50.0,41.667,12,0,"(0, 1, 1)","(0, 1, 1, 12)",109.88831423308076,0.4210049998946488
2548,華固,建材營造,12,88.8281326422681,109.38155706509825,90.65666419910636,191.71607245458003,88.828,109.382,90.657,191.716,3233339.106,1350091.534,-1249912.279,41.667,66.667,12,0,"(1, 1, 1)","(0, 1, 1, 12)",190.0728936892489,0.7688381001353264
4950,金耘國際,鋼鐵工業,12,89.05855291302167,72.84038129552252,43.08835533080085,82.42339499661182,89.059,72.84,43.088,82.423,147788.131,75447.734,29068.372,50.0,41.667,12,0,"(0, 1, 1)","(0, 1, 1, 12)",173.63182900780154,0.5237253999803215
3313,斐成,建材營造,12,89.08090148278998,79.97035618114322,76.37615677093832,95.19369276399182,89.081,79.97,76.376,95.194,1495.054,845.452,-321.573,50.0,58.333,12,0,"(0, 1, 1)","(0, 1, 1, 12)",228.72430648731688,0.4969977999571711
6264,富裔,建材營造,12,89.09441811504377,83.01994455243857,86.9364827776359,96.68126383560804,89.094,83.02,86.936,96.681,17398.629,8578.308,-3599.939,41.667,41.667,12,0,"(0, 1, 1)","(0, 1, 1, 12)",141.21091335834038,0.5361045999452472
5522,遠雄,建材營造,12,89.24934911996105,130.43630675428932,102.69931183343574,315.9922528268626,89.249,130.436,102.699,315.992,3473951.08,2317014.847,-1091525.728,50.0,58.333,12,0,"(1, 1, 1)","(0, 1, 1, 12)",108.50185433753931,0.8176792999729514
8097,常珵,通信網路業,12,89.35802614969235,77.44241012068458,69.50865023992382,138.63009297158405,89.358,77.442,69.509,138.63,34425.848,21098.1,7834.196,50.0,50.0,12,0,"(0, 1, 1)","(0, 1, 1, 12)",192.320106346699,0.5266835000365973
3629,地心引力,文化創意業,12,90.4111259104832,138.7849240143338,88.64257907739133,78.88467746647704,90.411,138.785,88.643,78.885,2863.236,1160.201,-1132.842,75.0,50.0,12,0,"(0, 1, 1)","(0, 1, 1, 12)",169.01188313562318,0.4801526002120226
6177,達麗,建材營造,12,90.75649127737054,71.74040722562557,67.07241874187724,90.11029186281979,90.756,71.74,67.072,90.11,1682779.704,720838.575,-437543.731,33.333,66.667,12,0,"(0, 1, 1)","(0, 1, 1, 12)",196.78094090008773,0.7061680001206696
3714,富采,光電業,12,91.15138006910894,182.0025012366542,100.0,91.0915605293768,41578907081322.14,183.502,100.0,43550564764583.664,2.662558164156568e+18,7.686143364059658e+17,7.68614336402864e+17,91.667,50.0,12,0,"(1, 1, 1)","(0, 1, 1, 12)",-29.687176054333463,1.4767944000195712
5213,亞昕,建材營造,12,91.20500076927442,98.72337719198589,82.22713899399953,204.6449494265913,91.205,98.723,82.227,204.645,2313044.407,1370361.141,-386020.314,41.667,66.667,12,0,"(0, 1, 1)","(0, 1, 1, 12)",167.93849406283505,0.4993060000706464
3631,晟楠,電子零組件業,12,93.06646773736142,79.36382974913391,76.35939984503565,216.45239185124993,93.066,79.364,76.359,216.452,3113.724,2294.786,595.373,33.333,75.0,12,0,"(0, 1, 1)","(0, 1, 1, 12)",80.89803517510823,0.5865156999789178
3466,德晉,通信網路業,12,93.15645786140605,74.48075915884097,44.67794973334982,152.7950541001191,93.156,74.481,44.678,152.795,9544.888,5954.328,1515.705,66.667,50.0,12,0,"(1, 1, 1)","(1, 1, 0, 12)",110.81863029207132,0.6241516000591218
5310,天剛,資訊服務業,12,93.18393264855324,114.41506553515322,80.87513931701605,343.86006849516707,93.184,114.415,80.875,343.86,87.531,63.598,-29.458,50.0,83.333,12,0,"(0, 1, 1)","(0, 1, 1, 12)",161.45251046512072,0.5351220997981727
1808,潤隆,建材營造,12,95.82785342017873,137.31592066520182,115.3220402647412,413.67464732640923,95.828,137.316,115.322,413.675,1270369.184,518736.694,-505342.256,50.0,58.333,12,0,"(0, 1, 1)","(0, 1, 1, 12)",171.55443863708155,0.384513400029391
6461,益得,生技醫療業,12,96.09471807794554,109.20313303377502,90.91782161485482,222.80303215587222,96.095,109.203,90.918,222.803,20340.805,8610.647,-6698.362,50.0,58.333,12,0,"(0, 1, 1)","(0, 1, 1, 12)",150.85328182559758,1.3411048999987545
1446,宏和,紡織纖維,12,96.17513965193933,103.61337189484539,90.19380558267352,282.0935666531864,96.175,103.613,90.194,282.094,113237.61,81728.031,-18063.28,41.667,50.0,12,0,"(0, 1, 1)","(0, 1, 1, 12)",138.8067418071903,0.4852901000995189
2442,新美齊,建材營造,12,96.19315950532945,82.77775673248024,80.54164309492974,82.319026016829,96.193,82.778,80.542,82.319,2803816.158,860648.695,-823725.607,41.667,83.333,12,0,"(0, 1, 1)","(0, 1, 1, 12)",179.20270001581423,0.3835934000089764
5206,坤悅,建材營造,11,96.22061086741749,182.2042582013655,98.09740701663924,89.90019969348417,96.221,182.204,98.097,89.9,637071.843,330492.606,-325099.604,63.636,40.0,8,4,"(1, 1, 1)","(0, 1, 1, 12)",112.4688842908721,0.4491806000005454
2527,宏璟,建材營造,11,96.3031167897189,71.66697513190502,73.84437505407467,151.2127016373293,96.303,71.667,73.844,151.213,77836.825,62077.865,40054.265,18.182,10.0,6,6,"(0, 1, 1)","(0, 1, 1, 12)",157.45219777409918,0.3135164999403059
2718,全心投控,建材營造,12,96.37763073598477,129.79585069523708,98.96477938052023,301.25018444631297,96.378,129.796,98.965,301.25,378116.9,242696.865,-2408.09,50.0,33.333,12,0,"(0, 1, 1)","(0, 1, 1, 12)",180.19423115263308,0.4998576000798493
1516,川飛,其他,12,96.54463620092038,127.93093905273254,85.33608468110047,113.6515342092367,96.545,127.931,85.336,113.652,7627.724,6340.891,-2368.795,58.333,58.333,12,0,"(0, 1, 1)","(0, 1, 1, 12)",278.5772975033048,0.574128600070253
5529,鉅陞,建材營造,12,96.8949084517879,59.070793533793065,36.610568480607284,60.88574769685186,96.895,59.071,36.611,60.886,259273.394,78520.565,-75629.55,50.0,58.333,12,0,"(1, 1, 1)","(0, 1, 1, 12)",130.09644018980418,0.6892930001486093
1439,雋揚,建材營造,12,97.15812962826008,105.73976771097333,87.41216072680744,210.43075410338594,97.158,105.74,87.412,210.431,99136.274,65830.138,-43934.932,50.0,66.667,12,0,"(1, 1, 1)","(0, 1, 1, 12)",119.37249813930444,0.5934558000881225
6101,寬魚國際,文化創意業,12,98.01383533873145,99.84874629800048,66.65220979478299,313.2478565495874,98.014,99.849,66.652,313.248,102888.589,81087.173,-65.961,66.667,50.0,12,0,"(1, 1, 1)","(0, 1, 1, 12)",218.44800525747604,0.6343811000697315
1438,三地開發,建材營造,12,98.04780178043332,190.14759962320866,99.38588458811081,94.54574650072978,98.048,190.148,99.386,94.546,208532.535,102878.699,-102869.15,50.0,50.0,12,0,"(1, 1, 1)","(0, 1, 1, 12)",282.30262773402075,0.6832843001466244
4157,太景*-KY,生技醫療業,12,98.83293878104374,78.2844901958727,80.43447766833489,99.13099015847709,98.833,78.284,80.434,99.131,64446.335,21370.482,-16813.39,41.667,58.333,12,0,"(1, 1, 1)","(0, 1, 1, 12)",189.19316766817985,0.5179651000071317
4168,醣聯,生技醫療業,12,98.93970130768453,158.13874235518338,98.14699929772814,88.87330293831063,98.94,158.139,98.147,88.873,6066.188,3121.63,-3047.945,58.333,83.333,12,0,"(0, 1, 1)","(0, 1, 1, 12)",251.813335601052,0.6834523999132216
6794,向榮生技,生技醫療業,12,99.25921004551041,79.28193592609965,76.77808756031668,144.79739615499346,99.259,79.282,76.778,144.797,3169.309,2490.0,749.833,41.667,66.667,0,12,,,,0.0197449000552296
4909,新復興,通信網路業,12,99.5085095964169,42.75348108512824,24.690250652157125,76.48700689512987,99.509,42.753,24.69,76.487,58065.1,24593.196,20998.978,33.333,50.0,12,0,"(1, 1, 0)","(0, 1, 1, 12)",44.06234973331839,0.6309996000491083
4162,智擎,生技醫療業,12,99.54251759447172,37.90547187796911,22.89833454335058,75.33395167180646,99.543,37.905,22.898,75.334,219460.089,75603.869,72459.896,25.0,75.0,12,0,"(0, 1, 1)","(0, 1, 1, 12)",106.2346331106692,0.6233087999280542
1463,強盛新,紡織纖維,12,99.98426651428083,58.122755423819136,47.556372229940806,92.76173420483399,99.984,58.123,47.556,92.762,132776.228,67662.269,5377.475,50.0,66.667,12,0,"(1, 1, 1)","(0, 1, 1, 12)",73.79207778101926,3.64352299994789
3521,台鋼建設,建材營造,12,100.27734067734393,111.01723015949358,87.92534134260835,469.81345274606525,100.277,111.017,87.925,469.813,52281.158,20624.208,-17810.328,33.333,83.333,12,0,"(1, 1, 1)","(0, 1, 1, 12)",110.1170121108768,0.6274016001261771
2596,綠意,建材營造,12,101.47775811154038,118.86094088660862,120.51375656103565,226.74632353116544,101.478,118.861,120.514,226.746,140547.051,112466.954,-26296.57,41.667,50.0,12,0,"(1, 1, 1)","(0, 1, 1, 12)",197.94013936557872,0.6887497999705374
6219,富旺,建材營造,11,102.62898459081822,74.55643607089122,13.358778625954198,3415.135594142658,102.629,74.556,13.359,3415.136,811033.858,258461.954,-236882.046,45.455,10.0,3,9,"(1, 1, 1)","(0, 1, 1, 12)",195.6709426979409,0.2666744000744074
9946,三發地產,建材營造,12,109.04170142617689,126.70940011110797,218.75279916637717,526.6831316868644,109.042,126.709,218.753,526.683,477355.971,162447.964,-120160.278,33.333,75.0,12,0,"(1, 1, 1)","(0, 1, 1, 12)",144.17357711609142,1.4320541000925004
1805,寶徠,建材營造,12,111.24724781106556,134.81818901069457,97.12515448296043,3782.103619594807,111.247,134.818,97.125,3782.104,56815.466,26422.612,-16363.101,50.0,66.667,12,0,"(0, 1, 1)","(0, 1, 1, 12)",222.7246452909788,0.4539324999786913
5455,昇益,建材營造,12,111.56757556260332,135.3402599287591,107.0484688998087,8222.402623238555,111.568,135.34,107.048,8222.403,499581.081,190064.011,-130868.94,50.0,58.333,12,0,"(1, 1, 1)","(0, 1, 1, 12)",229.10732641710428,0.7687642998062074
2505,國揚,建材營造,12,111.61738906626123,169.27089618187551,99.23245209774731,5677.433350544529,111.617,169.271,99.232,5677.433,603589.94,405685.585,-286102.208,58.333,66.667,12,0,"(1, 1, 1)","(1, 1, 0, 12)",111.5857584745756,0.4936179998330772
6535,順藥,生技醫療業,12,111.98671780206628,134.28407083359787,89.42506404087253,733.9089214815632,111.987,134.284,89.425,733.909,4995.97,3461.416,139.156,50.0,75.0,12,0,"(1, 1, 1)","(0, 1, 1, 12)",199.5211012420007,0.6076612998731434
6983,華洋精機,其他電子類,12,118.59094038717114,122.51009071504966,86.33858300735973,207.54541115969246,118.591,122.51,86.339,207.545,36967.27,30859.833,-5107.5,66.667,41.667,0,12,,,,0.0162076998967677
8087,麗升能源,綠能環保類,12,118.67197107098642,90.2805697133666,81.98312801310723,166.2018193813533,118.672,90.281,81.983,166.202,31175.193,24871.272,5624.275,41.667,58.333,12,0,"(1, 1, 1)","(0, 1, 1, 12)",147.02327403160854,0.635456700110808
2530,華建,建材營造,12,121.03879724766655,124.21189211381073,213.1843573247523,499.7910312150888,121.039,124.212,213.184,499.791,1159133.493,639400.256,-244125.995,16.667,66.667,12,0,"(0, 1, 1)","(0, 1, 1, 12)",214.60856905178937,0.4442571001127362
6692,進能服,綠能環保類,12,121.44907846242059,82.31854993020106,68.70060905963187,182.8309711450695,121.449,82.319,68.701,182.831,191296.421,148093.083,64599.25,33.333,58.333,0,12,,,,0.0204155999235808
6171,大城地產,建材營造,12,122.73596900823382,171.93158026098754,954.4512979382926,26394.465969508703,122.736,171.932,954.451,26394.466,256615.612,120264.373,-64302.948,41.667,50.0,12,0,"(0, 1, 1)","(0, 1, 1, 12)",273.16066471667057,0.8264426998794079
6186,新潤,建材營造,12,128.15358168610004,131.28362085264945,87.25826595857232,956.6742224550441,128.154,131.284,87.258,956.674,1269360.938,1009707.866,-52351.09,50.0,58.333,12,0,"(0, 1, 1)","(0, 1, 1, 12)",259.64175822584,0.456397800007835
6901,鑽石投資,其他,5,128.4622119996341,119.62361938239367,71.1886178702953,255.6553123322745,128.462,119.624,71.189,255.655,210818.772,157276.8,2026.8,60.0,0.0,0,12,,,,0.0249222998972982
6919,康霈*,化學生技醫療,12,139.30909377711177,150.3471558351258,100.0,85.56261673614304,139.309,150.347,100.0,85.563,6681.042,4415.75,566.25,25.0,58.333,0,12,,,,0.0191023000515997
2528,皇普,建材營造,12,141.40603846766652,198.83674722581358,99.98987275595053,529.3856425283136,141.406,198.837,99.99,529.386,1960243.57,1446641.75,-578823.583,91.667,66.667,0,12,,,,0.0328406000044196
7803,雲象科技-創,生技醫療業,12,147.40380695861262,127.29397428495304,107.06720264884102,1947.5796808849427,147.404,127.294,107.067,1947.58,30540.061,23806.083,3659.75,41.667,16.667,0,12,,,,0.0222388000693172
6405,悅城,電子工業,12,151.1475089085194,69.90387523264886,60.81416355094156,181.67179148270344,151.148,69.904,60.814,181.672,195.528,100.135,57.515,50.0,25.0,12,0,"(0, 1, 1)","(0, 1, 1, 12)",100.26268428032463,0.7992424999829382
6550,北極星藥業-KY,生技醫療業,11,155.91635103556362,92.06219418581925,88.7270520406615,825.9669520997745,155.916,92.062,88.727,825.967,8873.514,5925.955,3269.046,27.273,10.0,5,7,"(0, 1, 1)","(0, 1, 1, 12)",233.03689593097977,0.2824727001134306
3018,隆銘綠能,電子工業,12,157.61905697403085,103.08965529320875,210.91443031060444,228.4971160962824,157.619,103.09,210.914,228.497,67721.907,60173.833,38818.667,16.667,58.333,0,12,,,,0.0211462997831404
2888,新光金,金融保險,2,159.33342129896425,86.93268929224074,154.20316582599202,154.20316582599202,159.333,86.933,154.203,154.203,6541081.282,5898847.5,5898847.5,0.0,0.0,0,12,,,,0.0219235001131892
2258,鴻華先進-創,汽車工業,12,160.64115213097975,107.17807614832626,171.48415956469404,218.19527079676698,160.641,107.178,171.484,218.195,606616.708,555078.5,364511.5,16.667,33.333,0,12,,,,0.0233765998855233
3056,富華新,建材營造,12,172.28780422481321,90.83470552458289,77.16930438957091,435.45362837142363,172.288,90.835,77.169,435.454,1092859.615,582107.656,76280.752,41.667,58.333,12,0,"(1, 1, 1)","(0, 1, 1, 12)",199.72144311071352,0.8498248998075724
4174,浩鼎,生技醫療業,12,179.97155027394152,95.56321377610723,102.99143796271247,221.18386317542016,179.972,95.563,102.991,221.184,12983.827,8784.861,5673.162,33.333,50.0,12,0,"(0, 1, 1)","(0, 1, 1, 12)",226.61762420707467,0.6388274999335408
2536,宏普,建材營造,12,198.70388505506597,86.2579461672243,78.3362340540285,158.18079766607883,198.704,86.258,78.336,158.181,4370221.653,1732089.016,837602.532,66.667,66.667,12,0,"(1, 1, 1)","(0, 1, 1, 12)",165.15466066593106,0.5195547000039369
3188,鑫龍騰,建材營造,12,210.54140623313623,86.1460860045371,53.072765784804474,170.79735986819077,210.541,86.146,53.073,170.797,1064048.444,472983.024,346395.859,58.333,33.333,12,0,"(0, 1, 1)","(0, 1, 1, 12)",239.1678609677168,0.6530437001492828
4907,富宇,建材營造,12,215.15123257432052,139.3404252401754,105.644953175547,6349959.019441735,215.151,139.34,105.645,6349959.019,531265.436,313219.316,75274.506,50.0,50.0,12,0,"(0, 1, 1)","(0, 1, 1, 12)",241.04372711729195,0.45494329999201
3512,皇龍,建材營造,12,223.66376945379605,138.3979522654027,100.86402862548091,1272.3754631676657,223.664,138.398,100.864,1272.375,585922.047,267172.71,195967.148,50.0,25.0,12,0,"(0, 1, 1)","(0, 1, 1, 12)",176.02256635341715,0.3522263001650572
9906,欣巴巴,建材營造,12,230.61016148523473,149.12798030358647,137.51911498184043,80564.58930810439,230.61,149.128,137.519,80564.589,476622.71,249102.598,80313.042,50.0,25.0,12,0,"(1, 1, 1)","(0, 1, 1, 12)",258.26894619456846,1.3409885000437498
6838,台新藥,生技醫療業,12,244.88678251711428,191.313882532418,100.0,168.90779363336992,244.887,191.314,100.0,168.908,2678.734,1937.667,507.0,25.0,50.0,0,12,,,,0.0199957001022994
1453,大將,建材營造,12,246.140928759555,82.89279711064131,63.45272407035323,239.94239829288966,246.141,82.893,63.453,239.942,733.26,302.548,223.075,50.0,25.0,12,0,"(0, 1, 1)","(0, 1, 1, 12)",231.50611736058468,0.6441088998690248
6547,高端疫苗,生技醫療業,12,261.29813498966314,84.98886858941344,80.93623504241623,279.2136509321462,261.298,84.989,80.936,279.214,324913.75,133517.25,112296.197,50.0,83.333,12,0,"(1, 1, 1)","(0, 1, 1, 12)",242.51754418705903,0.9310242000501604
2537,聯上發,建材營造,12,268.08400866417,153.36837284279196,434.44210250349784,9526.809427195833,268.084,153.368,434.442,9526.809,578539.412,280515.734,135667.086,41.667,58.333,12,0,"(1, 1, 1)","(0, 1, 1, 12)",239.66427299205708,0.9956323001533748
6576,逸達,生技醫療業,12,277.17572771080376,117.18224518606218,125.81796122355628,629.4567047906738,277.176,117.182,125.818,629.457,151803.612,99615.571,61160.917,25.0,50.0,12,0,"(1, 1, 1)","(0, 1, 1, 12)",249.30131324967616,0.9423510001506656
6785,昱展新藥,生技醫療業,12,311.2967671630948,200.0,100.0,100.0,311.297,200.0,100.0,100.0,1747.796,714.167,255.333,25.0,66.667,0,12,,,,0.0297572999261319
6875,國邑*,生技醫療業,12,314.7529285841708,160.49671831728972,100.0,89.66761207217722,314.753,160.497,100.0,89.668,37076.345,17644.0,8358.333,25.0,66.667,0,12,,,,0.0220370001625269
4113,聯上,建材營造,12,507.33404966204955,152.7176116732065,363.4938320516847,8701.58985659923,507.334,152.718,363.494,8701.59,646926.057,257968.372,234052.397,33.333,66.667,12,0,"(0, 1, 1)","(0, 1, 1, 12)",231.38916020211536,0.4609758001752198
6934,心誠鎂,生技醫療業,2,528.0305045668174,145.05724725943972,528.0305045668174,528.0305045668174,528.031,145.057,528.031,528.031,59546.0,59546.0,59546.0,0.0,0.0,0,12,,,,0.0154325999319553
4806,桂田文創,文化創意業,12,566.1467200644149,109.67408600337546,141.20050327542216,682.6325701685753,566.147,109.674,141.201,682.633,74094.165,38594.222,34325.072,41.667,50.0,12,0,"(1, 1, 1)","(1, 1, 0, 12)",188.4687237680477,0.5644453999120742
6212,理銘,建材營造,12,1397.843200898036,126.01742128848402,89.61582295442363,1633.7497640902793,1397.843,126.017,89.616,1633.75,6556100.502,1974021.355,1836399.973,66.667,66.667,12,0,"(1, 1, 1)","(0, 1, 1, 12)",215.99361422401796,1.0312283001840117
5514,三豐,建材營造,12,7848.344365226712,31.417430562759368,18.29438171550885,7859.1908029658,7848.344,31.417,18.294,7859.191,130664.64,37802.859,37797.348,16.667,33.333,12,0,"(0, 1, 1)","(0, 1, 1, 12)",179.42790072694592,0.4893068999517709
