stock_id,stock_name,industry_category,actual_months,WMAPE,SMAPE,MedianAPE,MAPE,RMSE,MAE,Bias,UnderestimateRate,DirectionAccuracy,WMAPE_numeric_valid,SMAPE_numeric_valid,MedianAPE_numeric_valid,MAPE_numeric_valid,RMSE_numeric_valid,MAE_numeric_valid,Bias_numeric_valid,UnderestimateRate_numeric_valid,DirectionAccuracy_numeric_valid,sarima_months,fallback_months,selected_order,selected_seasonal_order,best_aic,runtime_seconds
6722,輝創,電子工業,2,0.697,0.695,0.697,0.697,2897.0,2897.0,2897.0,0.0,0.0,0.6970678395949933,0.6946467600135716,0.6970678395949933,0.6970678395949933,2897.0,2897.0,2897.0,0.0,0.0,0,12,,,,0.017634900053963
5604,中連,其他,12,0.962,0.974,0.602,0.966,191.693,127.764,-62.007,66.667,66.667,0.9618593298323198,0.9741337895326027,0.6020591422237184,0.9658175294711484,191.69324362888776,127.76377478162703,-62.00710628045181,66.66666666666666,66.66666666666666,12,0,"(0, 1, 1)","(1, 1, 0, 12)",-184.70425364418253,1.2995867000427097
1623,大東電,電器電纜,2,1.426,1.436,1.426,1.426,8755.0,8755.0,-8755.0,100.0,0.0,1.4259816959653921,1.4362218261425181,1.4259816959653921,1.4259816959653921,8755.0,8755.0,-8755.0,100.0,0.0,0,12,,,,0.0116409000474959
6146,耕興,其他電子類,12,1.483,1.505,1.174,1.492,7812.123,5554.696,-1363.213,41.667,50.0,1.483052638278105,1.5050288955360323,1.1737541720619111,1.4921969288885781,7812.122666558396,5554.6957964071335,-1363.2133932575962,41.66666666666667,50.0,12,0,"(1, 1, 0)","(0, 1, 0, 12)",-133.49449175082538,0.5830335998907685
6721,信實,其他,12,1.961,1.976,1.214,1.992,8802.369,5926.291,1854.197,25.0,75.0,1.9609410151261764,1.9763308645406281,1.213861185261721,1.992025795785623,8802.368655432803,5926.290571213826,1854.1968902690376,25.0,75.0,12,0,"(0, 1, 1)","(0, 1, 0, 12)",-213.0022156465188,0.914676700020209
8454,富邦媒,數位雲端,12,1.962,1.942,1.163,1.957,254934.143,177643.233,76460.221,25.0,91.667,1.9617178732314091,1.9418281587398463,1.1628361809582934,1.9569446389984857,254934.14297014682,177643.2328640436,76460.2211141424,25.0,91.66666666666666,12,0,"(1, 1, 0)","(0, 1, 0, 12)",-150.82567025594548,0.7033323999494314
5871,中租-KY,其他,12,2.047,2.034,1.584,2.06,223783.724,166397.676,60042.375,50.0,83.333,2.0465571338129327,2.034101722818587,1.584128625920734,2.059921943103578,223783.72391663564,166397.67618897153,60042.374778394274,50.0,83.33333333333334,12,0,"(0, 1, 1)","(1, 1, 0, 12)",-212.10977915035048,1.1878096000291407
3045,台灣大,電子工業,12,2.158,2.123,1.657,2.117,463129.643,357470.708,-54530.514,50.0,91.667,2.158155354522477,2.122588439645157,1.657071585472111,2.116828494951099,463129.64321491984,357470.70757573115,-54530.51383786354,50.0,91.66666666666666,12,0,"(1, 1, 0)","(0, 1, 0, 12)",-184.5904027179573,0.6230174999218434
5287,數字,數位雲端類,12,2.176,2.202,2.074,2.209,4569.663,4204.889,869.757,41.667,91.667,2.1761406298520254,2.2020135800207177,2.073863156245267,2.209271796271778,4569.66274457766,4204.889441393648,869.7570086009824,41.66666666666667,91.66666666666666,12,0,"(1, 1, 0)","(0, 1, 0, 12)",-208.48703771649545,0.6117702000774443
2433,互盛電,其他電子業,12,2.231,2.235,2.211,2.231,5941.605,5054.471,-190.84,41.667,66.667,2.230917413053234,2.234576885174916,2.210915922659751,2.2312149214600394,5941.6046804458365,5054.470600492682,-190.83994353935364,41.66666666666667,66.66666666666666,12,0,"(0, 1, 1)","(0, 1, 0, 12)",-214.7635160344925,0.7633003999944776
2912,統一超,貿易百貨,12,2.321,2.364,1.894,2.399,914834.781,678249.411,136465.093,50.0,91.667,2.320556088937419,2.36371421217924,1.894286496078736,2.3986106237526217,914834.7810855748,678249.4108888177,136465.09298998304,50.0,91.66666666666666,12,0,"(1, 1, 1)","(0, 1, 0, 12)",-210.37566868413103,0.6685184999369085
3293,鈊象,文化創意業,12,2.328,2.305,2.124,2.338,53916.093,42734.766,24942.345,25.0,83.333,2.3275485009975676,2.3051575684688284,2.1244323806214154,2.337692326777771,53916.093363780754,42734.76610906201,24942.344790464344,25.0,83.33333333333334,12,0,"(1, 1, 0)","(0, 1, 0, 12)",-156.5022983266212,0.5032489001750946
2453,凌群,電子工業,12,2.363,2.478,2.631,2.468,18113.849,14637.817,1290.375,33.333,91.667,2.3632125440981477,2.478091951834384,2.631157022416001,2.4677869594441084,18113.848666331804,14637.817271895396,1290.3750638698984,33.33333333333333,91.66666666666666,12,0,"(0, 1, 1)","(0, 1, 1, 12)",-100.55031701774774,0.8491287999786437
6464,台數科,其他,12,2.387,2.401,2.222,2.411,10051.759,8856.154,1308.438,50.0,91.667,2.3872289192074567,2.4013440054677115,2.222439450888833,2.4113637507301293,10051.75897713042,8856.15378062042,1308.4384503322265,50.0,91.66666666666666,12,0,"(0, 1, 1)","(1, 1, 0, 12)",-111.8583618310562,1.8357037999667227
6257,矽格,電子工業,12,2.468,2.469,3.042,2.468,46413.195,40289.348,4448.087,33.333,50.0,2.4683072369339554,2.4685721070542286,3.0421093294318755,2.467635055428741,46413.19532854819,40289.348031703186,4448.086971496348,33.33333333333333,50.0,12,0,"(0, 1, 1)","(1, 1, 0, 12)",-100.49284238081675,0.7659028000198305
9925,新保,其他,12,2.543,2.519,1.373,2.444,29727.47,17238.532,-10695.62,58.333,66.667,2.5432483854617045,2.5190976184377116,1.3732823380746824,2.4435169108109607,29727.469584909475,17238.53176015918,-10695.619608830544,58.333333333333336,66.66666666666666,12,0,"(0, 1, 1)","(0, 1, 0, 12)",-169.8862783365105,0.7644566998351365
2492,華新科,電子零組件業,12,2.563,2.611,1.602,2.601,107894.895,77879.815,-10365.095,66.667,83.333,2.562898268853631,2.611398903800791,1.6018739867193865,2.6006844584291176,107894.89471374765,77879.81485496282,-10365.094745204784,66.66666666666666,83.33333333333334,12,0,"(1, 1, 0)","(0, 1, 1, 12)",-117.18921295207916,0.9321520999073982
5903,全家,居家生活類,12,2.589,2.683,2.431,2.697,294867.728,237427.045,-61197.735,66.667,75.0,2.5891210200325134,2.682517492212578,2.4311990692791587,2.696549641855216,294867.72777570935,237427.04500921242,-61197.73481015566,66.66666666666666,75.0,12,0,"(1, 1, 0)","(0, 1, 0, 12)",-186.1432299242205,0.5755779999308288
6184,大豐電,其他,12,2.614,2.614,2.297,2.608,5626.79,4701.181,472.643,33.333,50.0,2.61426306465363,2.6139776279528437,2.297179300853786,2.608385950613484,5626.790138381655,4701.181341010437,472.64281996851304,33.33333333333333,50.0,12,0,"(1, 1, 0)","(0, 1, 0, 12)",-293.59358291809866,0.5436876001767814
2441,超豐,電子工業,12,2.705,2.749,2.284,2.751,40994.214,37783.169,6100.115,33.333,83.333,2.7045589870747686,2.7488442456793547,2.283909983461279,2.7506873530841047,40994.213665815536,37783.16910865472,6100.1145304616075,33.33333333333333,83.33333333333334,12,0,"(1, 1, 0)","(0, 1, 1, 12)",-97.23392590768758,0.8565736000891775
4128,中天,生技醫療業,12,2.726,2.726,1.769,2.668,5722.767,4302.305,-2992.592,75.0,75.0,2.725723467605251,2.725644967953268,1.7690687770130693,2.668073438388473,5722.76688205637,4302.304635630358,-2992.592354752065,75.0,75.0,12,0,"(1, 1, 1)","(0, 1, 1, 12)",-53.66153297256182,1.1319035000633448
2640,大車隊,數位雲端類,12,2.739,2.663,2.784,2.711,8518.71,7148.729,6190.919,25.0,66.667,2.7388602651768044,2.663316150886118,2.7842033235063233,2.711487499383235,8518.710157078913,7148.7288491241825,6190.919062733122,25.0,66.66666666666666,12,0,"(1, 1, 1)","(0, 1, 1, 12)",-100.11755880666168,1.6539762001484632
6844,諾貝兒,生技醫療業,12,2.749,2.746,1.45,2.701,11697.009,7894.0,-3865.167,83.333,83.333,2.7487691504577363,2.7464664978187137,1.4495666098190332,2.7005759416776685,11697.008698808426,7894.0,-3865.1666666666665,83.33333333333334,83.33333333333334,0,12,,,,0.0233783000148832
2412,中華電,電子工業,12,2.788,2.714,2.764,2.711,662935.219,548564.382,-97017.465,58.333,83.333,2.7879588599223375,2.7144007144650404,2.7643084497320496,2.7108037492729804,662935.2188804166,548564.3821057305,-97017.46453459002,58.333333333333336,83.33333333333334,12,0,"(0, 1, 1)","(0, 1, 1, 12)",-163.8582297825269,1.3908742000348866
9941,裕融,其他,12,2.811,2.808,2.571,2.81,111821.724,92897.479,-4658.256,50.0,75.0,2.811003146429697,2.8079592640139537,2.570805044233971,2.809690494742316,111821.72415553588,92897.47915258985,-4658.255946851995,50.0,75.0,12,0,"(1, 1, 1)","(0, 1, 0, 12)",-204.2806222862081,1.3640053998678925
6469,大樹,生技醫療業,12,2.908,2.916,2.487,2.918,55471.673,45734.737,1163.029,41.667,91.667,2.907736732035391,2.916443172015801,2.4871128327756753,2.9182627306576947,55471.67296107858,45734.737003619295,1163.0292018345597,41.66666666666667,91.66666666666666,12,0,"(1, 1, 1)","(0, 1, 0, 12)",-134.7541091050958,1.6054908998776227
6525,捷敏-KY,半導體業,12,2.913,3.059,1.764,3.022,17570.53,12928.006,-2544.327,50.0,66.667,2.912855658685085,3.058828922198764,1.7635443808478792,3.0217500781729187,17570.529977243208,12928.005900956234,-2544.3267812636427,50.0,66.66666666666666,12,0,"(1, 1, 1)","(0, 1, 1, 12)",-69.46963508428941,1.4131710999645293
6592,和潤企業,其他,12,2.914,2.996,1.573,2.923,90862.968,57554.848,-15264.336,50.0,75.0,2.913663745549094,2.9963227415814875,1.5729909730091953,2.923399385906867,90862.96839529183,57554.8479851356,-15264.335949206163,50.0,75.0,12,0,"(1, 1, 0)","(0, 1, 0, 12)",-163.02725311435054,0.4668247001245618
2755,揚秦,觀光餐旅,12,2.935,2.978,3.06,2.975,8696.089,7445.68,-229.725,50.0,91.667,2.934563755599184,2.978142954440054,3.059774922405218,2.975288739974261,8696.089347221936,7445.680315907492,-229.72511068718936,50.0,91.66666666666666,12,0,"(1, 1, 1)","(0, 1, 0, 12)",-134.01585749680538,0.624462999869138
1259,安心,觀光餐旅,12,3.005,3.038,2.716,3.053,19951.821,15184.724,-1162.421,58.333,83.333,3.005214315421426,3.0378341332499517,2.7156108219925454,3.0530886197192952,19951.821358304947,15184.724353854015,-1162.4210730816267,58.333333333333336,83.33333333333334,12,0,"(1, 1, 0)","(0, 1, 1, 12)",-117.98136733577712,2.014728599926457
2947,振宇五金,居家生活類,12,3.014,2.998,2.101,3.07,7328.356,5776.033,5408.476,8.333,83.333,3.014494598222752,2.997947626549524,2.100517711395306,3.069656485517787,7328.356330667267,5776.032906393305,5408.475651490534,8.333333333333332,83.33333333333334,12,0,"(1, 1, 1)","(0, 1, 0, 12)",-129.66718624306608,0.7077289998997003
2496,卓越,其他,12,3.04,3.048,3.315,3.058,2580.37,2205.835,98.765,58.333,75.0,3.0396596695311993,3.047753855846271,3.314820727128716,3.058047386212208,2580.369993386481,2205.8354272837482,98.76546539472959,58.333333333333336,75.0,12,0,"(0, 1, 1)","(1, 1, 0, 12)",-118.2113154146384,0.8175846999511123
9917,中保科,其他,12,3.061,3.034,2.808,3.055,56334.583,48482.56,15372.241,33.333,75.0,3.0612396898525076,3.033779453257483,2.8083544334987147,3.0548992007976463,56334.583059263925,48482.55960932126,15372.240648684596,33.33333333333333,75.0,12,0,"(0, 1, 1)","(0, 1, 0, 12)",-191.2388025186593,0.7958358000032604
2723,美食-KY,觀光餐旅,12,3.076,2.984,2.475,3.02,55869.225,46466.817,23012.325,25.0,91.667,3.0764224037717605,2.9842688550804493,2.4754346116593613,3.020101953162201,55869.225082020814,46466.81723311866,23012.32547793751,25.0,91.66666666666666,12,0,"(1, 1, 0)","(0, 1, 0, 12)",-138.10896900885697,0.6652460999321193
6929,佑全,生技醫療業,12,3.107,3.1,2.126,3.155,10787.343,8341.25,3727.75,41.667,66.667,3.1068007572157574,3.0999517685963363,2.126012313105055,3.154536515732959,10787.343251082106,8341.25,3727.75,41.66666666666667,66.66666666666666,0,12,,,,0.0301918999757617
3467,台灣精材,半導體業,12,3.124,3.119,2.835,3.123,1946.257,1600.091,-169.182,63.636,0.0,3.1240737026512293,3.119080871126453,2.8350915296307786,3.1225817513820533,1946.2573173798335,1600.090909090909,-169.1818181818182,63.63636363636363,0.0,0,12,,,,0.019949700217694
2850,新產,金融保險,12,3.143,3.08,1.56,3.1,84008.653,56474.052,738.891,66.667,75.0,3.142983506812459,3.079952615112545,1.559700023059737,3.099864080001146,84008.65250813648,56474.05221138786,738.8908387857955,66.66666666666666,75.0,12,0,"(0, 1, 1)","(0, 1, 0, 12)",-150.52816314833964,0.5880854001734406
4175,杏一,生技醫療業,12,3.197,3.146,2.238,3.193,27027.024,21347.748,7462.202,41.667,91.667,3.1969112990044577,3.1464460507159933,2.2375645731634197,3.193280325446299,27027.023621353113,21347.748172087147,7462.202463112849,41.66666666666667,91.66666666666666,12,0,"(1, 1, 1)","(0, 1, 0, 12)",-115.88145097240717,0.7354019000194967
9904,寶成,運動休閒,12,3.207,3.3,2.71,3.357,855357.81,671804.821,214795.599,50.0,83.333,3.2067032806444717,3.300417382864391,2.709545669466951,3.3569269185049864,855357.81029098,671804.8209727617,214795.59868396758,50.0,83.33333333333334,12,0,"(0, 1, 1)","(0, 1, 1, 12)",-74.89329025837907,1.339886900037527
5601,台聯櫃,航運業,12,3.216,3.194,2.91,3.222,305.454,250.785,41.523,41.667,91.667,3.2155638121102412,3.1938423608854216,2.9095329591208205,3.2222023198575833,305.45418597098757,250.78450134298782,41.52310220639189,41.66666666666667,91.66666666666666,12,0,"(0, 1, 1)","(0, 1, 0, 12)",-177.5212561981712,0.8955409999471158
2610,華航,航運業,12,3.397,3.39,3.322,3.388,695891.261,591958.046,73041.995,41.667,91.667,3.3973341732867612,3.390459261621756,3.322080140766568,3.3877808482706198,695891.2608368492,591958.0462217688,73041.99530480088,41.66666666666667,91.66666666666666,12,0,"(0, 1, 1)","(0, 1, 1, 12)",-79.87497299748578,0.953720699995756
8021,尖點,電子工業,12,3.429,3.516,2.484,3.437,16458.008,12602.372,-8176.571,75.0,75.0,3.429136078398877,3.5162923820260406,2.4836076337255952,3.437009435317066,16458.008231172196,12602.372279909336,-8176.570832003056,75.0,75.0,12,0,"(0, 1, 1)","(0, 1, 1, 12)",-120.88426980327216,1.6510408001486212
2352,佳世達,電子工業,12,3.465,3.497,2.704,3.545,801858.968,601114.776,219200.386,41.667,83.333,3.464580150271082,3.4971464136300963,2.703514609337153,3.5451878199317823,801858.9682885443,601114.7755332217,219200.38631469384,41.66666666666667,83.33333333333334,12,0,"(0, 1, 1)","(0, 1, 0, 12)",-120.24486610609392,0.4927812998648733
6239,力成,電子工業,12,3.467,3.488,3.35,3.426,244433.986,216496.33,-184734.32,91.667,75.0,3.467208784997544,3.4877866371816233,3.3503319232890085,3.4256375326938904,244433.9863270469,216496.33046491016,-184734.3204108985,91.66666666666666,75.0,12,0,"(1, 1, 0)","(0, 1, 0, 12)",-161.9881599266765,0.6628182998392731
3402,漢科,其他電子類,12,3.54,3.512,3.537,3.556,19050.161,15475.818,4343.461,50.0,66.667,3.5401579163456693,3.5118646567101766,3.5366957801581944,3.5560711957346105,19050.161100005123,15475.818032094676,4343.46129380965,50.0,66.66666666666666,12,0,"(1, 1, 0)","(0, 1, 1, 12)",-64.35812335421112,1.0193308000452816
1216,統一,食品工業,12,3.546,3.531,3.238,3.564,2454656.018,1988221.127,347369.866,33.333,75.0,3.545837797422434,3.5310799787455536,3.2375954941609457,3.5644210523487416,2454656.0180778494,1988221.1267034218,347369.86633555655,33.33333333333333,75.0,12,0,"(1, 1, 0)","(0, 1, 0, 12)",-185.02302877556164,0.6424821999389678
8070,長華*,電子通路業,12,3.613,3.712,2.01,3.606,83078.764,58259.358,-22826.505,50.0,58.333,3.6126511208679406,3.711599734619587,2.0104543653697853,3.6064646496388804,83078.76383869114,58259.358089824826,-22826.50507941807,50.0,58.333333333333336,12,0,"(1, 1, 0)","(0, 1, 1, 12)",-120.66559559038348,1.069026199867949
3605,宏致,電子零組件業,12,3.634,3.679,2.968,3.734,42113.285,32884.117,10767.657,33.333,91.667,3.6337523234994293,3.6785615913193523,2.967579815450219,3.7343524372876287,42113.285030294,32884.11706743707,10767.657365585657,33.33333333333333,91.66666666666666,12,0,"(1, 1, 0)","(0, 1, 1, 12)",-78.12256219984243,0.8382082998286933
4205,中華食,食品工業,12,3.636,3.527,3.721,3.596,7076.057,6229.492,4375.171,25.0,58.333,3.635927425069687,3.5269600414138966,3.720544821406027,3.5959578732631328,7076.056959782568,6229.492026222792,4375.170500281999,25.0,58.333333333333336,12,0,"(0, 1, 1)","(0, 1, 0, 12)",-157.61154573289937,0.664442399982363
2836,高雄銀,金融保險,12,3.639,3.676,3.607,3.613,19459.217,15229.043,-5076.872,50.0,75.0,3.639448122618067,3.6755672571633293,3.606898578125426,3.613300557112204,19459.216630475756,15229.043203587638,-5076.871656165764,50.0,75.0,12,0,"(0, 1, 1)","(0, 1, 1, 12)",-81.34992905231259,0.7335560000501573
2753,八方雲集,觀光餐旅,12,3.693,3.71,3.273,3.733,32942.891,27055.273,7094.266,50.0,75.0,3.693082512001035,3.709531045470107,3.27312471643033,3.7325310434796597,32942.891255000904,27055.273199850024,7094.266019338092,50.0,75.0,12,0,"(0, 1, 1)","(0, 1, 0, 12)",-184.52706997338635,0.6701373001560569
2945,三商家購,貿易百貨,12,3.693,3.812,2.85,3.815,56638.995,45564.316,-10068.699,58.333,75.0,3.693460914256942,3.8119716918364057,2.8497492106789233,3.815468716497019,56638.99502594638,45564.31593316477,-10068.699012838246,58.333333333333336,75.0,12,0,"(1, 1, 1)","(0, 1, 0, 12)",-144.9352967861332,0.705148900160566
1232,大統益,食品工業,12,3.768,3.838,3.93,3.895,79848.401,67546.867,23660.374,50.0,75.0,3.7677670876937492,3.837930697999523,3.9299860060983653,3.894517734048212,79848.4006925522,67546.86739084905,23660.374295650206,50.0,75.0,12,0,"(0, 1, 1)","(0, 1, 1, 12)",-71.51191579849764,1.0981153000611812
6690,安碁資訊,數位雲端類,12,3.774,3.866,3.776,3.871,8413.204,7648.353,600.671,50.0,91.667,3.7739253475055716,3.8659882045351237,3.7762598216552172,3.8712380005459757,8413.203666586453,7648.353471953007,600.6705023995091,50.0,91.66666666666666,12,0,"(0, 1, 1)","(0, 1, 0, 12)",-42.45976070911947,0.3420538001228124
9937,全國,油電燃氣業,12,3.782,3.781,3.479,3.825,82774.541,71043.299,9539.521,58.333,66.667,3.781766055825004,3.7814087059632526,3.479445647579181,3.8253287816231394,82774.54137357464,71043.29907732771,9539.521444835002,58.333333333333336,66.66666666666666,12,0,"(1, 1, 1)","(0, 1, 1, 12)",-110.8229213559836,3.899849999928847
2329,華泰,電子工業,12,3.844,4.07,5.081,3.985,79961.035,63049.831,-30903.238,66.667,58.333,3.843855163085355,4.070294947510365,5.080686526128628,3.985296703664651,79961.03519166201,63049.8305116373,-30903.238119835576,66.66666666666666,58.333333333333336,12,0,"(0, 1, 1)","(0, 1, 1, 12)",-109.94012537546168,1.1201167998369783
1905,華紙,造紙工業,12,3.881,3.732,2.961,3.808,82389.684,60700.11,30845.554,33.333,50.0,3.881289847123296,3.732054985470378,2.9606625840297385,3.8083459809201874,82389.68354136223,60700.109691128564,30845.553807361674,33.33333333333333,50.0,12,0,"(0, 1, 1)","(0, 1, 1, 12)",-83.02839343150451,0.888919800054282
2369,菱生,電子工業,12,3.95,3.996,3.465,3.902,25691.318,18295.573,-11943.926,66.667,83.333,3.9501241898838635,3.996000377327379,3.4645201770789695,3.9023505646457077,25691.317536189432,18295.572953454644,-11943.925909370873,66.66666666666666,83.33333333333334,12,0,"(1, 1, 0)","(0, 1, 1, 12)",-106.61271370906957,1.0288794999942183
3484,崧騰,電子零組件業,12,3.954,3.856,3.2,3.92,20545.485,15256.455,4327.905,33.333,75.0,3.954297761550655,3.8562883489055433,3.2002988197463687,3.920134737135448,20545.485115938664,15256.455147374063,4327.905059654867,33.33333333333333,75.0,12,0,"(1, 1, 0)","(0, 1, 1, 12)",-69.05028964706099,1.0923592001199722
8028,昇陽半導體,電子工業,12,3.955,3.928,3.028,4.022,20593.369,14863.441,6757.704,25.0,75.0,3.9551572449920114,3.928214043090235,3.0283962908452318,4.021968280563321,20593.368773868293,14863.441375107528,6757.704049984454,25.0,75.0,12,0,"(1, 1, 1)","(0, 1, 0, 12)",-106.36346831913175,1.0265357999596745
6831,邁科,電腦及週邊設備業,4,3.956,3.878,2.294,4.002,16830.796,12403.333,6385.333,66.667,0.0,3.9558719875147106,3.8780560121563576,2.293915447938203,4.001988829669696,16830.796119019444,12403.333333333334,6385.333333333333,66.66666666666666,0.0,0,12,,,,0.0134125999175012
3711,日月光投控,電子工業,12,3.957,4.082,3.492,4.085,2530030.197,2128346.229,-220717.198,58.333,58.333,3.9573351577076226,4.082098708662964,3.491532576567634,4.08458500883095,2530030.197229246,2128346.2292795093,-220717.1983997946,58.333333333333336,58.333333333333336,12,0,"(0, 1, 1)","(0, 1, 0, 12)",-150.23040873233458,0.601132299983874
3130,一零四,數位雲端,12,3.979,4.003,3.107,3.996,11387.882,8867.991,787.615,50.0,66.667,3.9790018199534547,4.0033804338379175,3.107308439575905,3.995592986383768,11387.881826201969,8867.991408625714,787.6153368832796,50.0,66.66666666666666,12,0,"(0, 1, 1)","(0, 1, 1, 12)",-104.27018090952076,1.3649739001411945
3707,漢磊,半導體業,12,4.008,4.279,3.156,4.102,27994.758,19259.474,-12828.891,50.0,58.333,4.008234654808759,4.278714365201199,3.1559123737889774,4.102372458361354,27994.75773805006,19259.47399088081,-12828.891018248343,50.0,58.333333333333336,12,0,"(0, 1, 1)","(0, 1, 0, 12)",-155.18274920553202,0.5037308998871595
2402,毅嘉,電子零組件業,12,4.072,4.104,3.329,4.085,43497.766,36810.628,-3425.527,58.333,50.0,4.071606225288739,4.103731320960959,3.3293757337564274,4.084935926332007,43497.76639344525,36810.62845666825,-3425.5269514244283,58.333333333333336,50.0,12,0,"(1, 1, 1)","(0, 1, 1, 12)",-76.08628760226486,1.6536415999289602
5312,寶島科,生技醫療業,12,4.082,4.052,3.529,4.021,17231.802,14246.542,-2276.36,50.0,58.333,4.082451647524607,4.051636571875914,3.5285601227162724,4.020832212185196,17231.802209628673,14246.54172049574,-2276.3600544868336,50.0,58.333333333333336,12,0,"(1, 1, 1)","(0, 1, 0, 12)",-47.20382611039009,0.6705063998233527
3264,欣銓,半導體業,12,4.115,4.133,3.684,4.082,54143.121,48104.165,-23033.78,75.0,66.667,4.114848930531257,4.133245499962767,3.6842555902785854,4.081672151646383,54143.120754936266,48104.16478570787,-23033.780217796797,75.0,66.66666666666666,12,0,"(0, 1, 1)","(0, 1, 0, 12)",-161.56008378637728,0.7217228000517935
6961,旅天下,觀光餐旅,2,4.152,4.24,4.152,4.152,10785.0,10785.0,-10785.0,100.0,0.0,4.152101267382232,4.2401284815936755,4.152101267382232,4.152101267382232,10785.0,10785.0,-10785.0,100.0,0.0,0,12,,,,0.0136302001774311
3551,世禾,綠能環保類,12,4.162,4.202,3.857,4.134,12220.032,10376.372,-3963.368,58.333,58.333,4.161778852346442,4.201629827264094,3.8570128671555057,4.134026778469505,12220.031514341204,10376.372464357986,-3963.3683396803826,58.333333333333336,58.333333333333336,12,0,"(1, 1, 0)","(0, 1, 1, 12)",-140.3650122511571,1.186586600029841
2002,中鋼,鋼鐵工業,12,4.187,4.116,3.241,4.193,1488038.439,1106690.252,418644.299,33.333,83.333,4.187312819933535,4.116329958798879,3.241193032074992,4.19329307245309,1488038.4392167274,1106690.252380504,418644.2988859446,33.33333333333333,83.33333333333334,12,0,"(1, 1, 0)","(0, 1, 1, 12)",-93.21248714709468,0.8868313999846578
1730,花仙子,化學生技醫療,12,4.211,4.13,3.336,4.083,10305.361,8463.011,-2393.204,58.333,83.333,4.210963011520338,4.130095853858664,3.335592119220661,4.082972376826944,10305.361086397188,8463.010985489744,-2393.204327284356,58.333333333333336,83.33333333333334,12,0,"(1, 1, 1)","(0, 1, 1, 12)",-48.64040075086215,1.369165000040084
2617,台航,航運業,12,4.216,4.23,2.867,4.215,20466.022,15107.807,-3385.663,50.0,66.667,4.216292151151193,4.2302465480398155,2.8667719964298497,4.215201301986067,20466.021852111182,15107.807495274576,-3385.6629717938727,50.0,66.66666666666666,12,0,"(1, 1, 0)","(0, 1, 0, 12)",-127.85915170557104,0.4390461998991668
3189,景碩,電子工業,12,4.227,4.523,2.222,4.38,202123.215,138621.989,-36181.071,50.0,75.0,4.227236440930822,4.522904834568028,2.2218900342713446,4.379609699817758,202123.2151282602,138621.98916813926,-36181.07140163115,50.0,75.0,12,0,"(1, 1, 0)","(0, 1, 1, 12)",-76.32887738945205,1.4209129000082612
4904,遠傳,電子工業,12,4.244,4.115,3.098,4.105,498128.169,390243.14,-103175.796,58.333,83.333,4.243846095972456,4.114580216781876,3.098014190490154,4.104519315126612,498128.1690420715,390243.140068605,-103175.7962680376,58.333333333333336,83.33333333333334,12,0,"(1, 1, 1)","(0, 1, 1, 12)",-144.9348191667219,1.8995984999928623
2613,中櫃,航運業,12,4.257,4.338,3.337,4.377,14641.902,11947.29,1164.755,58.333,75.0,4.257295048166633,4.337667465379744,3.337420869098135,4.376643984997367,14641.901960334475,11947.289666620505,1164.7547882279275,58.333333333333336,75.0,12,0,"(0, 1, 1)","(0, 1, 0, 12)",-135.23900758053725,0.5114265999291092
4976,佳凌,電子工業,12,4.283,4.124,3.863,4.206,4574.204,3641.563,1511.877,41.667,75.0,4.283121512051516,4.124054536092136,3.8632613154503987,4.206373547255713,4574.203682028,3641.5634485651003,1511.8771131701142,41.66666666666667,75.0,12,0,"(1, 1, 0)","(0, 1, 1, 12)",-41.83249931143369,1.3643314999062568
6138,茂達,半導體業,12,4.289,4.365,3.521,4.368,33722.591,26746.405,-3085.78,50.0,66.667,4.288751903844843,4.365315542438472,3.5208634894518656,4.368175904578629,33722.5914059589,26746.40453877726,-3085.7801377241944,50.0,66.66666666666666,12,0,"(1, 1, 0)","(0, 1, 1, 12)",-89.61324450393536,1.2662460999563336
8284,三竹,資訊服務業,12,4.301,4.363,4.233,4.32,12744.997,10600.011,-2435.626,50.0,83.333,4.301443252872629,4.363488542520147,4.232852859230935,4.319732448855463,12744.997242149164,10600.010762693579,-2435.6256075119454,50.0,83.33333333333334,12,0,"(1, 1, 1)","(0, 1, 0, 12)",-144.04691430525463,0.6348910999950022
2642,宅配通,航運業,12,4.304,4.316,3.149,4.419,18014.693,13640.77,5518.08,41.667,83.333,4.304417275936447,4.316455087574798,3.1493721867001527,4.418928438957043,18014.692800765642,13640.770087730532,5518.079895176202,41.66666666666667,83.33333333333334,12,0,"(1, 1, 1)","(0, 1, 0, 12)",-151.3108228509882,0.6732339998707175
8044,網家,數位雲端類,12,4.308,4.557,3.331,4.494,170336.306,132359.385,-48521.874,66.667,83.333,4.30824359039094,4.557079641535624,3.3310936996388625,4.493624685263254,170336.3059764343,132359.38542026203,-48521.87427785372,66.66666666666666,83.33333333333334,12,0,"(0, 1, 1)","(0, 1, 0, 12)",-131.63698131622778,0.5092671001330018
5452,佶優,其他電子類,12,4.313,4.291,4.095,4.368,21854.183,17624.549,9850.837,16.667,83.333,4.312709677426302,4.290836592238781,4.095146511729089,4.368126307932718,21854.183187225215,17624.54937895312,9850.837412263523,16.666666666666664,83.33333333333334,12,0,"(1, 1, 0)","(0, 1, 1, 12)",-78.80257630565404,0.9448007000610232
2351,順德,電子工業,12,4.325,4.399,2.744,4.42,48620.453,36926.097,4677.984,41.667,50.0,4.325151980381111,4.399373714403723,2.7444539027317525,4.420414133341933,48620.45282274354,36926.096765596565,4677.984219163569,41.66666666666667,50.0,12,0,"(1, 1, 0)","(0, 1, 1, 12)",-111.97769215110868,0.8654225999489427
3044,健鼎,電子工業,12,4.349,4.436,2.646,4.415,320089.843,266029.37,-37060.376,50.0,83.333,4.349295726929734,4.435627981025149,2.6463161629268948,4.41542292296219,320089.8432887237,266029.3703770423,-37060.37631313464,50.0,83.33333333333334,12,0,"(1, 1, 0)","(0, 1, 1, 12)",-92.83615783722264,1.0061937000136822
2615,萬海,航運業,12,4.407,4.312,3.708,4.388,615134.774,515576.373,220097.672,33.333,75.0,4.407416478555437,4.312140421447898,3.707589549666088,4.38831777741446,615134.7737200619,515576.3732659269,220097.67177037816,33.33333333333333,75.0,12,0,"(1, 1, 0)","(0, 1, 1, 12)",-49.01424379598935,0.7260801999364048
7716,昱臺國際,航運業,5,4.41,4.263,2.168,4.449,9945.25,6643.75,2992.25,75.0,0.0,4.409763706358689,4.263070513096585,2.168419906437222,4.449395037830511,9945.249783187952,6643.75,2992.25,75.0,0.0,0,12,,,,0.0150521001778543
9930,中聯資源,綠能環保,12,4.418,4.411,4.327,4.514,63261.063,51511.488,24511.445,25.0,75.0,4.417989070780922,4.410588117093908,4.32695617558739,4.513928595700093,63261.06255059991,51511.48834590678,24511.445272220473,25.0,75.0,12,0,"(0, 1, 1)","(0, 1, 1, 12)",-98.94817528683568,3.928226599935442
3005,神基,電腦及週邊設備業,12,4.426,4.48,2.787,4.331,221078.414,145495.664,-62928.274,50.0,83.333,4.425965517702879,4.480120748307389,2.787330013798229,4.3310022573761255,221078.41389717374,145495.66440976868,-62928.27367215464,50.0,83.33333333333334,12,0,"(0, 1, 1)","(0, 1, 1, 12)",-35.43640382943069,0.8065145001746714
2618,長榮航,航運業,12,4.467,4.519,3.757,4.504,1033057.336,820222.671,148670.013,33.333,66.667,4.467172511596698,4.519075044013982,3.757138970246812,4.504195322577394,1033057.335829459,820222.6709347268,148670.01342266798,33.33333333333333,66.66666666666666,12,0,"(0, 1, 1)","(0, 1, 1, 12)",-99.3223237946955,1.0339712998829782
4919,新唐,半導體業,12,4.467,4.527,4.562,4.572,138305.481,113516.106,18350.871,50.0,83.333,4.467317988740837,4.526503138021764,4.561989672651058,4.5723993836180945,138305.48066476075,113516.10620967073,18350.870768903445,50.0,83.33333333333334,12,0,"(1, 1, 0)","(0, 1, 1, 12)",-37.73297845800213,1.0394400998484343
6741,91APP*-KY,數位雲端類,12,4.513,4.3,2.658,4.281,9514.192,6794.621,327.085,41.667,100.0,4.5132363408179454,4.2996979423088275,2.6575829493568617,4.28103352047133,9514.192120300713,6794.620895647156,327.08477073183286,41.66666666666667,100.0,12,0,"(0, 1, 1)","(0, 1, 0, 12)",-150.8424969377694,0.8518524998798966
2430,燦坤,電子通路業,12,4.543,4.491,2.524,4.576,94050.676,66921.71,16126.037,33.333,75.0,4.542985087230757,4.4914418732981,2.52392548323164,4.575532728090843,94050.67622881557,66921.71007745618,16126.037080883883,33.33333333333333,75.0,12,0,"(0, 1, 1)","(0, 1, 0, 12)",-84.7554961055902,0.4491373999044299
2926,誠品生活,文化創意業,12,4.544,4.518,4.521,4.517,28058.309,26400.005,1853.422,41.667,83.333,4.543921393378856,4.518247057276308,4.521401120164915,4.516708286841958,28058.309079717517,26400.00532527658,1853.4223735249059,41.66666666666667,83.33333333333334,12,0,"(1, 1, 0)","(0, 1, 1, 12)",-91.98286071477688,0.9906310997903348
4121,優盛,生技醫療業,12,4.552,4.574,4.032,4.658,18015.866,14413.911,4060.51,50.0,66.667,4.552289693374581,4.574467331291323,4.031554969772798,4.658096278863546,18015.866061774806,14413.911062557192,4060.509937872974,50.0,66.66666666666666,12,0,"(0, 1, 1)","(0, 1, 0, 12)",-67.2114314057418,0.3567536000628024
6770,力積電,電子工業,12,4.562,4.614,3.332,4.581,204398.475,177649.288,-36631.609,58.333,58.333,4.561922417274158,4.61444237626269,3.3324078712216654,4.581046805278807,204398.47508597616,177649.28791211013,-36631.60868385702,58.333333333333336,58.333333333333336,12,0,"(1, 1, 0)","(1, 1, 0, 12)",-110.3890487994046,1.5096150999888778
4766,南寶,化學生技醫療,12,4.578,4.627,2.904,4.653,117283.875,88514.244,38935.476,16.667,75.0,4.5782633843516205,4.627232444799761,2.904433961875988,4.653348107013434,117283.87532633566,88514.24429374973,38935.47558551247,16.666666666666664,75.0,12,0,"(0, 1, 1)","(0, 1, 1, 12)",-63.73121754368992,0.9161466001532972
1231,聯華食,食品工業,12,4.599,4.567,3.184,4.623,64143.985,49313.295,22256.122,25.0,91.667,4.599001484531671,4.566857898203295,3.183874567805673,4.6227704204040965,64143.985279637986,49313.295475552906,22256.121721635962,25.0,91.66666666666666,12,0,"(0, 1, 1)","(0, 1, 1, 12)",-120.92470308424144,1.335532600060105
1907,永豐餘,造紙工業,12,4.599,4.557,5.169,4.669,331591.259,282238.779,189940.573,25.0,75.0,4.599346125307465,4.556550846550528,5.168605565220173,4.668958400477901,331591.25884062244,282238.7791597816,189940.5734249941,25.0,75.0,12,0,"(0, 1, 1)","(0, 1, 1, 12)",-82.49339735392451,0.8692190998699516
2504,國產,建材營造,12,4.603,4.958,2.298,4.937,115686.726,86433.462,1937.908,58.333,75.0,4.603089720529616,4.957738448160706,2.297935628667115,4.937200167557569,115686.72591026784,86433.46235251725,1937.9081716507596,58.333333333333336,75.0,12,0,"(0, 1, 1)","(0, 1, 1, 12)",-65.84233744680542,0.8999147999566048
1210,大成,食品工業,12,4.616,4.678,4.853,4.691,487963.673,394611.848,65555.222,41.667,58.333,4.616268217595995,4.678337485024951,4.853123997959257,4.6912928289298135,487963.6730116814,394611.8482361098,65555.2219306891,41.66666666666667,58.333333333333336,12,0,"(1, 1, 1)","(0, 1, 1, 12)",-104.42511355152996,1.414880699943751
6183,關貿,電子工業,12,4.618,4.575,2.746,4.584,14738.69,10594.517,1697.942,41.667,91.667,4.61756289302443,4.575117312514843,2.7464533507043507,4.584074382241351,14738.690408357123,10594.517061909864,1697.9419265095396,41.66666666666667,91.66666666666666,12,0,"(0, 1, 1)","(0, 1, 1, 12)",-46.02580793250807,0.7311099001672119
2601,益航,航運業,12,4.618,4.614,3.344,4.727,19992.497,16210.26,4775.953,58.333,91.667,4.617778046700138,4.613727841836124,3.3443871631240922,4.726787080262801,19992.497133483033,16210.259599581283,4775.953089327212,58.333333333333336,91.66666666666666,12,0,"(0, 1, 1)","(0, 1, 1, 12)",-66.83776764149832,0.8766115999314934
3587,閎康,其他電子類,12,4.634,4.741,3.517,4.679,25112.154,21415.682,-5680.661,58.333,75.0,4.634303089451397,4.740979881458477,3.5170883852212302,4.67941126686627,25112.153888565757,21415.682278483364,-5680.661053002186,58.333333333333336,75.0,12,0,"(0, 1, 1)","(0, 1, 0, 12)",-137.77807286418764,0.5821241999510676
8438,昶昕,綠能環保,12,4.635,4.758,5.037,4.764,17200.891,14839.343,-5210.393,75.0,66.667,4.635234211997417,4.758159826737998,5.037002698642792,4.7637291901220244,17200.891045211953,14839.3430990583,-5210.3933632696235,75.0,66.66666666666666,12,0,"(1, 1, 0)","(0, 1, 1, 12)",-80.63214661949247,1.422273099888116
9926,新海,油電燃氣業,12,4.645,4.789,3.634,4.757,10802.62,9561.122,-2364.561,58.333,83.333,4.645408668289964,4.788990631024051,3.633874800356327,4.7567280762210284,10802.619610169791,9561.122053466048,-2364.5605916526642,58.333333333333336,83.33333333333334,12,0,"(0, 1, 1)","(0, 1, 0, 12)",-126.5762325541054,0.7680995999835432
6271,同欣電,電子工業,12,4.653,4.648,3.447,4.693,55277.208,44762.351,13652.573,33.333,50.0,4.653270323990615,4.648251963711022,3.4473040644625184,4.693329501158522,55277.207667208786,44762.35103424284,13652.572760945137,33.33333333333333,50.0,12,0,"(1, 1, 0)","(0, 1, 1, 12)",-93.60122379583323,1.2307106000371275
1215,卜蜂,食品工業,12,4.653,4.604,3.669,4.548,141279.29,110250.652,-28763.739,66.667,50.0,4.653297025642389,4.604291132716612,3.6693778158282444,4.548187584514979,141279.29043769566,110250.65173899058,-28763.739280336787,66.66666666666666,50.0,12,0,"(0, 1, 1)","(0, 1, 0, 12)",-142.43580378645183,0.7213176998775452
2608,嘉里大榮,航運業,12,4.659,4.701,3.446,4.731,57299.355,49841.129,18198.08,33.333,75.0,4.659170667502104,4.701314230830867,3.445702903651259,4.731044745279743,57299.35451791841,49841.1287778037,18198.080450723723,33.33333333333333,75.0,12,0,"(1, 1, 1)","(0, 1, 1, 12)",-111.4124919312713,1.259055099915713
4953,緯軟,資訊服務業,12,4.664,4.741,3.462,4.66,55072.609,45103.458,-16375.785,58.333,66.667,4.664442658767016,4.7411096767745935,3.4620505215001574,4.660446415527972,55072.609484735556,45103.4579887066,-16375.784779269781,58.333333333333336,66.66666666666666,12,0,"(0, 1, 1)","(0, 1, 0, 12)",-183.9118780739887,1.850105799967423
5481,新華,其他,12,4.666,4.586,3.32,4.662,480.112,374.786,76.325,50.0,83.333,4.666454674234276,4.5863861043640215,3.3200260384095426,4.661944204526222,480.11158405331764,374.78630716112593,76.32465539429904,50.0,83.33333333333334,12,0,"(0, 1, 1)","(0, 1, 1, 12)",-108.18944003821407,0.9693907999899238
2114,鑫永銓,橡膠工業,12,4.728,5.09,3.296,4.974,8533.166,6288.273,-2263.512,66.667,33.333,4.728380638331549,5.089962414435053,3.296077587910885,4.9739511920040735,8533.16579130044,6288.273410917126,-2263.5121929791253,66.66666666666666,33.33333333333333,12,0,"(0, 1, 1)","(0, 1, 1, 12)",-81.12546384758457,0.9180250000208616
3016,嘉晶,電子工業,12,4.742,4.773,4.952,4.698,18862.996,15377.758,-7801.513,75.0,41.667,4.741711689512441,4.773302953955222,4.952282069042421,4.697790409101675,18862.996271720425,15377.758248876824,-7801.512838065639,75.0,41.66666666666667,12,0,"(1, 1, 0)","(0, 1, 0, 12)",-128.51864332593107,0.6060106998775154
3592,瑞鼎,半導體業,12,4.755,4.672,2.947,4.736,110528.663,88754.087,25781.247,41.667,66.667,4.755284237830654,4.671510694928869,2.947262206190478,4.73632142736889,110528.66290607261,88754.08726477447,25781.24677718751,41.66666666666667,66.66666666666666,12,0,"(0, 1, 1)","(0, 1, 1, 12)",-72.20705526066588,0.8631798001006246
6498,久禾光,光電業,10,4.777,4.966,2.494,4.799,7326.283,5200.556,-1923.222,66.667,0.0,4.777453644256542,4.966342265158199,2.4942859982112693,4.7993100258206605,7326.282921403216,5200.555555555556,-1923.2222222222222,66.66666666666666,0.0,0,12,,,,0.017750599887222
5258,虹堡,電子工業,12,4.802,4.912,5.622,4.891,36852.532,31574.908,-2604.953,41.667,75.0,4.802047670307741,4.91248798823909,5.622464048704895,4.891494903825269,36852.53168383126,31574.90804828088,-2604.953444488982,41.66666666666667,75.0,12,0,"(0, 1, 1)","(0, 1, 1, 12)",-51.335231213722494,0.932940199971199
3596,智易,電子工業,12,4.811,4.918,4.028,4.827,279459.599,212389.247,-8296.882,33.333,25.0,4.8109959671392755,4.917582522571261,4.0279670258694775,4.82687237440996,279459.599077448,212389.24686529985,-8296.88249179713,33.33333333333333,25.0,12,0,"(0, 1, 1)","(0, 1, 1, 12)",-70.86927268126645,1.0036541000008583
2614,東森,其他,12,4.853,4.93,4.732,4.926,25536.031,22137.237,2021.468,41.667,83.333,4.85347846529777,4.930206094947597,4.732207295544488,4.926190574428835,25536.030682924174,22137.23702915815,2021.4677957951596,41.66666666666667,83.33333333333334,12,0,"(1, 1, 1)","(1, 1, 0, 12)",-111.26187009504427,0.8553629000671208
6182,合晶,半導體業,12,4.876,5.278,3.695,5.073,54449.046,39713.96,-17711.985,66.667,75.0,4.87603999498918,5.277523223793757,3.694853928134355,5.072730954144417,54449.04603189143,39713.96015115496,-17711.984959746333,66.66666666666666,75.0,12,0,"(1, 1, 0)","(0, 1, 0, 12)",-131.95172475938296,0.3991374999750405
5478,智冠,文化創意業,12,4.909,4.923,3.739,4.922,34866.077,26637.292,-5289.752,58.333,66.667,4.90929525789274,4.922982329186978,3.73890155278417,4.9217625369960345,34866.07746833967,26637.291955768258,-5289.75164348309,58.333333333333336,66.66666666666666,12,0,"(0, 1, 1)","(0, 1, 1, 12)",-60.53166505103633,0.7716801001224667
8074,鉅橡,電子零組件業,12,4.918,5.002,2.908,4.97,6756.731,5358.764,-382.138,41.667,83.333,4.917744886462218,5.001508799805751,2.9082385168906133,4.970462761947373,6756.730674623754,5358.764149759411,-382.13847917322227,41.66666666666667,83.33333333333334,12,0,"(1, 1, 1)","(0, 1, 1, 12)",-60.21257932091302,1.1038500999566168
1788,杏昌,生技醫療業,12,4.948,4.935,2.355,5.07,28045.947,17640.782,245.14,58.333,83.333,4.948055273353775,4.934928341492446,2.355333199179005,5.070264081625279,28045.94730355545,17640.781920284513,245.14000265009722,58.333333333333336,83.33333333333334,12,0,"(0, 1, 1)","(0, 1, 1, 12)",-6.6486101683991325,0.8570345998741686
5607,遠雄港,航運業,12,4.948,5.131,4.838,5.101,18797.344,17084.185,-3505.697,58.333,50.0,4.948294572866363,5.131332982067496,4.837856227377912,5.1006713055321145,18797.344404574545,17084.184944604032,-3505.6965842492014,58.333333333333336,50.0,12,0,"(1, 1, 0)","(0, 1, 1, 12)",-82.25298057458069,1.2858969999942929
8908,欣雄,油電燃氣業,12,4.963,4.861,2.099,5.136,63749.491,42682.693,32661.252,33.333,83.333,4.9628028317403015,4.861494377327424,2.0990976589277004,5.135793532620617,63749.49097579385,42682.693281777145,32661.251925114757,33.33333333333333,83.33333333333334,12,0,"(1, 1, 0)","(0, 1, 1, 12)",-84.41695694005267,1.08867650013417
7769,鴻勁,電子工業,4,5.041,5.043,3.449,4.87,188614.936,155870.333,-155870.333,100.0,0.0,5.041307888911422,5.042609045638295,3.448801303642199,4.870022498034335,188614.93592413794,155870.33333333334,-155870.33333333334,100.0,0.0,0,12,,,,0.014875299995765
8464,億豐,居家生活,12,5.05,4.924,3.404,5.08,174848.3,126128.237,43353.961,50.0,75.0,5.050348348899222,4.9241392341229835,3.4035870503049974,5.080211868506035,174848.29993063278,126128.23718151035,43353.9605067063,50.0,75.0,12,0,"(0, 1, 1)","(0, 1, 1, 12)",-80.73638374909763,2.121151100145653
1307,三芳,塑膠工業,12,5.057,4.783,3.991,4.851,63706.993,45573.61,9747.444,41.667,83.333,5.056737870515849,4.782761033926602,3.9911922459397897,4.850930053729547,63706.99286513352,45573.609862975245,9747.443955944123,41.66666666666667,83.33333333333334,12,0,"(1, 1, 1)","(0, 1, 1, 12)",-23.62032420318675,2.081426199991256
2344,華邦電,半導體業,12,5.061,4.876,3.219,4.73,506991.217,377083.7,-259713.526,83.333,83.333,5.061176819863021,4.875712055084749,3.21882384212675,4.730051087129658,506991.2169457959,377083.70018159115,-259713.52639051713,83.33333333333334,83.33333333333334,12,0,"(1, 1, 0)","(0, 1, 1, 12)",-79.775456559169,0.9298515999689698
2637,慧洋-KY,航運業,12,5.062,5.126,3.606,5.083,89336.38,71025.603,-39507.348,83.333,75.0,5.061774682898098,5.1256784631656025,3.6061764368775076,5.083406314169848,89336.37978840018,71025.60330635664,-39507.34784451416,83.33333333333334,75.0,12,0,"(1, 1, 1)","(0, 1, 0, 12)",-97.331744984297,0.5655381998512894
9911,櫻花,居家生活,12,5.066,5.199,5.005,5.128,58685.415,43379.901,2132.544,33.333,83.333,5.066460534091518,5.199108780939621,5.004654847629235,5.128112416619571,58685.41514581773,43379.900613232814,2132.5437118668438,33.33333333333333,83.33333333333334,12,0,"(0, 1, 1)","(0, 1, 0, 12)",-78.23925219496988,0.7356993998400867
9934,成霖,居家生活,12,5.082,5.049,3.572,5.06,93328.486,73640.736,5373.309,25.0,75.0,5.081597466194802,5.049442837508219,3.571633437750274,5.060319175115321,93328.48589711031,73640.73615564646,5373.309268703258,25.0,75.0,12,0,"(0, 1, 1)","(0, 1, 1, 12)",-76.81692940767022,2.4095443000551318
2330,台積電,電子工業,12,5.17,5.038,3.623,5.203,21362088.259,16411686.536,8200487.236,41.667,91.667,5.170318519226553,5.0381416833861135,3.6234033772497494,5.20261791953461,21362088.25866529,16411686.536050513,8200487.23618186,41.66666666666667,91.66666666666666,12,0,"(1, 1, 0)","(0, 1, 0, 12)",-80.70656919973848,0.3278934000991285
2904,匯僑,其他,12,5.191,5.216,3.674,5.449,2701.814,2049.3,1217.507,41.667,91.667,5.190752506851651,5.216457096970609,3.6741805754495633,5.449213949010518,2701.8138014274987,2049.3004384508536,1217.506785419301,41.66666666666667,91.66666666666666,12,0,"(0, 1, 1)","(0, 1, 1, 12)",-67.08808642329991,0.8514656000770628
6803,崑鼎,綠能環保類,12,5.196,5.068,3.912,5.215,51922.818,41692.843,18034.752,33.333,83.333,5.196149003825841,5.0679640436709885,3.911793092024661,5.214824652947873,51922.81822952708,41692.8430564011,18034.752024220226,33.33333333333333,83.33333333333334,12,0,"(0, 1, 1)","(0, 1, 0, 12)",-122.73166789007666,0.5362056999001652
2476,鉅祥,電子零組件業,12,5.199,5.373,3.964,5.268,39203.721,32256.995,-11544.963,58.333,83.333,5.198540392637786,5.3725131072934005,3.9640616270043587,5.2680852190389285,39203.721105407545,32256.995121721386,-11544.962969731496,58.333333333333336,83.33333333333334,12,0,"(1, 1, 0)","(0, 1, 1, 12)",-83.71151739775797,0.7477943000849336
4951,精拓科,半導體業,12,5.219,5.358,4.195,5.181,2757.748,2351.333,-2094.667,91.667,75.0,5.218961090847212,5.358398289396368,4.1947271686631,5.181103651234433,2757.747510801765,2351.3333333333335,-2094.6666666666665,91.66666666666666,75.0,0,12,,,,0.0566090000793337
5285,界霖,半導體業,12,5.238,5.417,4.241,5.394,29290.588,23346.677,-2611.099,66.667,75.0,5.238182960917977,5.417339971104263,4.241206275280361,5.394429686467739,29290.58835948123,23346.677490165708,-2611.0989318327433,66.66666666666666,75.0,12,0,"(1, 1, 0)","(0, 1, 1, 12)",-90.61354439787692,0.996611600043252
2908,特力,貿易百貨,12,5.246,5.225,5.325,5.245,175706.241,148681.586,33442.632,33.333,66.667,5.246252054145441,5.2247361242168635,5.3251723316703385,5.245330672131274,175706.2407982845,148681.58558745406,33442.63192795004,33.33333333333333,66.66666666666666,12,0,"(0, 1, 1)","(0, 1, 1, 12)",-77.24811302161439,0.7633493000175804
6931,青松健康,生技醫療業,12,5.25,5.308,4.182,5.144,6156.206,4907.083,-2821.417,66.667,8.333,5.249639831112886,5.308113139411469,4.182016755822765,5.144053004476298,6156.206008303057,4907.083333333333,-2821.4166666666665,66.66666666666666,8.333333333333332,0,12,,,,0.0286814998835325
1560,中砂,電機機械,12,5.259,5.388,4.171,5.426,43439.456,35714.546,2067.867,41.667,41.667,5.258899043867295,5.387969944455307,4.170709414644474,5.425593391559317,43439.45581273483,35714.54633823834,2067.8673996740545,41.66666666666667,41.66666666666667,12,0,"(1, 1, 0)","(0, 1, 0, 12)",-136.6929281823312,0.5989546000491828
2612,中航,航運業,12,5.274,5.188,4.542,5.233,25535.197,21506.137,5188.242,41.667,91.667,5.273844781393641,5.187666172355227,4.5419448969455285,5.232642185530274,25535.197204629592,21506.13692124406,5188.241894089418,41.66666666666667,91.66666666666666,12,0,"(1, 1, 0)","(0, 1, 0, 12)",-140.726972499388,0.4508152001071721
3218,大學光,生技醫療業,12,5.279,5.183,4.945,5.202,21768.287,18493.023,2024.317,41.667,100.0,5.278585636472891,5.1828587546053235,4.944601305885822,5.201967405941616,21768.287098052773,18493.02331174731,2024.3167144344723,41.66666666666667,100.0,12,0,"(0, 1, 1)","(0, 1, 0, 12)",-92.43132711350628,0.4722599000670016
1201,味全,食品工業,12,5.298,5.229,4.17,5.381,135881.151,96433.411,44599.017,33.333,91.667,5.298033535300753,5.229031766261186,4.17023804532519,5.381334803813745,135881.1508942434,96433.41126071334,44599.017269687516,33.33333333333333,91.66666666666666,12,0,"(0, 1, 1)","(0, 1, 0, 12)",-147.2871331120417,1.3477449000347406
6277,宏正,電腦及週邊設備業,12,5.305,5.291,4.601,5.324,26134.655,21751.984,-1609.907,58.333,75.0,5.3050492773708235,5.290956526605082,4.601469854092702,5.323655560042134,26134.655274616973,21751.98409079574,-1609.907354727533,58.333333333333336,75.0,12,0,"(0, 1, 1)","(0, 1, 1, 12)",-96.11194273674909,1.139790799934417
3168,眾福科,光電業,12,5.315,5.47,4.826,5.45,19725.726,15209.667,-1318.5,41.667,91.667,5.314554750693525,5.469757955765294,4.826353932362907,5.450320454122612,19725.72633221229,15209.666666666666,-1318.5,41.66666666666667,91.66666666666666,0,12,,,,0.0188124999403953
6188,廣明,電腦及週邊設備業,12,5.34,5.608,5.178,5.471,50441.652,42686.423,-17076.708,58.333,83.333,5.340401230482946,5.6075941279889845,5.178317350744637,5.4711614164949305,50441.65243735455,42686.42338005425,-17076.707629536406,58.333333333333336,83.33333333333334,12,0,"(1, 1, 1)","(0, 1, 1, 12)",-35.14142585416635,1.2647948001977056
6925,意藍,數位雲端類,10,5.35,5.453,3.647,5.211,1353.857,988.111,-776.111,66.667,0.0,5.350363689964082,5.452955640579055,3.647304433255557,5.210791655868558,1353.8566722105,988.1111111111111,-776.1111111111111,66.66666666666666,0.0,0,12,,,,0.0179806998930871
1217,愛之味,食品工業,12,5.356,4.758,3.862,4.952,36487.505,22476.154,14825.659,33.333,91.667,5.355775444195215,4.758025395703477,3.861622770364946,4.951549626411966,36487.50503604717,22476.154344618524,14825.659299026263,33.33333333333333,91.66666666666666,12,0,"(0, 1, 1)","(1, 1, 0, 12)",-90.56782976397577,1.0065135001204908
3653,健策,電子零組件業,12,5.374,5.514,4.039,5.54,111546.021,90794.869,18809.333,50.0,58.333,5.373649440572977,5.514404651490703,4.038873329981901,5.539958158823261,111546.02130806055,90794.86916945358,18809.332501807756,50.0,58.333333333333336,12,0,"(1, 1, 0)","(0, 1, 1, 12)",-85.61017279875094,0.9219648002181202
3710,連展投控,電子零組件業,12,5.382,5.304,6.343,5.447,37791.605,31149.063,18897.395,33.333,66.667,5.381862488394487,5.303836758006569,6.34253299663122,5.447409966140196,37791.60494038413,31149.06298239229,18897.394991517915,33.33333333333333,66.66666666666666,12,0,"(1, 1, 1)","(0, 1, 1, 12)",-40.27150172673567,1.2695732000283897
2727,王品,觀光餐旅,12,5.386,5.39,5.761,5.464,116961.04,104882.775,23073.071,50.0,91.667,5.386427046161217,5.3895078938858445,5.761058721529162,5.463529288120595,116961.03999689475,104882.77480881805,23073.071380675112,50.0,91.66666666666666,12,0,"(1, 1, 1)","(0, 1, 1, 12)",-51.87046447858225,2.030884000007063
4747,強生,生技醫療業,12,5.391,5.236,3.556,5.346,3300.006,2559.476,1098.079,41.667,91.667,5.390526948999876,5.23613981186553,3.55649635240309,5.345990081296736,3300.00622059593,2559.476100654631,1098.0793733769885,41.66666666666667,91.66666666666666,12,0,"(1, 1, 1)","(0, 1, 1, 12)",-53.62605263090618,1.0194520000368357
7751,竑騰,半導體業,7,5.392,5.555,5.274,5.411,10121.469,9477.667,-7044.667,83.333,0.0,5.391588454533301,5.555202188410217,5.273725897175954,5.411111073657866,10121.469442065547,9477.666666666666,-7044.666666666667,83.33333333333334,0.0,0,12,,,,0.0144507000222802
2428,興勤,電子零組件業,12,5.393,5.321,5.336,5.373,42154.996,36123.259,5359.347,50.0,50.0,5.393089457317754,5.320985800333129,5.335617842580138,5.372964964649329,42154.995669618234,36123.259241687825,5359.347362747304,50.0,50.0,12,0,"(0, 1, 1)","(0, 1, 1, 12)",-83.58401827397155,1.2634199999738485
4555,氣立,電機機械,12,5.423,5.422,5.528,5.477,9536.771,7214.021,-84.389,66.667,66.667,5.42346803453952,5.421916800486564,5.5277920774848415,5.476775110515047,9536.771000439347,7214.021486586047,-84.3887911526787,66.66666666666666,66.66666666666666,12,0,"(0, 1, 1)","(0, 1, 1, 12)",-17.69126426070054,0.7507280998397619
2461,光群雷,電子工業,12,5.431,5.522,2.357,5.451,32928.343,23820.432,-6386.06,58.333,91.667,5.431469221449438,5.5221828501742225,2.356939802061836,5.451090203468065,32928.342915555855,23820.432466562706,-6386.059595674426,58.333333333333336,91.66666666666666,12,0,"(1, 1, 1)","(0, 1, 0, 12)",-83.90032633973956,0.5851837999653071
1303,南亞,塑膠工業,12,5.44,5.437,4.669,5.411,1438986.543,1178177.238,152099.272,33.333,50.0,5.439773040802934,5.436588693269407,4.66859389413443,5.41143740097525,1438986.5428366356,1178177.2377423442,152099.2724814176,33.33333333333333,50.0,12,0,"(1, 1, 0)","(0, 1, 1, 12)",-95.8169550776116,2.2960476998705417
3227,原相,半導體業,12,5.449,5.39,3.55,5.602,56678.843,41445.85,17384.691,50.0,66.667,5.44916984907654,5.38972013474657,3.550018906100921,5.6017558720132,56678.8427161965,41445.850037041004,17384.691364924947,50.0,66.66666666666666,12,0,"(1, 1, 0)","(0, 1, 0, 12)",-75.37384434185564,0.4169249997939914
2103,台橡,橡膠工業,12,5.47,5.392,5.626,5.448,184331.519,166242.005,58822.978,33.333,75.0,5.469544332518333,5.391952883908821,5.625567556050094,5.448475116103384,184331.51913145048,166242.00501969655,58822.977877629186,33.33333333333333,75.0,12,0,"(1, 1, 0)","(0, 1, 1, 12)",-95.1663215634224,0.9418685000855476
3038,全台,電子工業,12,5.474,5.481,5.656,5.544,15836.972,13732.194,2264.232,50.0,50.0,5.473648657265108,5.481350572806588,5.655902671850814,5.5441116591387924,15836.971972484693,13732.193962495201,2264.232403006759,50.0,50.0,12,0,"(0, 1, 1)","(1, 1, 0, 12)",-92.76543491093264,0.7677672998979688
5608,四維航,航運業,12,5.478,5.487,3.82,5.521,17919.532,14534.363,555.596,58.333,58.333,5.477936604908175,5.487319827475425,3.820144946807559,5.520999698479093,17919.53165634203,14534.362686655639,555.5963516361711,58.333333333333336,58.333333333333336,12,0,"(1, 1, 0)","(0, 1, 1, 12)",-94.15300383570502,1.1157337001059204
3646,艾恩特,電子零組件業,12,5.481,5.564,4.749,5.386,3981.097,3040.329,-883.275,58.333,66.667,5.481287728796136,5.563739200761481,4.748563895400904,5.38615144950348,3981.097256434008,3040.3287032302233,-883.2752375466134,58.333333333333336,66.66666666666666,12,0,"(0, 1, 1)","(0, 1, 1, 12)",-106.63714279648926,0.9367968000005932
6151,晉倫,其他電子類,12,5.51,5.925,3.761,5.738,10894.105,7841.25,-580.081,33.333,58.333,5.509749208874201,5.924774477337519,3.7606344734522414,5.737620896149574,10894.104743063239,7841.250092643734,-580.0808047467472,33.33333333333333,58.333333333333336,12,0,"(0, 1, 1)","(0, 1, 1, 12)",-50.02033326319452,0.9356768999714404
1702,南僑,食品工業,12,5.515,5.328,5.469,5.533,138441.117,106458.377,82924.7,16.667,66.667,5.514832261034278,5.327919572268838,5.469343328561785,5.532913216401339,138441.11696649116,106458.37711532832,82924.70034421237,16.666666666666664,66.66666666666666,12,0,"(1, 1, 1)","(0, 1, 0, 12)",-114.55339647000748,0.5053260000422597
8921,沈氏,其他,12,5.516,5.25,4.288,5.236,3911.679,2908.827,231.876,50.0,91.667,5.515601753569577,5.249987317515227,4.287585267663678,5.235979164366909,3911.6787415770946,2908.827245467113,231.8756652641247,50.0,91.66666666666666,12,0,"(0, 1, 1)","(0, 1, 1, 12)",-67.39040918912393,1.024875900009647
8150,南茂,電子工業,12,5.519,5.59,6.092,5.489,123689.621,110065.979,-41285.887,58.333,75.0,5.51872839356415,5.590450021004183,6.092025755501922,5.489394397559696,123689.62114039683,110065.97897527619,-41285.88702187629,58.333333333333336,75.0,12,0,"(0, 1, 1)","(0, 1, 0, 12)",-122.3749694411703,0.6162241999991238
2368,金像電,電子零組件業,12,5.521,6.012,3.582,5.763,362586.689,274799.235,-108142.092,66.667,66.667,5.5209937980842065,6.011596323374339,3.5818196690304887,5.762572234542735,362586.6892697988,274799.2354180541,-108142.09217482693,66.66666666666666,66.66666666666666,12,0,"(1, 1, 0)","(0, 1, 1, 12)",-74.12908229328369,0.9191026999615132
1225,福懋油,食品工業,12,5.525,5.321,4.981,5.401,70810.894,56144.367,21340.614,25.0,66.667,5.525021575824548,5.3214244101212635,4.980583695987761,5.401184862046329,70810.89404011965,56144.36683333834,21340.614306211024,25.0,66.66666666666666,12,0,"(1, 1, 0)","(0, 1, 1, 12)",-86.08894302896226,1.1315729999914763
2303,聯電,電子工業,12,5.554,5.527,4.831,5.533,1233942.067,1099517.204,195956.933,33.333,83.333,5.55421122469096,5.526575419712185,4.8310533412328684,5.5326284661015555,1233942.067181257,1099517.2036225377,195956.93306128154,33.33333333333333,83.33333333333334,12,0,"(1, 1, 0)","(0, 1, 0, 12)",-131.1980090775736,0.3739356000442058
2105,正新,橡膠工業,12,5.556,5.582,4.906,5.641,482659.385,420206.245,241759.029,16.667,66.667,5.556169473492106,5.581711842368758,4.905772280949522,5.641436414273318,482659.38529492996,420206.2446711906,241759.02914755125,16.666666666666664,66.66666666666666,12,0,"(0, 1, 1)","(0, 1, 1, 12)",-77.53452986288048,1.1236801000777632
2327,國巨*,電子零組件業,12,5.582,5.585,6.443,5.601,755741.647,618329.202,-128421.094,66.667,75.0,5.581847234344615,5.585011584366034,6.443007911386387,5.600604883845003,755741.6465644495,618329.2018091545,-128421.09368522372,66.66666666666666,75.0,12,0,"(1, 1, 0)","(0, 1, 1, 12)",-96.87535321412992,0.992575699929148
6548,長科*,半導體業,12,5.592,5.854,3.846,5.764,79150.968,62571.491,-858.384,50.0,66.667,5.5916504208436075,5.854156398189274,3.846224689669611,5.763827319219367,79150.96843602855,62571.49083155941,-858.3840672501829,50.0,66.66666666666666,12,0,"(1, 1, 0)","(0, 1, 0, 12)",-125.99658938775042,0.3450673997867852
6158,禾昌,電子零組件業,12,5.697,5.692,5.113,5.69,10803.31,8622.528,1151.837,33.333,83.333,5.696793120293842,5.691602763715632,5.1127312928827235,5.690314810906752,10803.310006203914,8622.528394376352,1151.8372996132468,33.33333333333333,83.33333333333334,12,0,"(1, 1, 0)","(0, 1, 1, 12)",-71.36641368357017,0.8760029000695795
1802,台玻,玻璃陶瓷,12,5.701,5.788,4.659,5.828,251893.121,197655.326,54526.975,33.333,75.0,5.7006340952266035,5.788041545333923,4.658766923368379,5.827778197128372,251893.1206404142,197655.32592678422,54526.97521655017,33.33333333333333,75.0,12,0,"(1, 1, 0)","(0, 1, 1, 12)",-46.06873915973962,0.8315593998413533
6474,華豫寧,電子通路業,4,5.711,5.69,5.94,5.737,17967.987,17745.667,5216.333,33.333,0.0,5.71075804823524,5.689582360181609,5.939573983945389,5.736890647391438,17967.987282942962,17745.666666666668,5216.333333333333,33.33333333333333,0.0,0,12,,,,0.0234319001901894
2948,寶陞,居家生活類,12,5.717,5.94,5.054,5.875,12764.501,10198.667,-3217.5,75.0,75.0,5.717195405091024,5.940317386050972,5.053839532292175,5.874951971891259,12764.50134161143,10198.666666666666,-3217.5,75.0,75.0,0,12,,,,0.019363900180906
6411,晶焱,半導體業,12,5.732,5.797,4.664,5.904,14514.708,11732.624,662.262,58.333,50.0,5.732132314425463,5.797360016074138,4.663902599689133,5.904328487466851,14514.708310954009,11732.623956704609,662.2624306678723,58.333333333333336,50.0,12,0,"(1, 1, 0)","(0, 1, 1, 12)",-29.64131336380582,1.3104942999780178
6223,旺矽,半導體業,12,5.754,5.752,5.075,5.624,83816.183,64142.879,-20265.973,58.333,66.667,5.754037063248639,5.7523014006706665,5.074723373362485,5.623722021999892,83816.18303883901,64142.87882095812,-20265.973053055117,58.333333333333336,66.66666666666666,12,0,"(0, 1, 1)","(0, 1, 1, 12)",-131.18915571538318,1.1820931998081503
5907,大洋-KY,貿易百貨,12,5.758,5.776,4.379,6.054,16869.972,13067.234,8070.687,41.667,100.0,5.757577014533708,5.7762500122795855,4.379361823231158,6.053677699054547,16869.971742005277,13067.233660836959,8070.686980735863,41.66666666666667,100.0,12,0,"(1, 1, 1)","(0, 1, 1, 12)",-46.664941337959,1.1294452000875026
8358,金居,電子零組件業,12,5.767,5.623,4.237,5.617,47077.437,37870.586,2472.522,41.667,75.0,5.767108149766019,5.6232049236294515,4.237036168855947,5.617173204579254,47077.4370020655,37870.58553758449,2472.5219425366863,41.66666666666667,75.0,12,0,"(1, 1, 1)","(0, 1, 0, 12)",-86.49293123053442,0.7129871998913586
9908,大台北,油電燃氣業,12,5.796,5.716,4.121,5.558,20557.392,16296.377,-8593.174,66.667,66.667,5.795926198609111,5.715855222407822,4.121142136232987,5.557767058076344,20557.3924717582,16296.376712998244,-8593.17424465357,66.66666666666666,66.66666666666666,12,0,"(0, 1, 1)","(0, 1, 0, 12)",-98.51465078841548,0.697306799935177
5434,崇越,電子通路業,12,5.798,5.699,3.722,5.806,439628.241,326553.411,114175.416,41.667,75.0,5.798218700963349,5.69934207672397,3.722459723632328,5.806491331903985,439628.2410827933,326553.41110111354,114175.4163755048,41.66666666666667,75.0,12,0,"(1, 1, 0)","(0, 1, 0, 12)",-125.9651746402505,0.4957616999745369
6173,信昌電,電子零組件業,12,5.801,5.827,5.076,5.729,23531.204,19582.427,-3135.673,41.667,58.333,5.800885652376753,5.826952818356732,5.076461697016002,5.728638476661571,23531.20443501997,19582.426754295608,-3135.6725985020507,41.66666666666667,58.333333333333336,12,0,"(1, 1, 0)","(0, 1, 1, 12)",-110.45944325805272,1.159583699889481
2732,六角,觀光餐旅,12,5.819,5.821,4.757,5.819,23500.498,20850.51,-5698.487,75.0,75.0,5.81852233122045,5.820518822578241,4.7570352939508345,5.818563146685982,23500.498322670825,20850.509915795763,-5698.486628738043,75.0,75.0,12,0,"(1, 1, 0)","(0, 1, 1, 12)",-70.47733963953651,1.2883146998938173
6679,鈺太,半導體業,12,5.832,5.397,3.606,5.657,16035.081,9552.806,1197.786,75.0,66.667,5.831730064214083,5.396856406208307,3.605807918559343,5.656658664446853,16035.080618044027,9552.80636516243,1197.7860492017014,75.0,66.66666666666666,12,0,"(1, 1, 0)","(0, 1, 0, 12)",-88.45841246029435,0.4367609000764787
8081,致新,電子工業,12,5.833,5.672,5.07,5.797,56354.364,42119.289,1849.853,66.667,83.333,5.83256888876666,5.671843104273097,5.06978930977914,5.7969626092717075,56354.36353776771,42119.28867096919,1849.85337884599,66.66666666666666,83.33333333333334,12,0,"(1, 1, 0)","(0, 1, 1, 12)",-91.01183376692704,0.8724740999750793
2049,上銀,電機機械,12,5.839,5.783,5.103,5.797,135748.562,118049.061,-1459.652,50.0,58.333,5.838532575888799,5.78349356605835,5.102599668483005,5.797126989339426,135748.5619649691,118049.0614760364,-1459.6524013348778,50.0,58.333333333333336,12,0,"(1, 1, 0)","(0, 1, 1, 12)",-80.34078314213328,0.9415078000165522
9918,欣天然,油電燃氣業,12,5.843,5.847,5.434,5.842,11558.411,9986.206,-923.942,50.0,75.0,5.842671030869608,5.846642047628435,5.433708892518046,5.842115096156045,11558.411317962647,9986.205685896872,-923.9422661733018,50.0,75.0,12,0,"(0, 1, 1)","(0, 1, 1, 12)",-87.6417716760697,2.213548100087792
3010,華立,電子通路業,12,5.845,5.492,3.438,5.8,600649.74,380861.074,168422.092,41.667,83.333,5.845218245719874,5.492333064712019,3.4384784626306035,5.79954900414913,600649.7404706272,380861.0743094459,168422.09207265606,41.66666666666667,83.33333333333334,12,0,"(1, 1, 0)","(0, 1, 0, 12)",-89.37629324354005,0.3646144999656826
2472,立隆電,電子零組件業,12,5.853,6.065,4.528,6.083,70302.725,55076.378,8439.619,50.0,83.333,5.852738728718361,6.065217407045641,4.52849452218083,6.083408577861907,70302.72456334435,55076.37842318212,8439.619224225191,50.0,83.33333333333334,12,0,"(0, 1, 1)","(0, 1, 1, 12)",-75.6308604097,0.852916699834168
2027,大成鋼,鋼鐵工業,12,5.861,5.99,6.13,5.91,555568.256,497645.264,-129661.299,58.333,58.333,5.861401871977625,5.990394256165158,6.129508839131723,5.910041625123013,555568.2559714892,497645.2643763113,-129661.29874295555,58.333333333333336,58.333333333333336,12,0,"(0, 1, 1)","(0, 1, 1, 12)",-78.97505569024084,0.9263145001605152
2342,茂矽,電子工業,12,5.876,5.892,5.973,6.046,11341.417,9975.876,4990.164,33.333,58.333,5.876196123296771,5.891538431736045,5.972691345305704,6.0457785349042465,11341.417431134169,9975.876150447948,4990.164260059105,33.33333333333333,58.333333333333336,12,0,"(1, 1, 0)","(0, 1, 1, 12)",-80.4412168558774,0.8731480999849737
2066,世德,電機機械,12,5.89,5.981,4.008,6.175,16565.582,12538.224,1513.328,58.333,66.667,5.890121950314135,5.981418882359305,4.007816791657298,6.175106234767433,16565.582125942263,12538.22406067436,1513.3284403384241,58.333333333333336,66.66666666666666,12,0,"(1, 1, 1)","(0, 1, 1, 12)",-80.92793918166204,1.969881700119004
3152,璟德,通信網路業,12,5.896,5.536,3.045,5.744,10375.452,7006.642,1878.644,50.0,33.333,5.896345775974776,5.535708998954045,3.0447936548374273,5.744014259602326,10375.451828148174,7006.642426455266,1878.6435479544368,50.0,33.33333333333333,12,0,"(1, 1, 0)","(0, 1, 1, 12)",-91.52260788171074,1.0414370000362396
6217,中探針,電子零組件業,12,5.902,6.064,4.204,6.114,22709.364,18191.47,-4325.938,66.667,66.667,5.901629981469232,6.064239941128038,4.203547922313909,6.114158522720477,22709.364030397694,18191.469500329866,-4325.937897094326,66.66666666666666,66.66666666666666,12,0,"(0, 1, 1)","(0, 1, 1, 12)",-32.59303007868328,0.7936879999469966
1565,精華,生技醫療業,12,5.909,5.829,3.885,5.915,25404.522,20271.877,9392.791,16.667,83.333,5.9089364487838765,5.828813037489191,3.884919001592821,5.9147985054952885,25404.521578404012,20271.87690888958,9392.790942447935,16.666666666666664,83.33333333333334,12,0,"(1, 1, 0)","(0, 1, 1, 12)",-64.17910173047342,0.9810377999674528
1608,華榮,電器電纜,12,5.93,5.808,5.805,5.829,69768.21,55999.51,4379.608,58.333,91.667,5.930355305617371,5.808255475152898,5.804892406015362,5.8289225701231295,69768.21020373752,55999.50995923929,4379.607527921374,58.333333333333336,91.66666666666666,12,0,"(1, 1, 0)","(0, 1, 1, 12)",-47.61328613872491,0.9252959000878036
1402,遠東新,紡織纖維,12,5.934,5.863,5.736,5.932,1603081.291,1254814.416,320973.582,33.333,66.667,5.933753583012605,5.862996536060971,5.736375991592802,5.932257128615319,1603081.2913854865,1254814.4156174415,320973.5815440016,33.33333333333333,66.66666666666666,12,0,"(1, 1, 1)","(0, 1, 0, 12)",-148.98970878884057,0.8091189998667687
2458,義隆,電子工業,12,5.95,5.823,4.454,5.933,72777.346,61122.475,5880.606,58.333,66.667,5.950419867410252,5.822754818057419,4.45374670655824,5.932580529668878,72777.34634817114,61122.47486124341,5880.605996457006,58.333333333333336,66.66666666666666,12,0,"(0, 1, 1)","(0, 1, 0, 12)",-34.419225659854554,0.3328146999701857
2481,強茂,電子工業,12,5.957,6.073,5.776,6.071,77810.893,65008.291,-10599.2,58.333,83.333,5.956901484356852,6.073487285712697,5.77602178218315,6.070824030260975,77810.89281697256,65008.29137344218,-10599.200299660888,58.333333333333336,83.33333333333334,12,0,"(0, 1, 1)","(0, 1, 0, 12)",-96.77130722548326,0.4721645000390708
4116,明基醫,生技醫療業,12,5.968,5.846,4.136,5.961,30970.28,26130.204,6805.49,50.0,75.0,5.9675972304202585,5.846361291934015,4.1358823108513825,5.96100510127699,30970.279535527236,26130.203613894268,6805.490135610574,50.0,75.0,12,0,"(1, 1, 0)","(0, 1, 1, 12)",-48.01001563753054,0.8035569998901337
4923,力士,半導體業,12,5.968,6.252,5.493,6.113,4949.869,4469.593,-1295.248,58.333,50.0,5.967712514142373,6.25173514990776,5.492776482836923,6.112821209175624,4949.8687007209255,4469.592883873357,-1295.2479715574616,58.333333333333336,50.0,12,0,"(1, 1, 0)","(0, 1, 1, 12)",-39.20779994621695,1.1740670001599938
6449,鈺邦,電子工業,12,6.02,6.594,5.499,6.31,27040.759,22446.739,-12536.109,58.333,66.667,6.019683970283584,6.59447426912784,5.499040871398433,6.30959512460704,27040.759320050107,22446.739359950752,-12536.108999601296,58.333333333333336,66.66666666666666,12,0,"(1, 1, 1)","(0, 1, 1, 12)",-42.59580694181531,3.0609496999531984
8155,博智,電子零組件業,12,6.026,6.335,3.551,6.121,34035.606,24896.17,-8040.504,58.333,66.667,6.02587035592335,6.3349167431785816,3.551295177697618,6.1208248082817684,34035.60587430575,24896.169604339226,-8040.50406212918,58.333333333333336,66.66666666666666,12,0,"(1, 1, 0)","(0, 1, 1, 12)",-93.79591926889668,0.9581909000407904
1102,亞泥,水泥工業,12,6.044,6.148,6.24,6.255,401269.638,357786.746,181507.763,25.0,75.0,6.043678699953357,6.148113532686173,6.23954082403055,6.255451679259309,401269.63799301337,357786.74602583074,181507.76296411772,25.0,75.0,12,0,"(0, 1, 1)","(0, 1, 1, 12)",-35.46059845392398,1.7263056000228971
2426,鼎元,電子工業,12,6.058,6.101,2.883,5.933,17836.735,11791.762,1672.597,33.333,75.0,6.057777829484866,6.100546400972274,2.882583397244391,5.933021132829941,17836.734974748993,11791.762385835575,1672.596663321058,33.33333333333333,75.0,12,0,"(0, 1, 1)","(1, 1, 0, 12)",-86.50481095549011,0.6822844999842346
2373,震旦行,其他電子業,12,6.081,6.167,5.656,6.264,66746.756,54372.882,12835.519,41.667,66.667,6.0808872416069155,6.166851527792286,5.655607806604319,6.2636796201807305,66746.75637881143,54372.88162917653,12835.518887003263,41.66666666666667,66.66666666666666,12,0,"(1, 1, 1)","(0, 1, 1, 12)",-32.95241452155768,1.2085990998893976
5340,建榮,電子零組件業,12,6.082,6.303,6.562,6.206,13603.151,11544.529,-890.205,41.667,50.0,6.081565544513033,6.302656848140628,6.56172939329366,6.205876291705995,13603.15058966508,11544.529445752063,-890.2045738594776,41.66666666666667,50.0,12,0,"(1, 1, 0)","(0, 1, 1, 12)",-53.55415012914866,1.822209000121802
2375,凱美,電子零組件業,12,6.09,6.211,5.979,6.16,31541.097,28143.867,-2693.863,58.333,58.333,6.090108258138999,6.211206735636686,5.979028430834097,6.160115625779378,31541.097196375867,28143.867112112912,-2693.8633161522157,58.333333333333336,58.333333333333336,12,0,"(1, 1, 0)","(0, 1, 1, 12)",-50.46996782915866,0.7901989999227226
6112,邁達特,電子工業,12,6.101,6.148,5.992,6.142,139402.18,111040.11,-2280.38,58.333,58.333,6.101389886813108,6.148090250765724,5.992343566169849,6.142226137317581,139402.17992062072,111040.10975859477,-2280.3799118167176,58.333333333333336,58.333333333333336,12,0,"(0, 1, 1)","(0, 1, 1, 12)",-77.96146059234474,1.3061226999852806
3042,晶技,電子零組件業,12,6.109,6.149,5.473,6.218,85841.662,67952.924,13352.806,33.333,75.0,6.108630899037897,6.149139703639636,5.473343472218803,6.217611009301438,85841.66209978054,67952.92426399824,13352.806445005088,33.33333333333333,75.0,12,0,"(1, 1, 0)","(0, 1, 1, 12)",-73.86144835110142,0.8367006001062691
1219,福壽,食品工業,12,6.114,6.282,5.543,6.154,89588.103,73405.908,-16649.345,58.333,83.333,6.113711547140706,6.281673740912498,5.542523801518115,6.154193760290755,89588.10278731234,73405.90801382413,-16649.345276873355,58.333333333333336,83.33333333333334,12,0,"(0, 1, 1)","(0, 1, 0, 12)",-96.15783946166502,0.6356541998684406
2439,美律,電子工業,12,6.141,7.334,3.941,6.956,314103.599,237418.694,-73262.399,58.333,91.667,6.1411471594806795,7.33444519369025,3.9406055102960273,6.955631320292881,314103.5986635422,237418.69388212357,-73262.39941768449,58.333333333333336,91.66666666666666,12,0,"(1, 1, 1)","(0, 1, 1, 12)",-30.090441160144778,1.1253033999819309
1731,美吾華,生技醫療業,12,6.153,6.211,5.236,6.251,9644.527,8122.503,-1486.384,58.333,58.333,6.153166850236884,6.210681035498912,5.236280798259441,6.251231671010044,9644.52712163436,8122.503283572325,-1486.3841002676952,58.333333333333336,58.333333333333336,12,0,"(0, 1, 1)","(0, 1, 1, 12)",-61.27987879083416,1.0379719999618828
2449,京元電子,電子工業,12,6.158,6.79,3.963,6.232,284467.907,179254.38,-115688.304,58.333,58.333,6.157555715109449,6.789728159761002,3.9625334340234977,6.2323337315473495,284467.9068863414,179254.37985111572,-115688.30444630556,58.333333333333336,58.333333333333336,12,0,"(1, 1, 0)","(0, 1, 0, 12)",-80.23559888648873,0.3413984999060631
2106,建大,橡膠工業,12,6.17,6.199,5.859,6.133,216239.929,174580.009,-4589.023,41.667,75.0,6.169564558623617,6.199480373648106,5.858505033475806,6.133065193479068,216239.92938091684,174580.00893495473,-4589.022734246605,41.66666666666667,75.0,12,0,"(0, 1, 1)","(0, 1, 0, 12)",-88.37620626121618,0.4028143999166786
1233,天仁,食品工業,12,6.171,6.246,5.67,6.385,13353.498,11134.632,1081.845,66.667,75.0,6.170691087797799,6.246249613302237,5.669804896060522,6.384610431340657,13353.497739352084,11134.631541980714,1081.84516426406,66.66666666666666,75.0,12,0,"(1, 1, 0)","(0, 1, 1, 12)",-83.16689688982821,1.343148299958557
8039,台虹,電子零組件業,12,6.172,6.418,6.854,6.297,60563.023,54566.337,-19806.279,66.667,91.667,6.1718248038647685,6.417644358614909,6.854484739461869,6.2966085886852055,60563.02313727902,54566.33745592919,-19806.279359366676,66.66666666666666,91.66666666666666,12,0,"(1, 1, 1)","(0, 1, 1, 12)",-59.11482144523592,2.1505229000467807
5904,寶雅,居家生活類,12,6.177,5.977,3.822,6.114,174186.918,130327.344,19530.986,58.333,66.667,6.1766901826816545,5.976876221452982,3.821588976299954,6.113893433090452,174186.91777858912,130327.3444431337,19530.985751631535,58.333333333333336,66.66666666666666,12,0,"(1, 1, 1)","(0, 1, 0, 12)",-97.56660111107855,0.7128562999423593
8415,大國鋼,鋼鐵工業,12,6.182,6.113,6.356,6.095,137426.144,119266.377,-3797.909,50.0,41.667,6.182499556931342,6.113107441220152,6.356224268417621,6.095462218006908,137426.14402751692,119266.37741319505,-3797.9094532597423,50.0,41.66666666666667,12,0,"(0, 1, 1)","(0, 1, 1, 12)",-72.6884586576452,0.8866197001188993
3388,崇越電,電子零組件業,12,6.193,6.143,4.771,6.18,48108.596,38041.641,3918.597,41.667,58.333,6.193032366908324,6.143046040714573,4.77081352891432,6.180412994436993,48108.59565371761,38041.640590310024,3918.5972948937124,41.66666666666667,58.333333333333336,12,0,"(0, 1, 1)","(0, 1, 1, 12)",-60.005582952633134,1.1540007998701185
2323,中環,電子工業,12,6.194,6.328,5.835,6.313,45793.045,37066.56,-3813.154,50.0,75.0,6.1943488849787585,6.327792907421211,5.83490716564591,6.313106795026672,45793.04485655509,37066.56044720575,-3813.1542096894505,50.0,75.0,12,0,"(0, 1, 1)","(0, 1, 1, 12)",-81.98795599428098,0.9000947999302298
1326,台化,塑膠工業,12,6.2,5.889,4.774,5.916,1918647.726,1483079.935,453848.236,33.333,75.0,6.200298200361001,5.889394958581023,4.77391493673684,5.916430850642802,1918647.7259177153,1483079.935349797,453848.2364871151,33.33333333333333,75.0,12,0,"(0, 1, 1)","(0, 1, 1, 12)",-98.6052752426286,1.1052316999994218
2395,研華,電子工業,12,6.201,6.279,5.027,6.262,476254.847,366308.794,31042.82,50.0,66.667,6.20140949551151,6.278628067903014,5.027437611420379,6.26182912041721,476254.84745034296,366308.7939759035,31042.81986856026,50.0,66.66666666666666,12,0,"(1, 1, 0)","(0, 1, 0, 12)",-107.87903877054993,0.370706700021401
6294,智基,文化創意業,12,6.21,6.301,3.82,6.683,7199.104,5033.743,3462.17,25.0,75.0,6.209981099968547,6.3008616812068885,3.8203689267155014,6.682900288764191,7199.104491693795,5033.743404839254,3462.169528075221,25.0,75.0,12,0,"(1, 1, 0)","(0, 1, 0, 12)",-151.68766779353422,0.6370059000328183
8182,加高,電子零組件業,12,6.214,6.233,8.189,6.252,17156.801,14866.546,1123.438,41.667,75.0,6.213677944225155,6.232750179545053,8.189454260290589,6.252328150810378,17156.801193466417,14866.5455215858,1123.4381877129442,41.66666666666667,75.0,12,0,"(0, 1, 1)","(0, 1, 1, 12)",-81.47308764075625,1.2165004999842497
2023,燁輝,鋼鐵工業,12,6.214,6.525,5.99,6.711,412369.643,349746.358,111412.124,41.667,66.667,6.214100566116553,6.525155339768878,5.990401036850688,6.710769278903333,412369.64342601044,349746.3579325681,111412.12434497778,41.66666666666667,66.66666666666666,12,0,"(1, 1, 0)","(0, 1, 1, 12)",-75.14791550005941,0.9969176000449806
2010,春源,鋼鐵工業,12,6.22,6.397,4.182,6.495,164258.689,125663.163,53188.567,33.333,66.667,6.220163977401433,6.396645267126551,4.182262247094311,6.494735958033701,164258.68915695863,125663.16339471134,53188.56653604965,33.33333333333333,66.66666666666666,12,0,"(0, 1, 1)","(0, 1, 1, 12)",-72.52923231802102,0.7976777998264879
6104,創惟,半導體業,12,6.225,6.368,5.843,6.26,25595.089,21039.77,955.761,41.667,66.667,6.224538353764748,6.368068606926154,5.843198645321943,6.260319503973035,25595.089167361224,21039.76957417202,955.7610796859759,41.66666666666667,66.66666666666666,12,0,"(0, 1, 1)","(0, 1, 1, 12)",-40.42313500465999,1.012329800054431
6170,統振,通信網路業,12,6.226,6.223,6.726,6.226,19069.922,16539.021,-758.021,58.333,83.333,6.22621877040094,6.222582549605504,6.725714948669283,6.226061112198923,19069.92155691172,16539.02141927018,-758.021183695227,58.333333333333336,83.33333333333334,12,0,"(0, 1, 1)","(0, 1, 1, 12)",-16.1413168178349,1.0589548000134528
5203,訊連,電子工業,12,6.232,6.232,5.28,6.052,15519.544,12771.28,-4548.697,41.667,58.333,6.231592331340645,6.23212017821144,5.280079925554123,6.052145601861661,15519.544040090348,12771.27978053638,-4548.696889088819,41.66666666666667,58.333333333333336,12,0,"(0, 1, 1)","(1, 1, 0, 12)",-99.66859039229598,0.7447891000192612
1103,嘉泥,水泥工業,12,6.261,6.286,5.616,6.281,18641.397,15733.881,1448.818,33.333,66.667,6.261499715385675,6.285657543145684,5.616244270430073,6.280610480226258,18641.3965142081,15733.880831071836,1448.8180659059046,33.33333333333333,66.66666666666666,12,0,"(0, 1, 1)","(0, 1, 0, 12)",-73.39573481013264,1.2295594001188874
4104,佳醫,生技醫療業,12,6.275,6.468,5.255,6.403,62214.29,45956.478,5821.045,41.667,58.333,6.274774966680311,6.468222737132663,5.255387521307875,6.402817483464883,62214.29035145525,45956.47800086229,5821.044840845531,41.66666666666667,58.333333333333336,12,0,"(0, 1, 1)","(0, 1, 0, 12)",-130.0636768512517,0.5830060001462698
1712,興農,化學生技醫療,12,6.278,6.525,5.789,6.453,113091.117,97357.248,-21770.735,58.333,75.0,6.277581795630372,6.524588872951016,5.789025498387997,6.452920585070057,113091.11710047523,97357.24788289232,-21770.73459328449,58.333333333333336,75.0,12,0,"(1, 1, 0)","(0, 1, 0, 12)",-83.8246122636831,0.3875937000848353
6154,順發,電子通路業,12,6.281,6.253,5.187,6.217,23029.821,20551.922,-1635.489,58.333,66.667,6.280761007336652,6.252836588661134,5.186803102204172,6.216727221447969,23029.82123077999,20551.921870109512,-1635.4889726799204,58.333333333333336,66.66666666666666,12,0,"(1, 1, 1)","(0, 1, 0, 12)",-58.85951933161215,0.5864961000625044
2937,集雅社,居家生活類,12,6.288,6.639,6.455,6.69,29551.989,27225.426,9908.955,33.333,83.333,6.288050817798593,6.638995582550418,6.455369736278183,6.689776264588596,29551.989041640732,27225.42602624605,9908.954903669486,33.33333333333333,83.33333333333334,12,0,"(0, 1, 1)","(0, 1, 0, 12)",-70.78488000957842,0.6423863999079913
6655,科定,其他,12,6.298,7.425,3.715,6.672,23142.088,13645.704,-4655.119,50.0,58.333,6.298281178166778,7.425113815453768,3.7153098994728615,6.672179869435996,23142.0881568845,13645.703792154332,-4655.118820674391,50.0,58.333333333333336,12,0,"(0, 1, 1)","(0, 1, 1, 12)",-18.132548859974627,0.7525718999095261
2409,友達,電子工業,12,6.299,6.263,6.037,6.226,1764413.316,1477072.603,17341.002,41.667,83.333,6.299091462469428,6.26332504994981,6.0369803491672505,6.226490851496288,1764413.315787807,1477072.6027297918,17341.001553243026,41.66666666666667,83.33333333333334,12,0,"(1, 1, 0)","(0, 1, 1, 12)",-89.27762029730432,0.973679499933496
2308,台達電,電子零組件業,12,6.305,6.589,3.993,6.393,4177426.955,2915525.573,-666386.777,58.333,66.667,6.305143639891043,6.589240002707209,3.9928663889340505,6.393491667339256,4177426.954642794,2915525.5732375607,-666386.7765274858,58.333333333333336,66.66666666666666,12,0,"(0, 1, 1)","(0, 1, 0, 12)",-139.78772146881218,0.5271562000270933
6672,騰輝電子-KY,電子零組件業,12,6.319,6.402,7.551,6.32,26691.567,22433.278,-4502.127,50.0,41.667,6.318943865236319,6.402339845393068,7.551374322397036,6.320167580901201,26691.566851718497,22433.277549967035,-4502.126820056302,50.0,41.66666666666667,12,0,"(1, 1, 0)","(0, 1, 1, 12)",-82.43995923296711,1.0521994999144226
9942,茂順,其他,12,6.321,6.667,5.234,6.487,26257.631,21144.802,1508.884,33.333,75.0,6.321457797289462,6.666805153194799,5.233500802124232,6.48723310425914,26257.630943950084,21144.802222598453,1508.8839884327488,33.33333333333333,75.0,12,0,"(0, 1, 1)","(0, 1, 1, 12)",-57.91175973299297,1.7442417999263853
8421,旭源,其他,12,6.322,6.385,5.48,6.304,7936.676,6177.579,721.538,25.0,75.0,6.322047863826604,6.384671099703756,5.480467332765484,6.30378019034802,7936.676004309976,6177.578533391727,721.5378219976241,25.0,75.0,12,0,"(1, 1, 1)","(0, 1, 1, 12)",-55.2414262726836,1.0393521999940276
4139,馬光-KY,生技醫療業,12,6.322,6.683,4.497,6.468,8014.518,5754.985,682.782,33.333,58.333,6.3223125635922655,6.683389559184884,4.496634010351254,6.467555014173705,8014.518116953339,5754.985114292117,682.7823906913121,33.33333333333333,58.333333333333336,12,0,"(0, 1, 1)","(0, 1, 1, 12)",-76.38575893362238,1.0467161999549717
2379,瑞昱,電子工業,12,6.325,5.845,1.973,5.846,1015771.892,646729.579,177722.263,33.333,66.667,6.324655205967643,5.845292964449048,1.9734150807369024,5.846446651779636,1015771.8923125317,646729.5787293352,177722.26298690992,33.33333333333333,66.66666666666666,12,0,"(1, 1, 0)","(0, 1, 1, 12)",-91.7889988790603,1.0452211999800056
3158,嘉實,資訊服務業,4,6.327,6.493,5.853,6.267,6483.044,6128.333,-6128.333,100.0,0.0,6.326609267785738,6.492848147554725,5.852723630480006,6.2671780477562296,6483.043549650632,6128.333333333333,-6128.333333333333,100.0,0.0,0,12,,,,0.0134425999131053
6615,慧智,生技醫療業,12,6.34,6.264,4.857,6.339,2804.87,2037.917,-146.835,58.333,58.333,6.340323733493423,6.26408694754119,4.856786696872333,6.33907544943945,2804.87011069461,2037.9174216256788,-146.8353230716751,58.333333333333336,58.333333333333336,12,0,"(1, 1, 1)","(0, 1, 0, 12)",-115.96259135091688,1.1445473001804205
3645,達邁,電子零組件業,12,6.345,6.471,7.403,6.53,14405.449,12548.277,1899.693,50.0,75.0,6.34490000519475,6.471380099084997,7.403467059505417,6.530200959002847,14405.449257246402,12548.277015773632,1899.6925015578843,50.0,75.0,12,0,"(1, 1, 0)","(0, 1, 1, 12)",-4.782970368606513,1.0386126001831144
3675,德微,半導體業,12,6.35,6.376,5.359,6.501,17991.136,13952.167,3842.145,41.667,58.333,6.349995111880083,6.376496032819305,5.358965910109785,6.500798475643362,17991.13552250667,13952.166926522172,3842.1450424412906,41.66666666666667,58.333333333333336,12,0,"(1, 1, 0)","(0, 1, 1, 12)",-72.03139819017998,1.1641410999000072
1734,杏輝,生技醫療業,12,6.355,6.253,6.048,6.163,21098.103,17851.998,-2144.585,41.667,91.667,6.354629805150464,6.253205227789595,6.048378353307705,6.162837454690251,21098.103164235934,17851.997965311144,-2144.5849289052785,41.66666666666667,91.66666666666666,12,0,"(0, 1, 1)","(0, 1, 1, 12)",-65.17784779058398,0.7722465000115335
5211,蒙恬,資訊服務業,12,6.371,7.15,4.009,6.724,1483.199,1160.849,-1086.674,83.333,58.333,6.371173007449947,7.150156623160166,4.009053078431213,6.724128657233259,1483.1994654474104,1160.8489592007386,-1086.6740360169226,83.33333333333334,58.333333333333336,12,0,"(0, 1, 1)","(0, 1, 1, 12)",-65.81408620841744,0.9485176999587566
6664,群翊,電子零組件業,12,6.382,6.304,4.843,6.1,18071.703,13692.222,-5719.863,50.0,58.333,6.382189822417117,6.304182239445365,4.842660001686984,6.099866535963132,18071.70324913593,13692.222401217236,-5719.862816276279,50.0,58.333333333333336,12,0,"(0, 1, 1)","(0, 1, 0, 12)",-78.89185475656767,0.4858374998439103
6168,宏齊,電子工業,12,6.412,6.764,4.593,6.594,14468.019,11066.718,-2758.814,66.667,50.0,6.411585770561549,6.764482518781444,4.59258771161573,6.593686237480119,14468.01927999889,11066.717619277762,-2758.813514872636,66.66666666666666,50.0,12,0,"(1, 1, 0)","(0, 1, 0, 12)",-63.15674893412856,0.338432100135833
6279,胡連,電子零組件業,12,6.418,6.536,5.801,6.71,63298.725,52537.112,31376.741,25.0,75.0,6.417856380206813,6.536440836567854,5.800961600743291,6.709523937450246,63298.72461282042,52537.11249795164,31376.741243357654,25.0,75.0,12,0,"(1, 1, 1)","(0, 1, 1, 12)",-75.01416092309077,1.7198211001232266
4927,泰鼎-KY,電子零組件業,12,6.418,6.197,4.841,6.371,72874.008,62088.432,34429.473,25.0,66.667,6.418388560848156,6.19737665414211,4.841493074868071,6.37093615933511,72874.00789166904,62088.431505764376,34429.47311260412,25.0,66.66666666666666,12,0,"(1, 1, 1)","(0, 1, 1, 12)",-30.660832989376885,1.136303700041026
2228,劍麟,汽車工業,12,6.433,6.339,4.715,6.359,31943.362,26566.701,443.377,50.0,83.333,6.433466824025542,6.338575282949001,4.715383851401159,6.358872585649627,31943.361774927092,26566.70102136169,443.3766925234134,50.0,83.33333333333334,12,0,"(1, 1, 0)","(0, 1, 1, 12)",-54.4281499414863,0.9604547000490128
4106,雃博,生技醫療業,12,6.438,6.507,5.606,6.381,15573.022,12899.518,-4099.488,66.667,75.0,6.438140724713463,6.507196035014069,5.605525920249478,6.381416993026905,15573.022163037727,12899.517772325873,-4099.488395922182,66.66666666666666,75.0,12,0,"(0, 1, 1)","(0, 1, 1, 12)",-48.12837835773304,0.8890542001463473
1440,南紡,紡織纖維,12,6.44,6.295,7.196,6.341,91159.06,77386.248,19794.203,25.0,83.333,6.439591265906287,6.29457332143364,7.195899903922008,6.340733625305142,91159.06043839973,77386.24790245104,19794.202880116045,25.0,83.33333333333334,12,0,"(0, 1, 1)","(0, 1, 1, 12)",-46.33407638281747,0.775099900085479
6147,頎邦,半導體業,12,6.446,6.419,7.0,6.452,129287.144,115249.216,26838.447,41.667,58.333,6.446275248003981,6.418525379393579,7.000034221836564,6.452480098483744,129287.14401998915,115249.21631941933,26838.447103729937,41.66666666666667,58.333333333333336,12,0,"(1, 1, 1)","(0, 1, 0, 12)",-123.03217456658577,0.891182699939236
2752,豆府,觀光餐旅,12,6.448,6.321,5.268,6.446,25343.118,21881.495,8770.017,33.333,91.667,6.447812403946772,6.321450899943662,5.267578119164447,6.445951762476374,25343.11819270062,21881.494981582888,8770.016658887675,33.33333333333333,91.66666666666666,12,0,"(1, 1, 1)","(0, 1, 1, 12)",-1.1822691867827508,2.2100455998443067
6830,汎銓,電子工業,12,6.456,6.546,6.97,6.356,13998.381,11721.974,-6158.295,58.333,75.0,6.45647015705307,6.546206546973868,6.970212012071738,6.355955553973837,13998.381280981337,11721.974448544332,-6158.295054364629,58.333333333333336,75.0,12,0,"(0, 1, 1)","(0, 1, 0, 12)",-61.87751451919047,0.5440740999765694
5878,台名,金融業,12,6.457,6.627,4.608,6.516,6208.966,4749.158,-746.263,58.333,91.667,6.457157024631241,6.627398440326599,4.608017904459034,6.516052019441103,6208.96649314427,4749.1582771534695,-746.2626701961968,58.333333333333336,91.66666666666666,12,0,"(0, 1, 1)","(0, 1, 1, 12)",-29.132786051771724,1.0948101000394672
2903,遠百,貿易百貨,12,6.469,6.372,4.001,6.662,273144.008,183716.298,19319.831,41.667,100.0,6.46933209542115,6.372101004532195,4.000624204485363,6.661766457419348,273144.00809256383,183716.29770795282,19319.830613411457,41.66666666666667,100.0,12,0,"(1, 1, 1)","(0, 1, 0, 12)",-69.43217375623028,0.5269436999224126
2206,三陽工業,汽車工業,12,6.471,6.654,6.06,6.722,418586.096,337797.189,95299.483,50.0,75.0,6.470579670816654,6.6536896206149585,6.0602089555099266,6.721808770579776,418586.09566253336,337797.188675004,95299.48334421469,50.0,75.0,12,0,"(1, 1, 0)","(0, 1, 1, 12)",-61.50677205106345,0.8849899000488222
8016,矽創,電子工業,12,6.471,6.455,5.403,6.554,130177.16,102465.273,2033.936,58.333,50.0,6.470832966569071,6.45533684941687,5.402563294527295,6.553500283438068,130177.15993724755,102465.27334508648,2033.935912544742,58.333333333333336,50.0,12,0,"(1, 1, 1)","(1, 1, 0, 12)",-66.48294576800807,1.3451674000825733
6115,鎰勝,電子零組件業,12,6.532,7.191,2.788,6.918,61862.497,40795.853,-2450.375,41.667,75.0,6.532417854079137,7.191187149908365,2.787981270653519,6.917755981383723,61862.496515665836,40795.85314986069,-2450.375259443865,41.66666666666667,75.0,12,0,"(0, 1, 1)","(0, 1, 1, 12)",-39.261716315787325,1.1876077000051737
6284,佳邦,電子零組件業,12,6.549,6.636,7.025,6.649,44957.977,41583.6,7405.455,41.667,83.333,6.549025524822347,6.635894537572408,7.02539860148822,6.648556845054536,44957.97732737003,41583.599694550365,7405.455376830515,41.66666666666667,83.33333333333334,12,0,"(0, 1, 1)","(0, 1, 1, 12)",-73.98987312859433,1.0701304001268
1457,宜進,紡織纖維,12,6.556,6.454,4.569,6.827,23079.846,16258.797,7702.192,33.333,83.333,6.5558389268657535,6.454229877117436,4.56904784916862,6.82730851202258,23079.84632050886,16258.7974041752,7702.192366713549,33.33333333333333,83.33333333333334,12,0,"(1, 1, 0)","(0, 1, 1, 12)",-34.15355012298951,1.885289799887687
9944,新麗,其他,12,6.564,6.566,4.642,6.191,19105.779,12444.844,-6684.421,58.333,83.333,6.563519989621954,6.566120151768831,4.641633949672582,6.190931419740778,19105.77896101431,12444.844120322576,-6684.420538472851,58.333333333333336,83.33333333333334,12,0,"(0, 1, 1)","(0, 1, 1, 12)",-39.31893525830911,1.6251085000112653
3317,尼克森,半導體業,12,6.57,6.798,6.169,6.579,17329.873,14817.676,-7811.345,66.667,58.333,6.57003343733283,6.7980847502162804,6.168576858865517,6.578595910844333,17329.87278331524,14817.675637637818,-7811.344746056148,66.66666666666666,58.333333333333336,12,0,"(1, 1, 1)","(0, 1, 1, 12)",-46.30644336707476,1.094981899950653
6506,雙邦,紡織纖維,12,6.572,6.593,6.666,6.729,13018.399,10271.631,1090.873,50.0,75.0,6.572291282162834,6.592857941566006,6.666122728100264,6.729228534773774,13018.399094006878,10271.631399244427,1090.8731331465654,50.0,75.0,12,0,"(0, 1, 1)","(0, 1, 1, 12)",-29.46921049993208,0.7725937999784946
2812,台中銀,金融保險,12,6.606,6.689,5.849,6.62,141832.962,113093.907,-25360.147,58.333,58.333,6.605813615962062,6.6887708279351425,5.848502596782083,6.620165952768066,141832.96161348143,113093.90719817225,-25360.14696054824,58.333333333333336,58.333333333333336,12,0,"(0, 1, 1)","(0, 1, 0, 12)",-97.99335698081934,0.4778589999768883
2385,群光,電子零組件業,12,6.609,6.538,5.812,6.645,573736.559,526853.721,191199.933,41.667,50.0,6.6090083291141,6.538198526242438,5.8124999147526015,6.6453134781785685,573736.5587402608,526853.7206112782,191199.93296390158,41.66666666666667,50.0,12,0,"(1, 1, 1)","(0, 1, 0, 12)",-84.97688808932588,0.5923922001384199
5016,松和,鋼鐵工業,12,6.611,6.805,6.963,6.838,13173.617,11284.349,520.767,50.0,50.0,6.610777344188923,6.804506451256471,6.963422926080855,6.83823651064404,13173.616950263353,11284.349022380084,520.7672084775913,50.0,50.0,12,0,"(0, 1, 1)","(0, 1, 1, 12)",-48.43744754898582,0.8680688000749797
4760,勤凱,其他電子類,12,6.618,7.082,7.143,6.957,11916.495,10514.261,-4267.231,66.667,41.667,6.618292404032743,7.082287392695672,7.1431341816184215,6.957345693567918,11916.494613105155,10514.260532540016,-4267.230560268421,66.66666666666666,41.66666666666667,12,0,"(1, 1, 0)","(0, 1, 1, 12)",-25.049884303891133,0.8282759999856353
3071,協禧,電腦及週邊設備業,12,6.625,6.534,6.004,6.475,16181.713,12876.473,696.186,33.333,58.333,6.624592031568659,6.533812119286335,6.004465696560665,6.475103291380568,16181.713120007744,12876.473474454544,696.1861059264751,33.33333333333333,58.333333333333336,12,0,"(1, 1, 1)","(0, 1, 1, 12)",-59.38372405135674,2.391557299997657
5013,強新,鋼鐵工業,12,6.648,6.847,7.185,6.992,50293.05,42843.318,19117.515,33.333,66.667,6.6477068645135935,6.8472022264762025,7.184555308041044,6.9920888343568794,50293.049767998054,42843.31847260026,19117.51461679061,33.33333333333333,66.66666666666666,12,0,"(0, 1, 1)","(0, 1, 1, 12)",-30.493282522005288,0.6608374000061303
1504,東元,電機機械,12,6.66,6.882,6.257,6.705,378761.851,327860.187,-173075.718,66.667,58.333,6.6604109078321345,6.881780767223887,6.2565257168202635,6.705063051734565,378761.8511955675,327860.1866780941,-173075.71818276672,66.66666666666666,58.333333333333336,12,0,"(0, 1, 1)","(0, 1, 0, 12)",-121.76622961740192,0.4764694001059979
2483,百容,電子零組件業,12,6.672,6.825,4.866,6.783,12127.683,9794.351,816.113,33.333,83.333,6.67199593885923,6.825070434066954,4.865566041646296,6.782961848889977,12127.682916443186,9794.351038329958,816.1130624089128,33.33333333333333,83.33333333333334,12,0,"(1, 1, 0)","(0, 1, 1, 12)",-81.68227340408944,0.8075546000618488
2383,台光電,電子零組件業,12,6.694,6.897,8.458,6.868,611058.187,525724.431,-25174.074,58.333,41.667,6.694142851657883,6.896968565846833,8.457769171669366,6.868154598737243,611058.1865016369,525724.4307566186,-25174.074196519796,58.333333333333336,41.66666666666667,12,0,"(1, 1, 0)","(0, 1, 1, 12)",-95.7782906844104,0.8582029000390321
8042,金山電,電子零組件業,12,6.695,6.893,4.747,6.821,27402.601,21010.678,-5269.241,66.667,83.333,6.695069185971756,6.892597725883226,4.7466904331353295,6.820616056507639,27402.600653362617,21010.67812994079,-5269.240933294369,66.66666666666666,83.33333333333334,12,0,"(0, 1, 1)","(0, 1, 1, 12)",-54.71156575761637,0.9935884999576956
3444,利機,電子通路業,12,6.695,6.476,4.85,6.467,9578.533,7113.919,-949.142,66.667,58.333,6.69525349018166,6.476438311857737,4.849802817926053,6.467078743078434,9578.533010116496,7113.918849678536,-949.1418335660092,66.66666666666666,58.333333333333336,12,0,"(1, 1, 0)","(0, 1, 1, 12)",-69.5146103822418,0.9967902000062168
3454,晶睿,電子工業,12,6.697,7.091,3.244,7.568,64443.268,41658.06,19474.927,33.333,75.0,6.697082894913388,7.091169427669854,3.2444331863454163,7.5682969952321075,64443.2675561823,41658.06006281418,19474.92686924472,33.33333333333333,75.0,12,0,"(1, 1, 0)","(0, 1, 1, 12)",-24.31145558350917,0.8137982999905944
5457,宣德,電子零組件業,12,6.697,6.617,6.672,6.822,164094.925,135719.446,49138.81,50.0,83.333,6.697396147970709,6.617203748921654,6.672004453713925,6.821859353090681,164094.92515199078,135719.44563335046,49138.809631754084,50.0,83.33333333333334,12,0,"(1, 1, 0)","(0, 1, 1, 12)",-23.57676501976507,1.1049213998485357
8086,宏捷科,半導體業,12,6.701,7.698,4.97,7.393,28316.128,22987.896,-4115.261,50.0,75.0,6.701144220324879,7.698141572883109,4.970414030918952,7.3927975802395585,28316.128450623386,22987.89551631868,-4115.260933259236,50.0,75.0,12,0,"(1, 1, 0)","(0, 1, 1, 12)",-50.94225864389503,0.8019896000623703
2832,台產,金融保險,12,6.705,6.753,5.242,6.712,54846.31,40807.71,-2346.103,58.333,66.667,6.704682626538178,6.75325552576897,5.241729489145787,6.711568908260665,54846.30962113599,40807.709985057765,-2346.1033657411463,58.333333333333336,66.66666666666666,12,0,"(1, 1, 0)","(0, 1, 0, 12)",-93.08117933447838,0.3749586001504212
3023,信邦,電子零組件業,12,6.713,6.497,5.999,6.647,215191.39,175297.378,61313.658,41.667,33.333,6.712978704443162,6.497017839166428,5.9988697971233975,6.647061043999853,215191.390304153,175297.37788146085,61313.65849804626,41.66666666666667,33.33333333333333,12,0,"(1, 1, 1)","(0, 1, 0, 12)",-149.92963640676982,0.8308043000288308
6542,隆中,文化創意業,12,6.714,6.771,5.074,6.471,6353.26,4945.923,-3382.625,66.667,41.667,6.713823794939482,6.7713895435486435,5.073531680259872,6.470933898392044,6353.260310754186,4945.92292869653,-3382.6248287732747,66.66666666666666,41.66666666666667,12,0,"(1, 1, 1)","(1, 1, 0, 12)",-88.43226249254413,1.3573036999441683
8463,潤泰材,其他,12,6.741,6.776,4.272,6.861,53202.05,40566.898,18424.401,33.333,66.667,6.740852130774642,6.775956116948928,4.2723082439800715,6.860589065173192,53202.05049356643,40566.89751314386,18424.401280940143,33.33333333333333,66.66666666666666,12,0,"(0, 1, 1)","(0, 1, 1, 12)",-47.37020262790993,2.1903009000234306
9910,豐泰,運動休閒,12,6.742,6.67,4.704,7.004,610658.48,469227.288,232352.251,50.0,66.667,6.742415347444326,6.670420687253426,4.704223933725011,7.003651414144672,610658.4795434538,469227.28797610296,232352.25118432808,50.0,66.66666666666666,12,0,"(1, 1, 1)","(0, 1, 1, 12)",-28.84455190332909,1.6879523999523371
3588,通嘉,電子工業,12,6.758,6.702,5.226,6.678,9172.42,7594.821,-694.377,66.667,66.667,6.75754448182639,6.702151841557942,5.225782093086774,6.677693478597322,9172.420400985146,7594.821136985885,-694.3772941679405,66.66666666666666,66.66666666666666,12,0,"(1, 1, 0)","(0, 1, 1, 12)",-67.02560035010535,0.7978500998578966
2845,遠東銀,金融保險,12,6.772,6.977,4.13,7.04,97967.934,72617.341,-13386.681,66.667,66.667,6.771555849551058,6.976802527056905,4.130446646314607,7.039981942353466,97967.93427194885,72617.3410579572,-13386.681446268767,66.66666666666666,66.66666666666666,12,0,"(0, 1, 1)","(0, 1, 1, 12)",-35.35265074485694,0.6923752999864519
4129,聯合,生技醫療業,12,6.772,6.885,6.911,6.78,37892.326,31915.27,-7257.826,58.333,83.333,6.771970503868936,6.885310020611773,6.911279570036045,6.780004736725555,37892.32553664236,31915.26990254121,-7257.825631208044,58.333333333333336,83.33333333333334,12,0,"(1, 1, 1)","(0, 1, 1, 12)",-51.41305534778547,1.3345586999785155
2707,晶華,觀光餐旅,12,6.772,6.702,5.057,6.575,48602.265,38561.611,-7141.818,41.667,75.0,6.772200835847496,6.701805199474231,5.057212641783685,6.57487173667236,48602.265056559154,38561.61135340201,-7141.818470956471,41.66666666666667,75.0,12,0,"(1, 1, 1)","(0, 1, 1, 12)",-33.70093334380888,1.711965800030157
8289,泰藝,電子零組件業,12,6.782,6.927,6.202,6.84,11450.983,9765.515,-485.455,41.667,66.667,6.781839529179972,6.927210979546611,6.202199532918044,6.840248843589316,11450.982915824205,9765.515481575641,-485.45475658595507,41.66666666666667,66.66666666666666,12,0,"(1, 1, 0)","(0, 1, 1, 12)",-30.163762457297658,0.6982704000547528
4560,強信-KY,電機機械,12,6.792,6.538,5.915,6.672,12535.988,9725.169,244.461,66.667,50.0,6.7924735450581295,6.538459630446086,5.91463221654762,6.6722129318374055,12535.988194517702,9725.169281293944,244.46133597289494,66.66666666666666,50.0,12,0,"(1, 1, 0)","(0, 1, 1, 12)",-43.00986486774468,0.7913856999948621
5498,凱崴,電子零組件業,12,6.804,7.338,6.161,6.97,9557.822,7976.115,-5835.772,66.667,50.0,6.8038415194370625,7.3375218210599655,6.160577159508833,6.970254846040769,9557.822279007958,7976.115063896404,-5835.771629943814,66.66666666666666,50.0,12,0,"(0, 1, 1)","(0, 1, 1, 12)",-47.513527187842776,0.9442952000536023
1338,廣華-KY,汽車工業,12,6.806,7.065,7.785,6.885,35761.026,29979.059,-15462.299,83.333,83.333,6.805902567666716,7.064801254800041,7.785128755475528,6.885284062803574,35761.025915419756,29979.059327383355,-15462.29863721779,83.33333333333334,83.33333333333334,12,0,"(1, 1, 1)","(0, 1, 1, 12)",-18.092805206062728,0.9377594999969006
8401,白紗科,其他,12,6.824,7.025,3.441,7.157,11514.576,8779.33,3840.399,25.0,58.333,6.824024748264426,7.025258910342842,3.441430473830051,7.157395495938519,11514.576400785858,8779.329619446502,3840.3988329977997,25.0,58.333333333333336,12,0,"(0, 1, 1)","(0, 1, 1, 12)",-67.4491354006274,1.016202999977395
2603,長榮,航運業,12,6.826,7.074,5.838,7.154,2519216.114,2154982.61,667750.69,33.333,58.333,6.826092277511857,7.073997434099717,5.838229364598479,7.153728482340277,2519216.1135433703,2154982.6104048146,667750.6898049474,33.33333333333333,58.333333333333336,12,0,"(1, 1, 0)","(0, 1, 1, 12)",-66.88484740541615,0.7143729000817984
2486,一詮,電子工業,12,6.831,7.6,5.494,7.265,47151.146,34417.123,1880.133,33.333,58.333,6.831456560123489,7.599971020751524,5.494443896327325,7.26523006881987,47151.145649195896,34417.1229437622,1880.133133724875,33.33333333333333,58.333333333333336,12,0,"(0, 1, 1)","(0, 1, 0, 12)",-78.46620415731553,0.4232218000106513
6415,矽力*-KY,電子工業,12,6.835,6.919,4.409,7.311,155910.436,106924.888,12978.875,58.333,75.0,6.835277042869736,6.9191727709088,4.409359444213758,7.310540368954389,155910.43564596924,106924.88813293037,12978.875385623018,58.333333333333336,75.0,12,0,"(1, 1, 0)","(0, 1, 1, 12)",-65.60508561036465,1.5327385000418872
7713,威力德生醫,生技醫療業,12,6.853,7.194,5.956,6.911,7974.436,6335.25,-3152.25,58.333,8.333,6.853240782475435,7.193830040223364,5.95585736885923,6.910620541950463,7974.435721938784,6335.25,-3152.25,58.333333333333336,8.333333333333332,0,12,,,,0.0318656999152153
2801,彰銀,金融保險,12,6.856,6.904,5.809,6.866,297895.017,258882.27,-24440.207,50.0,58.333,6.856281320402504,6.90369198148191,5.809014642331957,6.8663556281462315,297895.017252389,258882.26974396352,-24440.206839004142,50.0,58.333333333333336,12,0,"(0, 1, 1)","(0, 1, 1, 12)",-75.36592710990178,0.7587805998045951
2355,敬鵬,電子零組件業,12,6.863,6.963,6.07,6.866,109885.456,90089.085,-3472.403,50.0,58.333,6.86268190128829,6.96298576404732,6.070437265231656,6.865612070169759,109885.45619622001,90089.08460744812,-3472.402803020707,50.0,58.333333333333336,12,0,"(0, 1, 1)","(0, 1, 1, 12)",-79.59075815890326,0.9856603001244366
2317,鴻海,電子工業,12,6.865,7.811,5.852,7.282,61659972.341,46340168.412,-37535734.66,75.0,75.0,6.865370649955029,7.810630146874295,5.8519381447372645,7.2820726506279,61659972.34144316,46340168.411563896,-37535734.660092056,75.0,75.0,12,0,"(1, 1, 1)","(0, 1, 1, 12)",-35.02747589695135,1.1131196999922397
5493,三聯,其他電子類,12,6.877,7.026,6.478,7.037,32502.035,31238.295,642.942,50.0,83.333,6.8768267754125105,7.025882049022147,6.478458289027138,7.037357950268784,32502.0350471359,31238.295084516223,642.942242377297,50.0,83.33333333333334,12,0,"(1, 1, 0)","(0, 1, 0, 12)",-103.19428308439755,0.4238182001281529
8046,南電,電子零組件業,12,6.88,7.397,6.077,7.155,290411.817,230340.367,-82913.162,75.0,66.667,6.8804547594264145,7.397091868009896,6.076572648804173,7.154973886339108,290411.81689024606,230340.36687157478,-82913.16155403305,75.0,66.66666666666666,12,0,"(0, 1, 1)","(0, 1, 1, 12)",-67.96190273351692,0.9453054999466984
3532,台勝科,電子工業,12,6.89,7.258,4.806,6.984,85253.037,70823.849,-34396.816,66.667,50.0,6.890432913456122,7.257765022232827,4.806331363096448,6.983636072454708,85253.03717499682,70823.84870950955,-34396.816425488934,66.66666666666666,50.0,12,0,"(1, 1, 1)","(0, 1, 0, 12)",-87.23818398918802,0.6789857000112534
1708,東鹼,化學工業,12,6.891,6.928,7.07,7.021,39987.548,35353.587,7905.813,41.667,41.667,6.890953032140176,6.927880117953279,7.069709184177873,7.020629595283976,39987.54765030844,35353.586619448084,7905.813394340429,41.66666666666667,41.66666666666667,12,0,"(1, 1, 0)","(0, 1, 1, 12)",-19.9878310576332,0.6224653001409024
6230,尼得科超眾,電子工業,12,6.9,7.212,6.074,6.944,64826.568,52287.564,-17931.059,50.0,50.0,6.899818928111201,7.211693268282847,6.074250746245752,6.944392865552077,64826.568351270245,52287.56381791234,-17931.059090117385,50.0,50.0,12,0,"(1, 1, 0)","(0, 1, 1, 12)",-47.25439256951484,1.0395421001594514
6510,精測,半導體業,12,6.913,6.77,3.603,7.022,40105.004,27688.411,11535.651,33.333,75.0,6.91344225001223,6.770408020012546,3.6031169951488597,7.022037063662966,40105.00378784892,27688.41110692336,11535.650544319744,33.33333333333333,75.0,12,0,"(0, 1, 1)","(0, 1, 1, 12)",-37.99410963222658,1.026595099829137
5299,杰力,半導體業,12,6.916,6.612,7.499,6.743,9895.343,8549.915,3376.55,33.333,66.667,6.916367481866471,6.611500351293081,7.49941472313303,6.7427166538413825,9895.343241279941,8549.915499210672,3376.549519107715,33.33333333333333,66.66666666666666,12,0,"(1, 1, 0)","(0, 1, 1, 12)",-47.16268785189369,1.1343880000058562
3236,千如,電子零組件業,12,6.918,7.587,5.704,7.166,15923.366,11919.834,-6205.195,66.667,75.0,6.918063124401365,7.586730167779853,5.704385452360683,7.166059471914768,15923.365532120866,11919.83429344876,-6205.195181217957,66.66666666666666,75.0,12,0,"(0, 1, 1)","(0, 1, 1, 12)",-41.10525506486611,0.7020534998737276
6689,伊雲谷,數位雲端,12,6.941,6.741,7.491,7.03,89168.176,72162.016,48970.074,33.333,58.333,6.94123665688405,6.741055265369431,7.4913533237062335,7.030028891994158,89168.17554384813,72162.01599882363,48970.073681139096,33.33333333333333,58.333333333333336,12,0,"(0, 1, 1)","(1, 1, 0, 12)",-55.05289060666241,0.6497372000012547
8261,富鼎,電子工業,12,6.945,6.929,5.453,7.032,22807.247,17966.174,2730.752,50.0,83.333,6.9452563217765775,6.9289171874676745,5.453253017803505,7.032096583631069,22807.247178735994,17966.174260006897,2730.75162554233,50.0,83.33333333333334,12,0,"(1, 1, 0)","(0, 1, 1, 12)",-51.377413137304906,0.9244216999504716
2006,東和鋼鐵,鋼鐵工業,12,6.961,6.955,5.679,7.023,387220.364,336438.337,135410.08,25.0,50.0,6.961271712697934,6.954611711656135,5.679251414613189,7.023214899480059,387220.3639499345,336438.3372884681,135410.07966099112,25.0,50.0,12,0,"(0, 1, 1)","(0, 1, 1, 12)",-76.13105982794386,0.8274425000417978
1736,喬山,運動休閒,12,6.967,7.213,7.346,7.346,366812.646,315497.187,-15968.756,50.0,83.333,6.966665012020877,7.213209793781529,7.345861372200351,7.34551469999441,366812.6460608603,315497.1871221274,-15968.75599630856,50.0,83.33333333333334,12,0,"(1, 1, 1)","(0, 1, 1, 12)",-70.0918468146281,1.3638195998501033
1203,味王,食品工業,12,6.979,6.817,3.179,7.309,45813.623,32688.789,28088.902,41.667,66.667,6.978991752141295,6.81703762930434,3.1792910437105917,7.3087822636077355,45813.62272942964,32688.788967151868,28088.90167270385,41.66666666666667,66.66666666666666,12,0,"(0, 1, 1)","(0, 1, 0, 12)",-101.2969485454995,0.4569743000902235
1304,台聚,塑膠工業,12,6.991,6.874,7.691,6.98,316205.611,257321.365,128370.915,25.0,58.333,6.991316052573455,6.873749151798253,7.691096209701459,6.979582786958657,316205.61057594244,257321.36489019098,128370.91481897922,25.0,58.333333333333336,12,0,"(0, 1, 1)","(0, 1, 1, 12)",-75.41846394830382,2.241384200053289
5234,達興材料,電子工業,12,7.001,7.241,5.118,7.248,36775.496,27011.226,5960.383,41.667,75.0,7.001085518842744,7.2408085095113845,5.117652893277983,7.247926534423107,36775.49558629886,27011.22642604727,5960.3825984295645,41.66666666666667,75.0,12,0,"(1, 1, 0)","(0, 1, 0, 12)",-79.9281821303297,0.3551250000018626
3552,同致,其他電子類,12,7.008,7.186,5.169,7.344,60946.223,49411.702,17457.23,25.0,66.667,7.007922900219745,7.185572890993614,5.169496186384628,7.3435196354994865,60946.22266751042,49411.70222223513,17457.229724381254,25.0,66.66666666666666,12,0,"(1, 1, 1)","(0, 1, 1, 12)",-18.277872824956376,1.2652683001942933
3037,欣興,電子零組件業,12,7.011,7.245,5.842,7.148,902799.771,766788.137,-51809.138,50.0,50.0,7.011121462811092,7.245385298002901,5.841890641897673,7.147632261034439,902799.7705944395,766788.1371570482,-51809.13823648434,50.0,50.0,12,0,"(1, 1, 0)","(0, 1, 0, 12)",-133.98485349027862,0.4991792000364512
6417,韋僑,通信網路業,12,7.013,7.091,5.819,6.908,12754.782,9395.222,-1091.877,33.333,41.667,7.0132522367413745,7.091430298688668,5.8192699373990155,6.907564575727509,12754.782320507311,9395.221537674486,-1091.877164858939,33.33333333333333,41.66666666666667,12,0,"(1, 1, 0)","(0, 1, 1, 12)",-64.73144219789043,2.3130286000669003
6781,AES-KY,電子零組件業,12,7.023,7.254,6.984,7.139,112033.689,93649.168,17436.998,33.333,75.0,7.023331177325286,7.253792633586158,6.983876623392648,7.138752835348006,112033.68919550731,93649.16815176712,17436.998093442857,33.33333333333333,75.0,12,0,"(1, 1, 0)","(0, 1, 0, 12)",-53.56978474138391,1.101156100165099
2478,大毅,電子零組件業,12,7.043,7.398,5.436,7.34,42086.87,31944.901,2249.478,50.0,58.333,7.042879931119041,7.397965519580484,5.436066375763933,7.339795369928108,42086.86983799018,31944.901112371637,2249.477853763606,50.0,58.333333333333336,12,0,"(0, 1, 1)","(0, 1, 1, 12)",-63.4801829266073,0.861081900075078
7747,昕奇雲端,數位雲端類,8,7.068,7.002,5.665,6.788,11540.36,8847.0,-2759.286,42.857,0.0,7.067681014530465,7.002429951778046,5.664716063628122,6.787829582608708,11540.359891639924,8847.0,-2759.285714285714,42.857142857142854,0.0,0,12,,,,0.0196461000014096
3665,貿聯-KY,電子工業,12,7.073,7.319,8.104,7.265,508292.049,419677.185,-115494.093,58.333,83.333,7.072964117678912,7.3193448728363,8.103652772893824,7.265371367123813,508292.04923446587,419677.18457880913,-115494.09262406376,58.333333333333336,83.33333333333334,12,0,"(1, 1, 0)","(0, 1, 1, 12)",-84.56980810087276,1.1654445000458509
2347,聯強,電子通路業,12,7.073,7.145,7.246,7.13,2723402.607,2416141.213,-171249.927,50.0,83.333,7.073296802953406,7.145128731801416,7.24612369630039,7.129806873321411,2723402.6068867436,2416141.2129897154,-171249.92680485547,50.0,83.33333333333334,12,0,"(0, 1, 1)","(0, 1, 1, 12)",-80.53744435006158,0.8226321002002805
1434,福懋,紡織纖維,12,7.086,6.921,5.137,6.925,200662.641,162949.636,19370.656,41.667,58.333,7.086237436248502,6.921191882351375,5.137419856617279,6.924701923648506,200662.64139455906,162949.6360603532,19370.656400094525,41.66666666666667,58.333333333333336,12,0,"(1, 1, 1)","(0, 1, 1, 12)",-121.16503923882692,1.9554588999599216
3583,辛耘,電子工業,12,7.089,6.873,5.445,7.341,91623.149,67175.2,61579.957,16.667,75.0,7.0887601392047115,6.8725700706491715,5.444644095336329,7.340922360106846,91623.14947293197,67175.19998524526,61579.95701259136,16.666666666666664,75.0,12,0,"(0, 1, 1)","(1, 1, 0, 12)",-36.18313998276062,0.5596592999063432
3305,昇貿,電子工業,12,7.093,6.954,4.142,6.882,88840.509,62598.824,-22332.673,58.333,75.0,7.092722980501498,6.954002648026686,4.142198009972684,6.881815946029033,88840.50884633831,62598.82444805548,-22332.67264466522,58.333333333333336,75.0,12,0,"(1, 1, 0)","(0, 1, 1, 12)",-66.39047674125968,0.9751214999705552
2616,山隆,油電燃氣業,12,7.099,7.172,5.023,7.114,61716.954,48434.763,-4501.703,66.667,58.333,7.099436448675232,7.1724114216232495,5.022576773862014,7.114499583716103,61716.95396147889,48434.76334505794,-4501.703012885021,66.66666666666666,58.333333333333336,12,0,"(1, 1, 0)","(0, 1, 1, 12)",-92.01659640238876,0.7664477000944316
6202,盛群,電子工業,12,7.101,7.188,3.904,7.103,23065.391,18094.656,1425.521,33.333,33.333,7.1012301732698875,7.187562678189371,3.9040169383511625,7.102828675341934,23065.391018695154,18094.656439892624,1425.520507861346,33.33333333333333,33.33333333333333,12,0,"(1, 1, 0)","(0, 1, 1, 12)",-24.718214026092237,0.9087805000599474
3019,亞光,電子工業,12,7.115,6.98,4.973,7.153,191693.584,156781.09,4829.651,66.667,91.667,7.114550196772458,6.98003993901297,4.973091389764565,7.153377293879524,191693.5837160092,156781.08974537902,4829.650532647851,66.66666666666666,91.66666666666666,12,0,"(1, 1, 0)","(0, 1, 1, 12)",-76.28450893839863,1.0385135998949409
2332,友訊,電子工業,12,7.133,7.116,7.909,7.132,86251.119,79461.693,-5597.669,58.333,83.333,7.132925485123937,7.1162239112616525,7.909257638122563,7.131717341753864,86251.11852647124,79461.69340817543,-5597.669163461716,58.333333333333336,83.33333333333334,12,0,"(0, 1, 1)","(0, 1, 0, 12)",-81.88499026043787,0.543325399979949
6213,聯茂,電子零組件業,12,7.15,7.546,6.159,7.476,230508.602,197215.354,-42916.203,58.333,66.667,7.1501722476003975,7.545517297518614,6.159375102477757,7.475527595580893,230508.60249084944,197215.35379152003,-42916.20308782117,58.333333333333336,66.66666666666666,12,0,"(1, 1, 0)","(0, 1, 1, 12)",-67.03738908271204,1.192136799916625
4939,亞電,電子零組件業,12,7.167,7.663,4.257,7.434,11650.203,8466.514,1426.925,41.667,75.0,7.167166209437482,7.662766795830407,4.256903927294011,7.434193021311701,11650.203016382207,8466.51371682342,1426.9252977905562,41.66666666666667,75.0,12,0,"(0, 1, 1)","(0, 1, 1, 12)",-24.146728270674235,0.8976453000213951
6693,廣閎科,半導體業,12,7.181,7.36,6.555,7.415,10060.173,8460.714,-2180.683,58.333,58.333,7.181421882019764,7.359891333789567,6.555272500018954,7.414615424610782,10060.173135531464,8460.71439156453,-2180.6833114343995,58.333333333333336,58.333333333333336,12,0,"(1, 1, 0)","(0, 1, 1, 12)",-57.09350988199557,1.5337849999777973
3563,牧德,電子工業,12,7.199,7.624,8.1,7.582,23663.721,19152.318,-1086.544,50.0,66.667,7.1994630596250095,7.624177335552138,8.10038375261048,7.5819606846548995,23663.72126656688,19152.31760839448,-1086.5439729486316,50.0,66.66666666666666,12,0,"(1, 1, 0)","(0, 1, 1, 12)",-34.43223671366976,0.8076933000702411
2393,億光,電子工業,12,7.205,7.103,7.671,7.231,131741.018,117904.903,36521.046,41.667,58.333,7.204929626386597,7.102624280844518,7.670728210135858,7.231098594164805,131741.01835391257,117904.90275597885,36521.04606996288,41.66666666666667,58.333333333333336,12,0,"(0, 1, 1)","(0, 1, 0, 12)",-83.45319608835574,0.3959880999755114
2301,光寶科,電腦及週邊設備業,12,7.21,7.647,5.093,7.395,1186876.159,997891.467,-183422.153,41.667,58.333,7.209834237694512,7.647302816614577,5.092683869200259,7.39521349589582,1186876.1588164517,997891.4672546323,-183422.1533625916,41.66666666666667,58.333333333333336,12,0,"(1, 1, 1)","(0, 1, 0, 12)",-109.4822242260691,0.6665677998680621
5274,信驊,半導體業,12,7.218,7.327,7.472,7.346,64475.842,54646.699,3881.101,41.667,66.667,7.218155308223412,7.326872579293024,7.4718802514647855,7.345667817569083,64475.842221063074,54646.698921496805,3881.1012332182922,41.66666666666667,66.66666666666666,12,0,"(1, 1, 0)","(0, 1, 1, 12)",-35.1577219855167,0.8839559000916779
2353,宏碁,電子工業,12,7.22,7.368,7.945,7.323,1871515.87,1658520.601,-532562.361,58.333,91.667,7.220322164210725,7.367502890287005,7.9447154700840965,7.32343231860453,1871515.869820164,1658520.6005813803,-532562.3614569246,58.333333333333336,91.66666666666666,12,0,"(0, 1, 1)","(0, 1, 1, 12)",-51.65852366793359,0.9875584000255913
5244,弘凱,電子工業,12,7.226,7.221,6.089,7.249,6387.325,5068.916,573.287,41.667,66.667,7.2260309010981185,7.220831376586741,6.088516830520961,7.248638893182262,6387.325249786111,5068.916156502309,573.2871672308914,41.66666666666667,66.66666666666666,12,0,"(1, 1, 1)","(0, 1, 1, 12)",-35.18258806850697,1.5751121998764577
5536,聖暉*,其他電子類,12,7.243,7.583,5.787,7.555,316885.412,250391.146,69055.255,25.0,91.667,7.2433829892953785,7.582999492472423,5.78667468469561,7.555060648404869,316885.41180474724,250391.14645353987,69055.25450861396,25.0,91.66666666666666,12,0,"(0, 1, 1)","(0, 1, 1, 12)",-29.553018457724196,1.088565899990499
9924,福興,居家生活,12,7.263,7.272,1.843,7.647,70029.696,44688.955,16296.661,50.0,75.0,7.263202790401653,7.271683813642256,1.8428562826355972,7.647088871678963,70029.69564560986,44688.955444086394,16296.661319294493,50.0,75.0,12,0,"(0, 1, 1)","(0, 1, 1, 12)",-33.59468794041826,0.851492099929601
6752,叡揚,資訊服務業,12,7.315,7.276,8.444,7.174,14885.806,12308.773,-2177.671,58.333,75.0,7.314785754339076,7.275954536113716,8.44408804405122,7.17447660574215,14885.806194458268,12308.772858470222,-2177.6710209502185,58.333333333333336,75.0,12,0,"(0, 1, 1)","(0, 1, 0, 12)",-92.35384908905866,0.7431820000056177
2607,榮運,航運業,12,7.318,7.099,6.33,7.3,123030.87,104258.267,44885.489,33.333,50.0,7.31823515657369,7.09863390156716,6.330224532913471,7.2996364889397825,123030.87001811717,104258.26749196881,44885.48940878039,33.33333333333333,50.0,12,0,"(1, 1, 0)","(0, 1, 1, 12)",-29.44752554673523,0.6653001999948174
5309,系統電,電子零組件業,12,7.324,7.395,5.693,7.271,25074.977,20712.838,-8122.086,66.667,75.0,7.3236153821168894,7.3949490321074185,5.692562165599493,7.271295624109793,25074.977476975884,20712.838217100358,-8122.085838842836,66.66666666666666,75.0,12,0,"(0, 1, 1)","(0, 1, 1, 12)",-53.22440817575767,0.9632346001453698
7738,東聯互動,數位雲端類,5,7.338,7.256,6.976,7.585,4267.461,3533.0,2218.5,25.0,0.0,7.337563214571283,7.256124814650009,6.97604006116052,7.584830819699192,4267.461247627212,3533.0,2218.5,25.0,0.0,0,12,,,,0.0148293999955058
3028,增你強,電子通路業,12,7.34,7.323,8.292,7.205,288447.257,253494.458,-65348.57,58.333,58.333,7.339881817461191,7.323490836277881,8.291522230914353,7.204928650596146,288447.25749908027,253494.4583952711,-65348.56966869417,58.333333333333336,58.333333333333336,12,0,"(1, 1, 0)","(0, 1, 1, 12)",-41.47990901401936,1.0147410999052229
1104,環泥,水泥工業,12,7.365,7.201,7.075,7.462,60026.444,48621.898,23042.676,41.667,58.333,7.365081327532357,7.201082475702678,7.075426668726389,7.46237926268243,60026.44381006621,48621.897823208266,23042.675894961867,41.66666666666667,58.333333333333336,12,0,"(1, 1, 1)","(0, 1, 1, 12)",-70.38202847854048,1.9976156998891383
6278,台表科,光電業,12,7.384,7.411,6.673,7.426,385390.393,306900.187,32318.281,50.0,50.0,7.383707133719975,7.41144555051376,6.6731424561588275,7.425668414536828,385390.39344546956,306900.187455843,32318.280792625388,50.0,50.0,12,0,"(1, 1, 0)","(0, 1, 1, 12)",-41.60956200225002,0.9712899001315236
8931,大汽電,油電燃氣業,12,7.385,7.364,8.972,7.481,17609.769,15229.499,5875.963,33.333,75.0,7.384817113213517,7.363719724011757,8.971993145287296,7.480650863880502,17609.768840171506,15229.49909609536,5875.962893264012,33.33333333333333,75.0,12,0,"(0, 1, 1)","(0, 1, 1, 12)",-44.1866936605048,1.0421019000932574
2901,欣欣,貿易百貨,12,7.391,7.387,6.602,7.465,925.114,805.302,14.288,66.667,50.0,7.390975352376216,7.387255016552492,6.602149060638955,7.464776729632272,925.1135573615105,805.3021969565316,14.28844678767958,66.66666666666666,50.0,12,0,"(1, 1, 1)","(0, 1, 1, 12)",-15.172905640486576,1.1345160999335349
6683,雍智科技,半導體業,12,7.395,7.643,6.626,7.755,15716.642,13163.206,2006.097,41.667,58.333,7.39517396775774,7.643393681625475,6.6255946399260095,7.75506133160038,15716.64197145562,13163.206295324664,2006.0967131731693,41.66666666666667,58.333333333333336,12,0,"(0, 1, 1)","(0, 1, 1, 12)",-84.72955289130601,1.3596228999085724
6134,萬旭,電子零組件業,12,7.413,7.524,7.55,7.388,13646.717,11796.122,-4091.761,58.333,66.667,7.412984431309449,7.523771946150483,7.549788891471929,7.388160933280746,13646.717369149299,11796.121510880048,-4091.760889634888,58.333333333333336,66.66666666666666,12,0,"(1, 1, 0)","(0, 1, 1, 12)",-35.24097268121572,1.0447828001342714
2880,華南金,金融保險,12,7.418,7.574,6.163,8.103,592476.532,429602.675,224944.835,50.0,75.0,7.4178979301476415,7.573978741004621,6.163077661736306,8.102532800014275,592476.5319680616,429602.67517503,224944.8347457347,50.0,75.0,12,0,"(0, 1, 1)","(0, 1, 0, 12)",-59.3384869400892,0.5010740999132395
9951,皇田,電機機械,12,7.424,7.39,5.512,7.456,48270.384,39127.409,896.846,58.333,50.0,7.424461789346401,7.389893925004189,5.512048441824256,7.455943244182024,48270.383808344435,39127.408593974826,896.8461634128762,58.333333333333336,50.0,12,0,"(1, 1, 0)","(0, 1, 1, 12)",-53.1541520391607,1.5281494001392275
1717,長興,化學生技醫療,12,7.425,7.251,5.878,7.381,294603.592,251739.823,115389.812,25.0,83.333,7.425094351311115,7.25097001065428,5.878466880783765,7.3811525555947375,294603.5922552387,251739.8234420398,115389.81224127638,25.0,83.33333333333334,12,0,"(0, 1, 1)","(0, 1, 1, 12)",-62.03079814102256,0.9045979999937116
6530,創威,通信網路業,12,7.43,7.972,7.963,7.621,2477.956,2029.47,-963.74,58.333,66.667,7.429941007032104,7.972405657830821,7.962935746641136,7.621486224520195,2477.955813651026,2029.4698112183016,-963.7397240687778,58.333333333333336,66.66666666666666,12,0,"(0, 1, 1)","(0, 1, 1, 12)",-51.05816610048637,1.154879099922255
1218,泰山,食品工業,12,7.44,7.56,5.17,7.409,75808.741,62724.349,-11429.536,58.333,75.0,7.439573139384699,7.560097806540679,5.169673714494246,7.409020963126054,75808.74055171375,62724.349263096075,-11429.536151814818,58.333333333333336,75.0,12,0,"(0, 1, 1)","(0, 1, 0, 12)",-124.94073618095064,0.5431594999972731
4749,新應材,半導體業,12,7.448,7.421,6.6,7.144,33757.506,26450.917,-9839.25,58.333,8.333,7.447752564857025,7.421119888936242,6.599849952947845,7.143547701664733,33757.50566293862,26450.916666666668,-9839.25,58.333333333333336,8.333333333333332,0,12,,,,0.0254192000720649
3694,海華,電子工業,12,7.464,8.184,4.359,8.089,91168.151,70956.437,-10627.3,58.333,75.0,7.464347625211857,8.183609453571677,4.3589568477853895,8.089219737603328,91168.15056077603,70956.43686148642,-10627.299641852393,58.333333333333336,75.0,12,0,"(1, 1, 0)","(0, 1, 1, 12)",-44.29115631221996,0.7574670999310911
1810,和成,玻璃陶瓷,12,7.465,7.57,5.9,7.876,34255.84,28452.99,11113.749,50.0,100.0,7.464505306742653,7.570410014877339,5.900071957614881,7.876133148584112,34255.83955278533,28452.989833924617,11113.749458109125,50.0,100.0,12,0,"(0, 1, 1)","(1, 1, 0, 12)",-50.81872314272793,0.6939960001036525
5469,瀚宇博,電子零組件業,12,7.5,8.262,5.568,7.75,474387.746,357681.782,-220504.397,58.333,75.0,7.500377595624162,8.26161282765308,5.567945056872693,7.7503001357499075,474387.7464726231,357681.7819701815,-220504.39742596608,58.333333333333336,75.0,12,0,"(1, 1, 1)","(0, 1, 0, 12)",-77.57660339920983,0.707304900046438
3550,聯穎,電子零組件業,12,7.512,8.214,6.579,8.002,28139.757,22104.407,2638.358,33.333,66.667,7.512411436303558,8.213611597740718,6.579201927289153,8.00158964390932,28139.756746940642,22104.406724008044,2638.3577673210507,33.33333333333333,66.66666666666666,12,0,"(1, 1, 1)","(0, 1, 1, 12)",3.2694310568251046,1.024423300055787
8488,吉源-KY,其他,12,7.519,7.111,6.005,7.21,26203.279,19311.381,703.833,58.333,100.0,7.5194615158148945,7.110931612088474,6.0045987748418534,7.210325962674552,26203.27923509887,19311.380805428937,703.8333179929565,58.333333333333336,100.0,12,0,"(0, 1, 1)","(0, 1, 1, 12)",5.202045717136309,1.1257161998655647
2207,和泰車,汽車工業,12,7.523,7.668,6.319,7.906,2335735.764,1733890.856,497066.536,25.0,66.667,7.522562843633024,7.667597937437113,6.318827090824388,7.905879944025046,2335735.7639694046,1733890.8558571767,497066.53626133315,25.0,66.66666666666666,12,0,"(0, 1, 1)","(0, 1, 1, 12)",-51.79029671098873,0.9217666999902576
3533,嘉澤,電子零組件業,12,7.523,7.565,5.769,7.553,256489.054,212231.825,30000.815,33.333,83.333,7.523287426947645,7.564688422484293,5.768681601193677,7.5532127365268025,256489.05385076965,212231.82546488164,30000.81522301043,33.33333333333333,83.33333333333334,12,0,"(0, 1, 1)","(0, 1, 1, 12)",-50.78373851104029,1.0920479001943022
4966,譜瑞-KY,半導體業,12,7.533,7.73,7.266,7.859,123225.711,103739.508,26036.81,50.0,83.333,7.533386827565423,7.72990024971289,7.265570991860989,7.858927560370692,123225.71054668662,103739.50776056667,26036.810472639063,50.0,83.33333333333334,12,0,"(0, 1, 1)","(1, 1, 0, 12)",-54.34030286015852,2.074380699777976
3413,京鼎,電子工業,12,7.547,7.454,8.422,7.481,143187.264,131081.507,24066.029,33.333,58.333,7.547260551837592,7.45378081151485,8.42171612940793,7.480633368879087,143187.26359513952,131081.50680714878,24066.02881759277,33.33333333333333,58.333333333333336,12,0,"(0, 1, 1)","(0, 1, 1, 12)",-64.7265845982801,1.254008499905467
8431,匯鑽科,其他電子類,12,7.548,7.252,4.865,7.716,8937.336,6577.247,4155.962,50.0,75.0,7.5477204961559945,7.251612585042307,4.864976260377041,7.716033790305528,8937.335524762992,6577.247174294417,4155.961907125198,50.0,75.0,12,0,"(0, 1, 1)","(0, 1, 1, 12)",1.7308696265845152,0.7374537999276072
2415,錩新,電子零組件業,12,7.549,7.519,4.601,7.267,20889.89,14867.513,-1579.297,33.333,66.667,7.5487712937853795,7.518608622899027,4.600953490724436,7.267264463576388,20889.89005478348,14867.512654320884,-1579.2970085237368,33.33333333333333,66.66666666666666,12,0,"(1, 1, 1)","(0, 1, 1, 12)",2.491098032068333,2.2637752001173794
8111,立碁,光電業,12,7.578,7.819,6.827,7.735,6476.731,5386.456,680.723,33.333,58.333,7.5775039532832835,7.818802558807612,6.826755957705685,7.735165133217056,6476.730647175512,5386.456056018167,680.722998365698,33.33333333333333,58.333333333333336,12,0,"(1, 1, 0)","(0, 1, 1, 12)",-74.04490858114372,0.8138294001109898
2239,英利-KY,汽車工業,12,7.584,7.541,4.332,8.1,167070.711,121119.562,96086.735,25.0,75.0,7.584385729755655,7.540532804192515,4.331597103625192,8.100402682604477,167070.71117514744,121119.56210765582,96086.73512298088,25.0,75.0,12,0,"(1, 1, 1)","(0, 1, 1, 12)",-4.232644795491655,0.8391263000667095
8917,欣泰,油電燃氣業,12,7.597,7.521,6.642,7.668,21465.67,19610.265,3461.841,50.0,83.333,7.596954380214285,7.520726184679112,6.642143132301134,7.667931559079679,21465.669629648404,19610.26524266449,3461.8413182607787,50.0,83.33333333333334,12,0,"(0, 1, 1)","(1, 1, 0, 12)",-100.32324360149008,0.8936930000782013
6117,迎廣,電腦及週邊設備業,12,7.597,8.163,5.201,8.362,26853.203,20392.489,-1719.514,50.0,75.0,7.597340069177465,8.163103914754668,5.201367303494401,8.361707307575363,26853.203161757843,20392.488982316834,-1719.513674106769,50.0,75.0,12,0,"(1, 1, 1)","(0, 1, 1, 12)",-27.780611991951236,1.7174403998069463
3290,東浦,電子零組件業,12,7.609,8.132,5.377,7.772,19900.65,14746.446,-4726.804,66.667,83.333,7.609298395776635,8.132113024591883,5.376973561347641,7.771805131052383,19900.649577058048,14746.446167177326,-4726.803861291429,66.66666666666666,83.33333333333334,12,0,"(1, 1, 1)","(0, 1, 1, 12)",-34.27432714645638,1.0097656000871211
8443,阿瘦,貿易百貨,12,7.632,7.728,5.987,7.75,8353.278,7110.658,-1825.186,66.667,91.667,7.6322799954285525,7.7282573501213925,5.987302077329406,7.750425637100059,8353.277672261827,7110.658179374317,-1825.1856242424521,66.66666666666666,91.66666666666666,12,0,"(1, 1, 1)","(0, 1, 1, 12)",-13.780748780554468,2.4328278999309987
1435,中福,其他,12,7.64,7.674,3.819,7.639,57.149,38.085,-6.658,66.667,58.333,7.63983150373363,7.673998833980973,3.8191583077644475,7.63884699602346,57.14869685028449,38.08456004611214,-6.657656053495231,66.66666666666666,58.333333333333336,12,0,"(1, 1, 0)","(0, 1, 1, 12)",-19.860827179560403,0.8529409999027848
3090,日電貿,電子零組件業,12,7.644,7.917,7.691,7.766,114926.889,100185.825,-34224.624,66.667,66.667,7.6439581914094905,7.917078173453995,7.691264570502327,7.765999530134062,114926.8893988915,100185.82468414067,-34224.624016061156,66.66666666666666,66.66666666666666,12,0,"(0, 1, 1)","(0, 1, 1, 12)",-72.61063503342497,1.1471752999350429
4545,銘鈺,電子零組件業,12,7.657,7.814,2.808,8.163,23052.579,15235.47,3574.243,41.667,91.667,7.657102184595234,7.813635629237858,2.8083887002474204,8.163237307060344,23052.579457361542,15235.470215977368,3574.2426714896574,41.66666666666667,91.66666666666666,12,0,"(0, 1, 1)","(0, 1, 1, 12)",0.8631821630214773,0.7297714001033455
8424,惠普,建材營造,12,7.677,7.699,4.772,7.585,9838.626,6922.269,758.164,33.333,75.0,7.677484190691255,7.698910728733482,4.772430578610617,7.585413699496766,9838.625503417026,6922.269264563433,758.1638125391182,33.33333333333333,75.0,12,0,"(0, 1, 1)","(0, 1, 1, 12)",-64.01778763400107,1.135224899975583
5007,三星,鋼鐵工業,12,7.683,7.807,8.457,7.823,45239.91,39796.868,-564.02,50.0,83.333,7.683374067896678,7.806919280339593,8.456883871904648,7.822576817695475,45239.90988170402,39796.86835019487,-564.0202066398002,50.0,83.33333333333334,12,0,"(0, 1, 1)","(0, 1, 1, 12)",-30.43266022677528,0.8454926998820156
3481,群創,電子工業,12,7.699,7.727,6.684,7.609,1961473.216,1454778.066,-273958.575,50.0,66.667,7.698937168891177,7.727464928205737,6.683700491765005,7.609218355674321,1961473.2161520338,1454778.0664089278,-273958.5751166606,50.0,66.66666666666666,12,0,"(1, 1, 0)","(0, 1, 1, 12)",-84.37702047743625,1.0534725999459624
2401,凌陽,電子工業,12,7.724,7.707,7.94,7.628,46168.618,40568.883,3888.71,33.333,50.0,7.723557992773432,7.707036663620105,7.939830115836637,7.6276600631543605,46168.61824275847,40568.88300250995,3888.7104285207024,33.33333333333333,50.0,12,0,"(1, 1, 0)","(0, 1, 1, 12)",-52.98220795500819,0.896255899919197
6792,詠業,通信網路業,12,7.738,8.108,7.841,7.983,9889.022,8486.519,-1648.269,66.667,66.667,7.737597431307913,8.108468085843482,7.840984754740318,7.9834149135155545,9889.02207744916,8486.519486684205,-1648.269022856457,66.66666666666666,66.66666666666666,12,0,"(0, 1, 1)","(1, 1, 0, 12)",-36.03049412916933,0.7433434999547899
4722,國精化,化學生技醫療,12,7.738,7.637,6.973,7.719,27469.1,24036.561,5551.574,33.333,66.667,7.738379602475959,7.637499463644438,6.972518406715958,7.718675940923676,27469.100107480495,24036.56135358103,5551.573961885282,33.33333333333333,66.66666666666666,12,0,"(1, 1, 0)","(0, 1, 1, 12)",-29.86082330152206,0.9370999000966548
1108,幸福,水泥工業,12,7.739,7.241,5.914,7.642,37198.627,28702.819,22618.408,25.0,66.667,7.738722595806546,7.240613172487069,5.914260682736696,7.641599782532609,37198.62688483782,28702.818924878535,22618.4082796408,25.0,66.66666666666666,12,0,"(0, 1, 1)","(0, 1, 1, 12)",-50.6670318902124,1.5301403000485152
4942,嘉彰,電子工業,12,7.749,7.975,5.849,7.718,49106.332,39270.291,-12975.345,58.333,66.667,7.749161688063326,7.975249534069219,5.849379418888641,7.718158421507357,49106.33234228021,39270.29107626898,-12975.344648127002,58.333333333333336,66.66666666666666,12,0,"(0, 1, 1)","(0, 1, 1, 12)",-57.01029705861761,1.1035778999794277
5538,東明-KY,鋼鐵工業,12,7.751,7.961,3.826,8.11,119836.43,82209.014,17994.924,33.333,83.333,7.750919288581122,7.961379510633791,3.825880875021631,8.110122409319693,119836.43010729448,82209.01446923763,17994.924008026475,33.33333333333333,83.33333333333334,12,0,"(0, 1, 1)","(0, 1, 1, 12)",-32.341938885767746,1.0965970000252128
6936,永鴻生技,化學生技醫療,11,7.758,7.754,8.496,7.69,10120.921,9229.4,-1551.8,60.0,0.0,7.75779318043127,7.754497262295637,8.49613654523339,7.69002486630737,10120.920541136562,9229.4,-1551.8,60.0,0.0,0,12,,,,0.0179884999524801
5328,華容,電子零組件業,12,7.773,7.964,5.866,8.186,6611.681,5723.934,1161.068,58.333,66.667,7.772542547781567,7.96408188114698,5.8658874793753375,8.185960777587296,6611.681246998471,5723.933508462779,1161.0681184251218,58.333333333333336,66.66666666666666,12,0,"(0, 1, 1)","(0, 1, 1, 12)",-30.429650832904464,1.7916699999477714
3221,台嘉碩,通信網路業,12,7.785,7.63,7.003,7.723,17234.708,14473.254,-1080.968,75.0,50.0,7.784964270962439,7.630051876004569,7.003147861521214,7.722561407012895,17234.707967215352,14473.254137604172,-1080.9677708985303,75.0,50.0,12,0,"(0, 1, 1)","(0, 1, 1, 12)",-30.1097722480784,0.9392831998411566
1714,和桐,化學生技醫療,12,7.786,7.847,5.322,7.465,206681.239,155369.442,-95197.551,66.667,58.333,7.78629037825602,7.847155184127266,5.321649254114746,7.464986299979125,206681.238693968,155369.44203165828,-95197.55059048896,66.66666666666666,58.333333333333336,12,0,"(0, 1, 1)","(0, 1, 1, 12)",-25.38410726115317,0.8182259001769125
7705,三商餐飲,觀光餐旅,12,7.797,7.953,5.955,7.879,59525.053,42449.833,-13375.0,66.667,16.667,7.796782062249299,7.953266244697839,5.954734781598361,7.87897464761657,59525.0534789064,42449.833333333336,-13375.0,66.66666666666666,16.666666666666664,0,12,,,,0.0208393998909741
4960,誠美材,光電業,12,7.807,7.905,6.89,7.753,67115.313,56233.775,-1025.955,33.333,58.333,7.807364816559781,7.904842633989391,6.890353186037249,7.75305245128553,67115.31299581968,56233.774751230434,-1025.9551860225038,33.33333333333333,58.333333333333336,12,0,"(1, 1, 1)","(0, 1, 1, 12)",-51.64074393836054,3.774818100035191
1732,毛寶,化學生技醫療,12,7.809,7.983,6.609,7.912,5391.584,4404.978,-1772.173,83.333,50.0,7.809079902332104,7.9834153529588665,6.609233042767376,7.911741608097225,5391.583899715127,4404.978329140419,-1772.1732914115316,83.33333333333334,50.0,12,0,"(0, 1, 1)","(0, 1, 1, 12)",-92.27765703836016,1.0505403000861406
2636,台驊控股,航運業,12,7.81,7.733,6.019,7.873,163400.146,135331.324,16014.675,50.0,66.667,7.810324654670929,7.732593722424087,6.019488928619494,7.873022817609519,163400.1464413677,135331.32420917315,16014.675469532589,50.0,66.66666666666666,12,0,"(1, 1, 1)","(0, 1, 1, 12)",-50.95553805367021,1.6006000000052154
2457,飛宏,電子零組件業,12,7.817,7.611,5.756,8.133,86919.503,63811.6,45870.398,25.0,58.333,7.817201407746442,7.610745647625068,5.755518530291353,8.133210589547131,86919.50348945074,63811.600118395494,45870.39805046708,25.0,58.333333333333336,12,0,"(0, 1, 1)","(0, 1, 1, 12)",-32.071257677513294,0.801422799937427
4111,濟生,生技醫療業,12,7.826,7.681,7.817,7.871,10447.42,8976.758,3958.083,33.333,66.667,7.8258376629769515,7.681204481079977,7.817490553689275,7.870592653618566,10447.419867346824,8976.757521945428,3958.083231372782,33.33333333333333,66.66666666666666,12,0,"(1, 1, 1)","(0, 1, 0, 12)",-122.53389662063736,0.6653928000014275
6670,復盛應用,運動休閒,12,7.832,8.506,8.394,8.662,222658.775,194784.288,6122.686,50.0,91.667,7.832007910127809,8.50559001678543,8.393831027791647,8.661938636105306,222658.77528739942,194784.28842715276,6122.685694112423,50.0,91.66666666666666,12,0,"(1, 1, 0)","(0, 1, 1, 12)",-31.873036809790875,0.7690041000023484
6118,建達,電子通路業,12,7.852,8.072,7.379,8.057,79189.868,65606.326,-7515.366,58.333,50.0,7.851783040984128,8.072191790575586,7.379041859184572,8.057498088463941,79189.86755600256,65606.32566148431,-7515.365635433865,58.333333333333336,50.0,12,0,"(0, 1, 1)","(0, 1, 1, 12)",-66.13289033316654,1.3711182000115514
8403,盛弘,生技醫療業,12,7.856,7.98,7.729,8.034,34239.255,28526.618,-554.26,50.0,66.667,7.856433375738564,7.98048035797108,7.72859646114082,8.033597439571373,34239.25530765044,28526.61792891734,-554.2604850004282,50.0,66.66666666666666,12,0,"(0, 1, 1)","(0, 1, 0, 12)",-80.27440990848821,0.4882213999517262
2609,陽明,航運業,12,7.866,7.751,6.114,7.822,1354695.63,1073340.942,92094.815,50.0,66.667,7.865529239093158,7.7513816646405385,6.11365820505547,7.822429681200556,1354695.6297047636,1073340.9416239636,92094.81498906699,50.0,66.66666666666666,12,0,"(1, 1, 1)","(0, 1, 1, 12)",-65.7570551304928,1.4395194000098854
6412,群電,電子零組件業,12,7.876,7.702,7.936,7.98,252612.095,226127.925,125079.177,33.333,75.0,7.876335271667617,7.702314540799487,7.935739890246385,7.979608595747884,252612.09501887014,226127.9250555575,125079.17651710329,33.33333333333333,75.0,12,0,"(1, 1, 1)","(0, 1, 1, 12)",-86.79562607251307,2.4069415000267327
3529,力旺,半導體業,12,7.891,13.585,6.931,15.054,33258.633,25309.842,10109.929,33.333,100.0,7.890722954228322,13.585346359357011,6.93077372153112,15.054274221630424,33258.63255932695,25309.842382617822,10109.929037712676,33.33333333333333,100.0,12,0,"(0, 1, 1)","(0, 1, 0, 12)",-23.667637531631115,0.2966744001023471
3217,優群,電子零組件業,12,7.901,8.384,7.044,8.284,33000.312,27312.454,2169.838,41.667,83.333,7.900602129803619,8.384259380101566,7.043879726636282,8.2839725759438,33000.312000671176,27312.4539849173,2169.838386123714,41.66666666666667,83.33333333333334,12,0,"(0, 1, 1)","(0, 1, 1, 12)",-34.75385579423153,0.9106085998937488
3321,同泰,電子零組件業,12,7.904,7.967,6.575,8.179,18611.559,14129.029,629.997,58.333,75.0,7.904245034767513,7.967332222203896,6.574566961797604,8.178813855686695,18611.55863363243,14129.029018901936,629.997432941777,58.333333333333336,75.0,12,0,"(1, 1, 0)","(0, 1, 1, 12)",-29.321978396703884,0.8928477000445127
2493,揚博,電子零組件業,12,7.914,7.69,6.874,7.895,28899.08,24848.527,8608.639,41.667,50.0,7.914161135089816,7.689593810835814,6.8744906140797175,7.895199510706606,28899.08007601143,24848.526994703923,8608.639413239129,41.66666666666667,50.0,12,0,"(1, 1, 1)","(0, 1, 0, 12)",-67.71847374825363,0.6495675998739898
2702,華園,觀光餐旅,12,7.933,7.895,6.733,7.907,10756.598,9313.183,-82.642,50.0,83.333,7.932571748407917,7.895481934657343,6.732753393401879,7.90671773961185,10756.598222949715,9313.18297740666,-82.641906423818,50.0,83.33333333333334,12,0,"(1, 1, 1)","(0, 1, 1, 12)",-26.29080024971396,1.342186599969864
4952,凌通,電子工業,12,7.946,8.104,6.408,7.958,19738.5,14089.576,1905.313,41.667,83.333,7.946153460543082,8.103928954747774,6.408386722193006,7.958356575861066,19738.50021594568,14089.576329081856,1905.313433325072,41.66666666666667,83.33333333333334,12,0,"(1, 1, 0)","(0, 1, 1, 12)",-75.40368235603022,2.906220299890265
1590,亞德客-KY,電機機械,12,7.956,8.58,6.714,8.434,284828.893,227619.749,-13219.236,50.0,66.667,7.956448939506131,8.580412194183062,6.714145435090265,8.434319591095905,284828.89272912155,227619.74885492047,-13219.235641306868,50.0,66.66666666666666,12,0,"(0, 1, 1)","(0, 1, 1, 12)",-25.9795678527827,0.8526387999299914
1773,勝一,化學生技醫療,12,7.965,8.018,6.253,8.072,96890.828,76346.004,5366.597,50.0,75.0,7.965471531432754,8.017515060997107,6.253414549825301,8.071899117786963,96890.8277457965,76346.0044738151,5366.596664450539,50.0,75.0,12,0,"(1, 1, 0)","(0, 1, 1, 12)",-102.07607641834062,0.6985470000654459
2377,微星,電腦及週邊設備業,12,7.973,8.298,6.023,8.095,1968067.977,1529453.157,-314279.781,66.667,75.0,7.972951313522107,8.298413346031335,6.023225844210796,8.095424072436852,1968067.9768078201,1529453.157337135,-314279.78132987116,66.66666666666666,75.0,12,0,"(0, 1, 1)","(1, 1, 0, 12)",-69.53108474884219,0.6728171000722796
5306,桂盟,運動休閒,12,7.981,7.896,4.827,8.029,42792.958,31165.208,7600.231,50.0,83.333,7.981453360423058,7.89622409425229,4.827124996805028,8.028962912735405,42792.95830430839,31165.207541288448,7600.231126182829,50.0,83.33333333333334,12,0,"(0, 1, 1)","(0, 1, 1, 12)",-34.56487940216323,0.9491350001189858
4961,天鈺,電子工業,12,8.03,7.952,6.339,8.168,141129.533,120273.804,64045.234,33.333,50.0,8.029717787215288,7.951712380286276,6.338569929623147,8.168383921176282,141129.53305219134,120273.8037103846,64045.23383978141,33.33333333333333,50.0,12,0,"(1, 1, 0)","(0, 1, 1, 12)",-62.38485073097127,2.7296887000557035
6799,來頡,電子工業,12,8.033,8.01,7.355,7.881,7929.181,6470.741,-1762.837,66.667,50.0,8.032657435476677,8.009589681599575,7.35457949178423,7.880546526277275,7929.18077643248,6470.7406665542185,-1762.837020732745,66.66666666666666,50.0,12,0,"(1, 1, 1)","(0, 1, 0, 12)",-80.86054872402303,0.7630040000658482
2017,官田鋼,鋼鐵工業,12,8.036,8.024,8.161,8.394,22408.693,18308.972,11034.724,25.0,66.667,8.035543074615505,8.024304829695268,8.161316904303643,8.393555353423645,22408.693362960763,18308.97150293964,11034.724428205865,25.0,66.66666666666666,12,0,"(1, 1, 1)","(0, 1, 1, 12)",-19.00407297065378,0.9424255001358688
2892,第一金,金融保險,12,8.046,8.237,8.375,8.002,586309.603,520098.041,-266468.001,66.667,66.667,8.046096077183686,8.237415066050787,8.374950320153927,8.002085896246639,586309.6029559748,520098.041209938,-266468.0008182965,66.66666666666666,66.66666666666666,12,0,"(1, 1, 1)","(0, 1, 1, 12)",-72.04396986275871,1.2837427000049502
2929,淘帝-KY,貿易百貨,12,8.056,7.7,6.598,8.152,17656.299,11835.475,8759.375,33.333,91.667,8.05554011451596,7.699756844431891,6.598135654229716,8.15223378245706,17656.298907662553,11835.474767200763,8759.37466310453,33.33333333333333,91.66666666666666,12,0,"(1, 1, 1)","(0, 1, 1, 12)",-66.54607188103645,1.207418499980122
1711,永光,化學生技醫療,12,8.059,7.721,7.296,7.915,66699.173,50831.073,13462.142,33.333,75.0,8.059284039300783,7.721156163332359,7.295568323171264,7.914852371854873,66699.1731680523,50831.07303205574,13462.141885242978,33.33333333333333,75.0,12,0,"(0, 1, 1)","(0, 1, 1, 12)",-65.60858658851282,0.9455766000319272
9907,統一實,其他,12,8.065,8.039,9.095,8.229,364005.375,306731.462,95165.827,33.333,66.667,8.065073909954569,8.038725117607104,9.09517119601456,8.228716236924772,364005.3750773962,306731.4622194608,95165.8268680495,33.33333333333333,66.66666666666666,12,0,"(1, 1, 0)","(0, 1, 1, 12)",-53.389192443255205,1.2984010998625308
3004,豐達科,鋼鐵工業,12,8.073,8.059,5.944,8.042,32682.369,27281.444,-4237.883,58.333,50.0,8.07334790682374,8.059248705577717,5.944332954322898,8.041555597697432,32682.368529261057,27281.443791158938,-4237.882847244847,58.333333333333336,50.0,12,0,"(0, 1, 1)","(0, 1, 1, 12)",-53.50235709278167,0.8208834000397474
8131,福懋科,半導體業,12,8.084,8.521,6.69,7.939,94262.343,66839.224,-41736.112,66.667,58.333,8.084405517141914,8.52097979689058,6.689925983908937,7.938541620765814,94262.34346657881,66839.22390992708,-41736.11185260184,66.66666666666666,58.333333333333336,12,0,"(0, 1, 1)","(1, 1, 0, 12)",-103.42769322333724,0.7977244001813233
8163,達方,電腦及週邊設備業,12,8.107,7.855,7.099,7.925,221958.36,169495.429,10930.463,58.333,58.333,8.10686566210225,7.8550131857531,7.0985000889636165,7.9245231090827,221958.3595880353,169495.42879159548,10930.462755849876,58.333333333333336,58.333333333333336,12,0,"(1, 1, 1)","(0, 1, 0, 12)",-93.8637494567634,0.5132363000884652
1227,佳格,食品工業,12,8.11,7.934,8.418,8.014,216600.133,188399.283,48783.489,33.333,91.667,8.110099600929026,7.934053141089159,8.418167493590381,8.014145745893215,216600.13280231977,188399.28305841578,48783.48910447806,33.33333333333333,91.66666666666666,12,0,"(0, 1, 1)","(0, 1, 1, 12)",-67.50050314112083,1.192387199960649
1809,中釉,玻璃陶瓷,12,8.114,8.614,4.716,8.564,21299.893,16886.977,1065.23,41.667,75.0,8.113739468693822,8.61387503262487,4.715594793488501,8.563979707784435,21299.893221518192,16886.977204302195,1065.2299132958822,41.66666666666667,75.0,12,0,"(0, 1, 1)","(0, 1, 1, 12)",-21.40633023523913,0.6112305000424385
1597,直得,電機機械,12,8.122,8.292,6.95,7.977,10087.772,7704.265,-4235.583,58.333,50.0,8.12174952191211,8.2917426409512,6.950449258922512,7.976893734746334,10087.771838725546,7704.264523987421,-4235.583142899341,58.333333333333336,50.0,12,0,"(1, 1, 0)","(0, 1, 1, 12)",-41.4212118647929,0.6774319000542164
3105,穩懋,半導體業,12,8.129,8.408,6.824,8.298,142132.041,112707.353,-40899.806,75.0,58.333,8.128937495331666,8.407852826534736,6.82438483843826,8.298272784660695,142132.04136559495,112707.35257058626,-40899.805683280465,75.0,58.333333333333336,12,0,"(1, 1, 0)","(0, 1, 0, 12)",-101.73681706906056,0.5379910999909043
6116,彩晶,電子工業,12,8.134,8.24,8.551,8.155,95094.994,77527.728,-137.919,41.667,66.667,8.134417957046125,8.240345443770874,8.551200619253146,8.155234614849647,95094.99445648918,77527.7275828274,-137.91898757222225,41.66666666666667,66.66666666666666,12,0,"(1, 1, 0)","(0, 1, 1, 12)",-17.492404142209868,0.8420197998639196
3289,宜特,其他電子類,12,8.148,8.01,5.965,8.222,42045.663,32881.599,5512.194,58.333,91.667,8.148124201410758,8.009729648884086,5.965287470762503,8.222179172749227,42045.66255737382,32881.599042412585,5512.194273798804,58.333333333333336,91.66666666666666,12,0,"(0, 1, 1)","(0, 1, 0, 12)",-90.06212688405994,0.561356799909845
4120,友華,生技醫療業,12,8.154,8.51,7.286,8.177,37304.552,31213.877,-16136.49,66.667,58.333,8.154004870839099,8.51001176582631,7.2859741053906175,8.176815812118997,37304.55233041329,31213.87719077908,-16136.489603959131,66.66666666666666,58.333333333333336,12,0,"(1, 1, 1)","(0, 1, 1, 12)",-80.99631986524355,1.2737402999773622
3479,安勤,電腦及週邊設備業,12,8.155,8.567,6.708,8.379,71372.379,57723.298,1370.197,33.333,83.333,8.155139141750741,8.56665299717786,6.708310763639773,8.379213799539565,71372.37869718763,57723.298116183,1370.197462218542,33.33333333333333,83.33333333333334,12,0,"(0, 1, 1)","(0, 1, 1, 12)",-27.16305682513997,0.9118951999116688
1527,鑽全,電機機械,12,8.159,8.45,8.332,8.642,24929.381,19694.727,7100.363,50.0,83.333,8.159279716359585,8.450026455390187,8.331921992028319,8.642080955687575,24929.381124812717,19694.72659195373,7100.362725457526,50.0,83.33333333333334,12,0,"(1, 1, 0)","(0, 1, 0, 12)",-32.209878349689305,0.2834216000046581
1513,中興電,電機機械,12,8.169,7.88,6.633,8.269,227933.642,186834.649,133444.871,16.667,83.333,8.168595812561055,7.879784973416563,6.633077769736126,8.269280362477922,227933.64208186913,186834.64888243517,133444.8712623314,16.666666666666664,83.33333333333334,12,0,"(0, 1, 1)","(0, 1, 1, 12)",-19.839492193263062,0.7113298999611288
4968,立積,電子工業,12,8.174,8.742,3.825,8.692,37418.554,25622.035,3639.596,41.667,66.667,8.173630025600534,8.742060304635423,3.8247396430786758,8.692417546729812,37418.554195905635,25622.03470249215,3639.5958680282806,41.66666666666667,66.66666666666666,12,0,"(1, 1, 0)","(0, 1, 1, 12)",-53.28920563220348,1.75040560006164
3252,海灣,觀光餐旅,12,8.185,8.316,7.962,8.496,3992.359,3397.756,202.171,58.333,75.0,8.184798921608762,8.316281395574078,7.961760724489703,8.49629454293125,3992.35872800476,3397.755576327445,202.170561362523,58.333333333333336,75.0,12,0,"(1, 1, 0)","(0, 1, 1, 12)",-26.726807283531897,0.8777201999910176
8110,華東,電子工業,12,8.19,8.095,8.271,8.019,59894.041,49930.675,-9020.086,58.333,66.667,8.190458863240355,8.094864170650002,8.270667603359133,8.018711308465527,59894.041411280305,49930.67532208585,-9020.086073205335,58.333333333333336,66.66666666666666,12,0,"(1, 1, 0)","(0, 1, 0, 12)",-80.77743642191862,0.4303875998593867
2062,橋椿,居家生活,12,8.195,8.164,7.802,8.322,49564.386,42944.933,9118.638,41.667,75.0,8.195145629711744,8.16368331035713,7.802134140763039,8.32225022071197,49564.386111978456,42944.93286263414,9118.637700114443,41.66666666666667,75.0,12,0,"(0, 1, 1)","(0, 1, 1, 12)",-16.903188337322277,0.6828967998735607
1301,台塑,塑膠工業,12,8.198,7.935,6.38,8.037,1412689.907,1198368.814,439083.065,33.333,58.333,8.198113419103374,7.934868695179624,6.380096076115996,8.036559656619254,1412689.9068215275,1198368.8139983746,439083.0654471279,33.33333333333333,58.333333333333336,12,0,"(0, 1, 1)","(0, 1, 1, 12)",-75.02602588184573,2.191619999939576
2849,安泰銀,金融保險,12,8.207,8.336,7.783,7.997,50220.13,39424.388,-20187.401,66.667,75.0,8.207358393720924,8.336276065319137,7.782853602139303,7.997127630754701,50220.12995880433,39424.38801750486,-20187.40083980653,66.66666666666666,75.0,12,0,"(0, 1, 1)","(1, 1, 0, 12)",-70.6112486290548,0.8682983999606222
3048,益登,電子通路業,12,8.208,8.534,6.224,8.785,994960.09,790558.633,131855.468,66.667,83.333,8.208441711644461,8.534356604861157,6.22434193763074,8.784892725967925,994960.0902231567,790558.6329628312,131855.4682312382,66.66666666666666,83.33333333333334,12,0,"(1, 1, 0)","(0, 1, 1, 12)",-60.74307148783716,0.8669141000136733
9938,百和,其他,12,8.229,8.034,8.963,7.881,142876.144,108194.881,-27745.199,50.0,66.667,8.22861325296736,8.033906066473818,8.963030486273382,7.881240577302351,142876.1436532124,108194.88136152085,-27745.199277507025,50.0,66.66666666666666,12,0,"(1, 1, 1)","(0, 1, 1, 12)",-1.6321469825201067,1.9732269998639824
2397,友通,電腦及週邊設備業,12,8.233,8.08,6.542,8.228,90037.27,76565.795,14882.123,41.667,66.667,8.23281036930164,8.079681834009863,6.5419094600177505,8.227629339675325,90037.27028665031,76565.79505933479,14882.122529901875,41.66666666666667,66.66666666666666,12,0,"(0, 1, 1)","(0, 1, 1, 12)",-18.760253107883955,0.7300706999376416
1593,祺驊,運動休閒類,12,8.234,8.219,7.723,8.147,11328.09,8619.649,-470.003,50.0,83.333,8.234055026293905,8.218686433471488,7.72277125352421,8.146625543135404,11328.08999021078,8619.648961462726,-470.0034688480385,50.0,83.33333333333334,12,0,"(1, 1, 0)","(0, 1, 1, 12)",-8.48123690026031,0.6753877999726683
3265,台星科,半導體業,12,8.236,8.306,7.773,8.168,34226.224,31900.754,-7455.957,58.333,50.0,8.23637766105923,8.306162456175013,7.772895857103926,8.16780233193318,34226.22408301182,31900.75359252376,-7455.957456523654,58.333333333333336,50.0,12,0,"(0, 1, 1)","(0, 1, 1, 12)",-58.9404624555786,0.9360430999659002
6505,台塑化,油電燃氣業,12,8.238,8.492,7.168,8.576,5235055.396,4298288.734,-201458.781,66.667,66.667,8.2375748140213,8.492256549792309,7.167629472611193,8.575879725270614,5235055.3960824,4298288.734062196,-201458.78104872504,66.66666666666666,66.66666666666666,12,0,"(0, 1, 1)","(0, 1, 1, 12)",-53.33363259262052,0.9467968998942524
4746,台耀,生技醫療業,12,8.247,8.274,9.621,8.644,37179.669,33340.836,25269.822,16.667,75.0,8.24697324255573,8.273659630152315,9.620934533413783,8.644289085607374,37179.669474205904,33340.8359350935,25269.822487123194,16.666666666666664,75.0,12,0,"(0, 1, 1)","(0, 1, 1, 12)",-25.51136651379497,0.8810014999471605
9939,宏全,其他,12,8.273,8.173,7.138,8.426,241509.915,199074.717,85267.421,41.667,58.333,8.272700380538488,8.173283741487143,7.137944274128596,8.425752893325122,241509.91475821595,199074.71695579911,85267.42076958388,41.66666666666667,58.333333333333336,12,0,"(1, 1, 0)","(0, 1, 0, 12)",-104.80622352718277,0.9543200000189244
4190,佐登-KY,生技醫療業,12,8.274,8.378,5.942,8.253,19682.324,15623.116,-2997.316,50.0,83.333,8.27357512300114,8.378252641960325,5.941502549867179,8.252552542436908,19682.324446000803,15623.116008389896,-2997.3163679377176,50.0,83.33333333333334,12,0,"(1, 1, 1)","(0, 1, 1, 12)",-35.1495961667017,1.0053258000407368
6435,大中,半導體業,12,8.291,8.366,9.504,8.331,27185.726,23500.759,-2423.377,50.0,66.667,8.290744771143018,8.366075984841459,9.50413753012217,8.330947146492072,27185.726338017703,23500.75858652465,-2423.3772369381163,50.0,66.66666666666666,12,0,"(1, 1, 0)","(0, 1, 0, 12)",-49.035728232593854,1.4495422998443246
1909,榮成,造紙工業,12,8.292,8.671,6.33,8.842,381679.819,309026.428,34431.116,50.0,58.333,8.292312241249384,8.671239727943918,6.329892918684668,8.841777190939084,381679.8192816748,309026.4284852085,34431.11601446802,50.0,58.333333333333336,12,0,"(0, 1, 1)","(0, 1, 1, 12)",-41.235281646088936,0.8041192998643965
1815,富喬,電子零組件業,12,8.297,8.272,7.777,8.215,45180.168,41310.483,-5269.44,50.0,58.333,8.297008979715663,8.271879888861173,7.777099285541109,8.215269924568068,45180.167986662156,41310.482743819244,-5269.439619021888,50.0,58.333333333333336,12,0,"(1, 1, 0)","(0, 1, 1, 12)",-30.075252560114,0.783914600033313
5353,台林,通信網路業,12,8.298,8.44,5.891,8.466,15952.909,12663.176,-2597.993,58.333,66.667,8.298434397414875,8.439986385667549,5.890848288410598,8.465559484785873,15952.908735393337,12663.175768147172,-2597.9928608694245,58.333333333333336,66.66666666666666,12,0,"(0, 1, 1)","(0, 1, 1, 12)",-27.408773806198603,1.1037228999193758
7788,松川精密,電子零組件業,5,8.3,8.33,7.404,8.044,51379.925,45274.5,-19792.0,50.0,0.0,8.299857787172064,8.329830040494254,7.4038612143345865,8.044125296683124,51379.925267559505,45274.5,-19792.0,50.0,0.0,0,12,,,,0.0193590999115258
5009,榮剛,鋼鐵工業,12,8.343,8.572,6.053,8.626,101117.23,80374.759,13184.877,33.333,33.333,8.343065021823863,8.5721938093149,6.0534699744157905,8.625998953356373,101117.22974389342,80374.75931459917,13184.876738938154,33.33333333333333,33.33333333333333,12,0,"(1, 1, 0)","(0, 1, 1, 12)",-96.92408886582618,0.8669618000276387
2816,旺旺保,金融保險,12,8.355,8.52,7.19,8.653,85570.502,77118.625,2755.688,58.333,58.333,8.35458413916897,8.520131346304007,7.190290799211926,8.652544335169248,85570.50179261631,77118.62500265977,2755.6882501505606,58.333333333333336,58.333333333333336,12,0,"(1, 1, 1)","(0, 1, 1, 12)",-49.97622634859187,0.8797212999779731
6671,三能-KY,居家生活,12,8.364,8.186,8.226,8.378,16755.413,13925.63,3543.209,50.0,91.667,8.363603538040119,8.18635280505147,8.225945934400016,8.377772612917948,16755.413362966967,13925.629889934093,3543.209384209718,50.0,91.66666666666666,12,0,"(0, 1, 1)","(0, 1, 1, 12)",-27.867258962982795,0.8226677000056952
2371,大同,電機機械,12,8.37,8.476,6.009,8.432,442899.101,351247.636,-42711.366,58.333,66.667,8.36975120078246,8.475646644721875,6.00863348670638,8.432144922545087,442899.10091693344,351247.63628804294,-42711.36560802251,58.333333333333336,66.66666666666666,12,0,"(0, 1, 1)","(0, 1, 1, 12)",-25.62688313137127,0.6483175000175834
2340,台亞,電子工業,12,8.373,8.523,7.381,8.971,40508.532,30187.9,4548.157,50.0,66.667,8.373345612172084,8.523179070814912,7.381489167656893,8.971234495419301,40508.5319453596,30187.899601463254,4548.157168041522,50.0,66.66666666666666,12,0,"(0, 1, 1)","(0, 1, 1, 12)",-33.44974652598427,0.806342699797824
2852,第一保,金融保險,12,8.38,8.169,7.517,8.627,66938.093,52806.511,29176.122,33.333,50.0,8.380258764617446,8.169474710355669,7.5167323437760265,8.627102197532553,66938.09273845716,52806.51058638597,29176.121698748215,33.33333333333333,50.0,12,0,"(0, 1, 1)","(0, 1, 1, 12)",-102.8449873043802,0.8649821002036333
1313,聯成,塑膠工業,12,8.384,8.354,8.481,8.522,479407.105,421231.917,281915.613,16.667,66.667,8.38386466399194,8.353982608510577,8.480557464988657,8.52194493959075,479407.1048203596,421231.91661027825,281915.61270652455,16.666666666666664,66.66666666666666,12,0,"(0, 1, 1)","(0, 1, 1, 12)",-22.17045599524537,0.8719893000088632
8367,建新國際,航運業,12,8.39,8.554,7.434,8.54,26984.595,22686.824,1883.32,41.667,58.333,8.390444211204848,8.553748603540209,7.43377444877662,8.539532528458293,26984.594625296526,22686.82421416099,1883.3198330058779,41.66666666666667,58.333333333333336,12,0,"(0, 1, 1)","(0, 1, 1, 12)",-44.11972896802104,0.9028364999685436
3372,典範,半導體業,12,8.4,8.769,6.3,8.68,9529.536,7693.858,-2387.615,75.0,75.0,8.400386773911782,8.769042280390282,6.300352214103139,8.679656050039258,9529.536055905142,7693.858243647308,-2387.614828098968,75.0,75.0,12,0,"(0, 1, 1)","(1, 1, 0, 12)",-44.81103479554952,0.6803159001283348
2489,瑞軒,電子工業,12,8.405,8.32,6.935,8.565,210616.001,172484.768,43116.636,41.667,83.333,8.405432364545732,8.320411711252705,6.935472522168218,8.56511219420184,210616.00061970073,172484.76754286807,43116.63612160597,41.66666666666667,83.33333333333334,12,0,"(0, 1, 1)","(0, 1, 1, 12)",-11.64346239088897,0.6389051999431103
3167,大量,電機機械,12,8.41,10.079,6.965,9.642,40167.487,35585.853,-5519.712,50.0,75.0,8.409520560247753,10.078569359057127,6.9652559125192,9.642479291407946,40167.48748346094,35585.853345552794,-5519.711794921452,50.0,75.0,12,0,"(1, 1, 0)","(0, 1, 1, 12)",-22.11844714847624,0.7750525998417288
1476,儒鴻,紡織纖維,12,8.424,8.326,9.552,8.467,341952.317,266684.203,20113.761,50.0,58.333,8.423878425131136,8.326066268736005,9.552403956943822,8.467251223512955,341952.3167219416,266684.2031875033,20113.761360910565,50.0,58.333333333333336,12,0,"(1, 1, 0)","(0, 1, 1, 12)",-28.646933548745302,0.8085435999091715
6189,豐藝,電子通路業,12,8.431,7.804,4.165,8.342,299108.285,208586.176,114516.234,50.0,83.333,8.430618216650057,7.804334158065274,4.16530630672018,8.342306953118248,299108.2847154392,208586.1757348233,114516.23445592383,50.0,83.33333333333334,12,0,"(0, 1, 1)","(0, 1, 1, 12)",-25.53710397303975,0.9176572998985648
1725,元禎,化學工業,12,8.437,8.35,8.022,8.662,74163.357,56221.958,21921.831,50.0,58.333,8.436830855542434,8.349546332221218,8.021969627438382,8.66216403371043,74163.35696488406,56221.95809470831,21921.830648641877,50.0,58.333333333333336,12,0,"(0, 1, 1)","(0, 1, 1, 12)",-33.65110871673166,1.0906275000888854
6916,華凌,電子工業,12,8.443,8.786,7.869,8.619,18021.561,14283.083,324.25,50.0,75.0,8.443068877731976,8.785667592554445,7.868929104796616,8.618645352591702,18021.561310922352,14283.083333333334,324.25,50.0,75.0,0,12,,,,0.0172490999102592
6997,博弘,數位雲端類,12,8.445,8.517,6.13,8.012,42679.616,31333.583,-23146.417,66.667,8.333,8.444791716264449,8.517141782390974,6.130042373564578,8.011746919691715,42679.616281272574,31333.583333333332,-23146.416666666668,66.66666666666666,8.333333333333332,0,12,,,,0.0196374000515788
2633,台灣高鐵,航運業,12,8.466,8.524,7.62,8.499,453188.812,385546.163,2886.507,50.0,75.0,8.466028679643719,8.524260758720406,7.619594928808232,8.499194305822327,453188.8118473113,385546.1631618733,2886.5067361083347,50.0,75.0,12,0,"(1, 1, 1)","(0, 1, 1, 12)",32.43519169093922,1.1400601000059396
6275,元山,電子零組件業,12,8.466,8.551,8.627,8.575,36121.0,30189.31,-3463.641,58.333,66.667,8.46615585416535,8.550815815763517,8.626889461461364,8.575034330554997,36121.00025770931,30189.309947510894,-3463.641051528352,58.333333333333336,66.66666666666666,12,0,"(0, 1, 1)","(0, 1, 1, 12)",-42.88461628362713,1.211591900093481
2414,精技,電子通路業,12,8.47,8.737,6.791,8.544,247931.611,200468.356,18291.052,33.333,41.667,8.469904588352776,8.737499810077454,6.790836702796521,8.544133403956932,247931.61080662464,200468.3557005712,18291.052410013024,33.33333333333333,41.66666666666667,12,0,"(0, 1, 1)","(0, 1, 1, 12)",-89.82003347975295,0.8414654000662267
1611,中電,電器電纜,12,8.491,8.646,7.717,8.574,9189.946,7535.91,-2113.022,66.667,58.333,8.491357112555907,8.645971724858258,7.716749802231221,8.573610144688525,9189.946255924278,7535.909610251117,-2113.021754322706,66.66666666666666,58.333333333333336,12,0,"(0, 1, 1)","(0, 1, 1, 12)",-81.40085050378838,0.9704581999685616
8481,政伸,其他,12,8.497,8.531,8.035,8.617,9509.235,8349.913,483.911,58.333,75.0,8.496613975309875,8.530640418177848,8.034699243600707,8.616672831056588,9509.234611534715,8349.912854514505,483.91073529111964,58.333333333333336,75.0,12,0,"(1, 1, 0)","(0, 1, 1, 12)",-46.38467058927369,1.4579794998280704
6176,瑞儀,電子工業,12,8.502,8.586,7.526,8.769,420242.687,345609.2,77799.718,50.0,58.333,8.501505444091135,8.585952947414142,7.526217339036363,8.769260025884764,420242.6874300895,345609.1999591188,77799.71752101404,50.0,58.333333333333336,12,0,"(1, 1, 1)","(0, 1, 1, 12)",-20.067946064462923,1.2542429000604898
6190,萬泰科,通信網路業,12,8.509,8.665,6.724,8.669,73735.938,61183.116,3046.791,58.333,41.667,8.509181800242578,8.665034656044202,6.724024904413292,8.66915288799448,73735.93779043034,61183.11607525486,3046.7909094535476,58.333333333333336,41.66666666666667,12,0,"(1, 1, 0)","(0, 1, 1, 12)",-66.95908056521614,1.1359828999266028
3687,歐買尬,數位雲端類,12,8.524,8.691,6.498,8.761,16138.415,12996.447,-1421.404,50.0,58.333,8.524463921828092,8.691064797876498,6.4980837026472145,8.760925997831983,16138.41462430513,12996.447421258652,-1421.4035514230516,50.0,58.333333333333336,12,0,"(0, 1, 1)","(0, 1, 0, 12)",-109.15721438520808,0.4380688001401722
1341,富林-KY,塑膠工業,12,8.535,8.707,5.053,8.962,23848.805,18256.534,5350.259,33.333,100.0,8.535345187002697,8.706694834676053,5.052642933825387,8.962193594964782,23848.804742153672,18256.534331986302,5350.258532025463,33.33333333333333,100.0,12,0,"(1, 1, 1)","(0, 1, 1, 12)",-17.282093149993827,1.0403233000542969
6790,永豐實,造紙工業,12,8.538,8.455,8.061,8.728,96364.082,75735.514,44110.836,25.0,75.0,8.537511105945512,8.454946987122076,8.06117031748988,8.727723540866844,96364.0822238116,75735.51398862088,44110.83566707718,25.0,75.0,12,0,"(0, 1, 1)","(0, 1, 0, 12)",-57.40507629701601,0.6127817998640239
6491,晶碩,生技醫療業,12,8.544,8.764,7.806,8.606,61395.521,50120.453,-8408.171,58.333,66.667,8.543976289075719,8.764357570234425,7.8057415792032385,8.605625990500432,61395.5211698856,50120.45298758851,-8408.170750775918,58.333333333333336,66.66666666666666,12,0,"(0, 1, 1)","(0, 1, 0, 12)",-56.010473981502265,0.4114512000232935
4956,光鋐,光電業,12,8.552,8.949,8.977,9.136,11728.271,9614.179,1241.947,50.0,75.0,8.552125952069952,8.94912972302065,8.976988169814607,9.136344603779726,11728.271348251788,9614.178840199385,1241.9466806902758,50.0,75.0,12,0,"(1, 1, 0)","(0, 1, 1, 12)",-63.02864537926105,2.594526099972427
4999,鑫禾,電子零組件業,12,8.56,8.343,7.489,8.214,16564.341,13933.968,-2442.206,58.333,75.0,8.560039609709804,8.343152823016728,7.4892281907492,8.213676790736642,16564.34070921803,13933.968276388545,-2442.205834034423,58.333333333333336,75.0,12,0,"(1, 1, 1)","(0, 1, 1, 12)",-17.912881100790635,1.069187399931252
4207,環泰,食品工業,12,8.56,8.346,8.263,8.501,41961.896,36845.592,11277.061,33.333,50.0,8.560134098065362,8.346299796571762,8.2634273806966,8.500770353048525,41961.89638308866,36845.592068210106,11277.060722534903,33.33333333333333,50.0,12,0,"(1, 1, 1)","(0, 1, 0, 12)",-96.61828318783871,0.5089738999959081
6409,旭隼,電子工業,12,8.57,8.641,8.711,8.704,177122.525,146565.009,27277.145,50.0,83.333,8.570492233329535,8.641273022458927,8.71076662149287,8.70391059105105,177122.52465472638,146565.00899915953,27277.144725245656,50.0,83.33333333333334,12,0,"(1, 1, 0)","(0, 1, 1, 12)",-53.82068779378485,1.2292830999940634
6123,上奇,資訊服務業,12,8.582,8.356,8.163,8.569,42310.368,36175.567,11178.078,33.333,75.0,8.582001243002827,8.356393165813305,8.162888441696733,8.568990605821547,42310.36818897177,36175.56680627577,11178.07804922846,33.33333333333333,75.0,12,0,"(1, 1, 1)","(0, 1, 1, 12)",-44.02726618424175,2.644829299999401
6233,旺玖,半導體業,12,8.588,8.382,6.153,8.689,3482.158,2773.13,882.547,33.333,91.667,8.58769243716252,8.382195776488878,6.152814476901697,8.689342034752306,3482.1575600424253,2773.1304853981565,882.5473690337061,33.33333333333333,91.66666666666666,12,0,"(1, 1, 1)","(0, 1, 1, 12)",-77.10561053981745,1.940752999857068
1720,生達,生技醫療業,12,8.591,8.647,7.722,8.728,53825.796,50273.188,15706.909,33.333,41.667,8.590794720846167,8.647332186214037,7.722028313109941,8.728165960402938,53825.796146988934,50273.18752647976,15706.908539326483,33.33333333333333,41.66666666666667,12,0,"(0, 1, 1)","(0, 1, 1, 12)",-68.42856802039621,1.1070894999429584
2911,麗嬰房,貿易百貨,12,8.611,8.191,6.657,8.667,21601.507,16671.896,9016.657,33.333,83.333,8.61100509589127,8.19139046707063,6.656536594366623,8.666727304619528,21601.506977907375,16671.896131231526,9016.657307895939,33.33333333333333,83.33333333333334,12,0,"(1, 1, 1)","(0, 1, 1, 12)",-53.947784759710345,1.276970700128004
4528,江興鍛,電機機械,12,8.626,8.694,7.459,8.674,14453.326,11376.88,-2286.523,58.333,66.667,8.626281929530798,8.69444583336587,7.459109005643409,8.673661909423485,14453.326392988085,11376.879751285813,-2286.5234436596124,58.333333333333336,66.66666666666666,12,0,"(1, 1, 1)","(0, 1, 1, 12)",-47.79226338648939,1.1542801999021322
1310,台苯,塑膠工業,12,8.627,8.736,7.419,9.312,71905.754,62347.613,59946.026,16.667,58.333,8.62650913384796,8.735989569392192,7.419000179399282,9.311544001558602,71905.75389462273,62347.613118126166,59946.02601117733,16.666666666666664,58.333333333333336,12,0,"(1, 1, 1)","(0, 1, 1, 12)",-0.7523050236365503,1.103597200009972
2480,敦陽科,電子工業,12,8.631,8.286,9.348,8.399,71769.834,60374.253,8751.909,58.333,83.333,8.630676827770946,8.285798642134955,9.347788557091452,8.398629611485394,71769.83379195353,60374.25272784368,8751.909361769154,58.333333333333336,83.33333333333334,12,0,"(0, 1, 1)","(0, 1, 0, 12)",-72.2066228801265,0.4413403000216931
8109,博大,電子零組件業,12,8.642,9.182,7.512,8.66,16655.458,12548.889,-5885.241,66.667,50.0,8.641731849936258,9.182200559170502,7.512008350328479,8.660050305159439,16655.458361429173,12548.889265475105,-5885.241203794911,66.66666666666666,50.0,12,0,"(1, 1, 0)","(0, 1, 1, 12)",-69.62912743808444,0.9784240000881256
2009,第一銅,鋼鐵工業,12,8.648,9.185,7.27,9.861,28846.73,20936.19,4098.133,50.0,66.667,8.647658324854833,9.184633826978928,7.269990843920901,9.861433528812185,28846.72960154442,20936.189789549735,4098.132744382958,50.0,66.66666666666666,12,0,"(0, 1, 1)","(0, 1, 1, 12)",-36.712174490234695,0.653547199908644
8411,福貞-KY,其他,12,8.649,9.241,8.087,9.172,77467.76,66212.887,12727.599,33.333,100.0,8.648757039170645,9.241213743859198,8.086600791777505,9.171724659586253,77467.7598769053,66212.88747047393,12727.598941715783,33.33333333333333,100.0,12,0,"(0, 1, 1)","(0, 1, 1, 12)",-22.94592271307332,0.7478006000164896
9919,康那香,其他,12,8.671,8.377,8.068,8.66,23554.226,19263.766,6093.096,50.0,83.333,8.67128859238135,8.37651448242644,8.067717926450221,8.659983644300292,23554.225590729042,19263.76620706923,6093.095604209525,50.0,83.33333333333334,12,0,"(0, 1, 1)","(0, 1, 1, 12)",-45.47698119005312,0.8231686998624355
5450,南良,其他,12,8.685,8.671,8.543,8.676,21323.265,17585.844,2376.206,41.667,41.667,8.684853520210993,8.671166524733167,8.542654011414191,8.67571337745684,21323.26495206418,17585.844095028304,2376.205803707875,41.66666666666667,41.66666666666667,12,0,"(0, 1, 1)","(0, 1, 1, 12)",-63.5831396199377,0.9628596000839024
6126,信音,電子零組件業,12,8.691,8.929,8.119,8.883,33693.273,28243.79,-6156.013,58.333,58.333,8.691063088908969,8.928871339111835,8.119397501164444,8.883053159229918,33693.27271073108,28243.789515734494,-6156.012596880115,58.333333333333336,58.333333333333336,12,0,"(1, 1, 1)","(0, 1, 1, 12)",-50.1064985970533,1.71363850007765
6496,科懋,生技醫療業,12,8.693,7.994,4.973,7.601,10755.246,6507.083,-3610.89,58.333,91.667,8.692888423866268,7.994191767886703,4.973126786511278,7.600643834606919,10755.245916104364,6507.083361906155,-3610.88984827967,58.333333333333336,91.66666666666666,12,0,"(0, 1, 1)","(0, 1, 1, 12)",-16.223450503091374,0.6765319998376071
6712,長聖,生技醫療業,12,8.753,8.786,8.213,9.455,10202.628,7527.197,3360.411,33.333,91.667,8.753479252733003,8.78608037097361,8.212737953982897,9.45453262828389,10202.628360403503,7527.197049651592,3360.411059099397,33.33333333333333,91.66666666666666,12,0,"(1, 1, 1)","(1, 1, 0, 12)",19.795214336743644,1.842283699894324
5388,中磊,通信網路業,12,8.755,8.489,8.287,8.375,510705.627,393957.67,-32130.687,33.333,75.0,8.755028148144026,8.489467919617235,8.287188563173013,8.375073751579698,510705.6270155725,393957.6695275232,-32130.686718177905,33.33333333333333,75.0,12,0,"(1, 1, 0)","(0, 1, 1, 12)",-56.23653444124568,1.0600217999890449
1474,弘裕,紡織纖維,12,8.761,8.528,6.686,8.727,26610.985,21293.656,6788.11,41.667,75.0,8.761361261479465,8.528446562700394,6.686344885006937,8.726959310431482,26610.985347215883,21293.656216705996,6788.110226756314,41.66666666666667,75.0,12,0,"(0, 1, 1)","(0, 1, 1, 12)",-38.800274072204026,0.6229144998360425
1336,台翰,電子零組件業,12,8.778,8.867,9.092,9.109,21773.172,18253.085,7988.322,41.667,58.333,8.777912887009096,8.86663949210524,9.092497275551285,9.108938824604897,21773.172033210278,18253.08465434295,7988.3220069116505,41.66666666666667,58.333333333333336,12,0,"(1, 1, 1)","(0, 1, 1, 12)",-34.02490766212971,1.2835597000084815
2450,神腦,電子工業,12,8.789,8.451,6.449,8.399,307901.645,242602.906,-82950.003,66.667,75.0,8.788691667989811,8.451387849867524,6.449153993120181,8.399160845518807,307901.64459261345,242602.905648906,-82950.00293660292,66.66666666666666,75.0,12,0,"(0, 1, 1)","(0, 1, 1, 12)",-89.72904419993289,0.7505707999225706
3033,威健,電子通路業,12,8.8,8.811,6.654,9.002,944121.356,797211.044,36659.267,58.333,75.0,8.799531974647886,8.810607864109759,6.653576039943379,9.002062111023239,944121.3564090605,797211.044315365,36659.26677870735,58.333333333333336,75.0,12,0,"(0, 1, 1)","(0, 1, 1, 12)",-40.98989814593281,0.7225496999453753
1737,臺鹽,食品工業,12,8.804,8.82,7.536,8.813,29311.748,24256.167,-1962.318,58.333,83.333,8.804051525377265,8.820134200042821,7.53585877811643,8.8130991482044,29311.74755920941,24256.167081630178,-1962.3181533852694,58.333333333333336,83.33333333333334,12,0,"(0, 1, 1)","(0, 1, 1, 12)",-34.900606299290764,0.5820940001867712
5215,科嘉-KY,電腦及週邊設備業,12,8.804,8.445,5.085,8.613,26264.089,19028.423,1738.95,66.667,75.0,8.804288754793923,8.444852677394225,5.085180775681354,8.612541659535921,26264.089087359527,19028.42314635157,1738.949627846996,66.66666666666666,75.0,12,0,"(0, 1, 1)","(0, 1, 1, 12)",-23.51637134331826,0.9359639000613242
8374,羅昇,電機機械,12,8.832,8.542,6.736,8.968,46694.798,34784.186,13291.748,58.333,50.0,8.832362862646951,8.541794025986773,6.736416521624772,8.967762900286058,46694.79823925537,34784.1855292623,13291.748009176212,58.333333333333336,50.0,12,0,"(0, 1, 1)","(0, 1, 1, 12)",-38.958512542048126,0.8283955999650061
6962,奕力-KY,半導體業,12,8.842,8.63,6.765,8.982,181070.414,140628.333,35368.0,50.0,25.0,8.84219968802839,8.629678438819399,6.764844030904897,8.981959146436633,181070.41412067664,140628.33333333334,35368.0,50.0,25.0,0,12,,,,0.0186607998330146
1264,德麥,食品工業,12,8.85,8.57,8.223,9.015,56147.736,49408.475,40545.804,16.667,83.333,8.850399206711053,8.569865439912503,8.223399086062496,9.014689621661043,56147.73553061187,49408.47462203063,40545.80399468731,16.666666666666664,83.33333333333334,12,0,"(0, 1, 1)","(0, 1, 1, 12)",-85.12248295577552,2.683639100054279
5321,美而快,數位雲端類,12,8.868,8.368,7.509,8.797,25330.111,21174.375,13243.181,41.667,75.0,8.867953429603743,8.367845830004317,7.509437055526464,8.797474240993024,25330.111086474106,21174.374511963233,13243.181030695,41.66666666666667,75.0,12,0,"(1, 1, 0)","(0, 1, 1, 12)",-49.09514345056457,2.106411899905652
3362,先進光,光電業,12,8.877,9.029,7.721,9.087,37373.64,31937.836,10405.237,33.333,66.667,8.876980185305662,9.02889973214788,7.721138800000173,9.086507697017291,37373.639682317946,31937.836030164322,10405.236862206797,33.33333333333333,66.66666666666666,12,0,"(1, 1, 1)","(0, 1, 0, 12)",-32.55529376608885,0.5074376999400556
6133,金橋,電子零組件業,12,8.882,9.776,6.813,9.37,12904.519,10468.238,-4619.129,66.667,66.667,8.882233803931825,9.77623639748293,6.812646940088768,9.36953584050678,12904.518632961208,10468.23807010039,-4619.129475945575,66.66666666666666,66.66666666666666,12,0,"(1, 1, 1)","(0, 1, 1, 12)",-27.320549297720937,1.708114800043404
8091,翔名,半導體業,12,8.898,9.004,7.498,8.828,19651.064,15857.825,-2273.09,58.333,66.667,8.897980501709231,9.003790304574167,7.497766901017069,8.827872442892236,19651.064182467282,15857.82513548741,-2273.090422312833,58.333333333333336,66.66666666666666,12,0,"(1, 1, 0)","(0, 1, 1, 12)",-51.49398668704077,0.844131600111723
5392,能率,光電業,12,8.903,9.094,6.914,9.089,82177.572,64420.202,7560.129,41.667,66.667,8.902658614261641,9.093880025569334,6.914016720810709,9.088695556205973,82177.57233494158,64420.2015678428,7560.129021306192,41.66666666666667,66.66666666666666,12,0,"(1, 1, 0)","(0, 1, 0, 12)",-98.4152588945675,0.5173883000388741
5344,立衛,半導體業,12,8.903,9.223,7.546,9.476,3079.036,2524.279,-217.032,75.0,58.333,8.903196858836218,9.223477535489327,7.545644187742936,9.476089809212551,3079.035982648092,2524.278889401539,-217.03223054456612,75.0,58.333333333333336,12,0,"(1, 1, 0)","(0, 1, 1, 12)",-49.723631463665,1.929625399876386
9905,大華,其他,12,8.944,8.708,7.096,8.654,75762.727,60972.444,4042.827,41.667,83.333,8.943545645485033,8.708081071532824,7.096472669279969,8.65365900830502,75762.72679867187,60972.4435671813,4042.826934791403,41.66666666666667,83.33333333333334,12,0,"(0, 1, 1)","(1, 1, 0, 12)",-72.35974873384708,0.9302765000611544
2345,智邦,電子工業,12,8.964,9.604,7.446,9.23,2138582.335,1854499.939,-470613.064,50.0,58.333,8.963503021326844,9.604262164570395,7.445556291396349,9.229703735877932,2138582.335292421,1854499.9389602293,-470613.06397355674,50.0,58.333333333333336,12,0,"(0, 1, 1)","(1, 1, 0, 12)",-70.35097501958377,0.609842199832201
7736,虎山,汽車工業,12,8.965,9.08,8.326,9.145,15865.024,12509.455,1258.364,45.455,0.0,8.964920555913157,9.07984841720023,8.325575109616192,9.144746282048475,15865.024258641168,12509.454545454546,1258.3636363636363,45.45454545454545,0.0,0,12,,,,0.0208109999075531
5425,台半,半導體業,12,8.974,8.898,10.215,9.085,161118.494,134362.492,44938.626,41.667,58.333,8.974421726608012,8.897623943458429,10.215397629299696,9.084701923516919,161118.49415113693,134362.49185926784,44938.62569553652,41.66666666666667,58.333333333333336,12,0,"(0, 1, 1)","(0, 1, 0, 12)",-97.83082411445912,0.7525393001269549
6504,南六,其他,12,8.979,8.857,8.696,9.051,56176.293,49492.831,16897.017,41.667,66.667,8.978767704313274,8.856520017469451,8.695831604403013,9.050762981024784,56176.29272316865,49492.83068047342,16897.016823714057,41.66666666666667,66.66666666666666,12,0,"(0, 1, 1)","(1, 1, 0, 12)",-62.74503982185574,0.7287679000291973
3597,映興,電子零組件業,12,8.983,8.868,9.303,8.961,7356.027,6441.388,294.832,41.667,58.333,8.982990813841573,8.867665476686089,9.30307848776312,8.96133974216966,7356.0274345720345,6441.388307927307,294.83210996635654,41.66666666666667,58.333333333333336,12,0,"(1, 1, 0)","(0, 1, 1, 12)",-26.37329170747742,0.6536059998907149
1586,和勤,電機機械,12,9.0,8.704,9.243,8.934,19453.62,17228.48,8255.431,25.0,83.333,8.999563567891888,8.704318354389654,9.243258877362571,8.934196966175554,19453.620132747925,17228.47950819258,8255.43103371543,25.0,83.33333333333334,12,0,"(1, 1, 1)","(0, 1, 1, 12)",-13.270291106273586,1.0591347999870775
3624,光頡,電子零組件業,12,9.002,9.224,8.264,9.014,24283.907,20069.255,-3656.627,58.333,50.0,9.001818663110011,9.223648231538,8.263908047485321,9.01437386505899,24283.90706937937,20069.25464878167,-3656.6265471480824,58.333333333333336,50.0,12,0,"(1, 1, 0)","(0, 1, 1, 12)",-78.60566924710318,1.101806699996814
7610,聯友金屬-創,綠能環保,7,9.002,8.757,5.759,8.13,18335.311,13262.5,-13262.5,100.0,0.0,9.002063432447475,8.757146016470339,5.75879274625311,8.13043870436874,18335.31075547944,13262.5,-13262.5,100.0,0.0,0,12,,,,0.0240969001315534
3040,遠見,其他,12,9.008,9.025,7.413,9.196,1137.851,990.511,-26.321,58.333,100.0,9.008193574286938,9.025430574681199,7.412817890836465,9.1955790850683,1137.8506006673936,990.5109381166775,-26.32141730484106,58.333333333333336,100.0,12,0,"(0, 1, 1)","(0, 1, 1, 12)",-65.17809570744532,1.047210100106895
6281,全國電,電子工業,12,9.012,8.88,8.135,9.038,164200.4,141409.585,30926.295,41.667,83.333,9.012196365984938,8.880065848614345,8.134867272425527,9.037898673461147,164200.39987714723,141409.58461148763,30926.294930392276,41.66666666666667,83.33333333333334,12,0,"(1, 1, 1)","(0, 1, 0, 12)",-94.33370140546978,0.7096668998710811
2423,固緯,電子工業,12,9.015,9.674,9.144,9.757,24798.641,22111.906,-6405.344,75.0,83.333,9.015353910233985,9.67368282701901,9.144038054577969,9.757134897363885,24798.640562745302,22111.905946066418,-6405.343534002364,75.0,83.33333333333334,12,0,"(0, 1, 1)","(0, 1, 1, 12)",-47.12855678739839,0.638006400084123
2436,偉詮電,電子工業,12,9.015,9.088,7.792,9.135,31050.623,26810.58,-457.76,50.0,58.333,9.015391596691709,9.087718267681808,7.792287766702868,9.134606074317746,31050.622885578898,26810.580069174583,-457.76025390769547,50.0,58.333333333333336,12,0,"(1, 1, 0)","(0, 1, 1, 12)",-48.55880586800341,0.9110723999328912
6196,帆宣,其他電子業,12,9.018,8.911,6.369,9.361,507920.915,387536.131,151966.916,25.0,58.333,9.018152747124615,8.911148363855094,6.36879165476804,9.361378348500004,507920.914872556,387536.13109614764,151966.9156967569,25.0,58.333333333333336,12,0,"(0, 1, 1)","(0, 1, 1, 12)",-52.94654373122307,1.1793265999294815
2413,環科,電子零組件業,12,9.034,9.135,5.575,9.174,33839.091,25181.72,1200.01,50.0,58.333,9.034451809155614,9.134906920724834,5.574834629698514,9.173536170904667,33839.09136046162,25181.719998949604,1200.0097791915468,50.0,58.333333333333336,12,0,"(0, 1, 1)","(0, 1, 1, 12)",-13.50077971113274,0.779637300176546
3138,耀登,電子工業,12,9.036,8.75,8.597,8.345,17171.057,13122.109,-7925.444,58.333,75.0,9.036077242851325,8.750454630701839,8.597243693954892,8.344866197692546,17171.05671689001,13122.108541360636,-7925.444154039273,58.333333333333336,75.0,12,0,"(0, 1, 1)","(0, 1, 0, 12)",-44.90368026915854,0.440920100081712
3014,聯陽,電子工業,12,9.037,8.761,5.615,8.822,77326.754,52315.705,4267.424,33.333,66.667,9.036879059808216,8.760810339393005,5.615152196374967,8.82239232674204,77326.75388509473,52315.70532517028,4267.424162075263,33.33333333333333,66.66666666666666,12,0,"(0, 1, 1)","(0, 1, 1, 12)",-75.02328780530752,0.9110371000133456
1432,大魯閣,運動休閒,12,9.043,9.146,8.483,9.076,10208.021,9960.139,329.341,41.667,66.667,9.04253935926191,9.146294037570012,8.482900342117802,9.07554833015871,10208.021227879104,9960.13857619248,329.3407761863843,41.66666666666667,66.66666666666666,12,0,"(1, 1, 1)","(0, 1, 1, 12)",23.778369463132805,0.9870190999936312
6274,台燿,電子零組件業,12,9.043,9.34,10.92,9.1,264759.981,229171.722,-100436.069,58.333,33.333,9.04313526735038,9.33971951796031,10.920211876250326,9.100307914339195,264759.9808525897,229171.72174898567,-100436.06920584354,58.333333333333336,33.33333333333333,12,0,"(1, 1, 0)","(0, 1, 1, 12)",-80.75399448938973,1.1029616999439895
7782,光速火箭,居家生活類,5,9.044,9.11,8.392,9.001,6131.76,5437.5,539.0,25.0,0.0,9.044260740839308,9.110117945394624,8.392381973033277,9.000869603028057,6131.760065429828,5437.5,539.0,25.0,0.0,0,12,,,,0.0177934998646378
2597,潤弘,建材營造,12,9.05,9.293,7.987,9.245,291143.698,233573.401,-17706.062,50.0,83.333,9.050039952958656,9.292659334083574,7.98695680986386,9.245048355116063,291143.6982863898,233573.40123330514,-17706.0622958759,50.0,83.33333333333334,12,0,"(0, 1, 1)","(0, 1, 1, 12)",-46.71312536894995,0.8153915998991579
6763,綠界科技*,數位雲端類,12,9.056,9.348,7.896,9.416,16465.228,13178.434,-1084.87,50.0,50.0,9.055823084099854,9.347957588441846,7.896269677312076,9.41592259276467,16465.2281885109,13178.433717501657,-1084.8698328217167,50.0,50.0,12,0,"(0, 1, 1)","(0, 1, 0, 12)",-94.070223057752,1.1433120998553932
7556,意德士,半導體業,12,9.057,9.378,7.272,9.492,7137.19,5643.279,-671.73,75.0,33.333,9.056548111082083,9.378046979571469,7.272049787804605,9.491526664777862,7137.190285500531,5643.278523360338,-671.7302096067675,75.0,33.33333333333333,12,0,"(0, 1, 1)","(0, 1, 1, 12)",-48.94521080066219,0.975903799990192
8240,華宏,光電業,12,9.062,9.117,10.009,9.185,65385.826,53891.582,11893.216,50.0,50.0,9.061871161098454,9.116572358694132,10.00865682753277,9.185086561662708,65385.825909592924,53891.58212603378,11893.216296383898,50.0,50.0,12,0,"(1, 1, 1)","(0, 1, 0, 12)",-104.16786437559932,0.7510635999497026
2462,良得電,電子零組件業,12,9.071,9.586,7.066,9.53,36302.111,30706.461,7884.585,33.333,66.667,9.071104940406816,9.586478671540332,7.065606529780505,9.530415452693536,36302.11146660669,30706.461267197006,7884.584837252514,33.33333333333333,66.66666666666666,12,0,"(0, 1, 1)","(0, 1, 1, 12)",-25.844087512051622,0.8036070000380278
6757,台灣虎航,航運業,12,9.075,8.703,6.227,8.945,163141.08,127792.466,22822.853,50.0,83.333,9.0746511412048,8.703090753893882,6.226778139473096,8.944883343345213,163141.079542299,127792.46643381042,22822.85289131136,50.0,83.33333333333334,12,0,"(1, 1, 0)","(1, 1, 0, 12)",38.141667243574005,0.6965524000115693
3558,神準,通信網路業,12,9.083,9.179,5.591,9.18,154453.783,113802.455,24604.605,25.0,75.0,9.082599209316028,9.179440867017833,5.590733544390184,9.179657457729013,154453.78331045975,113802.45524028192,24604.604964019924,25.0,75.0,12,0,"(1, 1, 0)","(0, 1, 1, 12)",-35.06852363014303,0.7011588998138905
2834,臺企銀,金融保險,12,9.09,9.16,9.933,9.171,315214.969,266003.867,24012.817,41.667,75.0,9.090337321071274,9.160344115693814,9.932606576631835,9.170602386317245,315214.96890555345,266003.86720385886,24012.817191946397,41.66666666666667,75.0,12,0,"(0, 1, 1)","(0, 1, 0, 12)",-93.41441306368516,0.4118325000163167
4138,曜亞,生技醫療業,12,9.105,9.015,8.737,9.053,11867.212,10522.337,412.478,50.0,66.667,9.105255633524974,9.014526133101262,8.737254054278536,9.052888184051312,11867.212488062201,10522.336918622577,412.47829806805385,50.0,66.66666666666666,12,0,"(1, 1, 1)","(0, 1, 0, 12)",-62.74576620948392,0.5395935999695212
6143,振曜,通信網路業,12,9.108,10.206,8.048,10.245,84243.619,64689.814,-31789.037,83.333,75.0,9.107509625675682,10.205522899469287,8.04794720664315,10.244545804811125,84243.61931917765,64689.81360571671,-31789.03705813082,83.33333333333334,75.0,12,0,"(1, 1, 1)","(0, 1, 1, 12)",-11.022137465252722,1.1293148000258952
9921,巨大,運動休閒,12,9.114,8.393,5.465,8.616,659307.19,457731.343,160632.523,41.667,66.667,9.114315464475913,8.392512766780612,5.4649603824619,8.615664181455585,659307.1897660645,457731.34332666144,160632.52345607814,41.66666666666667,66.66666666666666,12,0,"(1, 1, 1)","(0, 1, 1, 12)",-58.61940347315091,2.6555537001695484
2201,裕隆,汽車工業,12,9.115,8.825,7.576,9.152,701446.527,553534.234,156494.286,50.0,75.0,9.11472950273403,8.82488346182018,7.575621578055423,9.152495995127017,701446.526992294,553534.2338028088,156494.2861984897,50.0,75.0,12,0,"(1, 1, 1)","(0, 1, 0, 12)",-86.29533204221005,0.5263098999857903
4973,廣穎,半導體業,12,9.13,9.298,7.534,9.518,41985.277,32399.82,2958.727,41.667,66.667,9.13019262002476,9.297850145562435,7.533532760588041,9.517701786851102,41985.27655279332,32399.819998581617,2958.7273028757336,41.66666666666667,66.66666666666666,12,0,"(0, 1, 1)","(0, 1, 1, 12)",-65.90986673563442,1.4846534999087453
6195,詩肯,居家生活類,12,9.135,9.468,8.099,9.687,20337.31,16799.938,2303.447,41.667,66.667,9.134803021158227,9.468476102864628,8.099094052150988,9.686834471448751,20337.31020694429,16799.938033585713,2303.4468737725983,41.66666666666667,66.66666666666666,12,0,"(0, 1, 1)","(0, 1, 1, 12)",-40.83481841118597,1.0439983999822289
8354,冠好,其他,12,9.163,9.238,7.608,9.21,6120.406,4918.537,-454.721,66.667,50.0,9.163267860665258,9.238108217773306,7.607564127224189,9.210373943759608,6120.40644325845,4918.536745343087,-454.7208000231785,66.66666666666666,50.0,12,0,"(0, 1, 1)","(0, 1, 1, 12)",-58.4383865388328,1.0406798000913111
2645,長榮航太,航運業,12,9.196,9.058,7.945,9.425,169796.474,139317.177,48350.875,41.667,50.0,9.196266537522318,9.057966183569231,7.945242922478493,9.424908531358673,169796.47352324077,139317.17691866215,48350.87533765612,41.66666666666667,50.0,12,0,"(0, 1, 1)","(0, 1, 0, 12)",-20.807208231235112,0.4101827999111265
2108,南帝,橡膠工業,12,9.215,8.924,8.211,9.308,89227.185,73307.776,16413.922,58.333,66.667,9.21489401124959,8.923925452129028,8.211360676848694,9.307634553827114,89227.18487597084,73307.77618409952,16413.922328503464,58.333333333333336,66.66666666666666,12,0,"(1, 1, 0)","(0, 1, 1, 12)",-35.874610979553964,0.7563163000158966
6246,臺龍,光電業,12,9.216,9.04,6.275,9.405,14776.934,12291.043,4331.141,41.667,75.0,9.215730932152061,9.040172747263004,6.275067997154304,9.404857085273845,14776.934082240705,12291.043383538534,4331.140597407335,41.66666666666667,75.0,12,0,"(0, 1, 1)","(0, 1, 1, 12)",-17.55440094883305,0.8616969999857247
1903,士紙,造紙工業,12,9.227,8.89,5.572,9.365,1774.468,1178.626,248.484,58.333,75.0,9.226518437365726,8.889886514177974,5.572498033907382,9.364906601424126,1774.4680956161917,1178.6262202505557,248.48375924908683,58.333333333333336,75.0,12,0,"(1, 1, 1)","(0, 1, 1, 12)",23.341013722961332,0.6566680001560599
8103,瀚荃,電子零組件業,12,9.233,9.564,7.854,9.56,32484.549,25818.461,873.475,50.0,91.667,9.23338240518046,9.563678421284562,7.854194661781073,9.560253456247116,32484.54911936818,25818.460826218983,873.4747517366995,50.0,91.66666666666666,12,0,"(0, 1, 1)","(0, 1, 1, 12)",-53.00355461391053,1.028951299842447
2067,嘉鋼,電機機械,12,9.241,9.293,5.962,9.612,9451.688,7867.225,975.074,50.0,91.667,9.241479355038726,9.292532995186397,5.962219361851315,9.612154393612213,9451.688006324812,7867.225167547692,975.0740932117866,50.0,91.66666666666666,12,0,"(1, 1, 1)","(0, 1, 1, 12)",-32.05363105009693,0.8761684000492096
6840,東研信超,其他電子類,12,9.245,9.482,6.551,8.729,9905.114,7003.917,-5908.083,75.0,50.0,9.244660619199882,9.481639203964926,6.551193058999869,8.729322757055007,9905.113792884966,7003.916666666667,-5908.083333333333,75.0,50.0,0,12,,,,0.0231866999529302
4583,台灣精銳,電機機械,12,9.248,9.324,8.754,9.652,26932.161,23105.92,5267.595,50.0,75.0,9.248481092278382,9.323978390907639,8.753681668605113,9.65212241855193,26932.160629529597,23105.919615690964,5267.59529644969,50.0,75.0,12,0,"(1, 1, 1)","(0, 1, 0, 12)",-15.845670357379532,0.4722893999423831
1710,東聯,化學生技醫療,12,9.268,9.034,7.176,9.466,207192.312,171876.174,77422.384,41.667,58.333,9.268177516918247,9.034056679945824,7.175679280666822,9.466161848797233,207192.31152694797,171876.1740295324,77422.38440973958,41.66666666666667,58.333333333333336,12,0,"(1, 1, 1)","(0, 1, 1, 12)",-20.39624452286632,0.9391731000505388
8299,群聯,半導體業,12,9.27,9.525,9.122,9.0,765176.856,561320.023,-388143.85,66.667,58.333,9.269833542998688,9.524584436381552,9.121993096171998,9.000088508853345,765176.8564294036,561320.0234360909,-388143.8504349738,66.66666666666666,58.333333333333336,12,0,"(1, 1, 0)","(0, 1, 1, 12)",-54.92767373793911,1.0077600001823157
1414,東和,紡織纖維,12,9.275,8.923,8.173,8.928,4312.67,3617.589,-346.07,50.0,75.0,9.27513509630553,8.923132580264298,8.173323162290593,8.928451900535416,4312.6698758624425,3617.5886708912926,-346.0698731429502,50.0,75.0,12,0,"(1, 1, 0)","(0, 1, 1, 12)",-37.40959602186776,0.9293168999720364
3050,鈺德,光電業,12,9.294,9.134,4.082,9.488,13439.436,9759.123,3992.224,33.333,66.667,9.294166376800394,9.133683794001296,4.081663549102412,9.488330645801964,13439.435695885384,9759.122540077129,3992.22379674349,33.33333333333333,66.66666666666666,12,0,"(0, 1, 1)","(0, 1, 0, 12)",-84.12317120886412,0.5178413998801261
2405,輔信,電腦及週邊設備業,12,9.294,9.557,8.672,9.238,16739.369,13489.372,-5654.977,58.333,66.667,9.294495310540613,9.556671661619282,8.672443025972138,9.23770963597975,16739.368804060774,13489.37213363415,-5654.977295550886,58.333333333333336,66.66666666666666,12,0,"(0, 1, 1)","(1, 1, 0, 12)",-28.32237053512628,0.6347475000657141
3380,明泰,電子工業,12,9.305,9.229,7.136,9.129,224380.89,174170.676,-69959.941,66.667,100.0,9.304933496169797,9.228542654664611,7.135784263398609,9.129392411141113,224380.890211378,174170.67567465585,-69959.94095547381,66.66666666666666,100.0,12,0,"(0, 1, 1)","(0, 1, 1, 12)",-23.41553012449989,0.7890778998844326
1609,大亞,電器電纜,12,9.318,9.378,8.176,9.449,274952.527,242638.425,42818.513,41.667,58.333,9.318115540299344,9.377982271070724,8.176270069085145,9.449007328991456,274952.52736207773,242638.4251086332,42818.51255229298,41.66666666666667,58.333333333333336,12,0,"(0, 1, 1)","(0, 1, 1, 12)",-76.97421741118909,0.7468433999456465
6968,萬達寵物,居家生活類,12,9.318,9.618,8.199,9.339,29094.142,24940.833,-16213.667,83.333,33.333,9.318418798615486,9.617907558786913,8.199182151411117,9.33906204985426,29094.142236883356,24940.833333333332,-16213.666666666666,83.33333333333334,33.33333333333333,0,12,,,,0.0201525001320987
8121,越峰,電子零組件業,12,9.334,9.607,6.768,9.364,29429.674,23870.926,-6897.672,50.0,83.333,9.33363750875095,9.607305259432803,6.7678300367559245,9.364306137865459,29429.673994945202,23870.92571122444,-6897.6721482502735,50.0,83.33333333333334,12,0,"(1, 1, 0)","(0, 1, 1, 12)",-65.30947256385926,0.7710621000733227
2250,IKKA-KY,汽車工業,12,9.336,9.438,9.217,9.583,30452.677,26191.142,7264.7,33.333,58.333,9.33625698814878,9.438056079551654,9.21712777913924,9.582591799386963,30452.67661956143,26191.141772708594,7264.700232840599,33.33333333333333,58.333333333333336,12,0,"(0, 1, 1)","(1, 1, 0, 12)",-30.87884369528207,0.5666154997888952
6180,橘子,文化創意業,12,9.35,9.896,7.589,10.142,83768.446,69335.623,25330.456,41.667,83.333,9.34999013329544,9.895594196459296,7.588677305798373,10.141874811180111,83768.44647256777,69335.62320763833,25330.456495926916,41.66666666666667,83.33333333333334,12,0,"(0, 1, 1)","(0, 1, 1, 12)",-28.31872481634632,0.7257112001534551
1409,新纖,紡織纖維,12,9.352,8.769,8.816,9.192,373439.255,306509.481,195634.557,25.0,75.0,9.351602301652044,8.768700885080476,8.816108199784814,9.19164350162977,373439.2554582084,306509.480814283,195634.55722260522,25.0,75.0,12,0,"(0, 1, 1)","(0, 1, 1, 12)",-73.879455027771,0.90488600009121
1413,宏洲,紡織纖維,12,9.352,9.533,8.931,9.911,20861.829,16513.461,2670.548,50.0,58.333,9.35175450026281,9.532924405168064,8.931312493574223,9.910693828216756,20861.828942719116,16513.460579752824,2670.547976393294,50.0,58.333333333333336,12,0,"(1, 1, 0)","(0, 1, 1, 12)",-13.489640465736128,0.8821781000588089
1587,吉茂,汽車工業,12,9.355,9.454,10.201,9.339,23379.127,20673.047,-6169.52,58.333,66.667,9.354605406307336,9.454169234741654,10.201241809921582,9.339055158459338,23379.127001639496,20673.046512074285,-6169.520248921683,58.333333333333336,66.66666666666666,12,0,"(1, 1, 0)","(0, 1, 1, 12)",-57.515682861164045,0.7622889000922441
1580,新麥,電機機械,12,9.357,9.011,7.909,9.52,47100.327,38079.098,26996.772,25.0,75.0,9.356767955607536,9.010730789259783,7.9085837290058345,9.51979802803761,47100.327217037666,38079.09819741665,26996.77192436719,25.0,75.0,12,0,"(0, 1, 1)","(1, 1, 0, 12)",-29.185119479479013,0.6871367001440376
5609,中菲行,航運業,12,9.364,9.523,10.802,9.542,264952.055,228675.041,30629.906,41.667,33.333,9.3637752199794,9.523181858688714,10.801992163836013,9.541985530361046,264952.0546811943,228675.04096889982,30629.905988341703,41.66666666666667,33.33333333333333,12,0,"(1, 1, 0)","(0, 1, 1, 12)",-87.7472893221183,1.380029899999499
3031,佰鴻,電子工業,12,9.365,9.65,8.491,9.247,11123.467,8878.707,-3972.045,58.333,75.0,9.365074537857781,9.650336341497223,8.491496560082687,9.24682338672756,11123.466755782383,8878.70719596292,-3972.0445616049906,58.333333333333336,75.0,12,0,"(0, 1, 1)","(0, 1, 1, 12)",-5.99863080535218,0.807677699951455
4572,駐龍,電機機械,12,9.391,9.64,11.036,9.856,6423.374,5250.067,854.238,58.333,66.667,9.390981073300177,9.639903990741171,11.036071598987862,9.855933875401861,6423.373639201365,5250.067098116269,854.2384128199325,58.333333333333336,66.66666666666666,12,0,"(0, 1, 1)","(0, 1, 1, 12)",-37.91609004052462,0.8033648000564426
5284,jpp-KY,其他,12,9.391,9.668,4.903,9.905,40005.997,29363.9,2408.437,66.667,66.667,9.391474404684145,9.668157882141308,4.902961333084151,9.904535430225884,40005.997138088984,29363.9004047777,2408.4365847756394,66.66666666666666,66.66666666666666,12,0,"(1, 1, 0)","(0, 1, 0, 12)",-61.62796619479448,0.4546011001802981
1240,茂生農經,農業科技業,12,9.397,9.43,8.756,9.299,24133.882,21485.903,545.922,41.667,66.667,9.396735897007737,9.429756859273338,8.756014036559995,9.299408368312479,24133.881662886914,21485.902869358604,545.9221638019031,41.66666666666667,66.66666666666666,12,0,"(0, 1, 1)","(0, 1, 0, 12)",-85.15397318294711,0.8457287999335676
5015,華祺,鋼鐵工業,12,9.4,9.061,8.101,9.411,13993.995,11708.163,4290.299,41.667,50.0,9.39956037379447,9.061009609348918,8.100774275493562,9.411071830519042,13993.994583224172,11708.162898301196,4290.299285637036,41.66666666666667,50.0,12,0,"(1, 1, 0)","(0, 1, 1, 12)",-35.93025851498685,0.6734048998914659
6121,新普,電腦及週邊設備業,12,9.402,9.674,8.735,9.377,787360.207,643662.505,-176830.652,50.0,75.0,9.402294048751934,9.673931749157038,8.734741072508415,9.376896287468373,787360.2072125018,643662.5045525462,-176830.65218962412,50.0,75.0,12,0,"(0, 1, 1)","(0, 1, 0, 12)",-105.62110516441724,0.9955543999094516
7722,LINEPAY,數位雲端,12,9.423,9.671,7.065,8.944,83843.173,61814.917,-52001.083,75.0,16.667,9.42300080132073,9.671125186194114,7.064581816858342,8.944193346653105,83843.17258876837,61814.916666666664,-52001.083333333336,75.0,16.666666666666664,0,12,,,,0.0239786000456661
2421,建準,電子零組件業,12,9.432,10.72,9.634,9.874,187478.946,146814.585,-85503.667,66.667,83.333,9.432449600516867,10.719737941192925,9.634247119845108,9.873912618675291,187478.94619839845,146814.5845608583,-85503.66680780413,66.66666666666666,83.33333333333334,12,0,"(0, 1, 1)","(0, 1, 1, 12)",-34.721712837378945,0.7789217999670655
9927,泰銘,其他,12,9.447,9.247,6.399,9.39,85339.319,63357.348,12634.138,41.667,41.667,9.446734048966725,9.246627182201573,6.399445602537251,9.389854463064708,85339.31933412811,63357.34804733165,12634.13781758004,41.66666666666667,41.66666666666667,12,0,"(1, 1, 1)","(0, 1, 1, 12)",-41.56588423408266,3.528783499961719
7708,全家餐飲,觀光餐旅,12,9.45,9.826,8.785,9.476,24773.032,21445.25,-13886.25,75.0,16.667,9.450115728967642,9.826046861214154,8.785391352832791,9.475949596021515,24773.031554831286,21445.25,-13886.25,75.0,16.666666666666664,0,12,,,,0.0237835000734776
4130,健亞,生技醫療業,12,9.452,9.471,8.877,9.581,4371.043,3878.556,796.201,33.333,66.667,9.45209228764132,9.470549927569051,8.87701465395558,9.580946731415034,4371.042701814687,3878.5557958235927,796.2010013089166,33.33333333333333,66.66666666666666,12,0,"(0, 1, 1)","(0, 1, 1, 12)",-47.38083670790992,1.0079650999978185
6861,睿生光電,化學生技醫療,12,9.454,9.518,7.986,9.364,22977.863,18070.767,-3749.949,50.0,66.667,9.45374723451604,9.517995927002744,7.9857165885618056,9.363611845245856,22977.863071856133,18070.766935673153,-3749.9493254575377,50.0,66.66666666666666,12,0,"(0, 1, 1)","(0, 1, 0, 12)",-27.247155817150265,0.4418993999715894
4306,炎洲,塑膠工業,12,9.495,9.559,10.086,9.761,115952.52,105055.445,11555.576,58.333,58.333,9.494845809832416,9.559146763581587,10.085635736189623,9.760545173441093,115952.52018152316,105055.44452988797,11555.575587083411,58.333333333333336,58.333333333333336,12,0,"(0, 1, 1)","(1, 1, 0, 12)",-33.298473062810864,0.6560913999564946
1563,巧新,汽車工業,12,9.495,9.311,7.059,9.835,65428.893,55207.833,28867.167,41.667,66.667,9.494921496711289,9.310927399155732,7.058830037387073,9.835424449021213,65428.89318056155,55207.833333333336,28867.166666666668,41.66666666666667,66.66666666666666,0,12,,,,0.0198116998653858
6446,藥華藥,生技醫療業,12,9.53,10.196,6.813,10.326,150005.311,124167.862,8461.673,50.0,58.333,9.530128498203258,10.196355228895186,6.813367652085188,10.325575629036205,150005.31103284107,124167.86154229403,8461.672519548147,50.0,58.333333333333336,12,0,"(0, 1, 1)","(0, 1, 1, 12)",115.11048976258849,1.4662518999539316
1589,永冠-KY,電機機械,12,9.544,11.192,6.14,10.242,87976.559,63050.982,-13987.242,33.333,58.333,9.544231409576835,11.192262888009292,6.140313049458913,10.242063027242597,87976.55852217766,63050.98223505387,-13987.241984698849,33.33333333333333,58.333333333333336,12,0,"(1, 1, 1)","(0, 1, 1, 12)",-3.531849622997031,0.8157705999910831
6128,上福,電腦及週邊設備業,12,9.556,9.706,9.324,9.632,50658.298,41810.954,-552.796,50.0,50.0,9.555546450488936,9.706105433946782,9.323990777035021,9.632167329022,50658.298368592245,41810.9544194105,-552.7964709710601,50.0,50.0,12,0,"(1, 1, 0)","(0, 1, 1, 12)",-63.73173311901368,1.383442600024864
5520,力泰,建材營造,12,9.559,9.534,8.302,9.899,39787.814,33344.649,18755.086,16.667,75.0,9.558761673053683,9.53390609817804,8.301854438816534,9.899208633866374,39787.813866661636,33344.6488044901,18755.08598478883,16.666666666666664,75.0,12,0,"(0, 1, 1)","(0, 1, 1, 12)",-53.7240520022966,1.1132716999854892
5230,雷笛克光學,光電業,12,9.56,9.815,7.05,10.818,16083.416,10499.586,3786.938,41.667,66.667,9.560113249257709,9.814622330413854,7.049563547621851,10.81753513832156,16083.416187696415,10499.585578262266,3786.9383069053197,41.66666666666667,66.66666666666666,12,0,"(0, 1, 1)","(0, 1, 0, 12)",-102.26962774098952,0.3848711000755429
1315,達新,塑膠工業,12,9.566,10.052,6.572,10.176,22015.38,18219.396,-49.005,58.333,66.667,9.566016843183915,10.052236126537702,6.57150868250848,10.175726469752444,22015.380046561553,18219.395821124574,-49.005370574916014,58.333333333333336,66.66666666666666,12,0,"(0, 1, 1)","(0, 1, 1, 12)",-1.2816777591855688,0.8509483998641372
6269,台郡,電子工業,12,9.574,9.805,8.163,9.463,206477.249,178318.739,-66957.412,66.667,66.667,9.574223049457373,9.804801591622354,8.162847728580111,9.462893432765823,206477.2492858909,178318.73943233924,-66957.41236019856,66.66666666666666,66.66666666666666,12,0,"(1, 1, 1)","(0, 1, 0, 12)",-9.660327302014112,0.7143242999445647
8066,來思達,居家生活類,12,9.591,10.126,6.965,10.779,44568.094,35444.858,7109.573,41.667,91.667,9.591133796702817,10.126471631098239,6.96546189666977,10.779136476671702,44568.09385786399,35444.85818469947,7109.57270485513,41.66666666666667,91.66666666666666,12,0,"(1, 1, 0)","(0, 1, 1, 12)",-6.435140227463686,1.1318949998822063
4938,和碩,電腦及週邊設備業,12,9.612,10.044,8.785,10.203,10342495.244,8948361.544,257635.297,41.667,75.0,9.612120914180009,10.043861272828462,8.784711701327314,10.202725599444369,10342495.244284246,8948361.543562245,257635.29655080414,41.66666666666667,75.0,12,0,"(1, 1, 1)","(0, 1, 1, 12)",-25.82841231156277,1.1842845000792297
3015,全漢,電子零組件業,12,9.616,9.764,8.518,9.694,118833.441,104652.429,-12922.137,50.0,41.667,9.615773476274976,9.763897073545513,8.517851155199269,9.694061883457765,118833.4405582327,104652.42924885952,-12922.137243282146,50.0,41.66666666666667,12,0,"(1, 1, 1)","(0, 1, 1, 12)",-57.822553043452686,1.037390100071207
6605,帝寶,汽車工業,12,9.62,9.6,6.941,10.359,202930.275,155668.979,88523.181,41.667,66.667,9.619721503326556,9.600038683390915,6.941480964642032,10.358674918431264,202930.2746286008,155668.97879024374,88523.18083228492,41.66666666666667,66.66666666666666,12,0,"(0, 1, 1)","(1, 1, 0, 12)",-80.83963103016939,1.7520542999263853
3543,州巧,光電業,12,9.626,9.748,7.227,9.62,32629.552,26181.91,1304.464,41.667,58.333,9.625651941860596,9.74761351308089,7.226844624299971,9.61999011878563,32629.552315428573,26181.909645263328,1304.4638726882695,41.66666666666667,58.333333333333336,12,0,"(1, 1, 0)","(0, 1, 0, 12)",-82.0013056804187,0.4387894000392407
4551,智伸科,汽車工業,12,9.648,9.544,9.753,9.483,72778.997,62894.736,-4165.135,50.0,66.667,9.647789540596296,9.54367541059598,9.753083983150237,9.483424579783062,72778.99683564143,62894.73595778435,-4165.135497515352,50.0,66.66666666666666,12,0,"(1, 1, 0)","(0, 1, 1, 12)",-46.66167770749347,0.9620992001146078
6205,富邦上証,ETF,12,9.651,9.933,7.217,10.191,13174.752,10969.937,911.627,50.0,83.333,9.65067419096915,9.933349823762134,7.217371677802264,10.190540839805657,13174.751525752195,10969.937437331619,911.6273405690408,50.0,83.33333333333334,12,0,"(1, 1, 0)","(0, 1, 1, 12)",-18.90613961611685,0.905324200168252
3303,岱稜,其他電子類,12,9.652,9.291,8.086,9.694,29368.897,24189.675,8672.044,50.0,50.0,9.651994314546908,9.29055113626258,8.085805669040626,9.693864619188544,29368.89705631083,24189.67532787415,8672.044354427822,50.0,50.0,12,0,"(1, 1, 1)","(1, 1, 0, 12)",-46.48565900755833,0.6847871001809835
5902,德記,居家生活類,12,9.655,9.646,8.078,9.914,24076.874,18384.581,903.328,41.667,66.667,9.654668879774036,9.646046473856266,8.077533470328788,9.913547885567048,24076.87445097872,18384.58139201371,903.3281641202508,41.66666666666667,66.66666666666666,12,0,"(0, 1, 1)","(1, 1, 0, 12)",-30.468677212644018,0.6383711998350918
5291,邑昇,電子零組件業,12,9.656,9.666,8.506,9.683,10603.268,8710.207,-1023.269,50.0,50.0,9.655853135448355,9.666391882134686,8.505867353318749,9.682664184377153,10603.267977066156,8710.20715862822,-1023.2687675055907,50.0,50.0,12,0,"(1, 1, 0)","(0, 1, 1, 12)",-39.37283011973705,0.7650464000180364
2729,瓦城,觀光餐旅,12,9.67,9.24,7.302,9.562,71431.324,49188.938,3154.065,41.667,100.0,9.67032654651041,9.239608289632047,7.3024772159368405,9.562363467869801,71431.32407345172,49188.937956581656,3154.0651513107005,41.66666666666667,100.0,12,0,"(1, 1, 1)","(0, 1, 1, 12)",-16.106167760342714,1.0431691999547184
5283,禾聯碩,電器電纜,12,9.679,9.245,5.744,9.446,79672.836,52178.235,8508.783,50.0,75.0,9.67908166180273,9.244970661335929,5.7444336636217415,9.446144258621693,79672.83646535406,52178.2353994877,8508.783078443235,50.0,75.0,12,0,"(1, 1, 1)","(0, 1, 0, 12)",-24.159435039494447,0.5209714001975954
1726,永記,化學工業,12,9.679,9.563,9.405,9.673,97699.82,79056.971,24929.123,33.333,66.667,9.679342144773564,9.563186166001191,9.405181898698748,9.673294384983205,97699.81963271582,79056.9707032972,24929.12278382429,33.33333333333333,66.66666666666666,12,0,"(1, 1, 1)","(0, 1, 0, 12)",-94.42419139597364,0.777843400137499
4114,健喬,生技醫療業,12,9.68,9.724,9.965,9.781,55733.675,49920.64,15210.23,25.0,66.667,9.679946981549497,9.723628594197777,9.964651968059037,9.781024584457088,55733.674682244135,49920.64011086606,15210.23025752212,25.0,66.66666666666666,12,0,"(0, 1, 1)","(0, 1, 1, 12)",-76.18038649612835,0.7877545000519603
4107,邦特,生技醫療業,12,9.682,10.0,7.835,9.51,21633.416,17230.056,-3429.144,33.333,66.667,9.682304206382291,9.99976918100442,7.835240615828856,9.510402780554559,21633.415707997283,17230.055696012383,-3429.143809985532,33.33333333333333,66.66666666666666,12,0,"(1, 1, 0)","(0, 1, 0, 12)",-106.7912292407821,0.4858489998150617
7723,築間,觀光餐旅,11,9.683,9.58,9.316,9.716,45441.303,38759.9,3115.3,50.0,0.0,9.683392713802792,9.580113778009796,9.315651760680199,9.71608284021215,45441.3025990673,38759.9,3115.3,50.0,0.0,0,12,,,,0.0192575000692158
3545,敦泰,半導體業,12,9.684,9.371,10.202,9.767,105763.113,96457.064,57348.289,25.0,66.667,9.684393906243653,9.37133397075069,10.20152945677417,9.766824591365548,105763.11275479954,96457.06366653861,57348.28902664608,25.0,66.66666666666666,12,0,"(0, 1, 1)","(0, 1, 1, 12)",-14.954572231549427,0.5869768999982625
8442,威宏-KY,其他,12,9.685,9.808,8.061,9.564,86692.407,65471.833,-5228.174,41.667,58.333,9.68545098654682,9.807685335356302,8.061053652123714,9.564044966396194,86692.40698796367,65471.83264699653,-5228.173666147622,41.66666666666667,58.333333333333336,12,0,"(1, 1, 0)","(0, 1, 1, 12)",-39.88360512490429,1.6189376001711937
6573,虹揚-KY,電子工業,12,9.708,10.254,8.809,10.325,8031.989,6740.43,1408.956,41.667,100.0,9.707621206925467,10.253666555494632,8.808877397604709,10.325473152846483,8031.988574657114,6740.430157238324,1408.956216411577,41.66666666666667,100.0,12,0,"(0, 1, 1)","(0, 1, 1, 12)",10.012903850426405,0.8750185000244528
7712,博盛半導體,半導體業,12,9.742,9.517,7.683,9.876,12405.653,10688.083,3104.917,50.0,16.667,9.742300774176298,9.516539789498683,7.6833811917450365,9.875841014454153,12405.652794190235,10688.083333333334,3104.9166666666665,50.0,16.666666666666664,0,12,,,,0.0259543999563902
4426,利勤,紡織纖維,12,9.748,9.604,8.425,9.46,8580.38,7156.224,-961.433,58.333,75.0,9.747543842098615,9.604186038507018,8.424521157479658,9.460120130594557,8580.380281949689,7156.224295302312,-961.4332453563147,58.333333333333336,75.0,12,0,"(0, 1, 1)","(0, 1, 1, 12)",20.01483927622684,0.6561344000510871
6263,普萊德,通信網路業,12,9.757,9.812,10.155,10.215,17991.577,15320.298,4599.383,50.0,75.0,9.756670269734938,9.812486893084715,10.15464237675094,10.214937990194715,17991.577083678534,15320.297663231473,4599.382663832114,50.0,75.0,12,0,"(0, 1, 1)","(0, 1, 1, 12)",-39.65546798059197,1.2335013998672366
1444,力麗,紡織纖維,12,9.761,9.701,9.815,9.784,71007.822,57865.247,13053.844,41.667,66.667,9.761415323581826,9.700797452650505,9.815188341060558,9.78392783809222,71007.8217705685,57865.24704352904,13053.844439523644,41.66666666666667,66.66666666666666,12,0,"(1, 1, 0)","(0, 1, 1, 12)",-27.96041749050364,0.6970697999931872
5289,宜鼎,電腦及週邊設備業,12,9.771,9.442,6.799,8.849,162239.802,116124.563,-100629.093,83.333,33.333,9.771188243011757,9.442243363259728,6.799176985408114,8.848786056844514,162239.8024972184,116124.56298742526,-100629.09272573715,83.33333333333334,33.33333333333333,12,0,"(0, 1, 1)","(0, 1, 1, 12)",-67.10476241459195,0.9709030999802052
2906,高林,貿易百貨,12,9.785,9.771,9.292,9.978,82821.196,72277.305,-737.653,66.667,58.333,9.784642762446712,9.771236533053214,9.292441851488489,9.978328770649956,82821.19577228195,72277.30515793797,-737.6529294719803,66.66666666666666,58.333333333333336,12,0,"(0, 1, 1)","(0, 1, 1, 12)",-31.1377502901092,0.6592778000049293
8105,凌巨,電子工業,12,9.802,9.735,7.197,10.16,91456.795,70208.049,9135.572,66.667,41.667,9.801589330098023,9.735499875781377,7.197107442758824,10.159745550911621,91456.79461091408,70208.04925229239,9135.571774268086,66.66666666666666,41.66666666666667,12,0,"(0, 1, 1)","(1, 1, 0, 12)",-81.29739149414715,0.7303575000260025
6552,易華電,電子工業,12,9.805,8.924,7.19,9.543,17464.687,11757.284,5234.058,41.667,58.333,9.804627244584879,8.923861953398083,7.1897740993068195,9.543370316583815,17464.686694970056,11757.28412452559,5234.058030780106,41.66666666666667,58.333333333333336,12,0,"(1, 1, 0)","(0, 1, 1, 12)",-43.11627844732096,0.8053433001041412
6579,研揚,電腦及週邊設備業,12,9.82,10.508,9.734,10.081,81545.06,70583.077,-25642.106,66.667,58.333,9.819818098397064,10.507702107773792,9.733831735110716,10.081390181852727,81545.05993848019,70583.07674083865,-25642.10553141507,66.66666666666666,58.333333333333336,12,0,"(0, 1, 1)","(0, 1, 1, 12)",-42.510836013636485,0.8516484999563545
5209,新鼎,其他,12,9.824,9.86,8.685,9.915,50584.164,43751.902,1584.986,41.667,66.667,9.823753031132945,9.860168888544342,8.684907950170638,9.91488167705627,50584.163754872316,43751.90151846133,1584.9860602738092,41.66666666666667,66.66666666666666,12,0,"(0, 1, 1)","(0, 1, 1, 12)",2.2140760162316235,0.901431699981913
2337,旺宏,電子工業,12,9.824,9.754,10.061,9.526,279990.403,236430.459,-113770.176,75.0,75.0,9.823985375317791,9.754293147065605,10.061272146491394,9.52615674046719,279990.4032646777,236430.45856616434,-113770.17550952466,75.0,75.0,12,0,"(0, 1, 1)","(1, 1, 0, 12)",-69.10567346044645,0.645796800032258
1460,宏遠,紡織纖維,12,9.853,10.005,9.921,10.307,78187.49,61492.884,9617.584,33.333,58.333,9.853103744352289,10.004854956632599,9.92119187009178,10.306916691565698,78187.48970582435,61492.88382079137,9617.583960940217,33.33333333333333,58.333333333333336,12,0,"(1, 1, 0)","(0, 1, 1, 12)",-53.76755658584694,1.9052224999759344
3260,威剛,半導體業,12,9.86,9.821,9.154,9.432,533353.029,435855.66,-254783.286,75.0,66.667,9.860409427502931,9.820993589247077,9.15420778063377,9.43162027446849,533353.0294789413,435855.65980707033,-254783.28585286907,75.0,66.66666666666666,12,0,"(1, 1, 0)","(0, 1, 1, 12)",-61.41361492096452,0.9296095001045614
1617,榮星,電器電纜,12,9.87,10.006,8.068,10.035,34164.703,27661.529,-482.304,50.0,83.333,9.869873255727596,10.006130408371693,8.068245184722883,10.034969765494438,34164.70349572909,27661.528858650414,-482.30365812091867,50.0,83.33333333333334,12,0,"(0, 1, 1)","(0, 1, 1, 12)",-23.48656370342669,0.7672822000458837
8071,能率網通,電子零組件業,12,9.874,9.855,8.739,9.898,18975.106,16202.25,3827.301,33.333,66.667,9.874353319995793,9.854679924889098,8.739088803982712,9.897607120199275,18975.105579770134,16202.250358837431,3827.3006341118294,33.33333333333333,66.66666666666666,12,0,"(1, 1, 1)","(0, 1, 0, 12)",-27.693988294231943,0.5080736000090837
3715,定穎投控,電子工業,12,9.876,10.104,8.779,9.407,201112.703,160524.333,-148057.5,83.333,50.0,9.876169759055935,10.104450109808964,8.779149503856864,9.406874041379737,201112.70326486093,160524.33333333334,-148057.5,83.33333333333334,50.0,0,12,,,,0.0206203002016991
4764,雙鍵,化學生技醫療,12,9.877,10.08,10.647,9.862,28402.093,23456.796,-3872.495,41.667,100.0,9.876628650892458,10.079878835182782,10.64739690483616,9.86222236578223,28402.09324220382,23456.79551329657,-3872.4949048514245,41.66666666666667,100.0,12,0,"(0, 1, 1)","(0, 1, 1, 12)",-25.067405333532264,0.7287554000504315
3357,臺慶科,電子零組件業,12,9.889,10.292,4.822,10.599,75258.644,54597.578,15254.672,41.667,58.333,9.889478595130278,10.291790287698719,4.821812131631219,10.598510900231037,75258.64431507356,54597.5779497982,15254.672445570546,41.66666666666667,58.333333333333336,12,0,"(0, 1, 1)","(0, 1, 0, 12)",-70.93837714422999,0.5099043999798596
9929,秋雨,其他,12,9.898,9.633,8.864,9.263,7905.063,5360.869,-960.048,50.0,75.0,9.898343378303059,9.633054769117882,8.864063375775727,9.263459946463758,7905.06329740311,5360.8685361136,-960.0484165180351,50.0,75.0,12,0,"(0, 1, 1)","(0, 1, 1, 12)",-54.06652033985607,3.2816104001831263
3059,華晶科,電子工業,12,9.9,10.172,8.806,10.257,82859.175,71585.4,4657.715,50.0,50.0,9.89962718558093,10.172170412935966,8.80645548271178,10.257174103522102,82859.17462333156,71585.4003838873,4657.7148074474635,50.0,50.0,12,0,"(0, 1, 1)","(0, 1, 1, 12)",-8.343289062844624,0.5891506997868419
6414,樺漢,電腦及週邊設備業,12,9.905,9.722,8.575,10.107,1326034.767,1175404.184,482248.057,41.667,75.0,9.905081697765999,9.721685433124506,8.574675756210459,10.107178707979148,1326034.766529422,1175404.1837277634,482248.0574644624,41.66666666666667,75.0,12,0,"(0, 1, 1)","(0, 1, 0, 12)",-97.23619114121078,0.7141160001046956
2012,春雨,鋼鐵工業,12,9.923,9.443,8.383,10.1,93488.399,68700.327,33269.493,50.0,66.667,9.923408433828303,9.44342758733461,8.38327577187982,10.099739767131455,93488.39856095842,68700.3271833783,33269.49279099854,50.0,66.66666666666666,12,0,"(0, 1, 1)","(0, 1, 1, 12)",-56.30713477898174,0.9683888999279588
6129,普誠,半導體業,12,9.939,10.51,8.649,10.787,13192.65,9242.6,-3094.931,83.333,75.0,9.938885065455446,10.510115038119592,8.64871506399449,10.78715790490941,13192.649826320247,9242.599907386522,-3094.931162172539,83.33333333333334,75.0,12,0,"(0, 1, 1)","(0, 1, 1, 12)",-37.22874985636123,0.9338491999078542
6438,迅得,電子工業,12,9.948,10.436,10.481,10.217,61076.039,54136.517,-17690.963,66.667,91.667,9.948141422539594,10.436410740394154,10.48113159071333,10.216599646301544,61076.03948420739,54136.5172334291,-17690.963495836546,66.66666666666666,91.66666666666666,12,0,"(1, 1, 0)","(0, 1, 1, 12)",-47.84940936954688,2.470386500004679
2408,南亞科,電子工業,12,9.956,9.918,6.609,9.558,751664.035,552433.439,-182144.171,66.667,66.667,9.95577072506206,9.917762929978903,6.60941836270066,9.55820137832718,751664.034589455,552433.4387497994,-182144.17076940587,66.66666666666666,66.66666666666666,12,0,"(1, 1, 1)","(1, 1, 0, 12)",-96.70331301141292,0.9597036999184638
6191,精成科,電子零組件業,12,9.977,11.139,5.056,9.695,481334.289,280290.952,-240588.308,75.0,66.667,9.977091418477062,11.139169719194776,5.055884560313844,9.69525118429763,481334.28880183294,280290.95216738584,-240588.30779591852,75.0,66.66666666666666,12,0,"(0, 1, 1)","(0, 1, 1, 12)",-77.52171662640488,1.1720808998215944
1604,聲寶,電器電纜,12,9.998,8.471,5.373,9.26,135349.289,75400.672,53556.455,41.667,75.0,9.998134400464842,8.471487517932802,5.372881852968743,9.260341649394132,135349.289488303,75400.67229596693,53556.45456575297,41.66666666666667,75.0,12,0,"(0, 1, 1)","(0, 1, 0, 12)",-111.2884967870914,0.4937175998929888
2838,聯邦銀,金融保險,12,10.001,10.127,10.753,10.043,189065.306,169043.002,-20336.458,41.667,66.667,10.001462020234923,10.126688527971634,10.752720828665131,10.043327172035278,189065.3057059607,169043.00248291556,-20336.45770260286,41.66666666666667,66.66666666666666,12,0,"(0, 1, 1)","(0, 1, 1, 12)",-28.095722571202536,0.8607834000140429
2454,聯發科,電子工業,12,10.002,10.162,9.367,10.156,5694962.871,4967133.799,221421.854,50.0,83.333,10.001516427701862,10.161715143993618,9.36685395222219,10.155897867757641,5694962.87117221,4967133.799057953,221421.8536248803,50.0,83.33333333333334,12,0,"(0, 1, 1)","(0, 1, 1, 12)",-29.753053436834836,0.7086958000436425
4933,友輝,光電業,12,10.01,10.097,6.623,10.263,30866.761,25186.447,7539.196,41.667,58.333,10.009623004478978,10.09666487630645,6.623112917781931,10.263289821727001,30866.76105466548,25186.44696174011,7539.196300578202,41.66666666666667,58.333333333333336,12,0,"(1, 1, 0)","(0, 1, 1, 12)",-25.77662369963313,0.7593965998385102
2015,豐興,鋼鐵工業,12,10.013,10.003,10.065,10.608,278171.657,242283.34,161474.655,25.0,75.0,10.013137843159074,10.002810831981295,10.065149906435014,10.607711319654156,278171.6566094992,242283.34041320145,161474.65540540373,25.0,75.0,12,0,"(0, 1, 1)","(0, 1, 1, 12)",-48.2176135701665,0.6820096999872476
4439,冠星-KY,紡織纖維,12,10.023,10.896,8.832,10.535,72242.879,58296.987,-16238.487,66.667,83.333,10.02273355324733,10.89600468418896,8.831822571049422,10.534969067684157,72242.87854542026,58296.987496402224,-16238.487053125553,66.66666666666666,83.33333333333334,12,0,"(1, 1, 0)","(0, 1, 1, 12)",1.1865773351513589,0.7276876999530941
6771,平和環保-創,綠能環保,12,10.046,9.787,6.683,10.454,6540.219,5173.917,2726.417,33.333,50.0,10.046017481465181,9.78675667099691,6.682870811571321,10.453552622436915,6540.218962950196,5173.916666666667,2726.4166666666665,33.33333333333333,50.0,0,12,,,,0.0398244999814778
3034,聯詠,電子工業,12,10.068,9.376,6.724,9.586,1290202.035,844531.168,203933.856,41.667,50.0,10.06761125828057,9.376140085968633,6.723665803409543,9.585609002604901,1290202.0353196445,844531.1681902652,203933.85619119508,41.66666666666667,50.0,12,0,"(1, 1, 0)","(0, 1, 0, 12)",-102.49140702929434,0.3744145000819117
3540,曜越,電腦及週邊設備業,12,10.084,10.176,12.234,10.139,52349.331,43176.907,-3869.197,50.0,83.333,10.08428872412567,10.175604236917604,12.233691388120699,10.138609691068012,52349.33055612588,43176.90740836434,-3869.197254371815,50.0,83.33333333333334,12,0,"(1, 1, 0)","(0, 1, 1, 12)",-37.83491483793118,0.8123786000069231
1308,亞聚,塑膠工業,12,10.109,9.995,5.964,10.107,66904.868,48391.665,4864.947,50.0,75.0,10.10916889053671,9.994881095736087,5.963813966393262,10.10692334783523,66904.86804886686,48391.664805184264,4864.9466356571065,50.0,75.0,12,0,"(1, 1, 0)","(0, 1, 1, 12)",-27.30794382228649,1.506361500127241
6155,鈞寶,電子零組件業,12,10.111,10.362,9.313,10.247,6530.369,5322.849,-951.922,50.0,50.0,10.110690911670057,10.361739244312345,9.313101272230353,10.246916118884718,6530.368644630707,5322.8490606305395,-951.9223171703712,50.0,50.0,12,0,"(1, 1, 1)","(0, 1, 1, 12)",-42.80216790898187,1.3066785999108106
2313,華通,電子零組件業,12,10.111,10.437,7.331,10.31,796963.21,640312.915,17725.899,41.667,75.0,10.11077771294955,10.437056132865893,7.331141415954547,10.310264279658774,796963.2103209979,640312.9153332416,17725.89921475842,41.66666666666667,75.0,12,0,"(1, 1, 0)","(0, 1, 0, 12)",-92.16206575777578,0.4726926998700946
2115,六暉-KY,汽車工業,12,10.113,10.255,9.215,10.388,28077.222,25103.816,4808.771,33.333,83.333,10.11313064268463,10.255220743745102,9.214589374886698,10.387860214024048,28077.22159363461,25103.81576672719,4808.770903131573,33.33333333333333,83.33333333333334,12,0,"(1, 1, 1)","(0, 1, 1, 12)",-29.13132414084252,1.0136031999718398
3438,類比科,半導體業,12,10.115,9.852,8.679,10.039,10333.975,8519.794,741.57,58.333,66.667,10.114666716813737,9.852392406954708,8.679280514868122,10.039342180439032,10333.975137055759,8519.794497795478,741.5704826677866,58.333333333333336,66.66666666666666,12,0,"(0, 1, 1)","(0, 1, 1, 12)",-61.798809689754194,0.9863601999823004
2460,建通,電子零組件業,12,10.119,10.854,7.782,10.663,34491.243,26744.811,-2292.183,41.667,41.667,10.118559195533287,10.853717819537366,7.781726762953471,10.662950095138287,34491.24268355052,26744.810712745166,-2292.183239764881,41.66666666666667,41.66666666666667,12,0,"(0, 1, 1)","(0, 1, 1, 12)",-11.259234818541966,0.6171466999221593
8938,明安,運動休閒類,12,10.12,10.559,9.259,10.619,167432.195,129925.287,6288.267,41.667,83.333,10.119675819481383,10.55906285816929,9.25945021021147,10.61852372583153,167432.19521259525,129925.28661909678,6288.266732565312,41.66666666666667,83.33333333333334,12,0,"(1, 1, 0)","(0, 1, 1, 12)",-15.594243992080983,0.8661593999713659
1109,信大,水泥工業,12,10.127,11.299,9.592,10.581,44149.98,37397.806,-17746.661,66.667,83.333,10.126815406107644,11.298748099086485,9.591574726793434,10.580612393736512,44149.98047187855,37397.80607595955,-17746.660749766867,66.66666666666666,83.33333333333334,12,0,"(0, 1, 1)","(0, 1, 1, 12)",12.775058489599274,1.457998199854046
2007,燁興,鋼鐵工業,12,10.127,10.726,8.852,11.319,56925.079,44586.999,14984.541,41.667,50.0,10.127215621607137,10.725968876546153,8.85242162091443,11.31920646577001,56925.078891675075,44586.99938443988,14984.541209185816,41.66666666666667,50.0,12,0,"(1, 1, 0)","(0, 1, 1, 12)",-43.16812857529746,0.864888799842447
2606,裕民,航運業,12,10.127,10.491,7.926,10.13,174592.459,131394.342,-25376.167,58.333,66.667,10.127274638509686,10.4914634741772,7.926221581347301,10.130360939894082,174592.45931876477,131394.3415393939,-25376.16656589572,58.333333333333336,66.66666666666666,12,0,"(1, 1, 0)","(0, 1, 0, 12)",-26.841297172000527,0.3263099999167025
2338,光罩,電子工業,12,10.129,9.733,9.108,10.418,64204.975,50963.869,33173.6,33.333,58.333,10.128508453883205,9.733018801804343,9.108431240492203,10.418402145734069,64204.97496714811,50963.86920011547,33173.60003081988,33.33333333333333,58.333333333333336,12,0,"(0, 1, 1)","(0, 1, 1, 12)",-68.14864676855306,0.8090611000079662
7767,仁大資訊,資訊服務業,4,10.137,10.52,9.979,10.064,23755.666,22605.667,-13734.333,66.667,0.0,10.136964187220762,10.519913821574061,9.979328959956266,10.063634652587583,23755.665576868185,22605.666666666668,-13734.333333333334,66.66666666666666,0.0,0,12,,,,0.0122947001364082
6754,匯僑設計,居家生活,12,10.14,10.557,10.715,10.922,34858.309,29862.012,12731.028,41.667,58.333,10.140189165909558,10.556736525155806,10.714991729855422,10.922287870611804,34858.30871673719,29862.012077839823,12731.027876402222,41.66666666666667,58.333333333333336,12,0,"(1, 1, 0)","(0, 1, 1, 12)",-28.46798850647657,1.0174427998717874
4767,誠泰科技,化學工業,12,10.164,9.799,11.006,10.087,9821.974,8349.046,4486.723,16.667,75.0,10.163522669336,9.798727039922655,11.006491206672392,10.08721748834462,9821.973996090512,8349.045906383893,4486.723046774258,16.666666666666664,75.0,12,0,"(1, 1, 1)","(0, 1, 0, 12)",-66.19777181648661,0.5640499999281019
8489,三貝德,其他,12,10.171,9.334,5.656,8.684,19423.219,12290.222,-8258.317,66.667,41.667,10.170916264183534,9.33397415359724,5.656129988689045,8.683711649785588,19423.218572632555,12290.221610387904,-8258.316708353135,66.66666666666666,41.66666666666667,12,0,"(1, 1, 0)","(0, 1, 0, 12)",-159.68698801845494,1.118719799909741
6597,立誠,電子零組件業,11,10.175,10.222,6.845,10.901,8437.779,6379.3,548.5,70.0,0.0,10.17450066907075,10.222198742822433,6.8449333247213655,10.900994391292034,8437.778659102169,6379.3,548.5,70.0,0.0,0,12,,,,0.0272568999789655
1537,廣隆,電機機械,12,10.175,9.834,7.484,10.087,76811.336,56236.574,10308.353,50.0,66.667,10.175317869885504,9.83432108068445,7.484429473182022,10.086675575165453,76811.33644593558,56236.573708294636,10308.353061982498,50.0,66.66666666666666,12,0,"(1, 1, 0)","(0, 1, 1, 12)",0.7041376089424034,0.6838273999746889
4566,時碩工業,電機機械,12,10.185,10.157,11.204,10.304,47146.298,42236.828,2852.036,58.333,58.333,10.185077223430158,10.157175541442758,11.20411914059144,10.304335826771375,47146.29754574776,42236.82775285228,2852.0358889354734,58.333333333333336,58.333333333333336,12,0,"(1, 1, 1)","(0, 1, 1, 12)",-59.41024267676329,1.2467706999741497
4163,鐿鈦,生技醫療業,12,10.185,10.165,6.403,9.928,29500.524,20414.482,-3050.855,33.333,66.667,10.18538924776763,10.16471709377434,6.40347528408155,9.928237197813438,29500.523632267,20414.482303232555,-3050.854646368634,33.33333333333333,66.66666666666666,12,0,"(1, 1, 1)","(1, 1, 0, 12)",-40.94353003749787,0.9522665999829768
2069,運錩,鋼鐵工業,12,10.187,10.261,9.065,10.645,105905.131,85678.055,21179.98,41.667,58.333,10.186562351601165,10.261088685559079,9.065121120854316,10.644748580988807,105905.13143236058,85678.05541745873,21179.980461830226,41.66666666666667,58.333333333333336,12,0,"(1, 1, 0)","(0, 1, 1, 12)",-40.15399050503917,0.7947867999318987
1614,三洋電,電器電纜,12,10.201,9.541,6.451,10.031,61046.562,45504.608,23124.516,41.667,83.333,10.201446797239074,9.541063670873045,6.451313961097853,10.031198450952505,61046.56228596541,45504.60758858727,23124.51586546411,41.66666666666667,83.33333333333334,12,0,"(0, 1, 1)","(0, 1, 1, 12)",-60.568433114498674,0.7476679999381304
1503,士電,電機機械,12,10.209,10.175,10.48,10.286,354878.705,316282.79,55094.516,33.333,83.333,10.208727810530872,10.174859985497454,10.480493829418444,10.286267689419628,354878.70505599125,316282.78959292866,55094.516369251105,33.33333333333333,83.33333333333334,12,0,"(0, 1, 1)","(0, 1, 0, 12)",-87.14023039429273,0.4451293000020087
1582,信錦,電子零組件業,12,10.211,9.659,5.68,10.296,109107.08,73854.22,29586.753,50.0,75.0,10.211274935075227,9.659063802873392,5.680034431905727,10.295963248889855,109107.08018166645,73854.22026454912,29586.75302612993,50.0,75.0,12,0,"(1, 1, 1)","(0, 1, 1, 12)",-20.6704887197074,0.9307381000835449
1722,台肥,化學生技醫療,12,10.215,10.19,8.493,10.616,129312.809,102893.986,-6886.232,75.0,75.0,10.214913106899298,10.189783634899747,8.493145208878035,10.61605285560945,129312.8091979072,102893.9855078929,-6886.232429077131,75.0,75.0,12,0,"(0, 1, 1)","(0, 1, 1, 12)",24.718865602577832,0.7211291000712663
6924,榮惠-KY創,電子零組件業,12,10.243,9.889,9.257,10.455,17854.803,14457.25,7314.417,33.333,16.667,10.242962380418476,9.889066797093315,9.256887613764727,10.454542422216823,17854.80296026814,14457.25,7314.416666666667,33.33333333333333,16.666666666666664,0,12,,,,0.0272580999881029
1506,正道,電機機械,12,10.274,10.333,8.55,10.672,10877.218,9174.23,1478.14,58.333,50.0,10.273542333763556,10.332567220928865,8.55016215597743,10.671679093019772,10877.21768154439,9174.230497624465,1478.1396084377945,58.333333333333336,50.0,12,0,"(1, 1, 0)","(0, 1, 1, 12)",-61.15548821531034,0.8446545000188053
6214,精誠,電子工業,12,10.283,9.624,6.959,9.322,574460.976,376796.718,-43527.714,41.667,83.333,10.28341291830603,9.623931000201987,6.9592066706153535,9.321864590225289,574460.976406939,376796.7179648964,-43527.71417312518,41.66666666666667,83.33333333333334,12,0,"(0, 1, 1)","(0, 1, 1, 12)",-49.39614152935697,1.1334496999625117
3163,波若威,通信網路業,12,10.286,11.201,10.875,10.626,23676.766,19077.113,-7644.025,58.333,75.0,10.285770356084642,11.20080373834777,10.87462159505861,10.626362037067615,23676.76646093205,19077.11256565845,-7644.024661526484,58.333333333333336,75.0,12,0,"(0, 1, 1)","(0, 1, 1, 12)",-31.244899565085987,0.7929161000065506
4430,耀億,其他,12,10.328,10.119,9.779,10.625,22245.436,17537.394,6155.712,50.0,75.0,10.327793591005738,10.119304300206116,9.779387430020167,10.624821179444867,22245.4360002866,17537.39392153105,6155.712430038689,50.0,75.0,12,0,"(1, 1, 1)","(0, 1, 1, 12)",-24.717745522007974,1.0160401999019086
1321,大洋,塑膠工業,12,10.33,9.732,11.781,10.4,37438.213,30645.52,26035.263,16.667,58.333,10.330240901735852,9.732345493719132,11.781216019972993,10.400195634215915,37438.21304881702,30645.52048840788,26035.2633957721,16.666666666666664,58.333333333333336,12,0,"(0, 1, 1)","(0, 1, 1, 12)",-14.534007134604751,0.7644269000738859
5483,中美晶,半導體業,12,10.332,10.419,7.701,10.349,818054.992,673034.448,-136630.823,58.333,75.0,10.331730300944683,10.419192141709892,7.701221520555894,10.349001674529923,818054.9921968759,673034.4483969305,-136630.82283492075,58.333333333333336,75.0,12,0,"(0, 1, 1)","(0, 1, 0, 12)",-111.93738176526576,0.4520087998826056
1784,訊聯,生技醫療業,12,10.335,9.934,8.55,10.208,12828.962,10650.102,4440.703,16.667,75.0,10.33493810092842,9.933624920252678,8.549907755292825,10.20767218111282,12828.961716498641,10650.102038316232,4440.702965788844,16.666666666666664,75.0,12,0,"(0, 1, 1)","(0, 1, 1, 12)",-75.25076475459926,0.9974736999720336
6235,華孚,電腦及週邊設備業,12,10.337,10.791,5.681,10.063,75785.08,56990.878,-31924.806,66.667,58.333,10.33684363840734,10.79065804995709,5.680519867841385,10.06252954569124,75785.07980034273,56990.878066831334,-31924.805905555506,66.66666666666666,58.333333333333336,12,0,"(0, 1, 1)","(0, 1, 1, 12)",-49.1269347225253,1.0841735999565572
1817,凱撒衛,玻璃陶瓷,12,10.342,10.273,7.707,10.633,27152.383,22564.419,16791.02,8.333,75.0,10.34157831229349,10.273196348299738,7.70722713014346,10.632512611538024,27152.38253672161,22564.418989322072,16791.019578264695,8.333333333333332,75.0,12,0,"(0, 1, 1)","(0, 1, 1, 12)",-43.33336517952344,0.7916457999963313
1605,華新,電器電纜,12,10.342,10.15,8.786,10.406,1858178.968,1501972.607,230598.081,41.667,58.333,10.342255832299363,10.149951638953517,8.786266174296218,10.40640024764985,1858178.9684962174,1501972.6072650682,230598.0814605034,41.66666666666667,58.333333333333336,12,0,"(0, 1, 1)","(0, 1, 1, 12)",-40.689660302810765,0.7364958999678493
2357,華碩,電腦及週邊設備業,12,10.343,10.46,8.431,10.262,7355784.143,6368633.973,-1311809.497,58.333,83.333,10.342767785238538,10.459591250040743,8.43067095412531,10.261884438411439,7355784.142524159,6368633.973019931,-1311809.4965755853,58.333333333333336,83.33333333333334,12,0,"(1, 1, 0)","(0, 1, 1, 12)",-62.744713196400255,0.784609500085935
1324,地球,塑膠工業,12,10.351,10.342,11.118,10.56,7248.954,6331.153,557.211,58.333,91.667,10.350954251675844,10.341984916013107,11.118196425330376,10.559613281211089,7248.953531363788,6331.152542242321,557.2111960492948,58.333333333333336,91.66666666666666,12,0,"(0, 1, 1)","(0, 1, 1, 12)",-55.40441977380423,0.9076437000185252
4133,亞諾法,生技醫療業,12,10.353,10.5,10.49,10.536,3667.117,3030.828,78.891,50.0,66.667,10.352986452173878,10.500474336522563,10.490457809233869,10.535604291057508,3667.117484406586,3030.8281563851924,78.89125407983344,50.0,66.66666666666666,12,0,"(0, 1, 1)","(0, 1, 1, 12)",-34.06986705883019,0.985928300069645
4576,大銀微系統,電機機械,12,10.355,11.154,9.601,10.826,30094.219,23422.589,-739.697,33.333,58.333,10.354893901445173,11.154491899941075,9.601091767589859,10.82573502494822,30094.219141898942,23422.58879442571,-739.697295555549,33.33333333333333,58.333333333333336,12,0,"(0, 1, 1)","(0, 1, 0, 12)",-39.03111538204532,0.3201981000602245
1220,台榮,食品工業,12,10.358,11.026,7.555,11.027,37318.846,29502.263,9873.277,25.0,66.667,10.357537354255724,11.025602614876462,7.555440399400137,11.02705353841874,37318.84566084685,29502.262668082814,9873.276960957308,25.0,66.66666666666666,12,0,"(1, 1, 1)","(0, 1, 1, 12)",-62.43007644494372,1.3214547000825403
2070,精湛,電機機械,12,10.366,10.318,7.496,10.321,7180.496,6003.945,-929.61,41.667,75.0,10.366374348350494,10.317934220625974,7.495765935345847,10.320680879307758,7180.495726991865,6003.944863205897,-929.6097385294519,41.66666666666667,75.0,12,0,"(0, 1, 1)","(0, 1, 1, 12)",31.42616620953096,0.6937317999545485
3049,精金,光電業,12,10.388,10.219,4.977,9.913,19549.647,12849.757,-3500.52,58.333,58.333,10.38835021554683,10.218952755621157,4.976793073103877,9.913109881702576,19549.64665443549,12849.757258659984,-3500.519539145405,58.333333333333336,58.333333333333336,12,0,"(0, 1, 1)","(0, 1, 1, 12)",20.34134873356996,0.6930881000589579
6224,聚鼎,電子零組件業,12,10.394,10.08,8.088,10.634,30571.566,24706.005,10466.718,41.667,75.0,10.393688417388658,10.079714617325658,8.087862489409794,10.634066662529467,30571.566277510152,24706.005241901188,10466.718050574827,41.66666666666667,75.0,12,0,"(0, 1, 1)","(0, 1, 1, 12)",-44.85137863580029,1.0965112999547273
3114,好德,電子零組件業,12,10.406,10.514,10.575,10.26,29657.228,26137.152,-4820.574,41.667,66.667,10.406353200092882,10.513888749167572,10.575080302496884,10.25996189570489,29657.22825502956,26137.15170285729,-4820.5740440741865,41.66666666666667,66.66666666666666,12,0,"(0, 1, 1)","(0, 1, 1, 12)",-42.53503164433136,1.2649169999640435
4935,茂林-KY,電子工業,12,10.414,10.461,6.582,10.921,56607.804,46437.376,21772.946,33.333,66.667,10.414180089274335,10.461317716891207,6.581532654179586,10.920661195852475,56607.804448524104,46437.37576252895,21772.946377638345,33.33333333333333,66.66666666666666,12,0,"(1, 1, 0)","(0, 1, 1, 12)",0.470326539476134,1.2578211000654846
1319,東陽,汽車工業,12,10.416,10.409,7.551,10.739,278495.272,217796.971,32282.513,50.0,66.667,10.41552632802274,10.409422171987337,7.550915446333745,10.739246083782604,278495.2717943038,217796.97058080733,32282.51250832078,50.0,66.66666666666666,12,0,"(0, 1, 1)","(0, 1, 1, 12)",-68.86586447066071,1.0179572999477386
4580,捷流閥業,電機機械,12,10.423,10.105,9.064,10.695,24224.656,19709.779,9062.381,41.667,66.667,10.4232658071755,10.105253115216911,9.064331313960647,10.695121874910118,24224.65595312593,19709.778931475277,9062.380873733631,41.66666666666667,66.66666666666666,12,0,"(0, 1, 1)","(0, 1, 0, 12)",-76.9269810496021,0.401177000021562
2227,裕日車,汽車工業,12,10.425,10.966,8.194,11.519,151717.078,131457.406,69354.08,25.0,75.0,10.424803451085518,10.965977739938753,8.194028119492478,11.519122568784624,151717.07804662635,131457.40569373165,69354.08015845837,25.0,75.0,12,0,"(0, 1, 1)","(0, 1, 1, 12)",14.446266192711786,0.723940399941057
3003,健和興,電子零組件業,12,10.434,10.431,9.097,10.643,45875.326,38227.027,2123.785,41.667,83.333,10.434215470607143,10.430898694953099,9.097188638402308,10.643037050230307,45875.32606954352,38227.026567964414,2123.7849607734825,41.66666666666667,83.33333333333334,12,0,"(0, 1, 1)","(0, 1, 1, 12)",-76.05882723666174,0.8759492000099272
6669,緯穎,電腦及週邊設備業,12,10.444,12.515,11.08,11.41,11057936.194,8274079.624,-5240982.448,58.333,91.667,10.44417665488931,12.515426500331886,11.079603821454981,11.410306223151979,11057936.19383239,8274079.624134832,-5240982.448376589,58.333333333333336,91.66666666666666,12,0,"(0, 1, 1)","(0, 1, 1, 12)",-4.297116251628561,0.6491977998521179
8422,可寧衛*,綠能環保,12,10.455,10.118,8.418,10.98,50853.074,41720.264,34890.055,25.0,41.667,10.454811284270054,10.117930982435984,8.41807417276104,10.980407879200673,50853.073545157466,41720.26421124639,34890.05526508,25.0,41.66666666666667,12,0,"(1, 1, 1)","(0, 1, 1, 12)",4.170480288258531,1.5253363999072462
1760,寶齡富錦,生技醫療業,12,10.469,10.393,6.573,11.059,24983.023,18000.988,1280.242,41.667,83.333,10.468774298766965,10.393317637814334,6.57298359776549,11.059323014615353,24983.02338859661,18000.987614901136,1280.241665409382,41.66666666666667,83.33333333333334,12,0,"(1, 1, 1)","(0, 1, 0, 12)",-3.112874805662992,0.5456258999183774
3051,力特,光電業,12,10.487,10.29,7.452,11.056,23122.786,16389.63,3479.242,50.0,83.333,10.486790478599563,10.289551109736257,7.452017054728069,11.055513212830363,23122.78567783692,16389.630059161947,3479.2416335201365,50.0,83.33333333333334,12,0,"(1, 1, 0)","(0, 1, 1, 12)",-45.14745471204451,0.6343125000130385
8341,日友,綠能環保,12,10.493,10.397,8.214,10.797,44007.035,34892.917,8774.479,50.0,66.667,10.492664139864814,10.39657416837484,8.213825550334583,10.797414262243883,44007.03549820064,34892.91740278128,8774.478837571422,50.0,66.66666666666666,12,0,"(0, 1, 1)","(0, 1, 0, 12)",-73.43342960810136,0.5658230998087674
3088,艾訊,電腦及週邊設備業,12,10.503,10.928,10.267,11.125,77282.379,61432.979,5249.391,41.667,75.0,10.503271635528272,10.9277444275755,10.266705378882731,11.12454187353186,77282.37856731622,61432.979341727645,5249.390985301521,41.66666666666667,75.0,12,0,"(0, 1, 1)","(0, 1, 1, 12)",-37.50089017521071,1.0787724000401795
3356,奇偶,電子工業,12,10.512,10.592,8.538,10.677,10349.325,8923.51,1401.773,41.667,58.333,10.511716350311964,10.59150618769413,8.537802595576407,10.6766595861089,10349.32534017128,8923.509886706956,1401.7732723951715,41.66666666666667,58.333333333333336,12,0,"(0, 1, 1)","(0, 1, 1, 12)",-39.11849429507985,0.9701264000032096
6534,正瀚-創,生技醫療業,12,10.513,17.581,6.361,14.641,20759.453,15938.083,-15287.25,91.667,75.0,10.513345826120847,17.58141070533237,6.360687598531051,14.64115480220641,20759.453266323435,15938.083333333334,-15287.25,91.66666666666666,75.0,0,12,,,,0.0224868000950664
3026,禾伸堂,電子零組件業,12,10.522,10.737,9.43,10.624,138353.71,117611.095,11743.376,33.333,75.0,10.521721685733343,10.737105685341874,9.430255888029173,10.62435785608794,138353.71039261285,117611.09478691353,11743.376276483652,33.33333333333333,75.0,12,0,"(0, 1, 1)","(0, 1, 0, 12)",-52.54343418035966,0.6356852001044899
4581,光隆精密-KY,汽車工業,12,10.524,10.77,9.145,10.374,11671.826,9536.386,-2989.309,50.0,50.0,10.524408523847558,10.769692896537268,9.144586564757045,10.374483918004236,11671.825752140125,9536.385821969187,-2989.3088790494644,50.0,50.0,12,0,"(1, 1, 0)","(0, 1, 0, 12)",-59.667441718117416,0.4107639999128878
6789,采鈺,電子工業,12,10.557,10.096,6.943,10.787,109959.854,78631.398,32244.256,33.333,50.0,10.556713361593847,10.09592818840616,6.942628106539346,10.786993812154106,109959.85395680356,78631.39796147546,32244.255781834614,33.33333333333333,50.0,12,0,"(1, 1, 0)","(0, 1, 0, 12)",-40.9938241922315,0.6187601001001894
6641,基士德-KY,綠能環保,12,10.588,10.949,13.479,11.007,18291.81,15547.008,1947.897,41.667,91.667,10.588074619785855,10.949023484629981,13.479045487704013,11.006716376604096,18291.809505461246,15547.008191358078,1947.8968483690103,41.66666666666667,91.66666666666666,12,0,"(0, 1, 1)","(0, 1, 1, 12)",29.516257974480244,0.7460582000203431
2701,萬企,觀光餐旅,12,10.591,10.538,7.753,10.492,3066.387,2308.366,-147.268,58.333,50.0,10.591264566698278,10.537961302523744,7.753477324534633,10.492160125751504,3066.3868178543735,2308.36611231189,-147.268329563249,58.333333333333336,50.0,12,0,"(1, 1, 0)","(0, 1, 1, 12)",-37.29741542802998,0.9146225999575108
4755,三福化,化學生技醫療,12,10.597,10.174,8.318,11.012,56021.675,42655.103,22375.023,50.0,41.667,10.596586776549305,10.174374516577462,8.318017817573518,11.011844278368699,56021.675270565625,42655.10303831745,22375.02325111762,50.0,41.66666666666667,12,0,"(0, 1, 1)","(0, 1, 1, 12)",-10.947624917874762,0.8669283001217991
6231,系微,資訊服務業,12,10.617,10.898,10.489,10.985,16601.144,14947.857,1889.255,41.667,100.0,10.61692236624607,10.897699241754644,10.488960876049674,10.985221478924075,16601.143907597074,14947.856964802915,1889.2549556856586,41.66666666666667,100.0,12,0,"(0, 1, 1)","(1, 1, 0, 12)",-54.94086142111125,0.6957777999341488
3501,維熹,電子零組件業,12,10.632,10.565,9.955,10.7,56827.94,49082.105,12701.966,50.0,58.333,10.631781056748405,10.56488991256398,9.954573335791936,10.699907159868074,56827.939688738894,49082.10453844412,12701.965909364697,50.0,58.333333333333336,12,0,"(0, 1, 1)","(0, 1, 1, 12)",-57.97220061398562,1.059000900015235
5288,豐祥-KY,電機機械,12,10.632,10.497,9.6,10.911,76038.054,60294.014,14663.33,41.667,75.0,10.63219449083303,10.496506206940143,9.599630404284612,10.91058288212759,76038.05448730037,60294.01427628219,14663.330416171259,41.66666666666667,75.0,12,0,"(0, 1, 1)","(0, 1, 1, 12)",-16.73839952911669,0.8163358001038432
2762,世界健身-KY,運動休閒,12,10.633,11.185,10.031,10.567,100082.4,97329.917,-97329.917,100.0,41.667,10.633359896423068,11.185031265983554,10.031324140056999,10.567211251099156,100082.40032384981,97329.91666666667,-97329.91666666667,100.0,41.66666666666667,0,12,,,,0.0207509000319987
5403,中菲,資訊服務業,12,10.67,10.485,7.469,10.799,40786.568,30276.903,3306.128,41.667,83.333,10.669995418955596,10.485226806066256,7.469124341266377,10.798545260122271,40786.56830440141,30276.903359280073,3306.127755649594,41.66666666666667,83.33333333333334,12,0,"(1, 1, 0)","(0, 1, 1, 12)",-3.1095144473842176,0.8270386999938637
4720,德淵,化學生技醫療,12,10.678,10.556,10.898,10.689,38170.582,31981.233,7986.115,41.667,66.667,10.67788105214085,10.556113736932577,10.897708464437356,10.689290199534488,38170.58191598259,31981.232556924955,7986.11523192121,41.66666666666667,66.66666666666666,12,0,"(1, 1, 1)","(0, 1, 1, 12)",-58.056704137514174,1.228831300046295
3268,海德威,半導體業,12,10.68,10.4,11.091,10.253,10334.505,8219.644,-363.549,50.0,66.667,10.679866755259763,10.399598475410924,11.091122572967024,10.252789246108074,10334.505107519322,8219.64374962916,-363.5494328816815,50.0,66.66666666666666,12,0,"(1, 1, 0)","(0, 1, 1, 12)",3.7654750625482336,0.7076985000167042
8183,精星,其他電子類,12,10.684,10.331,7.364,11.242,86004.535,64894.86,38376.504,50.0,58.333,10.684018205130059,10.33073414203997,7.363766047126425,11.241722981262646,86004.53497530402,64894.86012818754,38376.50393341894,50.0,58.333333333333336,12,0,"(1, 1, 1)","(0, 1, 1, 12)",-21.67997041850791,1.165224799886346
4915,致伸,電子零組件業,12,10.693,11.502,8.521,10.575,736103.863,536266.334,-160152.687,41.667,58.333,10.69294380789928,11.502237182008395,8.520705628461252,10.575036229793112,736103.8629198368,536266.3337679291,-160152.68712223126,41.66666666666667,58.333333333333336,12,0,"(0, 1, 1)","(0, 1, 1, 12)",-36.041966521143486,1.1655282001011074
6282,康舒,電子零組件業,12,10.702,10.998,8.045,11.274,345267.221,283343.604,99591.601,33.333,83.333,10.701777459331087,10.99806626273026,8.044741017612575,11.273632093462664,345267.2211408777,283343.6043187059,99591.6011268536,33.33333333333333,83.33333333333334,12,0,"(1, 1, 1)","(0, 1, 1, 12)",-26.07340658520937,1.4708524998277426
7750,新代,電機機械,6,10.71,10.509,8.257,9.774,161158.495,123713.0,-104904.6,80.0,0.0,10.709728467224057,10.508870110372811,8.25651105481504,9.774344245831418,161158.4946386631,123713.0,-104904.6,80.0,0.0,0,12,,,,0.0146927000023424
1569,濱川,電腦及週邊設備業,12,10.715,11.087,9.927,11.274,33991.241,29098.582,7428.565,41.667,75.0,10.714700611144348,11.086978158777573,9.92724186168061,11.273510250115311,33991.24121322322,29098.582118472903,7428.564790394135,41.66666666666667,75.0,12,0,"(0, 1, 1)","(0, 1, 1, 12)",-11.472632324528616,1.0279314999934286
6996,力領科技,半導體業,12,10.729,10.803,10.0,11.102,31219.227,24052.833,-3849.5,58.333,16.667,10.729150597449618,10.802515272637446,9.99982131494436,11.102440833956512,31219.22709912381,24052.833333333332,-3849.5,58.333333333333336,16.666666666666664,0,12,,,,0.0279381999280303
1323,永裕,塑膠工業,12,10.731,11.355,10.363,10.77,21541.791,18067.499,-8300.054,58.333,58.333,10.730755836168921,11.354632582752007,10.362729420065842,10.770378872274856,21541.790653646898,18067.498793509036,-8300.053885697362,58.333333333333336,58.333333333333336,12,0,"(0, 1, 1)","(0, 1, 0, 12)",-73.61547223681328,0.4182309999596327
3564,其陽,通信網路業,12,10.731,10.439,4.382,10.77,30390.332,22328.899,2102.182,58.333,91.667,10.730765776191308,10.439284494646012,4.382295343198196,10.770290693483037,30390.33210079011,22328.89935007216,2102.1822614403295,58.333333333333336,91.66666666666666,12,0,"(0, 1, 1)","(0, 1, 1, 12)",-4.54229686720902,0.6808466999791563
3287,廣寰科,電腦及週邊設備業,12,10.731,10.898,7.282,10.496,10799.388,8413.489,-3283.123,58.333,75.0,10.73086353739789,10.897802095640152,7.282264340275944,10.496166816676155,10799.388137391083,8413.488844565409,-3283.122865369534,58.333333333333336,75.0,12,0,"(0, 1, 1)","(0, 1, 1, 12)",22.856082642233755,0.8745244999881834
6666,羅麗芬-KY,生技醫療業,12,10.737,12.178,6.221,12.68,13164.673,9958.018,2406.46,50.0,91.667,10.737439404653681,12.177519488934738,6.2208659632565615,12.679858683984662,13164.672567946665,9958.017626136041,2406.4604046396157,50.0,91.66666666666666,12,0,"(1, 1, 1)","(1, 1, 0, 12)",36.51070145085081,0.7269325000233948
2890,永豐金,金融保險,12,10.744,10.887,10.048,10.731,780343.531,666008.853,-129269.899,50.0,66.667,10.74394257659469,10.887283614543234,10.047613840295574,10.731237463921211,780343.5306384233,666008.8528333177,-129269.89897056816,50.0,66.66666666666666,12,0,"(0, 1, 1)","(0, 1, 1, 12)",-78.81134176062461,0.7621998998802155
2204,中華,汽車工業,12,10.756,10.814,11.352,10.73,317359.24,287662.541,-59318.351,66.667,75.0,10.756364610920707,10.814190708144682,11.351871220191004,10.72973896959847,317359.2402915533,287662.54117213114,-59318.350902559025,66.66666666666666,75.0,12,0,"(0, 1, 1)","(0, 1, 1, 12)",-16.22855782262414,0.7569349000696093
5876,上海商銀,金融保險,12,10.757,10.446,8.41,10.956,581952.411,481773.059,171043.598,58.333,91.667,10.75741330496924,10.445653335062556,8.40983720357601,10.955630844608699,581952.4106244869,481773.05874239694,171043.59811400576,58.333333333333336,91.66666666666666,12,0,"(0, 1, 1)","(0, 1, 0, 12)",-69.32035689540703,0.3747185000684112
6272,驊陞,電子零組件業,3,10.76,10.535,11.359,11.359,38524.518,33463.5,33463.5,0.0,0.0,10.759639175009124,10.535121472925171,11.359221954956647,11.359221954956647,38524.51801775072,33463.5,33463.5,0.0,0.0,0,12,,,,0.0232402000110596
8032,光菱,電子通路業,12,10.769,11.066,8.291,10.534,39400.285,32657.022,-15474.269,58.333,66.667,10.768849924006325,11.066094326973497,8.29071860820603,10.53378844881603,39400.284703397985,32657.021992795762,-15474.268617511976,58.333333333333336,66.66666666666666,12,0,"(0, 1, 1)","(0, 1, 1, 12)",-19.677826151892447,0.7812858000397682
2032,新鋼,鋼鐵工業,12,10.796,11.115,8.468,11.556,33409.162,27361.331,5110.433,50.0,100.0,10.795774030585806,11.114681947418003,8.468295818616395,11.555933366730004,33409.16219412696,27361.331498861477,5110.432949086152,50.0,100.0,12,0,"(0, 1, 1)","(0, 1, 1, 12)",-25.319647420751995,0.6414524998981506
1454,台富,紡織纖維,12,10.796,10.598,9.263,11.044,16292.239,13827.933,3171.587,50.0,66.667,10.796036748138919,10.597761265548572,9.262753524923234,11.04380178882975,16292.23879222642,13827.932731605222,3171.5874028676203,50.0,66.66666666666666,12,0,"(1, 1, 0)","(0, 1, 1, 12)",-26.70732679467713,1.4394952999427917
4535,至興,電機機械,12,10.797,10.219,8.83,10.89,28095.983,22662.873,16444.752,25.0,66.667,10.797320009240805,10.219052906009635,8.830164524386733,10.889943509029393,28095.983037273683,22662.872873595847,16444.751796814995,25.0,66.66666666666666,12,0,"(1, 1, 1)","(0, 1, 1, 12)",-36.51350371304178,1.0005731999408454
6494,九齊,半導體業,12,10.802,10.804,10.288,11.144,14039.331,10687.562,755.907,50.0,50.0,10.801636581273414,10.803628485510064,10.288014982731598,11.144413754390332,14039.330889409122,10687.562297611348,755.9066950839424,50.0,50.0,12,0,"(0, 1, 1)","(0, 1, 1, 12)",-1.7227051385676768,0.7704535000957549
3527,聚積,半導體業,12,10.805,10.573,8.27,10.742,16372.664,13046.232,1605.342,41.667,66.667,10.805228135536664,10.573430639076758,8.269663663548837,10.742141413052241,16372.663879557702,13046.232450846968,1605.3422050543402,41.66666666666667,66.66666666666666,12,0,"(1, 1, 0)","(0, 1, 1, 12)",-15.726180877645264,0.7029875998850912
8410,森田,電腦及週邊設備業,12,10.819,11.782,11.378,12.434,13150.371,10094.304,1483.002,50.0,66.667,10.81872573134286,11.782050495387969,11.378332782773597,12.434037870916715,13150.371324407904,10094.303856372144,1483.0020093707146,50.0,66.66666666666666,12,0,"(1, 1, 0)","(0, 1, 1, 12)",-17.65805167932979,0.6487545999698341
4420,光明,紡織纖維,12,10.828,10.825,10.403,10.956,11394.303,9251.171,-1928.909,66.667,50.0,10.827987274589816,10.824891717317325,10.402829335924196,10.955596796771879,11394.30264032013,9251.170651050403,-1928.9088651006703,66.66666666666666,50.0,12,0,"(1, 1, 1)","(0, 1, 1, 12)",-29.419246435562187,1.423763900063932
4971,IET-KY,半導體業,12,10.829,11.262,9.792,10.756,12317.643,9745.0,-4140.658,50.0,41.667,10.828730749193955,11.261748377503183,9.79196017447782,10.756413368779013,12317.642817618958,9745.000399756917,-4140.657581078959,50.0,41.66666666666667,12,0,"(0, 1, 1)","(0, 1, 1, 12)",6.789484153371662,1.506296900101006
6477,安集,電子工業,12,10.84,10.534,10.299,10.497,9033.431,7729.987,-63.942,41.667,83.333,10.84022968233685,10.533540069035308,10.298915117498307,10.496963115924759,9033.431377216142,7729.987115979701,-63.941843152771376,41.66666666666667,83.33333333333334,12,0,"(0, 1, 1)","(0, 1, 1, 12)",52.68261195762212,1.2518770000897348
6432,今展科,電子零組件業,12,10.842,11.134,7.172,10.926,13298.169,10164.028,-1290.971,58.333,66.667,10.841851315487268,11.134327741041753,7.171719706632722,10.926347031158523,13298.169365123802,10164.0278061191,-1290.970725552713,58.333333333333336,66.66666666666666,12,0,"(1, 1, 0)","(0, 1, 1, 12)",-46.76058667517233,2.366355999838561
3689,湧德,電子零組件業,12,10.843,10.879,8.089,10.474,77880.068,56079.231,-15658.149,41.667,83.333,10.842567237087831,10.878638664492293,8.088986641346697,10.474153605691102,77880.0681330498,56079.23053226797,-15658.149198630985,41.66666666666667,83.33333333333334,12,0,"(0, 1, 1)","(0, 1, 1, 12)",-37.31124679771235,0.8715429999865592
6285,啟碁,通信網路業,12,10.847,10.91,10.599,10.89,1099261.566,996568.534,68365.146,41.667,41.667,10.846929290817416,10.909584589229922,10.599399907546411,10.88992535520243,1099261.5661896574,996568.5344721652,68365.14553070643,41.66666666666667,41.66666666666667,12,0,"(1, 1, 0)","(0, 1, 0, 12)",-80.62512170579203,0.3676592998672277
1459,聯發,紡織纖維,12,10.848,10.714,8.28,11.513,14659.67,10794.419,2938.288,50.0,83.333,10.847572278525938,10.713542062415678,8.280020855287061,11.512820729239222,14659.670230655789,10794.419174361161,2938.2879791160426,50.0,83.33333333333334,12,0,"(1, 1, 0)","(0, 1, 1, 12)",-3.8528975760350086,1.813875799998641
2356,英業達,電腦及週邊設備業,12,10.855,10.924,9.117,11.535,7366821.034,6251987.199,3015771.173,33.333,41.667,10.854623603901224,10.923539157843766,9.117055970503188,11.535216124629844,7366821.03353932,6251987.198950936,3015771.1730150874,33.33333333333333,41.66666666666667,12,0,"(0, 1, 1)","(0, 1, 1, 12)",-49.223791347872165,0.9458187001291662
5356,協益,電腦及週邊設備業,12,10.87,11.135,8.751,11.278,36979.987,30390.716,13169.318,25.0,66.667,10.870057991119477,11.135194131483168,8.751479780895718,11.278381799575378,36979.98740264467,30390.71647435,13169.317760018397,25.0,66.66666666666666,12,0,"(1, 1, 1)","(0, 1, 1, 12)",-12.703270837565228,1.1027413997799158
8462,柏文,運動休閒,12,10.879,13.34,5.957,10.972,99591.188,54992.242,-16808.125,41.667,58.333,10.879337780775565,13.339543910980566,5.957446186395641,10.972491150732639,99591.18762801497,54992.24198622711,-16808.125012056556,41.66666666666667,58.333333333333336,12,0,"(1, 1, 1)","(0, 1, 1, 12)",132.81102103932238,1.7485336000099778
2109,華豐,橡膠工業,12,10.888,10.516,8.74,10.843,48793.31,40738.38,10109.193,41.667,58.333,10.88763693687685,10.516408375747531,8.740369923047226,10.842714679319654,48793.309535559114,40738.38000308148,10109.193402701805,41.66666666666667,58.333333333333336,12,0,"(0, 1, 1)","(1, 1, 0, 12)",-57.68203979365118,0.8586910001467913
2024,志聯,鋼鐵工業,12,10.891,10.5,12.28,10.861,10558.575,8975.193,2707.783,50.0,75.0,10.89113460185272,10.500307337283084,12.279634843796297,10.860710274199871,10558.575357857939,8975.193430531295,2707.782763979851,50.0,75.0,12,0,"(0, 1, 1)","(0, 1, 1, 12)",-17.468589369561652,0.6575978000182658
8077,洛碁,觀光餐旅,12,10.902,10.683,10.216,10.769,11692.152,9824.491,1050.881,50.0,83.333,10.901817424867128,10.682694064119188,10.216411861177294,10.769013785737076,11692.152410003237,9824.490742093903,1050.8805227323694,50.0,83.33333333333334,12,0,"(1, 1, 1)","(0, 1, 1, 12)",-8.2458059868769,1.1351893998216838
2404,漢唐,電子工業,12,10.914,11.498,12.248,11.174,681637.388,600952.649,-264757.739,75.0,50.0,10.913527725879648,11.4978574603245,12.247878326841999,11.173542889868898,681637.3877637452,600952.6493732285,-264757.73868828156,75.0,50.0,12,0,"(1, 1, 0)","(0, 1, 1, 12)",16.94596636405054,0.604237100109458
2886,兆豐金,金融保險,12,10.924,11.317,10.94,11.612,921317.098,746543.756,32988.101,41.667,75.0,10.924008513885521,11.317159259844889,10.940113057926892,11.612126373642939,921317.0976365732,746543.755943276,32988.10086761547,41.66666666666667,75.0,12,0,"(0, 1, 1)","(0, 1, 1, 12)",0.3924161511429016,0.5913837000261992
6730,常廣,生技醫療業,4,10.929,11.138,13.847,11.002,4950.921,4514.667,-1064.0,66.667,0.0,10.929191042969538,11.138410233356304,13.8466065648324,11.001669842356602,4950.920991761701,4514.666666666667,-1064.0,66.66666666666666,0.0,0,12,,,,0.0199070998933166
4729,熒茂,光電業,12,10.948,10.77,10.847,11.042,11747.789,9798.283,1808.607,41.667,58.333,10.948067541128383,10.769977773002974,10.847413865916527,11.042129665272805,11747.78860656389,9798.283241179844,1808.607287407004,41.66666666666667,58.333333333333336,12,0,"(0, 1, 1)","(0, 1, 1, 12)",-51.16284742666222,0.9529788999352604
1477,聚陽,紡織纖維,12,10.949,11.06,8.509,11.94,418869.249,314132.935,133826.576,41.667,83.333,10.949195694065578,11.05992766779474,8.50910180670855,11.940451567167615,418869.2490530141,314132.93542520714,133826.57574922426,41.66666666666667,83.33333333333334,12,0,"(0, 1, 1)","(0, 1, 1, 12)",-34.19070628796971,0.7293440001085401
2646,星宇航空,航運業,12,10.959,11.148,10.651,10.802,470933.07,402326.167,-233747.333,83.333,41.667,10.959265627140164,11.148199681701778,10.650689268345367,10.802056036232594,470933.07007171056,402326.1666666667,-233747.33333333334,83.33333333333334,41.66666666666667,0,12,,,,0.0206256001256406
3324,雙鴻,其他電子類,12,10.98,11.492,5.886,10.429,289710.756,213008.531,-180523.846,66.667,66.667,10.979954681839644,11.491618387222235,5.88550586274302,10.429127392975289,289710.7557928243,213008.5313883766,-180523.8464964726,66.66666666666666,66.66666666666666,12,0,"(1, 1, 1)","(0, 1, 1, 12)",-30.51121728858277,1.14874879992567
1464,得力,紡織纖維,12,10.997,10.826,10.308,10.84,153106.456,114627.056,19403.822,41.667,83.333,10.997121394112913,10.826243520107488,10.307593470336585,10.839784168097747,153106.45589875584,114627.05606148689,19403.821974793565,41.66666666666667,83.33333333333334,12,0,"(1, 1, 0)","(0, 1, 1, 12)",-35.83748209350754,1.3306299999821931
4126,太醫,生技醫療業,12,11.0,10.954,10.031,11.611,27766.782,22053.963,5119.883,50.0,91.667,10.999926259957842,10.95421582190464,10.030838679504523,11.611263661628298,27766.7820414953,22053.962990509463,5119.882504910364,50.0,91.66666666666666,12,0,"(0, 1, 1)","(0, 1, 1, 12)",-45.49609276047254,1.0841683000326157
6747,亨泰光,生技醫療業,10,11.001,10.377,9.967,10.734,8956.712,7163.6,2416.867,40.0,90.0,11.000749383234474,10.377106297386723,9.967222406351393,10.733983223338344,8956.712256039864,7163.599992367223,2416.866698927235,40.0,90.0,11,1,"(0, 1, 1)","(0, 1, 1, 12)",-41.66780512011411,1.05571600003168
6290,良維,電子零組件業,12,11.02,11.649,9.024,11.332,111743.043,93251.467,-5218.921,50.0,75.0,11.019979094774406,11.649157671530125,9.02413022287547,11.332043791462189,111743.04261091819,93251.46716588117,-5218.9209834138555,50.0,75.0,12,0,"(0, 1, 1)","(0, 1, 1, 12)",-93.6329306287103,1.0977976000867784
4949,有成精密,電子工業,12,11.032,10.619,9.92,10.642,25594.203,21893.833,2775.167,41.667,58.333,11.03249202984483,10.619339591128767,9.919906998775394,10.642304722930668,25594.202956919755,21893.833333333332,2775.1666666666665,41.66666666666667,58.333333333333336,0,12,,,,0.0246582999825477
6194,育富,電子零組件業,12,11.033,11.576,11.533,11.558,15643.127,12653.284,2662.636,33.333,66.667,11.032587857325348,11.576138109250355,11.533209209063543,11.557780154552844,15643.127183817645,12653.284207389655,2662.635789501237,33.33333333333333,66.66666666666666,12,0,"(1, 1, 1)","(0, 1, 1, 12)",-5.878497356643901,1.325121199944988
3128,昇銳,光電業,12,11.035,10.847,11.333,11.226,11033.432,10094.763,5278.378,25.0,66.667,11.034658318459767,10.846776165982156,11.333218026087776,11.225607688395533,11033.432420742187,10094.762905087759,5278.377547968987,25.0,66.66666666666666,12,0,"(0, 1, 1)","(0, 1, 1, 12)",-0.1464450475547236,1.0395831000059843
4995,晶達,光電業,12,11.058,10.678,10.26,10.754,15222.293,11885.666,-691.644,50.0,75.0,11.058019620824407,10.678032349995005,10.25969641579353,10.75358331867971,15222.292939569912,11885.66631436136,-691.6442617091149,50.0,75.0,12,0,"(0, 1, 1)","(0, 1, 1, 12)",-14.432715639105147,0.6741750999353826
9912,偉聯,電腦及週邊設備業,12,11.074,11.241,11.011,10.933,5120.886,4672.914,-2017.584,66.667,83.333,11.073867924183867,11.240925345683149,11.011320529392304,10.93349184331019,5120.886245605881,4672.913873754028,-2017.5836445997768,66.66666666666666,83.33333333333334,12,0,"(0, 1, 1)","(0, 1, 1, 12)",-9.07191419452742,1.1974609000608325
4160,訊聯基因,生技醫療業,12,11.078,10.069,6.627,10.216,8324.339,5567.597,1303.153,41.667,66.667,11.077719503245747,10.068733913213883,6.626901441102798,10.21589043743116,8324.33874468261,5567.597202300877,1303.1525176676016,41.66666666666667,66.66666666666666,12,0,"(0, 1, 1)","(0, 1, 1, 12)",-63.38512722425557,0.9933038998860866
6291,沛亨,半導體業,12,11.081,11.176,9.249,11.297,25050.512,19658.545,1516.506,58.333,66.667,11.081146368489323,11.176277206890296,9.24870772502913,11.297018764692524,25050.512057770848,19658.544652173045,1516.505989326791,58.333333333333336,66.66666666666666,12,0,"(1, 1, 0)","(0, 1, 1, 12)",24.509216900126297,0.7897146998438984
3332,幸康,電子零組件業,12,11.103,11.56,8.873,11.759,18058.602,14806.747,-655.975,50.0,58.333,11.102867535873395,11.560429595108841,8.873430534790176,11.75867387008259,18058.601739955877,14806.747136282307,-655.9753487689559,50.0,58.333333333333336,12,0,"(0, 1, 1)","(0, 1, 1, 12)",-10.977186688404888,0.7545791999436915
1309,台達化,塑膠工業,12,11.107,10.539,9.765,11.051,158339.45,134068.069,78857.946,25.0,50.0,11.107172376887505,10.5391341334733,9.764522378446866,11.051464218418012,158339.45015901935,134068.06899384482,78857.94638533054,25.0,50.0,12,0,"(0, 1, 1)","(0, 1, 1, 12)",-56.11092713106563,1.3503417000174522
6108,競國,電子工業,12,11.108,11.14,10.653,11.477,47081.802,38655.311,-2711.275,50.0,66.667,11.107597987012594,11.13964845398416,10.653425985578854,11.476754152720819,47081.80249250701,38655.31108997948,-2711.2754379497055,50.0,66.66666666666666,12,0,"(1, 1, 1)","(0, 1, 1, 12)",-42.19291992921191,1.46344089997001
2028,威致,鋼鐵工業,12,11.131,11.117,10.733,11.3,93259.49,78970.316,11418.937,33.333,83.333,11.131023300004603,11.116532252620969,10.733211279305548,11.300143258352811,93259.48989995642,78970.3155937094,11418.936859137912,33.33333333333333,83.33333333333334,12,0,"(0, 1, 1)","(0, 1, 1, 12)",-3.5290247815065,0.6351653998717666
6153,嘉聯益,電子零組件業,12,11.136,11.148,12.309,11.544,59711.087,50218.819,20020.931,33.333,75.0,11.136394360625697,11.14830172807877,12.308666349346273,11.543667313056323,59711.08713555703,50218.818662622245,20020.931267189186,33.33333333333333,75.0,12,0,"(1, 1, 1)","(0, 1, 1, 12)",-7.691754384486394,1.0215034999419004
3494,誠研,電腦及週邊設備業,12,11.139,11.806,9.098,11.201,11912.376,8719.144,-978.057,50.0,58.333,11.138916077802797,11.805814599302732,9.098093544281578,11.201329249229293,11912.375632822572,8719.144361211242,-978.0565561127029,50.0,58.333333333333336,12,0,"(1, 1, 0)","(0, 1, 1, 12)",-3.3151168963721425,0.7480729999952018
6577,勁豐,電腦及週邊設備業,12,11.144,11.185,10.599,10.998,22604.852,19289.017,-2108.166,50.0,58.333,11.143617614799805,11.18533960596017,10.59886464557917,10.997574087370914,22604.851800604916,19289.017051293686,-2108.166329613455,50.0,58.333333333333336,12,0,"(0, 1, 1)","(0, 1, 1, 12)",1.2105885386325277,1.0017806000541896
6642,富致,電子零組件業,12,11.15,11.074,7.295,11.061,6300.408,5032.373,766.847,33.333,50.0,11.150363892221629,11.073825948739497,7.295216965311751,11.061378208544813,6300.408495068437,5032.372939867555,766.8467432546864,33.33333333333333,50.0,12,0,"(1, 1, 0)","(0, 1, 1, 12)",-58.4267304870852,0.8827621000818908
1709,和益,化學生技醫療,12,11.165,11.017,10.271,11.92,109749.489,83846.748,54959.691,33.333,91.667,11.165056796171596,11.01692599703817,10.271499831285174,11.919596623578373,109749.48944136745,83846.74805819365,54959.690674125195,33.33333333333333,91.66666666666666,12,0,"(0, 1, 1)","(0, 1, 1, 12)",-21.138945470542108,0.7522910998668522
5511,德昌,建材營造,12,11.169,12.276,11.624,12.212,121964.411,103161.63,-41193.563,66.667,75.0,11.168998850996644,12.276337969504198,11.624018564744626,12.212426522430153,121964.41135693963,103161.62951981572,-41193.563064082315,66.66666666666666,75.0,12,0,"(0, 1, 1)","(0, 1, 1, 12)",-9.564577871848014,0.7410340998321772
8423,保綠-KY,綠能環保類,12,11.183,10.882,6.013,10.732,4923.459,3516.166,-78.011,50.0,58.333,11.183229526523553,10.882283010789095,6.012988217145895,10.732325979157764,4923.458825627892,3516.165792223964,-78.01050207823694,50.0,58.333333333333336,12,0,"(1, 1, 1)","(0, 1, 1, 12)",5.816201828179201,0.8158285999670625
2038,海光,鋼鐵工業,12,11.185,10.855,8.375,11.65,116955.227,83171.588,41112.43,16.667,66.667,11.185109345899722,10.855015259980531,8.375496290839115,11.650150280737131,116955.22692418961,83171.58760828711,41112.43023598875,16.666666666666664,66.66666666666666,12,0,"(1, 1, 1)","(0, 1, 1, 12)",-26.31467276695385,1.016188699984923
3008,大立光,電子工業,12,11.191,11.94,14.77,12.13,686139.125,570107.951,103186.623,41.667,91.667,11.191133234942416,11.939600224950027,14.77042691991785,12.13024796498391,686139.1250506577,570107.9512652998,103186.6231416533,41.66666666666667,91.66666666666666,12,0,"(1, 1, 0)","(0, 1, 1, 12)",-64.1783480262373,0.8900898001156747
1521,大億,汽車工業,12,11.208,11.741,9.454,11.085,40467.244,33905.095,-18334.794,66.667,50.0,11.208422551808864,11.741372709025903,9.454453977829901,11.085466131892039,40467.24387959,33905.09526478463,-18334.794325918596,66.66666666666666,50.0,12,0,"(0, 1, 1)","(0, 1, 1, 12)",-31.020207149862905,0.7890959999058396
1325,恆大,塑膠工業,12,11.214,11.393,9.37,11.336,3476.398,2718.468,-184.205,58.333,58.333,11.213839538111717,11.393338630654544,9.370047948903606,11.336489172933899,3476.3984064781803,2718.468325695324,-184.20496516653688,58.333333333333336,58.333333333333336,12,0,"(1, 1, 1)","(0, 1, 1, 12)",4.051292480690821,1.1064079999923706
8349,恒耀,鋼鐵工業,12,11.218,10.786,11.004,11.498,119579.901,106727.518,86981.138,16.667,58.333,11.218469536254423,10.786052490561284,11.003518784100036,11.497758033298762,119579.90059074746,106727.51760025632,86981.13783439308,16.666666666666664,58.333333333333336,12,0,"(1, 1, 1)","(1, 1, 0, 12)",-70.90696162684154,1.316057899966836
2471,資通,電子工業,12,11.219,11.613,8.903,10.836,12063.65,9350.472,-6154.985,66.667,50.0,11.218996199745579,11.612557405734929,8.90256749805729,10.836497257297012,12063.650327794237,9350.472382677954,-6154.984974615988,66.66666666666666,50.0,12,0,"(0, 1, 1)","(0, 1, 1, 12)",-18.815013716219905,0.7711487000342458
1813,寶利徠,生技醫療業,12,11.235,11.33,11.056,11.068,3386.168,2849.234,-613.105,58.333,58.333,11.235149182085157,11.329775016880522,11.05595164193276,11.067863878359981,3386.1681746944496,2849.233832576796,-613.1045132875621,58.333333333333336,58.333333333333336,12,0,"(1, 1, 1)","(0, 1, 1, 12)",-11.365750019340195,1.2399577999021858
1437,勤益控,其他,12,11.261,10.698,8.934,10.707,11268.318,8697.494,-3008.876,75.0,50.0,11.261467953068097,10.697642241405182,8.93386715900841,10.706743248771751,11268.318146141402,8697.494467740062,-3008.875674612113,75.0,50.0,12,0,"(0, 1, 1)","(0, 1, 0, 12)",-0.8988147037250194,0.3672805000096559
5487,通泰,半導體業,12,11.271,11.384,8.784,11.693,1834.548,1542.031,306.945,41.667,66.667,11.27058065037589,11.383931720864656,8.784252418197706,11.692918709168248,1834.548451201912,1542.0314524338874,306.94482591452135,41.66666666666667,66.66666666666666,12,0,"(1, 1, 1)","(0, 1, 1, 12)",-15.80704635700706,0.8459345998708159
4706,大恭,化學工業,12,11.278,11.417,11.658,11.374,11898.657,10446.869,-2359.267,58.333,83.333,11.277991010541808,11.417038489528657,11.657747013570965,11.373805558847733,11898.656862221602,10446.86886134577,-2359.267185303443,58.333333333333336,83.33333333333334,12,0,"(0, 1, 1)","(0, 1, 1, 12)",-15.337700594946616,0.8471607998944819
3376,新日興,電子工業,12,11.284,11.177,10.083,11.457,122731.341,100832.819,28929.603,41.667,58.333,11.283990613917648,11.17672145707889,10.082824829320005,11.456893771205184,122731.34058874406,100832.81860006797,28929.603118062474,41.66666666666667,58.333333333333336,12,0,"(1, 1, 0)","(0, 1, 1, 12)",-44.760192723503664,0.6691555001307279
4916,事欣科,電腦及週邊設備業,12,11.291,12.018,12.357,11.721,40122.164,33920.418,-16487.382,66.667,75.0,11.290904674716467,12.017901646125555,12.356915043277164,11.721335188836141,40122.16428666003,33920.41809640008,-16487.382063221292,66.66666666666666,75.0,12,0,"(1, 1, 0)","(0, 1, 1, 12)",-5.474973191486408,0.944743299856782
8213,志超,電子零組件業,12,11.304,11.738,8.82,11.407,199977.249,173022.97,-25759.37,58.333,91.667,11.30366578519783,11.738037841699317,8.82002261752839,11.406526038891613,199977.24934534385,173022.97028030912,-25759.3704491484,58.333333333333336,91.66666666666666,12,0,"(0, 1, 1)","(0, 1, 0, 12)",-70.1860627464643,0.7341151000000536
3171,炎洲流通,居家生活類,12,11.304,11.419,5.479,10.42,26622.175,18006.001,-10568.061,50.0,50.0,11.304426147960985,11.41936626476921,5.478894977709098,10.420236615548452,26622.1750283722,18006.000840191326,-10568.060656079979,50.0,50.0,12,0,"(0, 1, 1)","(0, 1, 0, 12)",-102.71558005088497,0.53329459996894
5371,中光電,光電業,12,11.322,11.035,8.541,11.043,482783.771,373401.891,-30234.813,66.667,75.0,11.321880436370721,11.035123646422612,8.540508143399018,11.042724113847884,482783.770535661,373401.8910002482,-30234.81274706517,66.66666666666666,75.0,12,0,"(1, 1, 1)","(0, 1, 0, 12)",-53.89344359538581,0.5125285000540316
6835,圓裕,電子零組件業,12,11.328,11.365,9.226,11.919,24851.277,22464.848,7059.839,41.667,58.333,11.328180249849517,11.36451453547739,9.225558810959205,11.918742069480158,24851.277498991454,22464.848172425118,7059.838859892225,41.66666666666667,58.333333333333336,12,0,"(1, 1, 0)","(0, 1, 1, 12)",-20.106525669600348,0.8237081000115722
3617,碩天,電子工業,12,11.329,10.989,7.23,11.605,146377.11,112119.551,26169.809,50.0,58.333,11.328566630985758,10.988701338743816,7.229819737604705,11.605153125195729,146377.11019679438,112119.55086322488,26169.8094773362,50.0,58.333333333333336,12,0,"(1, 1, 0)","(0, 1, 1, 12)",-45.0571324881056,0.8664192000869662
8404,百和興業-KY,其他,12,11.333,10.959,8.386,10.664,91362.565,71556.47,-20908.617,66.667,83.333,11.333084170145243,10.958822279091347,8.385780701857728,10.664215499734244,91362.56547057642,71556.47013066772,-20908.616939407093,66.66666666666666,83.33333333333334,12,0,"(1, 1, 1)","(0, 1, 1, 12)",33.76246699533711,0.9337997999973596
6811,宏碁資訊,數位雲端類,12,11.34,13.161,10.484,11.868,114822.229,91285.25,-80519.583,83.333,100.0,11.34031675405001,13.161108673986973,10.483884217149834,11.86839416202533,114822.22913305304,91285.25,-80519.58333333333,83.33333333333334,100.0,0,12,,,,0.0196949001401662
8215,明基材,電子工業,12,11.344,10.69,7.268,11.788,244003.332,168698.601,110345.452,33.333,58.333,11.343634550984143,10.690301507568579,7.267626634068999,11.788461736847598,244003.33185473102,168698.6005822585,110345.45211218973,33.33333333333333,58.333333333333336,12,0,"(0, 1, 1)","(0, 1, 0, 12)",-85.93658096758877,0.6715726000256836
3296,勝德,電子零組件業,12,11.36,10.741,6.787,11.478,22268.733,15119.926,-118.422,66.667,66.667,11.35973847435805,10.741066476871227,6.787019418110509,11.47776777279508,22268.733197913956,15119.925506755308,-118.42190739587507,66.66666666666666,66.66666666666666,12,0,"(1, 1, 0)","(1, 1, 0, 12)",-11.05742265964837,0.455795100191608
1305,華夏,塑膠工業,12,11.379,11.255,9.561,11.957,111032.06,87433.812,23433.614,41.667,66.667,11.378719080369498,11.25534511624172,9.560890672741554,11.95722315362399,111032.05954732621,87433.81191011402,23433.614088492137,41.66666666666667,66.66666666666666,12,0,"(0, 1, 1)","(0, 1, 1, 12)",-20.277581205981235,1.5063040999229995
8040,九暘,半導體業,12,11.395,11.305,9.757,11.291,7942.879,6277.96,309.824,50.0,50.0,11.395238956842094,11.304797039068937,9.757136998858355,11.290739562416396,7942.878888888312,6277.960006428087,309.8240081164943,50.0,50.0,12,0,"(0, 1, 1)","(0, 1, 1, 12)",-35.04619753048402,1.108161099953577
1796,金穎生技,食品工業,12,11.396,11.492,9.695,11.29,8064.059,6429.934,-726.629,33.333,66.667,11.395574304526077,11.492304909101799,9.695295181058933,11.290421979818088,8064.058937219597,6429.933808704998,-726.6289876144625,33.33333333333333,66.66666666666666,12,0,"(1, 1, 0)","(0, 1, 1, 12)",-28.949215608211667,0.7872787998057902
3673,TPK-KY,電子工業,12,11.397,10.627,8.494,10.56,816105.935,596780.281,-41178.622,58.333,66.667,11.396964927828773,10.627217988640352,8.494429928515679,10.560081908242545,816105.9353459481,596780.2812477999,-41178.62167820893,58.333333333333336,66.66666666666666,12,0,"(1, 1, 0)","(0, 1, 1, 12)",-40.38986401310456,0.8425996999721974
5475,德宏,電子零組件業,12,11.407,12.155,10.401,11.324,10803.214,8309.57,-5159.18,66.667,83.333,11.406853923712617,12.15465033680399,10.401246957777289,11.323674250693593,10803.214038664173,8309.569889230137,-5159.179780359805,66.66666666666666,83.33333333333334,12,0,"(0, 1, 1)","(0, 1, 1, 12)",33.56641181861912,0.6054232998285443
2464,盟立,電子工業,12,11.416,11.38,9.949,11.384,73412.756,63560.067,14764.235,33.333,75.0,11.416330321668845,11.38030290954272,9.948901736889505,11.38428375172998,73412.75552280432,63560.06706237304,14764.235452597679,33.33333333333333,75.0,12,0,"(1, 1, 0)","(0, 1, 0, 12)",-86.08249466685774,0.372337699867785
6456,GIS-KY,光電業,12,11.418,11.557,10.005,11.933,813548.914,635431.841,101635.04,50.0,66.667,11.417626044062638,11.556860767639536,10.005080519107825,11.933293801580188,813548.9136319855,635431.8405708305,101635.04021072057,50.0,66.66666666666666,12,0,"(0, 1, 1)","(0, 1, 1, 12)",-6.147783038271449,1.3137813999783248
3419,譁裕,通信網路業,12,11.418,12.139,9.433,12.385,20094.483,16729.773,2498.99,41.667,75.0,11.417808647036075,12.138923626883301,9.433495941877784,12.385236821958516,20094.48319252876,16729.772852939903,2498.9901761960245,41.66666666666667,75.0,12,0,"(0, 1, 1)","(0, 1, 1, 12)",-12.848400223612526,0.965477399993688
6958,日盛台駿,其他,12,11.427,11.102,11.796,11.629,112027.445,103316.333,57804.833,25.0,25.0,11.426676500140921,11.10192994172948,11.796467266347815,11.629019610391538,112027.44523478759,103316.33333333333,57804.833333333336,25.0,25.0,0,12,,,,0.0199260001536458
2233,宇隆,汽車工業,12,11.429,11.198,9.433,11.382,37606.317,31189.744,7215.677,41.667,50.0,11.428515971992697,11.19754264041598,9.43277451052099,11.381771281275437,37606.31733826369,31189.74389066816,7215.677344344258,41.66666666666667,50.0,12,0,"(1, 1, 0)","(0, 1, 1, 12)",-56.40538463768832,0.8240332000423223
2013,中鋼構,鋼鐵工業,12,11.431,11.251,11.978,11.471,236134.075,199555.068,21676.656,50.0,83.333,11.431300406555335,11.25094133049832,11.97772538601983,11.470736804368359,236134.07468886455,199555.06806719583,21676.656317470577,50.0,83.33333333333334,12,0,"(1, 1, 0)","(0, 1, 1, 12)",-45.05346654109388,0.8442621000576764
3011,今皓,電子零組件業,12,11.451,10.528,9.755,11.224,9028.809,7201.196,4478.339,25.0,66.667,11.451206028110862,10.528386985313876,9.755087112353173,11.22356442689572,9028.80886225328,7201.195880166107,4478.338737274962,25.0,66.66666666666666,12,0,"(0, 1, 1)","(0, 1, 1, 12)",-35.680832261588925,0.7812212000135332
6242,立康,生技醫療業,12,11.453,12.559,10.735,12.557,6867.543,5623.311,1927.363,25.0,58.333,11.452596791970096,12.558870063387753,10.735021039208515,12.557432425039774,6867.543205846588,5623.310919333257,1927.3634264416876,25.0,58.333333333333336,12,0,"(1, 1, 1)","(0, 1, 1, 12)",10.783053771854528,1.2290916999336332
4401,東隆興,紡織纖維,12,11.46,11.82,9.512,11.901,44744.974,37196.858,4329.262,41.667,75.0,11.459599729104504,11.819900809340005,9.511508341317928,11.901160000366128,44744.974165972366,37196.85800569692,4329.26244480054,41.66666666666667,75.0,12,0,"(0, 1, 1)","(0, 1, 1, 12)",-21.221977132030588,0.6753509000409395
2316,楠梓電,電子零組件業,12,11.466,12.036,10.312,11.615,47407.763,35801.267,-14225.384,66.667,91.667,11.465599262090553,12.036459030975923,10.311629651441601,11.615025442800759,47407.76318124776,35801.26681321539,-14225.384317555106,66.66666666666666,91.66666666666666,12,0,"(1, 1, 0)","(0, 1, 1, 12)",-26.239046755038395,0.8363848000299186
8477,創業家,數位雲端類,12,11.478,11.181,12.06,11.631,4799.62,3967.863,1559.605,41.667,58.333,11.478373277536571,11.181401170890926,12.060174378856162,11.631481509100801,4799.620366378709,3967.863205200971,1559.6052380438568,41.66666666666667,58.333333333333336,12,0,"(1, 1, 0)","(0, 1, 1, 12)",-38.42000797833849,1.3452403000555933
1718,中纖,化學生技醫療,12,11.484,11.434,9.726,12.482,529484.004,438388.249,317216.356,25.0,66.667,11.483895816705992,11.433708272273794,9.726437224270738,12.481778408963033,529484.003868293,438388.2485887024,317216.3558827844,25.0,66.66666666666666,12,0,"(0, 1, 1)","(1, 1, 0, 12)",-36.082992968755846,0.6557884998619556
4958,臻鼎-KY,電子工業,12,11.485,11.637,8.53,11.559,2016536.566,1746861.884,-108799.561,58.333,83.333,11.484854564377752,11.637387269557037,8.530340668737683,11.559035616159207,2016536.565838229,1746861.8837955182,-108799.56115264368,58.333333333333336,83.33333333333334,12,0,"(1, 1, 1)","(0, 1, 1, 12)",-24.743890224265076,3.0931124999187887
6590,普鴻,資訊服務業,12,11.491,11.215,12.023,11.276,7899.877,6355.602,-880.727,66.667,41.667,11.490718285480824,11.215355284256374,12.023112392005181,11.27591148721196,7899.876619680118,6355.602464086584,-880.7268685569574,66.66666666666666,41.66666666666667,12,0,"(0, 1, 1)","(1, 1, 0, 12)",-38.34743291423121,0.5984769999049604
6796,晉弘,生技醫療業,12,11.496,11.66,10.863,11.536,7445.5,6336.218,-1134.332,58.333,66.667,11.496202709594455,11.660220776141866,10.863236821151903,11.536113547566597,7445.500423524406,6336.218344913305,-1134.3322558190976,58.333333333333336,66.66666666666666,12,0,"(0, 1, 1)","(1, 1, 0, 12)",9.097090810546682,0.5660114998463541
2064,晉椿,鋼鐵工業,12,11.5,11.286,11.168,11.491,18353.683,15150.397,1036.073,50.0,83.333,11.499650484729093,11.286201584405797,11.168111957325872,11.4914703267646,18353.68282167332,15150.396608905685,1036.0731497725221,50.0,83.33333333333334,12,0,"(0, 1, 1)","(0, 1, 1, 12)",-33.753276297929375,0.6660227000247687
3178,公準,半導體業,12,11.502,11.248,11.614,11.65,15144.298,12045.074,4857.088,25.0,58.333,11.501796402787829,11.247671292815443,11.614258894163012,11.649833959962015,15144.297795006738,12045.074171043176,4857.087713973419,25.0,58.333333333333336,12,0,"(0, 1, 1)","(0, 1, 1, 12)",-21.831307582201383,1.080929100047797
2420,新巨,電子零組件業,12,11.514,11.332,8.534,11.922,27395.724,20830.539,6305.487,50.0,66.667,11.513928623798057,11.331643765759885,8.533625672692272,11.921725561767794,27395.723826889956,20830.539109030495,6305.487079526091,50.0,66.66666666666666,12,0,"(0, 1, 1)","(0, 1, 0, 12)",-69.19107395491227,0.3869368999730795
6237,驊訊,半導體業,12,11.529,12.108,8.16,11.808,7110.495,4815.144,-647.335,41.667,91.667,11.52888275310186,12.108238818111538,8.159939253651272,11.808331971132406,7110.495214746892,4815.143563258228,-647.335447705881,41.66666666666667,91.66666666666666,12,0,"(1, 1, 0)","(0, 1, 1, 12)",21.31988423669357,1.05247569992207
5276,達輝-KY,其他,12,11.529,11.129,9.573,11.882,10744.332,8796.301,5234.339,33.333,83.333,11.529013476356594,11.128799226233001,9.572795747859182,11.882134743635572,10744.332284141472,8796.30101956702,5234.338759132048,33.33333333333333,83.33333333333334,12,0,"(1, 1, 1)","(0, 1, 1, 12)",46.55755879572602,1.3200569001492113
3081,聯亞,通信網路業,12,11.529,14.051,8.058,12.744,26740.255,21164.405,-13798.539,83.333,41.667,11.52943188622123,14.051206242275777,8.057570487744709,12.744311401433517,26740.255081678515,21164.40517205802,-13798.539010776869,83.33333333333334,41.66666666666667,12,0,"(1, 1, 0)","(0, 1, 1, 12)",11.336133961159934,2.2469889998901635
1455,集盛,紡織纖維,12,11.535,10.473,10.487,10.725,74161.45,59617.589,28016.764,16.667,41.667,11.534523687464194,10.472801880141823,10.487462402292728,10.724860447574748,74161.45035202726,59617.58904570732,28016.764372126006,16.666666666666664,41.66666666666667,12,0,"(1, 1, 1)","(0, 1, 1, 12)",-39.333063960415366,2.6138631999492645
4440,宜新實業,紡織纖維,12,11.54,11.468,10.934,11.122,12246.546,10282.706,-2287.876,50.0,75.0,11.540236243975743,11.467739517722919,10.933998647729968,11.122068446509644,12246.54582772322,10282.706317333243,-2287.8757537648253,50.0,75.0,12,0,"(1, 1, 0)","(0, 1, 1, 12)",-39.442926950498745,1.0191065000835806
2516,新建,建材營造,12,11.547,12.048,9.539,11.872,119275.973,99521.643,5787.887,33.333,75.0,11.546570577418313,12.048415961987894,9.538887424882125,11.872055264503823,119275.97343444706,99521.64303663936,5787.886960487512,33.33333333333333,75.0,12,0,"(0, 1, 1)","(0, 1, 1, 12)",-6.997959736554105,0.5893290999811143
5880,合庫金,金融保險,12,11.548,11.622,11.639,11.426,804344.183,710430.373,-248318.373,66.667,66.667,11.548438821453365,11.62227004840699,11.638851532009165,11.425618427024773,804344.1830045733,710430.37304503,-248318.37281838516,66.66666666666666,66.66666666666666,12,0,"(0, 1, 1)","(0, 1, 0, 12)",-66.48213133545703,0.5904908999800682
2474,可成,電子工業,12,11.577,11.844,10.418,11.937,222164.463,179786.335,37332.554,50.0,41.667,11.577280909606072,11.843980557736945,10.418009431988974,11.936977045482104,222164.46347809865,179786.3352017546,37332.553884500165,50.0,41.66666666666667,12,0,"(0, 1, 1)","(0, 1, 1, 12)",20.0146759106993,0.5831760000437498
3591,艾笛森,電子工業,12,11.598,11.154,11.364,11.726,24908.907,22305.922,13279.862,25.0,41.667,11.598417455470978,11.15396729308523,11.36416803894736,11.72615089899965,24908.90651314486,22305.92180479571,13279.862107270497,25.0,41.66666666666667,12,0,"(0, 1, 1)","(0, 1, 1, 12)",-73.35055472769629,0.876913599902764
8440,綠電,綠能環保類,12,11.61,11.51,12.056,12.204,10091.411,8831.052,6519.637,8.333,50.0,11.610193568120206,11.509635517698708,12.055778879913124,12.204326356113652,10091.410614364131,8831.051858557965,6519.637338758788,8.333333333333332,50.0,12,0,"(0, 1, 1)","(0, 1, 1, 12)",-79.78858488250296,1.0421021999791265
3006,晶豪科,電子工業,12,11.611,10.225,6.708,9.338,253894.888,141025.787,-98519.924,66.667,41.667,11.610824225242297,10.225384956999095,6.708499652041342,9.338191479125179,253894.88848686407,141025.78704062017,-98519.92397613665,66.66666666666666,41.66666666666667,12,0,"(1, 1, 0)","(0, 1, 1, 12)",-62.229016180298615,0.7907026999164373
8416,實威,資訊服務業,12,11.617,12.955,6.517,11.637,22314.512,16413.745,-10322.651,50.0,75.0,11.617108746941744,12.955317989719841,6.517367769897267,11.637323856163333,22314.51156413931,16413.7451820863,-10322.651190404182,50.0,75.0,12,0,"(1, 1, 1)","(1, 1, 0, 12)",-45.95113488164416,1.025274199899286
6245,立端,通信網路業,12,11.631,11.556,7.892,12.051,91760.924,69667.623,7085.913,41.667,75.0,11.630962360566727,11.555912591346562,7.892439357585168,12.05097903132483,91760.92419642981,69667.62297075427,7085.912906988199,41.66666666666667,75.0,12,0,"(1, 1, 0)","(0, 1, 1, 12)",-32.33989245848848,0.8393165001180023
1735,日勝化,化學生技醫療,12,11.654,11.134,8.208,11.345,27448.575,22369.827,5805.734,33.333,58.333,11.653530942504302,11.133668391034913,8.207626683357397,11.344788294610915,27448.57530526339,22369.826658957696,5805.7344766636115,33.33333333333333,58.333333333333336,12,0,"(0, 1, 1)","(0, 1, 1, 12)",-26.89927909832925,0.6665072001051158
1752,南光,生技醫療業,12,11.654,11.548,9.975,11.995,24391.398,20998.37,8556.396,33.333,58.333,11.6537941787013,11.548389379495923,9.974806710636278,11.994568829345724,24391.398189432235,20998.36961790264,8556.395582311108,33.33333333333333,58.333333333333336,12,0,"(0, 1, 1)","(0, 1, 1, 12)",-37.7992515430343,0.8608844999689609
3717,聯嘉投控,汽車工業,5,11.669,11.788,10.272,12.052,61119.286,59325.25,6354.25,50.0,0.0,11.668901598578692,11.787678930731609,10.272352783482981,12.051827344006105,61119.285959916124,59325.25,6354.25,50.0,0.0,0,12,,,,0.0157807001378387
1536,和大,汽車工業,12,11.671,11.746,9.152,11.629,58461.752,46321.13,-3952.681,58.333,58.333,11.670863040159004,11.746011818093393,9.15153134669929,11.629339791398436,58461.7523518314,46321.13021755428,-3952.680979888857,58.333333333333336,58.333333333333336,12,0,"(1, 1, 0)","(0, 1, 1, 12)",-18.404270223865137,0.7382485000416636
2467,志聖,電子零組件業,12,11.672,12.01,8.479,11.632,70100.291,59355.103,-21213.807,66.667,66.667,11.672292024683069,12.009915463832092,8.479295382728688,11.631754882024934,70100.29145701282,59355.10288965658,-21213.806656988338,66.66666666666666,66.66666666666666,12,0,"(0, 1, 1)","(0, 1, 1, 12)",-6.565291596598319,0.7342755999416113
4417,金洲,紡織纖維,12,11.681,11.638,10.208,11.966,44251.498,33983.39,4377.101,50.0,75.0,11.681241727452809,11.637531645199871,10.2079211136488,11.96614905978163,44251.49762626436,33983.38966765322,4377.10126246804,50.0,75.0,12,0,"(0, 1, 1)","(0, 1, 1, 12)",5.875730702823294,0.6390438999515027
2884,玉山金,金融保險,12,11.687,12.475,8.918,11.634,1121018.674,893786.346,-295416.942,58.333,41.667,11.687079053045208,12.475355280104784,8.917975893221339,11.633914048651368,1121018.674183461,893786.346063957,-295416.9419773293,58.333333333333336,41.66666666666667,12,0,"(0, 1, 1)","(0, 1, 0, 12)",-41.58558161600838,0.4725040001794696
1443,立益物流,其他,12,11.69,11.451,11.725,11.677,11219.099,9562.002,2145.895,41.667,33.333,11.690215790596827,11.4510244724144,11.72499560043197,11.676835699966436,11219.099213752865,9562.002264072184,2145.894879966561,41.66666666666667,33.33333333333333,12,0,"(0, 1, 1)","(0, 1, 1, 12)",-24.84720806098503,0.7238842998631299
2643,捷迅,航運業,12,11.691,13.01,6.384,12.459,113946.452,81827.216,-8491.654,33.333,50.0,11.691383765440436,13.010298542159845,6.383663595005827,12.45922734444435,113946.45206133433,81827.21554873325,-8491.654354000062,33.33333333333333,50.0,12,0,"(1, 1, 0)","(0, 1, 1, 12)",-8.8951857176296,0.7649890000466257
5489,彩富,其他電子類,12,11.691,11.615,8.651,11.205,22557.065,16444.531,-2696.591,50.0,50.0,11.691491472390265,11.61538419005565,8.650643438121367,11.205423080538445,22557.064652794157,16444.530929756682,-2696.5908600211274,50.0,50.0,12,0,"(0, 1, 1)","(0, 1, 1, 12)",-48.27270201135943,0.9087385998573154
2324,仁寶,電腦及週邊設備業,12,11.693,11.724,10.985,11.975,9071608.543,7381038.381,2553292.119,33.333,66.667,11.69253294117125,11.723679669995485,10.9850925569633,11.974908294587346,9071608.542574437,7381038.380534537,2553292.1194413253,33.33333333333333,66.66666666666666,12,0,"(0, 1, 1)","(0, 1, 1, 12)",-23.698689095798365,0.7780200000852346
2360,致茂,電子工業,12,11.697,11.751,12.278,11.118,365092.05,275951.935,-173799.316,66.667,75.0,11.69662259036001,11.750692316118156,12.277654172946074,11.118268949113567,365092.0502092972,275951.93489601155,-173799.31643652677,66.66666666666666,75.0,12,0,"(1, 1, 1)","(0, 1, 1, 12)",-29.50149632851381,1.3399955001659691
9935,慶豐富,居家生活,12,11.7,11.798,11.666,11.888,57977.769,48179.896,7543.036,50.0,66.667,11.69995441899468,11.79830939216408,11.66610514794672,11.888009468169917,57977.76890224887,48179.895549433255,7543.035713518261,50.0,66.66666666666666,12,0,"(0, 1, 1)","(0, 1, 1, 12)",-19.324922838707423,1.968516599852592
1419,新紡,紡織纖維,12,11.71,11.65,11.778,11.841,53239.811,46187.838,2656.622,41.667,91.667,11.709942296659513,11.650167310669042,11.778365990247988,11.841080335460553,53239.81089859483,46187.83766584203,2656.6220547672324,41.66666666666667,91.66666666666666,12,0,"(0, 1, 1)","(0, 1, 1, 12)",-26.102090816212424,0.9167607000563294
4556,旭然,其他,12,11.71,11.342,8.694,11.356,8783.874,6585.884,1329.12,25.0,58.333,11.710338152753097,11.342209155916025,8.694022730680478,11.35583393519825,8783.873651816704,6585.884418493214,1329.119725506852,25.0,58.333333333333336,12,0,"(1, 1, 1)","(0, 1, 1, 12)",-25.4838468744232,0.9701827999670058
6982,大井泵浦,電機機械,12,11.717,11.889,10.17,12.326,19175.868,15794.25,-810.75,66.667,25.0,11.717143116794318,11.888716242403857,10.170025020313387,12.32625202628136,19175.86820502964,15794.25,-810.75,66.66666666666666,25.0,0,12,,,,0.0168723000679165
3094,聯傑,半導體業,12,11.723,11.357,9.369,11.745,2332.923,1834.215,256.659,58.333,75.0,11.723032671535263,11.356959532846018,9.368876810651935,11.745379786057219,2332.922761457108,1834.2149993700862,256.65854927646205,58.333333333333336,75.0,12,0,"(0, 1, 1)","(0, 1, 1, 12)",-19.17294802917857,1.111659900052473
1451,年興,紡織纖維,12,11.747,12.045,11.298,11.718,71767.753,61290.51,-14151.392,58.333,75.0,11.746707224943002,12.045136197274182,11.29820191849102,11.718233129321675,71767.75347398654,61290.51040882716,-14151.39227188382,58.333333333333336,75.0,12,0,"(0, 1, 1)","(0, 1, 1, 12)",4.873112334413831,0.5748885001521558
6426,統新,通信網路業,12,11.75,12.816,10.608,12.188,5999.419,4771.775,-1276.39,58.333,41.667,11.750487779828783,12.816304943007278,10.608029831468228,12.188313502293537,5999.418640554759,4771.77516665697,-1276.3896776482507,58.333333333333336,41.66666666666667,12,0,"(1, 1, 0)","(0, 1, 1, 12)",2.155192334177704,2.0601268000900745
3594,磐儀,電腦及週邊設備業,12,11.756,10.644,7.698,11.462,27888.199,19799.874,11060.042,50.0,66.667,11.75597542106588,10.644248723293497,7.697669122416271,11.461995660498124,27888.199157702125,19799.874246529813,11060.042375814757,50.0,66.66666666666666,12,0,"(0, 1, 1)","(0, 1, 0, 12)",-55.68936193629628,0.4032735000364482
2248,華勝-KY,汽車工業,12,11.765,11.446,10.339,11.07,26580.563,20306.455,-7510.455,54.545,0.0,11.765353435702739,11.44594597077327,10.339237369613052,11.070316909429113,26580.562756543466,20306.454545454544,-7510.454545454545,54.54545454545454,0.0,0,12,,,,0.017515999963507
5243,乙盛-KY,電子工業,12,11.774,11.366,9.552,11.69,145714.208,117742.683,35947.786,33.333,58.333,11.773563882268322,11.365884930508068,9.55226880081442,11.690215477206873,145714.20830989865,117742.6833384061,35947.785970354016,33.33333333333333,58.333333333333336,12,0,"(0, 1, 1)","(1, 1, 0, 12)",-39.1703936654959,0.6438595000654459
3530,晶相光,電子工業,12,11.783,12.898,12.42,12.666,22548.43,18119.075,-5794.602,58.333,75.0,11.782573562099834,12.89772985268057,12.420032358642363,12.66616013835,22548.429991873505,18119.074704004994,-5794.601881194564,58.333333333333336,75.0,12,0,"(0, 1, 1)","(0, 1, 1, 12)",3.852972239732897,0.8869407000020146
2065,世豐,鋼鐵工業,12,11.792,10.656,6.272,11.033,30984.675,20366.472,1993.554,50.0,33.333,11.792431261390833,10.656435066443484,6.2716133600401776,11.03338069823415,30984.674949614047,20366.47218292288,1993.5539563156733,50.0,33.33333333333333,12,0,"(1, 1, 1)","(0, 1, 1, 12)",-50.826078595908974,1.2656237001065165
6243,迅杰,半導體業,12,11.797,12.115,8.517,13.228,7492.771,6173.348,4250.648,25.0,58.333,11.796506729253817,12.114896590886737,8.516731146880453,13.227781243236455,7492.770624747392,6173.3479015531075,4250.648215437812,25.0,58.333333333333336,12,0,"(0, 1, 1)","(0, 1, 1, 12)",-8.08734989945896,1.0680129998363554
4532,瑞智,電機機械,12,11.799,10.379,6.975,11.094,282347.826,200328.06,59679.775,41.667,66.667,11.79907744375846,10.378871017776566,6.974587862460114,11.094018967354192,282347.8261711071,200328.06024694446,59679.77471182288,41.66666666666667,66.66666666666666,12,0,"(0, 1, 1)","(0, 1, 1, 12)",-54.63245327516127,0.7273368998430669
3095,及成,通信網路業,12,11.811,11.806,13.341,11.834,7139.013,6074.537,-325.738,58.333,50.0,11.810697639368616,11.805706579434732,13.341106528768549,11.834118584765681,7139.013076501769,6074.537063368264,-325.7383461446631,58.333333333333336,50.0,12,0,"(0, 1, 1)","(0, 1, 1, 12)",-18.268322243761887,1.1317443998996168
3032,偉訓,電子零組件業,12,11.82,12.092,10.047,11.349,160041.18,109700.665,-25033.362,50.0,66.667,11.819891023295634,12.09242589232101,10.046736180688356,11.34945410161268,160041.1803663361,109700.66468484561,-25033.36215526107,50.0,66.66666666666666,12,0,"(0, 1, 1)","(1, 1, 0, 12)",-49.3322028280997,0.5817199000157416
5245,智晶,光電業,12,11.826,11.388,9.17,12.133,9694.523,7645.483,1737.293,58.333,58.333,11.826279156996792,11.388269002192247,9.169712519619127,12.132551410820867,9694.523128089786,7645.482515113178,1737.292901422538,58.333333333333336,58.333333333333336,12,0,"(0, 1, 1)","(0, 1, 1, 12)",-43.10253910977236,0.7925946000032127
2029,盛餘,鋼鐵工業,12,11.835,12.069,8.687,13.44,172783.414,130878.802,71036.985,33.333,58.333,11.834516209737634,12.06898410890544,8.686836885481867,13.440085271213068,172783.41388270672,130878.80235220423,71036.98539654106,33.33333333333333,58.333333333333336,12,0,"(0, 1, 1)","(0, 1, 1, 12)",-22.2366124230418,0.7452163000125438
3632,研勤,通信網路業,12,11.891,11.799,9.115,12.143,3318.651,2617.742,-70.884,58.333,91.667,11.89107977174678,11.799144790204563,9.114871530016345,12.142712915193306,3318.651170922673,2617.7419378849086,-70.88406078860073,58.333333333333336,91.66666666666666,12,0,"(0, 1, 1)","(0, 1, 1, 12)",20.68055574409157,0.7501267001498491
5014,建錩,鋼鐵工業,12,11.898,12.41,10.922,13.057,187729.184,148257.663,31548.14,50.0,66.667,11.897869229723378,12.409898843451622,10.921728555897237,13.057188506965286,187729.18397431207,148257.6629401088,31548.140012736752,50.0,66.66666666666666,12,0,"(0, 1, 1)","(0, 1, 1, 12)",1.0988358017609707,0.7353262999095023
8271,宇瞻,電子工業,12,11.898,12.334,10.652,11.762,127494.885,110293.469,-57101.155,66.667,41.667,11.898316646947894,12.334085354026367,10.652166033288852,11.761897362896045,127494.8850826766,110293.46887271346,-57101.154876337045,66.66666666666666,41.66666666666667,12,0,"(1, 1, 1)","(0, 1, 1, 12)",-48.06517095551542,1.5741218000184745
6526,達發,半導體業,12,11.901,13.299,9.122,11.857,283332.6,207534.167,-150340.833,58.333,41.667,11.900921309392366,13.298809206507409,9.122412094125695,11.85699900034546,283332.5995963048,207534.16666666666,-150340.83333333334,58.333333333333336,41.66666666666667,0,12,,,,0.0219306999351829
6509,聚和,化學工業,12,11.908,11.97,13.171,12.266,56288.332,48399.413,8765.71,41.667,66.667,11.908471630291583,11.970462565573921,13.171193510522187,12.266252840334973,56288.3323866075,48399.41269619326,8765.710225393239,41.66666666666667,66.66666666666666,12,0,"(0, 1, 1)","(0, 1, 1, 12)",-64.40825117626932,1.0591428000479937
6288,聯嘉,汽車工業,7,11.915,12.203,13.871,12.136,60314.6,55252.932,-343.366,42.857,57.143,11.91468718493746,12.20262560128502,13.871241361934755,12.136192840178325,60314.59970237702,55252.93205768528,-343.3659837094518,42.857142857142854,57.14285714285714,8,4,"(1, 1, 1)","(0, 1, 1, 12)",-3.932322996835225,0.9199566000606864
6570,維田,電腦及週邊設備業,12,11.94,12.464,7.088,12.71,12232.78,9113.295,-1188.174,58.333,66.667,11.93994909904235,12.463722372283929,7.0884257942042925,12.71026237342762,12232.780399463749,9113.295499292648,-1188.1744178703236,58.333333333333336,66.66666666666666,12,0,"(1, 1, 1)","(0, 1, 1, 12)",-35.18929167094529,1.44214230007492
1783,和康生,生技醫療業,12,11.945,12.51,10.938,12.069,10019.463,8078.277,-2835.969,50.0,75.0,11.944754270485175,12.509856873652847,10.938218506317947,12.069437097009862,10019.463061741963,8078.277128976692,-2835.969389947464,50.0,75.0,12,0,"(0, 1, 1)","(0, 1, 1, 12)",-4.984962145266552,0.7019476001150906
5228,鈺鎧,電子零組件業,12,11.951,12.955,9.937,12.148,6898.83,5394.359,-2415.457,75.0,33.333,11.95055002169824,12.954771453196715,9.937030890886506,12.147533163297458,6898.830255270832,5394.358774294368,-2415.4567368122057,75.0,33.33333333333333,12,0,"(1, 1, 0)","(0, 1, 1, 12)",-23.495436844548937,0.7149752001278102
5464,霖宏,電子零組件業,12,11.951,11.662,10.413,11.847,12114.918,9699.878,390.87,50.0,66.667,11.951439709849206,11.66158687207262,10.412894505598896,11.847061006678397,12114.918383372993,9699.87810431144,390.86950514723503,50.0,66.66666666666666,12,0,"(1, 1, 1)","(0, 1, 1, 12)",-2.035240500997892,1.1331851000431925
5225,東科-KY,電子工業,12,11.955,11.673,8.617,13.026,149490.254,109982.088,94357.106,25.0,75.0,11.95520067277092,11.672862731214325,8.617424014567392,13.025811725247591,149490.25388677034,109982.08776783508,94357.10618900531,25.0,75.0,12,0,"(1, 1, 1)","(0, 1, 1, 12)",-5.421954998975,1.3639819000381976
2104,國際中橡,橡膠工業,12,11.992,11.809,12.04,12.307,179911.954,153243.52,36218.504,41.667,100.0,11.99217367949037,11.808853871551474,12.039887246418688,12.307267954360789,179911.95355523776,153243.52036551185,36218.503858630276,41.66666666666667,100.0,12,0,"(0, 1, 1)","(0, 1, 1, 12)",13.025250489936164,0.5556091000325978
8930,青鋼,鋼鐵工業,12,12.007,12.176,11.572,12.797,16824.142,14221.723,7544.048,33.333,66.667,12.006925287346924,12.17590380524649,11.57166526105487,12.797041199855913,16824.142068784753,14221.722725850937,7544.048068185949,33.33333333333333,66.66666666666666,12,0,"(0, 1, 1)","(0, 1, 1, 12)",-44.09514393887063,0.8666756998281926
6201,元大富櫃50,上櫃ETF,12,12.027,12.103,10.11,13.118,44208.204,33344.812,15215.215,58.333,83.333,12.026976429747073,12.103171373781864,10.110152640631517,13.118471741804171,44208.203885905736,33344.812196434475,15215.214936246251,58.333333333333336,83.33333333333334,12,0,"(0, 1, 1)","(0, 1, 1, 12)",1.041293040362854,0.7765682002063841
3416,融程電,電腦及週邊設備業,12,12.031,12.232,13.261,11.731,45701.019,36500.373,-15240.007,58.333,66.667,12.031050693602651,12.232456812597862,13.260744444406658,11.730835426682768,45701.01889092061,36500.37306915967,-15240.007162283657,58.333333333333336,66.66666666666666,12,0,"(0, 1, 1)","(0, 1, 1, 12)",-24.402054338946545,0.8965922000352293
4987,科誠,電腦及週邊設備業,12,12.035,12.718,8.698,13.084,15743.875,13464.15,-185.009,50.0,58.333,12.035047842964767,12.718406116348547,8.6976903038065,13.083939266254738,15743.875157782924,13464.149599077617,-185.0090141085178,50.0,58.333333333333336,12,0,"(0, 1, 1)","(0, 1, 1, 12)",-37.240254391286776,0.8288439000025392
3312,弘憶股,電子通路業,12,12.036,12.4,10.096,12.165,252689.668,210779.469,-4670.404,50.0,50.0,12.035601494468253,12.399902523334049,10.096298117567432,12.164990357257883,252689.6677791915,210779.4689132867,-4670.404466280888,50.0,50.0,12,0,"(1, 1, 0)","(0, 1, 1, 12)",-52.60224777865568,0.7626487000379711
5426,振發,電腦及週邊設備業,12,12.043,12.148,8.076,12.788,22647.97,17635.796,5115.204,41.667,66.667,12.043367915226675,12.147517794824768,8.076067294615672,12.788478379511275,22647.970350432082,17635.796131921543,5115.203615794554,41.66666666666667,66.66666666666666,12,0,"(0, 1, 1)","(0, 1, 1, 12)",-28.63377288317603,1.1001066998578608
6144,得利影,文化創意業,12,12.051,12.012,14.016,11.741,2122.768,1734.603,-419.364,50.0,50.0,12.051225541552009,12.011857612557268,14.015665151969653,11.74070174462098,2122.768313705349,1734.6031910112397,-419.3636405048064,50.0,50.0,12,0,"(0, 1, 1)","(0, 1, 1, 12)",-41.27875542988105,0.7765153001528233
3483,力致,電腦及週邊設備業,12,12.07,12.727,12.431,12.868,115099.021,90552.741,16509.857,50.0,75.0,12.06957633831635,12.727461688235758,12.43144037675063,12.867593554025305,115099.02077226315,90552.74076875928,16509.857008775667,50.0,75.0,12,0,"(0, 1, 1)","(0, 1, 1, 12)",-37.40696427389971,0.8870592000894248
5263,智崴,文化創意業,12,12.077,12.185,6.777,13.516,20152.738,13616.439,2339.353,58.333,58.333,12.077003444703955,12.185083687753139,6.777435849177689,13.516186512338704,20152.738465533257,13616.438945461292,2339.353165599388,58.333333333333336,58.333333333333336,12,0,"(0, 1, 1)","(0, 1, 1, 12)",-37.68024729367655,1.0034757000394166
2634,漢翔,航運業,12,12.08,11.909,9.226,12.556,487028.734,356882.482,5247.49,50.0,66.667,12.079922367849152,11.908652660939994,9.22612670712199,12.556070883447559,487028.73400370823,356882.4818124133,5247.4901537018595,50.0,66.66666666666666,12,0,"(1, 1, 0)","(0, 1, 1, 12)",-32.5932018716188,0.7048211998771876
4554,橙的,其他電子類,12,12.084,11.897,10.423,12.999,7145.77,4965.195,953.146,41.667,66.667,12.083951171001562,11.897469875468488,10.422914656213939,12.998737395648755,7145.769684568881,4965.194836571451,953.1458698044656,41.66666666666667,66.66666666666666,12,0,"(1, 1, 0)","(0, 1, 1, 12)",-30.948930702237547,0.7161581998225302
4153,鈺緯,生技醫療業,12,12.091,11.812,11.066,11.869,10446.866,8754.588,-555.49,50.0,66.667,12.091415223849967,11.81153522506857,11.066306724063288,11.86896715685946,10446.865657717784,8754.587669241506,-555.4900793277611,50.0,66.66666666666666,12,0,"(0, 1, 1)","(0, 1, 1, 12)",-9.878817258542174,0.8106940998695791
1342,八貫,其他,12,12.092,11.866,6.936,11.537,39503.084,28809.148,-10317.613,58.333,83.333,12.09180888127676,11.866276225477169,6.935723090553799,11.536748300734267,39503.08362565218,28809.147796445326,-10317.612798360555,58.333333333333336,83.33333333333334,12,0,"(0, 1, 1)","(1, 1, 0, 12)",-19.76387170786131,0.6302859000861645
6226,光鼎,電子工業,12,12.105,11.553,6.407,12.038,8119.311,6145.662,1779.015,50.0,83.333,12.104789880267388,11.55295427985859,6.406673194134531,12.038463816390752,8119.311250770765,6145.662346161153,1779.0145026675054,50.0,83.33333333333334,12,0,"(0, 1, 1)","(0, 1, 1, 12)",13.64560044009335,0.7334649001713842
3705,永信,生技醫療業,12,12.109,11.649,9.526,12.094,110332.342,84458.669,28506.205,41.667,50.0,12.109154522327358,11.648738791986888,9.525915453443053,12.09439905889796,110332.34189688312,84458.66859731422,28506.20463471951,41.66666666666667,50.0,12,0,"(0, 1, 1)","(0, 1, 0, 12)",-60.35376350576249,0.3744590999558568
6703,軒郁,生技醫療業,12,12.123,12.603,11.505,12.76,37348.945,33205.195,-2032.757,50.0,75.0,12.123075640030647,12.60308394668044,11.504725874667484,12.760161868401513,37348.945045411616,33205.19510111124,-2032.7569438169692,50.0,75.0,12,0,"(0, 1, 1)","(0, 1, 1, 12)",-45.66363364695645,1.4344324001576751
2417,圓剛,電腦及週邊設備業,12,12.166,11.938,10.197,11.498,45328.747,34181.715,-8264.521,50.0,50.0,12.165584942307577,11.937511784937891,10.197119924463692,11.498104971016385,45328.74718153726,34181.714978313765,-8264.520945575796,50.0,50.0,12,0,"(1, 1, 1)","(0, 1, 1, 12)",-37.02966134138792,1.7198501999955624
3374,精材,半導體業,12,12.184,12.695,8.857,12.844,83438.043,73493.085,-2659.629,50.0,58.333,12.183622845269335,12.694502366018897,8.857309759086977,12.843538075424396,83438.0429714297,73493.0851904251,-2659.628623907265,50.0,58.333333333333336,12,0,"(0, 1, 1)","(0, 1, 1, 12)",-49.59973529568965,0.8091939000878483
2312,金寶,電子工業,12,12.207,11.882,10.379,11.674,2313076.504,1659782.932,-40252.608,25.0,66.667,12.207165417800333,11.882386688511982,10.379294837535644,11.673844797413661,2313076.5038400143,1659782.9316447936,-40252.607719051804,25.0,66.66666666666666,12,0,"(0, 1, 1)","(0, 1, 1, 12)",-51.24091052172344,0.7655183000024408
6266,泰詠,電子零組件業,12,12.214,12.647,11.283,12.834,40777.545,34612.934,-2974.223,58.333,50.0,12.214023193476969,12.64651976360112,11.28264673016506,12.834303916774253,40777.54534632292,34612.933550593254,-2974.223109423486,58.333333333333336,50.0,12,0,"(1, 1, 0)","(0, 1, 1, 12)",-24.879615654399664,0.9579087998718024
2543,皇昌,建材營造,12,12.235,12.101,11.157,12.801,140774.909,120696.549,38043.805,33.333,83.333,12.234839550136096,12.100719680121298,11.156920162181011,12.801374587587834,140774.90923480922,120696.54942229782,38043.805201747244,33.33333333333333,83.33333333333334,12,0,"(1, 1, 1)","(0, 1, 1, 12)",-28.38770439057972,0.9590904999058694
2484,希華,電子零組件業,12,12.294,12.369,9.773,12.61,31033.949,24688.521,-762.373,50.0,66.667,12.293799694585246,12.369400733062669,9.772562810729523,12.610039891527608,31033.949004379334,24688.52123982996,-762.3730546931887,50.0,66.66666666666666,12,0,"(1, 1, 0)","(0, 1, 0, 12)",-91.90494947719068,0.3895759000442922
6762,達亞,生技醫療業,12,12.296,11.766,9.589,12.39,8924.529,7112.959,2162.821,50.0,41.667,12.296336749442139,11.766236584921822,9.588903921123965,12.390045376525261,8924.529110290609,7112.959449976882,2162.821291109636,50.0,41.66666666666667,12,0,"(1, 1, 0)","(0, 1, 1, 12)",-5.404984033325297,1.4032430001534522
3630,新鉅科,光電業,12,12.303,12.632,14.32,12.227,26739.084,23278.873,-8165.35,58.333,75.0,12.3031069719192,12.631997953466243,14.319635209054587,12.227471976793812,26739.083709276572,23278.872742994612,-8165.349566414581,58.333333333333336,75.0,12,0,"(1, 1, 1)","(0, 1, 1, 12)",-9.79195352243661,1.7495071000885218
2387,精元,電腦及週邊設備業,12,12.319,11.742,9.677,12.815,284147.771,193735.926,101728.682,25.0,75.0,12.318527542985933,11.74190405913858,9.676695898916638,12.815194898548727,284147.7709549976,193735.92584316913,101728.68186356623,25.0,75.0,12,0,"(1, 1, 1)","(0, 1, 1, 12)",-15.722410470416996,1.0416800000239164
1785,光洋科,其他電子類,12,12.355,13.011,10.994,12.633,478242.041,407294.873,-131684.46,58.333,75.0,12.355218459079062,13.011401112245233,10.994182177263289,12.633293996683722,478242.0408019603,407294.8730311557,-131684.45955330497,58.333333333333336,75.0,12,0,"(0, 1, 1)","(0, 1, 1, 12)",-27.42699242959324,0.7230116000864655
3272,東碩,電腦及週邊設備業,12,12.379,12.766,8.844,11.982,44683.542,30138.01,458.146,25.0,66.667,12.379005610280977,12.766015503139242,8.843666573801109,11.982048221819912,44683.54213253919,30138.009585494136,458.145891432956,25.0,66.66666666666666,12,0,"(0, 1, 1)","(0, 1, 1, 12)",52.13826024736883,0.6007147000636905
2611,志信,航運業,12,12.379,12.146,12.582,12.336,8236.519,6933.623,1208.823,50.0,58.333,12.379407025089078,12.14617748904483,12.582456534376687,12.336414506342537,8236.518682075855,6933.623345372224,1208.823318737579,50.0,58.333333333333336,12,0,"(1, 1, 1)","(0, 1, 0, 12)",-60.35145916469595,0.5294216999318451
6756,威鋒電子,電子工業,12,12.389,12.998,13.755,12.998,18871.195,16004.021,-863.749,50.0,75.0,12.389330377851401,12.99779410770863,13.754871928478538,12.998185164016455,18871.19540521412,16004.020760009364,-863.7488285243586,50.0,75.0,12,0,"(1, 1, 0)","(0, 1, 1, 12)",-25.03346915185609,1.193813599878922
3141,晶宏,半導體業,12,12.411,12.855,11.38,12.963,20684.072,16693.941,1872.109,50.0,50.0,12.410952014191412,12.854847337468142,11.38011610093741,12.963449693799568,20684.07163972027,16693.940526908835,1872.109070190426,50.0,50.0,12,0,"(1, 1, 0)","(0, 1, 1, 12)",-5.521498538661882,0.775277900043875
1519,華城,電機機械,12,12.418,13.746,13.77,13.785,309839.084,252745.486,136182.858,33.333,91.667,12.418371000107848,13.745588243037588,13.76990189672626,13.784824680672722,309839.0835270726,252745.4856523175,136182.85790066302,33.33333333333333,91.66666666666666,12,0,"(0, 1, 1)","(0, 1, 1, 12)",33.93935102444278,0.5953291999176145
2030,彰源,鋼鐵工業,12,12.43,12.067,11.19,12.078,122821.401,105126.464,27875.843,25.0,66.667,12.429590742221954,12.067042432636027,11.19039942843746,12.078156392895362,122821.401496849,105126.46432195831,27875.843320223106,25.0,66.66666666666666,12,0,"(0, 1, 1)","(0, 1, 1, 12)",-42.77805194310356,0.866557499859482
3338,泰碩,電子零組件業,12,12.444,12.526,11.493,12.244,47997.398,37550.083,9106.806,33.333,41.667,12.444083148614821,12.526079507296936,11.492723895584023,12.243851258593514,47997.39807729309,37550.08312136096,9106.806414956262,33.33333333333333,41.66666666666667,12,0,"(0, 1, 1)","(0, 1, 1, 12)",-26.221376495846336,0.902006900170818
3518,柏騰,電子工業,12,12.451,13.442,10.311,13.251,3838.988,3320.127,-11.841,50.0,58.333,12.450671092320578,13.44202152383129,10.310882882944744,13.250504039554315,3838.988267149969,3320.1270801559363,-11.840735268459715,50.0,58.333333333333336,12,0,"(0, 1, 1)","(0, 1, 1, 12)",12.626228394314838,0.7014302001334727
3504,揚明光,電子工業,12,12.472,12.926,11.152,12.503,34327.331,27942.755,-3982.751,58.333,58.333,12.471998772343678,12.925863278174212,11.15158811583955,12.502991497710347,34327.33123570525,27942.754536177363,-3982.7514553196816,58.333333333333336,58.333333333333336,12,0,"(0, 1, 1)","(0, 1, 1, 12)",-10.93823530585528,0.7550127999857068
2440,太空梭,電子零組件業,12,12.475,11.959,12.262,12.745,46544.365,36450.352,23789.539,25.0,58.333,12.475338964803855,11.958740467248465,12.262126869618134,12.745251957754691,46544.36519600443,36450.35182232167,23789.53934953982,25.0,58.333333333333336,12,0,"(0, 1, 1)","(0, 1, 1, 12)",14.231439072554195,0.5538482000119984
5351,鈺創,半導體業,12,12.476,12.619,11.239,11.997,52765.487,41967.829,-30112.364,75.0,50.0,12.475638443681419,12.619226191458868,11.238668788507312,11.99740276865649,52765.48676702012,41967.829400871524,-30112.36408014692,75.0,50.0,12,0,"(1, 1, 0)","(0, 1, 1, 12)",-47.21372710222423,1.0111670999322089
3704,合勤控,電子工業,12,12.481,12.008,12.148,12.62,316550.335,263096.145,120661.257,25.0,75.0,12.481238469616153,12.007928601789848,12.1477622639235,12.619928203566841,316550.33485702716,263096.14450973383,120661.25694281654,25.0,75.0,12,0,"(0, 1, 1)","(0, 1, 1, 12)",-20.53776108032505,0.760517599992454
6248,沛波,鋼鐵工業,12,12.484,11.409,10.094,12.469,100807.191,79880.454,79880.454,0.0,83.333,12.483908670665285,11.409314050963491,10.093564285662119,12.469180778306386,100807.19124533357,79880.45350675474,79880.45350675474,0.0,83.33333333333334,12,0,"(0, 1, 1)","(0, 1, 1, 12)",3.951064005108541,0.7925342000089586
2455,全新,電子工業,12,12.489,12.66,12.117,12.646,39883.987,35178.703,-4256.157,58.333,58.333,12.48895194388947,12.660135737775208,12.116650448147888,12.645732836959503,39883.98655886581,35178.70290872866,-4256.1569509241235,58.333333333333336,58.333333333333336,12,0,"(1, 1, 0)","(0, 1, 1, 12)",-32.97810689686389,0.742300899932161
6645,金萬林-創,生技醫療業,12,12.491,13.045,9.373,12.048,7239.451,5716.333,-3968.5,75.0,75.0,12.491372983918696,13.04547276134033,9.372670523112129,12.047571297217912,7239.451222295789,5716.333333333333,-3968.5,75.0,75.0,0,12,,,,0.023293700069189
2061,風青,電器電纜,12,12.522,12.633,12.029,12.848,14737.319,12574.06,3249.812,50.0,58.333,12.522395055678686,12.63303623977313,12.029203138540892,12.848127537183043,14737.319270411126,12574.060370612575,3249.8116648281816,50.0,58.333333333333336,12,0,"(0, 1, 1)","(0, 1, 1, 12)",-18.79056456017089,0.6116284001618624
6527,明達醫,生技醫療業,12,12.532,12.413,9.278,13.166,12921.442,9910.913,152.504,50.0,58.333,12.531592742269382,12.413327091467153,9.277672340573353,13.16553271167528,12921.442413301163,9910.912967048347,152.5040548445892,50.0,58.333333333333336,12,0,"(1, 1, 1)","(0, 1, 1, 12)",-2.957988113591409,1.0043949999380857
9802,富邦旗艦50,ETF,12,12.535,13.206,13.126,13.298,207432.869,180655.141,-1298.92,50.0,83.333,12.534881124903885,13.205845482303724,13.125886864714595,13.29843131663774,207432.86878872206,180655.14062819988,-1298.9203591434634,50.0,83.33333333333334,12,0,"(0, 1, 1)","(0, 1, 1, 12)",18.63679994244439,0.6760404000524431
7805,威聯通,數位雲端類,3,12.551,12.397,12.919,12.919,72067.073,69357.5,19575.5,50.0,0.0,12.550724506552905,12.396629688570057,12.919407127814042,12.919407127814042,72067.0729702546,69357.5,19575.5,50.0,0.0,0,12,,,,0.0166879000607877
5210,寶碩,資訊服務業,12,12.555,13.001,9.812,12.742,3975.205,2908.405,-979.58,41.667,91.667,12.554537227680246,13.00128828213991,9.811857421700855,12.742474900028952,3975.2054849382075,2908.405018393118,-979.580018935039,41.66666666666667,91.66666666666666,12,0,"(0, 1, 1)","(0, 1, 1, 12)",1.8264825037534247,0.7223565001040697
1234,黑松,食品工業,12,12.563,11.956,13.435,12.465,122495.181,99571.334,38225.637,41.667,83.333,12.562685759824872,11.95561792818233,13.434693152720731,12.465046809106916,122495.18081855091,99571.33435603674,38225.637271293584,41.66666666666667,83.33333333333334,12,0,"(1, 1, 1)","(0, 1, 0, 12)",-66.34797755721273,0.646540799876675
6616,特昇-KY,居家生活類,12,12.577,13.176,11.271,13.879,12787.209,10772.176,1486.077,50.0,75.0,12.577277338335376,13.175655454027888,11.270913953878955,13.878877260020644,12787.208871243562,10772.176013673035,1486.076823453365,50.0,75.0,12,0,"(1, 1, 1)","(0, 1, 1, 12)",66.82781973830454,0.7716369999106973
8383,千附,半導體業,12,12.599,12.152,9.798,11.856,44222.468,35260.364,-4307.756,41.667,66.667,12.59932041400586,12.15221310136904,9.798249498874606,11.855685307820607,44222.467927351136,35260.363615733695,-4307.756062053265,41.66666666666667,66.66666666666666,12,0,"(1, 1, 0)","(0, 1, 1, 12)",-14.354530684244171,0.7976486999541521
3294,英濟,電子零組件業,12,12.604,12.375,10.21,13.716,48065.161,37487.386,25972.479,25.0,83.333,12.604481058635628,12.375429745460647,10.210395350148174,13.715697236528943,48065.16071848532,37487.38625838841,25972.479296078123,25.0,83.33333333333334,12,0,"(0, 1, 1)","(0, 1, 1, 12)",21.511442249694703,0.7998297999147326
6546,正基,通信網路業,12,12.616,12.578,13.422,12.48,28640.364,24596.799,1415.806,50.0,25.0,12.616266181161171,12.577984102132083,13.421592011728778,12.47986704664343,28640.36376722175,24596.798709453633,1415.8061532089002,50.0,25.0,12,0,"(0, 1, 1)","(1, 1, 0, 12)",-4.692911185513879,0.6021598000079393
8085,福華,其他電子類,12,12.623,13.126,11.952,12.657,7819.089,6926.451,-3223.307,66.667,58.333,12.623211079699795,13.126458855826654,11.951786398931114,12.657213777480262,7819.088882392392,6926.450593514375,-3223.307422881875,66.66666666666666,58.333333333333336,12,0,"(1, 1, 1)","(0, 1, 1, 12)",-25.442302670367383,1.2162782000377774
3567,逸昌,半導體業,12,12.627,12.942,8.043,13.106,3985.01,2957.472,170.959,50.0,58.333,12.627256263996923,12.94196109684133,8.042775713343039,13.10575236453882,3985.010406116889,2957.4717804449324,170.9593947919302,50.0,58.333333333333336,12,0,"(1, 1, 0)","(0, 1, 0, 12)",-144.12005275768453,0.4314878999721259
1776,展宇,化學生技醫療,12,12.632,12.345,11.273,12.822,12733.925,11284.889,4922.901,25.0,75.0,12.631548652070393,12.34528132222043,11.272660139981763,12.821911867199857,12733.924664241365,11284.888723982624,4922.900653808811,25.0,75.0,12,0,"(0, 1, 1)","(0, 1, 1, 12)",-26.39330693623068,0.6657060999423265
1522,堤維西,汽車工業,12,12.632,12.944,8.009,11.904,348482.844,257148.379,-168249.411,50.0,58.333,12.63234734719951,12.943511276224257,8.009162898295017,11.904017978740411,348482.8440384715,257148.3786516035,-168249.41079084092,50.0,58.333333333333336,12,0,"(0, 1, 1)","(0, 1, 1, 12)",-81.95698194998735,1.0207378000486642
6556,勝品,光電業,12,12.653,12.489,10.23,12.147,18243.222,14706.064,-3333.134,58.333,50.0,12.652998575203295,12.488825908061212,10.230064487285706,12.146814231724218,18243.22163966437,14706.0635798503,-3333.1340957076586,58.333333333333336,50.0,12,0,"(0, 1, 1)","(0, 1, 0, 12)",-44.993631271891445,0.4719864998478442
3092,鴻碩,電子零組件業,12,12.673,12.737,9.87,12.491,20973.145,17309.87,1559.75,33.333,50.0,12.673022613948373,12.737289438974939,9.86971937675923,12.490951878687419,20973.144633214186,17309.87037134852,1559.7502812157556,33.33333333333333,50.0,12,0,"(0, 1, 1)","(0, 1, 1, 12)",-32.70151734579059,1.0520422998815775
6988,威力暘-創,汽車工業,12,12.685,12.336,13.171,12.601,9147.014,8372.0,2336.0,33.333,25.0,12.685024665746619,12.33583377229173,13.170522818808836,12.601136361005713,9147.01417585724,8372.0,2336.0,33.33333333333333,25.0,0,12,,,,0.032520700013265
4979,華星光,通信網路業,12,12.687,12.94,13.378,13.426,58461.829,46357.684,3428.028,58.333,66.667,12.686699002436,12.939759484600744,13.377693421709902,13.426033975498417,58461.82933213982,46357.684478362906,3428.027738478015,58.333333333333336,66.66666666666666,12,0,"(1, 1, 0)","(0, 1, 1, 12)",-15.59951127202591,0.7696733002085239
8905,裕國,其他,12,12.71,12.542,14.226,12.736,27960.769,22252.107,2956.678,41.667,75.0,12.71038124803083,12.54200792173946,14.226318559867106,12.736437839162049,27960.76924235633,22252.106818865068,2956.678272753134,41.66666666666667,75.0,12,0,"(1, 1, 0)","(0, 1, 1, 12)",7.328864688273692,0.9857144001871349
8210,勤誠,電腦及週邊設備業,12,12.716,14.452,10.772,13.079,281005.529,233147.277,-161665.458,75.0,66.667,12.71634906074048,14.451617010652692,10.772210599747556,13.078951160955011,281005.5291827935,233147.27663365088,-161665.45776566028,75.0,66.66666666666666,12,0,"(1, 1, 1)","(0, 1, 1, 12)",-1.5834031587130042,1.4456203000154346
4571,鈞興-KY,電機機械,12,12.735,12.572,13.699,13.017,35434.261,32521.612,9724.934,33.333,83.333,12.734587963639676,12.571943302866373,13.69944869522359,13.016789137025736,35434.26085926762,32521.61196585628,9724.933643873199,33.33333333333333,83.33333333333334,12,0,"(0, 1, 1)","(0, 1, 1, 12)",-18.09591296187734,0.6096948001068085
5460,同協,電子零組件業,12,12.738,13.143,8.641,13.135,3153.616,2475.214,-685.018,58.333,41.667,12.73820559104556,13.143213095073373,8.640521135214648,13.135204885811195,3153.6163828545887,2475.2138042526917,-685.0180139495806,58.333333333333336,41.66666666666667,12,0,"(1, 1, 1)","(0, 1, 1, 12)",3.611033124856712,1.1231623000930997
2059,川湖,電子工業,12,12.754,12.991,8.426,13.361,259925.433,186008.912,7283.844,58.333,50.0,12.754420173123208,12.990993154478295,8.425573015017406,13.361001976778478,259925.43303931292,186008.91201704112,7283.844398658334,58.333333333333336,50.0,12,0,"(1, 1, 1)","(0, 1, 1, 12)",-64.73735386305599,1.4223654000088573
4137,麗豐-KY,生技醫療業,12,12.754,14.231,10.447,14.704,51315.915,41219.826,7769.532,41.667,75.0,12.754464711445912,14.231428933615545,10.447493388690454,14.70444130174192,51315.91524165834,41219.82591084793,7769.531942247631,41.66666666666667,75.0,12,0,"(1, 1, 1)","(0, 1, 1, 12)",24.948785831362564,0.8557076000142843
1584,精剛,其他,12,12.769,12.558,12.247,12.857,30416.407,27599.337,7487.931,41.667,41.667,12.768520178235605,12.558107860705661,12.247387459542205,12.857102071364249,30416.40652706783,27599.33725262545,7487.930778976646,41.66666666666667,41.66666666666667,12,0,"(1, 1, 0)","(0, 1, 1, 12)",-4.042649842878287,0.6303652001079172
6175,立敦,電子零組件業,12,12.789,12.77,11.086,12.742,52150.677,44412.764,1845.721,41.667,58.333,12.789235975606339,12.769791421289181,11.085702375022697,12.742365018059946,52150.67655299272,44412.76412231892,1845.720802940598,41.66666666666667,58.333333333333336,12,0,"(1, 1, 0)","(0, 1, 0, 12)",-76.13067019964521,0.5630119999404997
4166,友霖,生技醫療業,7,12.837,12.414,7.516,11.907,22330.059,16215.833,-3827.5,66.667,0.0,12.836954384909404,12.41420653494889,7.516103596526527,11.9073941805437,22330.059400577808,16215.833333333334,-3827.5,66.66666666666666,0.0,0,12,,,,0.0155416999477893
6918,愛派司,生技醫療業,10,12.86,12.995,12.191,12.741,10628.398,9138.111,-950.778,44.444,0.0,12.860435587580374,12.99480468216425,12.19114069901421,12.740692019729764,10628.398337577597,9138.111111111111,-950.7777777777778,44.44444444444444,0.0,0,12,,,,0.0309462000150233
1236,宏亞,食品工業,12,12.863,11.902,7.587,12.671,27556.824,19439.178,6814.834,33.333,100.0,12.862894276998531,11.901855384856514,7.587287537600955,12.671429481976993,27556.82409206421,19439.177605056804,6814.834077609357,33.33333333333333,100.0,12,0,"(0, 1, 1)","(0, 1, 1, 12)",-23.031171086160924,1.709814599948004
6884,海柏特,資訊服務業,3,12.905,13.819,12.717,12.717,19723.689,16747.5,-10418.5,50.0,0.0,12.90537598779393,13.819043604662243,12.717165596375303,12.717165596375303,19723.688765035815,16747.5,-10418.5,50.0,0.0,0,12,,,,0.0139833998400717
4558,寶緯,電機機械,12,12.915,13.089,11.386,14.057,20852.283,16534.935,4440.294,50.0,66.667,12.914899686630154,13.088716855912594,11.386221947148337,14.056894747710455,20852.282961021567,16534.93530637618,4440.294233387572,50.0,66.66666666666666,12,0,"(0, 1, 1)","(0, 1, 1, 12)",-0.95952269801061,0.6663250999990851
3118,進階,生技醫療業,12,12.936,13.471,10.538,13.446,9778.867,7940.364,1210.193,41.667,66.667,12.935823691425055,13.470565379665706,10.537883059851053,13.446029174942648,9778.866972034612,7940.364316948213,1210.193321885942,41.66666666666667,66.66666666666666,12,0,"(0, 1, 1)","(0, 1, 1, 12)",-17.53928899210824,1.0809847000055015
9105,泰金寶-DR,存託憑證,12,12.938,12.325,10.428,12.284,1953447.735,1419674.763,-34927.663,41.667,66.667,12.93798773008397,12.324823798807582,10.42776059804829,12.283630304666593,1953447.734580502,1419674.7629088622,-34927.66325764987,41.66666666666667,66.66666666666666,12,0,"(0, 1, 1)","(1, 1, 0, 12)",-51.58189370301981,0.6850606000516564
6174,安碁,電子零組件業,12,12.94,13.265,10.455,13.092,7332.09,6566.796,-661.723,50.0,66.667,12.939859777188612,13.26456255126695,10.454560636673714,13.092427582459933,7332.090003333566,6566.795522243043,-661.7233614182848,50.0,66.66666666666666,12,0,"(1, 1, 0)","(0, 1, 1, 12)",-37.6318643997496,0.8683988999109715
6743,安普新,其他電子業,12,12.944,12.631,11.617,12.815,78653.691,59771.147,12012.715,33.333,58.333,12.944344392495251,12.630920410117104,11.617468566941103,12.814887022304575,78653.69131490006,59771.146662612795,12012.714520526284,33.33333333333333,58.333333333333336,12,0,"(0, 1, 1)","(0, 1, 1, 12)",46.74327711053808,0.7768753001000732
3537,堡達,電子零組件業,12,12.96,13.255,12.139,12.802,38328.191,31581.216,-5905.007,50.0,75.0,12.960490586658546,13.254524733188674,12.138619848677065,12.801749656940666,38328.19089510963,31581.21622722848,-5905.006555495248,50.0,75.0,12,0,"(1, 1, 0)","(0, 1, 1, 12)",-8.374982461552323,0.7934505001176149
2406,國碩,電子工業,12,12.966,13.306,11.264,12.281,93933.379,68775.38,-48624.53,75.0,58.333,12.96624017730946,13.306247362527888,11.2642407196748,12.281456970799237,93933.37909529277,68775.37987568277,-48624.52954800415,75.0,58.333333333333336,12,0,"(1, 1, 1)","(0, 1, 1, 12)",5.576371858790131,0.856977199902758
3060,銘異,電腦及週邊設備業,12,12.986,13.393,8.175,13.051,53277.442,41325.166,-6115.581,41.667,58.333,12.986371360633292,13.392863433437274,8.174994475444336,13.050884964193928,53277.442456701036,41325.16601195046,-6115.581193201065,41.66666666666667,58.333333333333336,12,0,"(1, 1, 0)","(0, 1, 1, 12)",-40.85852582065796,0.9119448999408633
2459,敦吉,電子工業,12,13.003,13.494,10.876,13.115,63875.601,53182.511,-22103.978,66.667,58.333,13.002828546388578,13.49407308289102,10.875941852840455,13.115430258959135,63875.601039029345,53182.5114597989,-22103.977825266673,66.66666666666666,58.333333333333336,12,0,"(1, 1, 0)","(0, 1, 0, 12)",-74.84102932961993,0.3141598999500274
3164,景岳,生技醫療業,12,13.004,13.082,10.754,12.621,5428.554,4377.723,-1785.443,66.667,91.667,13.00371625666209,13.08223675494991,10.754064477569164,12.620993622383981,5428.553521526626,4377.722750665721,-1785.4425803133493,66.66666666666666,91.66666666666666,12,0,"(0, 1, 1)","(0, 1, 1, 12)",20.16542286339457,0.6527718000579625
6197,佳必琪,電子零組件業,12,13.008,12.769,12.313,13.55,103366.596,82249.867,30583.301,41.667,58.333,13.007540715067417,12.768839856398376,12.31262663570503,13.550487521518468,103366.59614818757,82249.86678884647,30583.300732327552,41.66666666666667,58.333333333333336,12,0,"(1, 1, 1)","(0, 1, 0, 12)",-42.27689441997674,0.5466312000062317
4943,康控-KY,電子零組件業,12,13.008,14.59,10.453,13.38,20496.954,18323.05,-14905.161,83.333,83.333,13.00822516717625,14.590342032764077,10.4532115488961,13.379508917207215,20496.953553037187,18323.049924667645,-14905.161458821849,83.33333333333334,83.33333333333334,12,0,"(0, 1, 1)","(0, 1, 1, 12)",55.1212246517001,0.6258947998285294
6488,環球晶,半導體業,12,13.017,13.229,11.99,13.446,765199.931,657311.685,-190.211,50.0,91.667,13.01651588522645,13.229299851332899,11.98960621713001,13.44596289481124,765199.9312057417,657311.6854908064,-190.21135473057316,50.0,91.66666666666666,12,0,"(1, 1, 1)","(0, 1, 0, 12)",-110.81930503627623,0.6269467000383884
6208,富邦台50,ETF,12,13.034,13.045,11.367,13.826,51989.766,40769.622,9430.148,50.0,66.667,13.033582720528544,13.04463711628297,11.366597292285935,13.825527933135332,51989.76634997371,40769.622399716776,9430.147988355195,50.0,66.66666666666666,12,0,"(0, 1, 1)","(0, 1, 1, 12)",-48.26474900102693,1.1690314000006763
3058,立德,電子零組件業,12,13.054,13.441,13.18,13.399,37802.854,34227.526,-2021.922,50.0,50.0,13.053984576794969,13.44116244584598,13.179566605733287,13.399244524705198,37802.8535619412,34227.52580371545,-2021.9223275355907,50.0,50.0,12,0,"(0, 1, 1)","(0, 1, 1, 12)",-66.017018488121,0.8428423998411745
3406,玉晶光,電子工業,12,13.062,14.858,9.578,13.625,389569.942,271980.705,-117441.056,50.0,83.333,13.062034325670973,14.857634506301585,9.5777192333331,13.625049770049023,389569.9416885268,271980.7047670731,-117441.05556296126,50.0,83.33333333333334,12,0,"(0, 1, 1)","(0, 1, 0, 12)",-46.57962327821114,0.4261024000588804
6292,迅德,電子零組件業,12,13.079,13.14,11.024,13.396,13180.59,10916.862,-1235.783,66.667,75.0,13.07868072193176,13.139675926249868,11.024253026610923,13.396190783355003,13180.589577306191,10916.861989801253,-1235.782953841505,66.66666666666666,75.0,12,0,"(0, 1, 1)","(0, 1, 1, 12)",-38.88476874798399,0.9554498000070452
5220,萬達光電,光電業,12,13.079,13.026,15.23,13.164,8489.746,7432.693,460.606,41.667,58.333,13.078820115101712,13.026217675024359,15.229996640348178,13.163970317222903,8489.746052918474,7432.693471412303,460.60577051462616,41.66666666666667,58.333333333333336,12,0,"(0, 1, 1)","(0, 1, 1, 12)",-17.730346447625013,0.8062658000271767
1339,昭輝,汽車工業,12,13.096,12.682,10.974,13.202,20461.826,18114.715,6924.928,25.0,58.333,13.095984231361452,12.682350434103634,10.973853872665845,13.202061317475533,20461.826219730377,18114.714615065328,6924.928494092678,25.0,58.333333333333336,12,0,"(1, 1, 1)","(0, 1, 1, 12)",-40.50772185915768,1.1154022000264376
2022,聚亨,鋼鐵工業,12,13.1,13.563,9.5,12.513,126860.715,101929.273,-70558.758,66.667,33.333,13.099523935566298,13.562863634449998,9.499790340373725,12.512799882518664,126860.71488841457,101929.27334107214,-70558.75791858583,66.66666666666666,33.33333333333333,12,0,"(1, 1, 1)","(0, 1, 1, 12)",-16.095490447434155,1.1413479000329971
4305,世坤,塑膠工業,12,13.133,12.906,13.955,13.174,14322.739,11822.853,212.772,58.333,58.333,13.133475545401943,12.906066699248708,13.955174930604702,13.173855108087038,14322.739193776848,11822.853187037419,212.77211874986946,58.333333333333336,58.333333333333336,12,0,"(1, 1, 1)","(0, 1, 1, 12)",-18.74456089946096,0.9454265001695604
4735,豪展,生技醫療業,12,13.138,12.835,10.584,12.227,14279.594,10253.554,-3287.789,58.333,58.333,13.137510945573899,12.835439096377218,10.584027816642655,12.22709575676582,14279.594060638501,10253.553594875728,-3287.788535730148,58.333333333333336,58.333333333333336,12,0,"(1, 1, 0)","(0, 1, 1, 12)",21.44321233791359,0.7397727000061423
3311,閎暉,電子工業,12,13.139,13.279,13.684,13.506,29705.845,25676.005,4956.726,50.0,58.333,13.138697837206545,13.278547179755934,13.68383220450316,13.506352556342291,29705.845076167927,25676.004627659553,4956.726227231447,50.0,58.333333333333336,12,0,"(1, 1, 0)","(0, 1, 1, 12)",-77.67535578614138,0.8413182999938726
6732,昇佳電子,半導體業,12,13.179,12.978,11.492,12.933,57228.074,50101.621,1994.328,41.667,50.0,13.179249879362043,12.97836128752091,11.492393789716006,12.933318756026921,57228.07418165128,50101.621309721704,1994.3279826094513,41.66666666666667,50.0,12,0,"(1, 1, 0)","(0, 1, 1, 12)",-16.425229711730406,1.0651839999482036
2328,廣宇,電子零組件業,12,13.188,13.709,11.614,13.307,310984.773,239497.63,34224.321,41.667,58.333,13.187732554654666,13.708953251574407,11.613703217964181,13.306706949547623,310984.77313458937,239497.63037203232,34224.321495622804,41.66666666666667,58.333333333333336,12,0,"(0, 1, 1)","(0, 1, 0, 12)",-58.1524377391481,0.3282544000539928
6418,詠昇,電子零組件業,12,13.203,12.746,14.81,12.858,10480.875,8608.133,-282.389,41.667,83.333,13.203468505017316,12.746432974225272,14.810120596319546,12.858220166826683,10480.874810740468,8608.13332653109,-282.38881699151653,41.66666666666667,83.33333333333334,12,0,"(0, 1, 1)","(1, 1, 0, 12)",-12.936735669897288,1.1070210000034422
6259,百徽,電子零組件業,12,13.206,13.392,8.692,13.258,5858.612,5024.024,882.083,33.333,50.0,13.205708866971936,13.392187622069693,8.691987514301339,13.257866403128999,5858.611530085026,5024.023900380359,882.0825291689276,33.33333333333333,50.0,12,0,"(0, 1, 1)","(0, 1, 1, 12)",19.71491981290087,0.6955896001309156
4994,傳奇,資訊服務業,12,13.216,13.364,14.031,13.314,15359.27,13053.508,-1287.593,50.0,41.667,13.216054356486298,13.364455120614796,14.03089201519639,13.313650146539107,15359.270394008687,13053.507901280149,-1287.5929778185357,50.0,41.66666666666667,12,0,"(1, 1, 1)","(0, 1, 1, 12)",-53.72343569988211,1.5163362000603229
2321,東訊,電子工業,12,13.229,13.584,10.61,13.601,10102.106,8075.578,-1576.672,50.0,66.667,13.22947181546856,13.584029482426404,10.60977819733046,13.601172469320336,10102.105764345106,8075.578283837703,-1576.6721919929653,50.0,66.66666666666666,12,0,"(0, 1, 1)","(0, 1, 1, 12)",-42.90913759704867,0.7799410000443459
3169,亞信,半導體業,12,13.236,13.074,13.346,13.141,12203.403,10253.139,1412.273,41.667,58.333,13.236033155906545,13.0737457665314,13.346143478859629,13.141132498810727,12203.402895670331,10253.138663836187,1412.2726550665782,41.66666666666667,58.333333333333336,12,0,"(1, 1, 0)","(0, 1, 1, 12)",-38.94962534011266,1.020493800053373
2302,麗正,半導體業,12,13.246,13.532,11.357,13.607,11559.408,9336.204,-1064.307,50.0,66.667,13.246317971443213,13.532388225390532,11.356593126937389,13.607231652099772,11559.407633685887,9336.20360104275,-1064.3071818614335,50.0,66.66666666666666,12,0,"(0, 1, 1)","(1, 1, 0, 12)",-19.456469726804247,0.6439573999959975
8433,弘帆,居家生活類,12,13.272,13.924,11.385,14.443,45773.472,38553.224,-7542.277,66.667,66.667,13.271821036173503,13.92393902341021,11.384881803142335,14.442936961729252,45773.47157444806,38553.2244491735,-7542.276628887586,66.66666666666666,66.66666666666666,12,0,"(0, 1, 1)","(0, 1, 1, 12)",-27.468406627763443,0.8948271998669952
2497,怡利電,汽車工業,12,13.274,12.82,14.286,13.33,54678.4,49415.891,13920.877,41.667,75.0,13.274005087779916,12.820299855824505,14.286282606789813,13.32958493889563,54678.40010138288,49415.89093389994,13920.876648270007,41.66666666666667,75.0,12,0,"(0, 1, 1)","(1, 1, 0, 12)",-30.60317256257951,0.547915100120008
2495,普安,電腦及週邊設備業,12,13.291,13.371,9.54,13.883,16787.484,13026.771,1247.947,33.333,50.0,13.291222137953095,13.371339886971114,9.539672339772748,13.883070817964239,16787.483995223225,13026.771121481623,1247.9465423972554,33.33333333333333,50.0,12,0,"(1, 1, 1)","(0, 1, 1, 12)",-12.580114059359907,0.8789419999811798
3492,長盛,電子零組件業,12,13.302,13.709,12.557,13.204,10993.153,9447.779,-1770.151,41.667,58.333,13.301516537775965,13.7093500543862,12.556612500704944,13.203877022031788,10993.153269881725,9447.778997257283,-1770.1506897912586,41.66666666666667,58.333333333333336,12,0,"(0, 1, 1)","(0, 1, 1, 12)",-5.221591521867756,0.8236040000338107
4716,大立,化學工業,12,13.312,13.766,11.238,13.691,7825.329,5915.279,208.875,41.667,66.667,13.31228125675454,13.766069049677695,11.237649844421783,13.69084038560704,7825.329063850862,5915.278895735738,208.8753398630015,41.66666666666667,66.66666666666666,12,0,"(0, 1, 1)","(0, 1, 1, 12)",-6.755903434217906,0.9521093999501318
7753,星亞,光電業,7,13.318,13.105,12.109,13.625,11520.823,9861.333,1116.0,50.0,0.0,13.318417042387626,13.104768746799278,12.109207317833553,13.625132657258668,11520.823017475792,9861.333333333334,1116.0,50.0,0.0,0,12,,,,0.018566400045529
1568,倉佑,汽車工業,12,13.319,14.002,8.176,13.079,15566.046,11682.862,-6500.823,58.333,75.0,13.318887679780337,14.00176587627512,8.1759724886189,13.07934009756008,15566.046027801898,11682.862111634518,-6500.823488243936,58.333333333333336,75.0,12,0,"(0, 1, 1)","(0, 1, 1, 12)",-13.118169505754604,0.805768399965018
3443,創意,電子工業,12,13.319,13.93,7.776,13.765,471880.483,378950.291,-226525.403,83.333,58.333,13.31948806604978,13.929965923771407,7.775600148148803,13.764823016164721,471880.4827277747,378950.2908618901,-226525.40342320866,83.33333333333334,58.333333333333336,12,0,"(1, 1, 1)","(0, 1, 1, 12)",-20.87853765467276,1.0860044001601636
1110,東泥,水泥工業,12,13.34,13.125,10.878,14.143,39073.099,31699.106,13483.841,50.0,66.667,13.339708789438953,13.125041587210829,10.87823966795643,14.142657681872024,39073.099033801045,31699.105530647823,13483.840569152168,50.0,66.66666666666666,12,0,"(1, 1, 1)","(0, 1, 1, 12)",-3.4466682289775825,1.7360415000002831
6591,動力-KY,電腦及週邊設備業,12,13.355,14.731,12.746,13.744,24468.313,19508.751,-7730.172,50.0,75.0,13.355381128649157,14.730584835004814,12.74578016941447,13.743914729395213,24468.31250915071,19508.750559347245,-7730.171992770556,50.0,75.0,12,0,"(1, 1, 1)","(0, 1, 1, 12)",23.88414521879516,1.4164700999390334
7757,金色三麥,觀光餐旅,5,13.368,13.116,12.651,12.764,32020.68,26293.5,-215.0,25.0,0.0,13.368109177848703,13.116495347072876,12.65061261944867,12.763867814244955,32020.679607091413,26293.5,-215.0,25.0,0.0,0,12,,,,0.0150026001501828
6719,力智,電子工業,12,13.369,13.49,11.493,13.299,58337.305,51039.573,-5018.036,50.0,50.0,13.369068883707316,13.490405008337985,11.492949345832605,13.299155572957119,58337.305385417014,51039.57333563109,-5018.036429502336,50.0,50.0,12,0,"(1, 1, 0)","(0, 1, 1, 12)",-30.82709488652327,1.103560799965635
6485,點序,半導體業,12,13.396,13.39,7.163,13.404,21936.466,16460.567,-3287.691,66.667,25.0,13.396288457138217,13.389975682357752,7.163428280066409,13.403811237901165,21936.465972662456,16460.566642397727,-3287.6912914069894,66.66666666666666,25.0,12,0,"(1, 1, 0)","(1, 1, 0, 12)",-33.99956083680434,0.6433745000977069
8102,傑霖科技,半導體業,3,13.399,14.251,13.294,13.294,5241.198,5160.0,-5160.0,100.0,0.0,13.39929108401823,14.251273774723055,13.29375036976426,13.29375036976426,5241.198431656638,5160.0,-5160.0,100.0,0.0,0,12,,,,0.0137462001293897
1904,正隆,造紙工業,12,13.404,12.64,8.955,13.639,617258.449,480102.387,218066.42,41.667,91.667,13.404332870004687,12.639678592335555,8.955042513706672,13.63938224936506,617258.4491060768,480102.3872099787,218066.42044962067,41.66666666666667,91.66666666666666,12,0,"(1, 1, 1)","(0, 1, 0, 12)",-72.52277146886617,0.4825780999381095
5905,南仁湖,觀光餐旅,12,13.406,14.414,12.296,14.1,14356.314,12049.74,-5204.185,66.667,75.0,13.406338589048891,14.414088229229458,12.295926773789,14.100163607826447,14356.31404147767,12049.74001527421,-5204.1846098984715,66.66666666666666,75.0,12,0,"(1, 1, 1)","(0, 1, 1, 12)",37.35114160934224,1.037764900131151
6910,德鴻,數位雲端類,3,13.409,13.487,12.007,12.007,6885.312,5053.5,-5053.5,100.0,0.0,13.409133122827498,13.486587934406186,12.007380040045543,12.007380040045543,6885.311503483339,5053.5,-5053.5,100.0,0.0,0,12,,,,0.0159271000884473
4741,泓瀚,化學工業,12,13.433,13.718,11.017,14.266,6700.385,5428.215,165.415,58.333,75.0,13.433433490635649,13.718016235190092,11.01714709281695,14.265633631724207,6700.384548140286,5428.21538847978,165.41523929808804,58.333333333333336,75.0,12,0,"(0, 1, 1)","(0, 1, 1, 12)",-13.652881070297006,0.8853788999840617
6691,洋基工程,電子工業,12,13.437,12.742,7.743,12.791,370966.674,250290.71,-37230.229,58.333,83.333,13.437164207384559,12.742383918163789,7.742679272762453,12.79074832218534,370966.6740887969,250290.70959753718,-37230.22895648563,58.333333333333336,83.33333333333334,12,0,"(0, 1, 1)","(0, 1, 1, 12)",3.712283938138996,0.6268371001351625
6612,奈米醫材,生技醫療業,12,13.438,12.997,9.647,13.198,15849.127,12653.385,2964.234,33.333,50.0,13.438364749053935,12.997259729852665,9.647477757320889,13.198395583643194,15849.126540513094,12653.385069512531,2964.233600557287,33.33333333333333,50.0,12,0,"(1, 1, 1)","(0, 1, 1, 12)",-21.450962213583686,1.836973800091073
5347,世界,半導體業,12,13.454,13.291,12.781,13.172,627935.153,544784.944,-33374.359,41.667,91.667,13.453903736734443,13.291491249231383,12.781386080126978,13.171590412890108,627935.1531459143,544784.943898399,-33374.35926860416,41.66666666666667,91.66666666666666,12,0,"(0, 1, 1)","(0, 1, 1, 12)",-46.96939664722369,1.823663099901751
3323,加百裕,電腦及週邊設備業,12,13.454,13.099,15.487,13.496,64829.822,55473.243,15895.214,33.333,83.333,13.454430047050467,13.099114248234756,15.48723231355315,13.495574947372644,64829.82182437673,55473.242957391274,15895.21407782418,33.33333333333333,83.33333333333334,12,0,"(0, 1, 1)","(0, 1, 1, 12)",23.4022758338476,0.5864029000513256
2547,日勝生,建材營造,12,13.454,13.45,14.889,14.537,76101.299,69039.967,52327.126,16.667,83.333,13.454470482067817,13.450421512739426,14.889424309002106,14.537084704455081,76101.2988707239,69039.96710609696,52327.125757868904,16.666666666666664,83.33333333333334,12,0,"(0, 1, 1)","(0, 1, 1, 12)",35.097949965984206,0.7102773999795318
6913,鴻呈,電子零組件業,12,13.466,13.699,12.795,12.969,34262.67,29543.167,-13482.0,50.0,16.667,13.466499936184567,13.69902643069724,12.794826895888187,12.969439488417287,34262.6704398047,29543.166666666668,-13482.0,50.0,16.666666666666664,0,12,,,,0.0171349998563528
2916,滿心,居家生活類,12,13.469,12.882,12.335,13.429,26548.557,21980.22,3930.431,41.667,91.667,13.469193788071024,12.882167834791987,12.334966073820949,13.42918476083861,26548.55694046781,21980.220202158907,3930.4311843267533,41.66666666666667,91.66666666666666,12,0,"(1, 1, 1)","(0, 1, 1, 12)",36.22665646369334,0.7131300999317318
1612,宏泰,電器電纜,12,13.471,13.536,11.661,13.954,100754.623,84759.405,3267.811,50.0,58.333,13.470872844109905,13.535730025011352,11.660816707799311,13.954194066366085,100754.62343469256,84759.40547878173,3267.810632983014,50.0,58.333333333333336,12,0,"(0, 1, 1)","(0, 1, 1, 12)",-5.13338506500455,0.6972546000033617
2897,王道銀行,金融保險,12,13.474,13.07,14.625,13.739,138498.9,111902.753,26420.402,41.667,75.0,13.473507017582719,13.069621655391876,14.625021740418962,13.738531289985808,138498.89976916043,111902.75290460639,26420.401575101947,41.66666666666667,75.0,12,0,"(0, 1, 1)","(0, 1, 1, 12)",30.25673753450649,0.6450813999399543
3078,僑威,電子零組件業,12,13.484,13.49,11.911,14.319,131430.122,112472.493,58124.843,25.0,66.667,13.483501502351267,13.489517247356622,11.910734492035996,14.318719960145772,131430.12197051523,112472.49294684805,58124.843256832486,25.0,66.66666666666666,12,0,"(1, 1, 0)","(0, 1, 1, 12)",-5.170417764191125,2.020903500029817
6728,上洋,居家生活類,12,13.485,13.484,10.931,14.478,73628.558,53214.521,5126.214,66.667,83.333,13.485399508183393,13.483736394448767,10.930842069181804,14.477822685957618,73628.55756815975,53214.52148041694,5126.214233943567,66.66666666666666,83.33333333333334,12,0,"(0, 1, 1)","(0, 1, 0, 12)",-26.448346894114376,0.5005924000870436
4173,久裕,生技醫療業,12,13.504,13.464,9.673,12.641,23745.047,17409.136,-4287.228,41.667,66.667,13.504186361443177,13.463993473774472,9.672894991819422,12.641366891197817,23745.046978798287,17409.135664138525,-4287.228191316211,41.66666666666667,66.66666666666666,12,0,"(0, 1, 1)","(0, 1, 1, 12)",-35.15424746317686,0.6792832999490201
4155,訊映,生技醫療業,12,13.512,13.719,11.43,14.633,19820.974,17542.696,8284.828,33.333,66.667,13.512432922337503,13.718815002730869,11.430142376036882,14.632993921961363,19820.97426736646,17542.69620719696,8284.828494189933,33.33333333333333,66.66666666666666,12,0,"(1, 1, 1)","(0, 1, 1, 12)",21.0215364845457,0.7640940002165735
3122,笙泉,半導體業,12,13.514,12.92,9.459,13.086,4804.957,3650.605,1020.907,41.667,58.333,13.513503718226975,12.919682914319036,9.458711477998321,13.086344858644441,4804.956945333502,3650.6054619604256,1020.9072028223263,41.66666666666667,58.333333333333336,12,0,"(1, 1, 0)","(0, 1, 1, 12)",-15.792099915415402,1.0398369999602437
6192,巨路,其他電子業,12,13.52,13.613,13.257,14.164,97964.222,82889.374,28097.049,33.333,50.0,13.519593892768148,13.612981477755437,13.256638925232082,14.163852920777517,97964.22183299543,82889.3737342256,28097.048709386927,33.33333333333333,50.0,12,0,"(0, 1, 1)","(0, 1, 1, 12)",-38.89632445320563,1.0436722000595182
2704,國賓,觀光餐旅,12,13.543,13.546,11.407,12.953,19065.245,15315.71,-5358.803,58.333,75.0,13.542889224804888,13.546072546364412,11.40707832965624,12.953430549275332,19065.245147236237,15315.70985303695,-5358.802802851883,58.333333333333336,75.0,12,0,"(1, 1, 1)","(0, 1, 1, 12)",15.40266350209322,0.8896149999927729
3716,中化控股,生技醫療業,12,13.571,22.57,5.551,14.545,195492.2,96897.5,-32217.333,41.667,33.333,13.570796498392074,22.569819799480538,5.551345045388706,14.545382127030246,195492.19981753748,96897.5,-32217.333333333332,41.66666666666667,33.33333333333333,0,12,,,,0.0234308999497443
8043,蜜望實,電子零組件業,12,13.574,13.258,11.782,12.6,83078.318,61379.548,-25848.926,50.0,58.333,13.573900241258292,13.257969493661017,11.781647740506928,12.59995919606991,83078.31820114516,61379.548022941046,-25848.92565652836,50.0,58.333333333333336,12,0,"(0, 1, 1)","(0, 1, 1, 12)",-38.54006377067103,0.8466561001259834
5471,松翰,電子工業,12,13.64,14.122,10.882,14.437,38214.157,30413.284,3671.597,50.0,41.667,13.640017633929128,14.121547651093334,10.88189425611622,14.437002183538914,38214.15726734084,30413.283718548115,3671.5970751125424,50.0,41.66666666666667,12,0,"(0, 1, 1)","(0, 1, 1, 12)",-55.208315526822986,0.845033299876377
5543,桓鼎-KY,建材營造,12,13.666,13.538,10.508,14.312,48416.004,35904.246,881.573,66.667,58.333,13.665725650025623,13.537733310278691,10.507756608498974,14.31164458724172,48416.004036495106,35904.24570293003,881.5727440014767,66.66666666666666,58.333333333333336,12,0,"(0, 1, 1)","(0, 1, 1, 12)",-7.235055251231298,0.8313504001125693
3363,上詮,通信網路業,12,13.668,14.107,11.882,13.667,27773.705,21550.344,-4718.644,50.0,66.667,13.668337339233364,14.106974376370838,11.881827309092039,13.666717170346265,27773.705289036476,21550.343529837908,-4718.643741178062,50.0,66.66666666666666,12,0,"(0, 1, 1)","(0, 1, 1, 12)",-5.352763202832493,0.5873661001678556
8049,晶采,光電業,12,13.67,13.83,11.143,13.878,17796.7,14928.033,-1200.981,58.333,41.667,13.670057308790515,13.829925636522796,11.142671065519028,13.87796822328321,17796.69972796171,14928.032940917537,-1200.980624214968,58.333333333333336,41.66666666666667,12,0,"(1, 1, 0)","(0, 1, 1, 12)",-13.2658931701613,1.0354186999611557
6761,穩得,電子零組件業,12,13.672,13.416,9.028,13.922,28284.87,22487.091,12378.467,16.667,58.333,13.671993589956296,13.416417084240159,9.027905606218054,13.922462724998983,28284.870136645375,22487.09121037656,12378.466853380365,16.666666666666664,58.333333333333336,12,0,"(0, 1, 1)","(0, 1, 0, 12)",-58.02001541511838,1.2019565999507904
6834,天二科技,電子零組件業,12,13.693,13.192,13.796,13.909,19122.059,16327.614,7589.586,41.667,75.0,13.693039419651384,13.19165701391351,13.796273278064309,13.90913486003765,19122.059223183478,16327.61443659086,7589.585714872776,41.66666666666667,75.0,12,0,"(1, 1, 0)","(0, 1, 0, 12)",-21.394786750594744,0.4481804999522865
6229,研通,半導體業,12,13.711,14.407,10.701,14.312,31146.542,24591.505,433.169,50.0,66.667,13.711263322744808,14.406627742439818,10.70131204807425,14.31178075101023,31146.541891398476,24591.504976978646,433.16889954161405,50.0,66.66666666666666,12,0,"(0, 1, 1)","(0, 1, 1, 12)",12.325796653873615,0.7073186999186873
5465,富驊,電腦及週邊設備業,12,13.72,14.03,11.863,14.878,82911.935,62365.223,14877.031,41.667,58.333,13.720219425733921,14.029824753846157,11.863345250012786,14.877659682041996,82911.93457575886,62365.22309912497,14877.031124841355,41.66666666666667,58.333333333333336,12,0,"(1, 1, 0)","(0, 1, 1, 12)",-17.353709808397937,0.7492279999423772
2514,龍邦,其他,12,13.731,13.348,12.184,13.743,276723.916,247304.809,35579.64,58.333,58.333,13.730965137391472,13.347703205650319,12.183689176963798,13.743177399734416,276723.91595189454,247304.80871120922,35579.63967853123,58.333333333333336,58.333333333333336,12,0,"(0, 1, 1)","(0, 1, 1, 12)",47.68609467687151,0.5192172999959439
6776,展碁國際,電子通路業,12,13.738,13.34,9.53,12.893,487588.038,335439.808,-20720.001,33.333,58.333,13.737971434447383,13.33986505198543,9.53028805358135,12.892635450878783,487588.0383541511,335439.8081004016,-20720.001201906667,33.33333333333333,58.333333333333336,12,0,"(0, 1, 1)","(1, 1, 0, 12)",-41.449589951213696,1.2630507999565452
2756,聯發國際,觀光餐旅,12,13.768,15.328,12.876,13.905,16385.11,13444.914,-10025.811,83.333,41.667,13.767533366252325,15.327993757574387,12.875789114546556,13.905171278268178,16385.109958383957,13444.914167703144,-10025.810588077413,83.33333333333334,41.66666666666667,12,0,"(0, 1, 1)","(1, 1, 0, 12)",-8.3859989645927,0.5243466000538319
1535,中宇,電機機械,12,13.806,12.914,9.346,13.742,182102.56,130763.459,30200.27,41.667,75.0,13.805682897762056,12.914374416768249,9.345810210310496,13.741721200645078,182102.5600840382,130763.4592737691,30200.270303553454,41.66666666666667,75.0,12,0,"(0, 1, 1)","(0, 1, 1, 12)",-56.7474077358598,0.7694564000703394
1524,耿鼎,汽車工業,12,13.824,13.811,10.468,15.424,39294.845,30299.037,12831.839,41.667,83.333,13.824072203034019,13.810964552861563,10.468332126500057,15.42382248605654,39294.844680073606,30299.03697166167,12831.839150806967,41.66666666666667,83.33333333333334,12,0,"(0, 1, 1)","(0, 1, 1, 12)",-20.28145018991477,0.7401574999094009
2630,亞航,航運業,12,13.828,14.179,11.376,15.122,74339.562,62847.39,14480.214,50.0,75.0,13.827532125885897,14.178632120110098,11.37615232231982,15.121696712107532,74339.56161015251,62847.38951298617,14480.213503116058,50.0,75.0,12,0,"(0, 1, 1)","(1, 1, 0, 12)",-25.04669770866685,0.5956742998678237
3531,先益,光電業,12,13.829,14.035,14.607,14.586,16740.582,14953.738,4788.939,41.667,50.0,13.82881043754582,14.035103675987811,14.606994932538791,14.586446215818633,16740.581844974615,14953.738070605381,4788.938714236739,41.66666666666667,50.0,12,0,"(0, 1, 1)","(0, 1, 1, 12)",-44.3743980596563,0.7991967000998557
6005,群益證,金融保險,12,13.831,13.906,13.334,14.278,252807.531,221518.641,3394.227,50.0,66.667,13.830816289388384,13.906156316306664,13.333912144373855,14.27832952000003,252807.5308395593,221518.6412438941,3394.226512255283,50.0,66.66666666666666,12,0,"(1, 1, 1)","(1, 1, 0, 12)",29.740349181367,0.6782150000799447
5348,正能量智能,運動休閒類,12,13.853,14.103,11.158,14.349,3795.429,3092.118,907.215,16.667,66.667,13.852746549111208,14.10296719570891,11.158020608394533,14.349123979598213,3795.428622192394,3092.117733048943,907.2146795631439,16.666666666666664,66.66666666666666,12,0,"(1, 1, 1)","(0, 1, 1, 12)",66.21212540173525,1.5381233000662178
1526,日馳,電機機械,12,13.918,14.502,14.714,14.252,9809.34,8942.519,-1578.987,50.0,66.667,13.91761276137056,14.501701564917013,14.71386263881174,14.252134278056108,9809.339632034851,8942.51852159533,-1578.986707569676,50.0,66.66666666666666,12,0,"(0, 1, 1)","(0, 1, 1, 12)",0.6135281652846443,0.5957200999837369
6967,汎瑋材料,電子零組件業,12,13.937,14.41,11.169,13.61,19852.147,16435.833,-7544.833,66.667,33.333,13.937452123795499,14.410130136881113,11.169151048787256,13.609555963357108,19852.14704593267,16435.833333333332,-7544.833333333333,66.66666666666666,33.33333333333333,0,12,,,,0.0181783000007271
1558,伸興,電機機械,12,13.94,13.198,11.203,13.995,123969.61,94141.293,29306.561,50.0,58.333,13.940010388447666,13.198230093057237,11.202573428328904,13.995194614714492,123969.61035293931,94141.29287313478,29306.560877218686,50.0,58.333333333333336,12,0,"(1, 1, 1)","(0, 1, 1, 12)",12.763506561474491,1.155936500057578
3441,聯一光,光電業,12,13.943,14.758,13.113,14.256,5811.23,4943.901,-1815.301,66.667,83.333,13.94333804141072,14.75832909772572,13.112961965385123,14.256491839237276,5811.229792561326,4943.900988791367,-1815.3007570317807,66.66666666666666,83.33333333333334,12,0,"(0, 1, 1)","(0, 1, 1, 12)",10.929007466081025,0.8120533998589963
1531,高林股,電機機械,12,13.952,13.653,13.097,14.338,21340.494,17339.432,3952.79,50.0,58.333,13.952049319918514,13.652726530592712,13.097322843054798,14.338190209682722,21340.49376716278,17339.43249417823,3952.790476382328,50.0,58.333333333333336,12,0,"(1, 1, 1)","(0, 1, 1, 12)",8.403033334103503,0.937475600047037
8107,大億金茂,電機機械,12,13.958,14.011,13.105,14.419,13189.785,11024.853,-604.936,58.333,58.333,13.958190294004588,14.011193025096084,13.104928919324847,14.419267373408598,13189.78522865202,11024.853340069034,-604.9361155324628,58.333333333333336,58.333333333333336,12,0,"(1, 1, 1)","(0, 1, 1, 12)",6.986850299492634,1.2888644998893142
1733,五鼎,生技醫療業,12,13.97,14.152,9.22,14.951,29270.788,22642.182,-259.295,50.0,50.0,13.970137386120907,14.15184439714923,9.220098356839342,14.950974086238416,29270.78820556825,22642.181661023544,-259.2951531088256,50.0,50.0,12,0,"(0, 1, 1)","(0, 1, 1, 12)",-26.752079175534107,0.8900707999709994
4510,高鋒,電機機械,12,13.974,13.687,10.918,12.698,27181.776,19107.936,-9207.243,58.333,75.0,13.974327398224414,13.687018147790253,10.918105252150529,12.69773974378211,27181.77594400696,19107.936311236135,-9207.242909940882,58.333333333333336,75.0,12,0,"(0, 1, 1)","(0, 1, 1, 12)",-20.653941585380256,0.7032129000872374
3706,神達,電腦及週邊設備業,12,13.992,13.752,11.042,13.893,1558128.363,1231032.017,-102153.063,50.0,75.0,13.992043327216066,13.751882909278448,11.042231271630182,13.893302736312316,1558128.3628134828,1231032.016745767,-102153.06252450829,50.0,75.0,12,0,"(0, 1, 1)","(0, 1, 1, 12)",3.240913212012533,0.6495503999758512
6971,惠民實業,綠能環保類,6,14.022,14.262,17.039,14.26,29170.846,28275.8,-3906.2,60.0,0.0,14.021869033745753,14.262344579340718,17.039355992844367,14.259711060342237,29170.84551739973,28275.8,-3906.2,60.0,0.0,0,12,,,,0.0143546999897807
6944,兆聯實業,綠能環保,10,14.032,13.668,10.147,13.117,271796.792,216294.444,-87662.667,55.556,0.0,14.031814191432249,13.667708726150796,10.146500055840272,13.11720914878243,271796.79183945904,216294.44444444444,-87662.66666666667,55.55555555555556,0.0,0,12,,,,0.0210704000201076
8112,至上,電子通路業,12,14.033,13.801,12.576,13.584,3441721.517,2648984.38,-815056.992,50.0,66.667,14.03261880817926,13.800850181310679,12.576487301512584,13.583557079178158,3441721.5171028157,2648984.379836063,-815056.9921225853,50.0,66.66666666666666,12,0,"(1, 1, 0)","(0, 1, 1, 12)",-3.215181616397331,0.5406915999483317
3526,凡甲,電子零組件業,12,14.051,14.858,14.044,14.819,52354.316,45976.449,481.146,50.0,75.0,14.05109542971916,14.857807032421256,14.043608728960514,14.819452585702688,52354.316026072425,45976.44884462977,481.145998124802,50.0,75.0,12,0,"(0, 1, 1)","(0, 1, 1, 12)",1.5472657425717316,0.7916135000996292
6807,峰源-KY,居家生活,12,14.058,14.49,9.68,15.217,58074.578,49946.484,19804.849,33.333,66.667,14.058192162266767,14.489752802081227,9.68004976355844,15.216948460854338,58074.578279270645,49946.48401146758,19804.84873240534,33.33333333333333,66.66666666666666,12,0,"(1, 1, 0)","(0, 1, 0, 12)",-14.03617207775858,0.2901361000258475
8932,智通*,數位雲端類,12,14.066,13.576,10.382,13.31,38439.214,26602.815,3198.291,41.667,50.0,14.065665572616473,13.57583483085911,10.38234906859106,13.30968760145865,38439.21429526709,26602.815267456714,3198.291086006318,41.66666666666667,50.0,12,0,"(0, 1, 1)","(0, 1, 1, 12)",31.77292120621696,0.6811919000465423
8435,鉅邁,其他,12,14.066,13.587,12.949,14.303,8015.479,7242.547,3034.88,33.333,58.333,14.066452934351211,13.587340850031534,12.948815044439149,14.30298491324227,8015.479038153869,7242.547008882863,3034.880433747008,33.33333333333333,58.333333333333336,12,0,"(1, 1, 1)","(0, 1, 0, 12)",-80.0871793227542,0.7281004001852125
3701,大眾控,電腦及週邊設備業,12,14.071,14.311,8.681,16.294,145329.097,113642.676,82338.525,25.0,66.667,14.071460726173878,14.311256468175845,8.68111773595559,16.293739502911652,145329.09661761278,113642.6764114774,82338.52546366722,25.0,66.66666666666666,12,0,"(0, 1, 1)","(0, 1, 1, 12)",-24.01867328359867,0.7781884998548776
4414,如興,紡織纖維,12,14.079,13.72,15.319,14.24,192649.683,164581.983,49309.942,41.667,75.0,14.078712835280035,13.720202202666536,15.31900662881137,14.239638634082596,192649.68317186405,164581.9832770922,49309.94246715776,41.66666666666667,75.0,12,0,"(0, 1, 1)","(0, 1, 1, 12)",-13.040836664227657,0.6101417001336813
1723,中碳,化學生技醫療,12,14.086,13.372,12.102,14.592,96001.313,68762.674,28538.033,58.333,66.667,14.085679936840245,13.371715559352761,12.10180521598849,14.591738048356204,96001.313254715,68762.67412713695,28538.032762086354,58.333333333333336,66.66666666666666,12,0,"(1, 1, 1)","(0, 1, 1, 12)",-11.507362428293636,1.138489899924025
1616,億泰,電器電纜,12,14.098,13.63,9.653,14.648,78233.407,61180.045,11549.709,66.667,75.0,14.09776170908562,13.629825648184376,9.653441814807618,14.647702677847285,78233.406980788,61180.04474078412,11549.708814397798,66.66666666666666,75.0,12,0,"(0, 1, 1)","(1, 1, 0, 12)",-40.99914552010966,0.5906020998954773
1466,聚隆,紡織纖維,12,14.109,13.53,7.801,14.361,41096.422,30641.606,9680.116,41.667,58.333,14.109458927966632,13.529841406707313,7.800532098392458,14.361117157175189,41096.42188155687,30641.606016924652,9680.115560914972,41.66666666666667,58.333333333333336,12,0,"(1, 1, 1)","(0, 1, 1, 12)",-13.456090904741975,1.7955659001599995
2235,謚源,電機機械,12,14.116,14.702,14.332,15.075,7861.47,6539.049,806.814,41.667,75.0,14.115873498040987,14.701568616706364,14.33186193035163,15.07523909654843,7861.470001106604,6539.049002460422,806.8135201359564,41.66666666666667,75.0,12,0,"(1, 1, 1)","(0, 1, 1, 12)",-10.453378002663552,0.9694101999048144
6114,久威,電子零組件業,12,14.141,14.035,14.431,14.549,12410.75,10304.268,2061.132,50.0,58.333,14.140666269522534,14.03461459390094,14.431461150902742,14.549179709468104,12410.749791931275,10304.268158935396,2061.131731735894,50.0,58.333333333333336,12,0,"(0, 1, 1)","(0, 1, 1, 12)",-3.610971652410793,0.9243201001081616
3234,光環,通信網路業,12,14.143,13.19,10.287,13.029,10774.367,8053.022,-1219.318,66.667,58.333,14.14307878799197,13.190283932473982,10.286962826209702,13.02904722324051,10774.367233081914,8053.021918286668,-1219.317540477686,66.66666666666666,58.333333333333336,12,0,"(1, 1, 1)","(0, 1, 1, 12)",-63.755215569459935,1.322376600001007
6261,久元,半導體業,12,14.148,14.266,10.46,13.758,66173.771,49186.652,-13369.757,66.667,75.0,14.148487734162863,14.265858077198205,10.459644872810536,13.757929567486263,66173.77079562184,49186.65166830783,-13369.757245007893,66.66666666666666,75.0,12,0,"(1, 1, 0)","(0, 1, 0, 12)",-37.49622983669792,0.3262590998783707
8906,花王,其他,12,14.161,14.498,14.189,16.074,2863.64,2378.886,1342.726,25.0,83.333,14.161021553619149,14.498357704950845,14.189102916190777,16.07439901298143,2863.6400008579467,2378.8864090898915,1342.7259514361217,25.0,83.33333333333334,12,0,"(1, 1, 1)","(1, 1, 0, 12)",-31.10996251380557,1.060584999853745
3680,家登,半導體業,12,14.213,14.639,13.348,14.504,104684.193,86983.527,8957.33,33.333,75.0,14.212922958359266,14.638979356480403,13.348357737379251,14.504014703316596,104684.19252579533,86983.52673694993,8957.329726490692,33.33333333333333,75.0,12,0,"(1, 1, 1)","(1, 1, 0, 12)",17.77202746245177,0.75355330016464
2349,錸德,電子工業,12,14.23,14.537,11.601,14.54,118325.771,88911.422,-6319.162,41.667,58.333,14.230347011823245,14.537214638991427,11.60100418120046,14.540004153712847,118325.77054998733,88911.4215850768,-6319.162028666426,41.66666666666667,58.333333333333336,12,0,"(1, 1, 0)","(0, 1, 1, 12)",-89.30591960025966,0.8219410998281091
2305,全友,電腦及週邊設備業,12,14.236,14.827,12.802,14.449,10306.714,8854.64,-1431.272,58.333,41.667,14.236041235699087,14.827119713705676,12.801805248042752,14.448990416102339,10306.714281744953,8854.639698089386,-1431.2717960389552,58.333333333333336,41.66666666666667,12,0,"(1, 1, 1)","(0, 1, 1, 12)",21.310357690010065,0.9076342999469488
2390,云辰,電子工業,12,14.244,13.588,11.247,14.209,9895.602,8061.715,4596.02,8.333,83.333,14.244446054292787,13.587971446124891,11.247012877332635,14.208976418763445,9895.60176906139,8061.715466657274,4596.020050033849,8.333333333333332,83.33333333333334,12,0,"(0, 1, 1)","(1, 1, 0, 12)",-44.3189704804274,0.6260335000697523
6109,亞元,通信網路業,12,14.245,14.416,13.853,13.25,11294.927,9231.784,-7210.25,75.0,58.333,14.244529021312227,14.41626423907169,13.85266733817358,13.249633962900855,11294.92675429318,9231.784295185646,-7210.250101572862,75.0,58.333333333333336,12,0,"(0, 1, 1)","(1, 1, 0, 12)",-23.904930620427923,0.743658100022003
3607,谷崧,電子零組件業,12,14.25,13.692,15.562,14.334,40404.093,33399.497,8967.872,41.667,66.667,14.250421481158487,13.691937479719856,15.561866169017453,14.33412853753093,40404.0934805231,33399.49659857261,8967.872300789546,41.66666666666667,66.66666666666666,12,0,"(0, 1, 1)","(0, 1, 1, 12)",-17.80098793924839,0.7822366000618786
1256,鮮活果汁-KY,食品工業,12,14.278,15.026,13.038,14.389,60160.148,48958.754,-19677.819,58.333,75.0,14.278025358209746,15.02601904950752,13.037974871777255,14.389340494365543,60160.14817383365,48958.75403557796,-19677.818556132584,58.333333333333336,75.0,12,0,"(0, 1, 1)","(0, 1, 1, 12)",26.57215214577617,1.7210579998791218
3684,榮昌,通信網路業,12,14.285,14.268,9.941,14.642,18038.499,13686.866,1915.135,33.333,83.333,14.284952925021308,14.267785670452843,9.941460529082855,14.642322106252802,18038.49910407136,13686.86575430554,1915.1351823727116,33.33333333333333,83.33333333333334,12,0,"(1, 1, 0)","(0, 1, 1, 12)",-27.122173937769382,0.7064419998787344
5223,安力-KY,電腦及週邊設備業,12,14.339,14.685,12.774,14.453,26589.192,23422.275,-87.009,50.0,66.667,14.338954008121826,14.684613386203225,12.773693730286514,14.453204729515381,26589.19238745553,23422.275101903437,-87.00916257781743,50.0,66.66666666666666,12,0,"(0, 1, 1)","(0, 1, 1, 12)",20.49781913386804,0.6592043999116868
3224,三顧,電子通路業,12,14.361,14.774,13.069,14.889,21318.557,18122.76,327.083,50.0,58.333,14.360936643244443,14.774021827192044,13.068521261967264,14.88888512189948,21318.557231437724,18122.76006204792,327.0825089365159,50.0,58.333333333333336,12,0,"(1, 1, 0)","(0, 1, 1, 12)",-13.952967372631512,0.5794924998190254
7547,碩網,數位雲端類,8,14.377,14.742,12.306,14.711,5053.717,4730.571,-739.143,57.143,0.0,14.377450405741602,14.742437662956217,12.30606588759679,14.711070565936565,5053.716708663889,4730.571428571428,-739.1428571428571,57.14285714285714,0.0,0,12,,,,0.0164781000930815
9914,美利達,運動休閒,12,14.405,14.365,7.429,15.044,461724.302,320934.769,31581.915,50.0,75.0,14.405248931965813,14.36541042964285,7.428996983331912,15.044289974364125,461724.30222374824,320934.7690383745,31581.915023467503,50.0,75.0,12,0,"(1, 1, 1)","(0, 1, 1, 12)",-20.473009626135724,3.375331699848175
3611,鼎翰,電腦及週邊設備業,12,14.427,14.393,12.329,14.767,158747.638,138750.559,25429.814,41.667,41.667,14.427096717935358,14.393471780998771,12.329174585962004,14.767032996187094,158747.6384177486,138750.5588460416,25429.814088206465,41.66666666666667,41.66666666666667,12,0,"(0, 1, 1)","(0, 1, 0, 12)",-76.8322271957413,0.4137712998781353
5278,尚凡*,數位雲端類,12,14.428,16.061,11.731,16.123,38741.347,31653.159,3787.077,50.0,50.0,14.427732607639493,16.060839729334816,11.731357152725405,16.12301849446186,38741.34736407391,31653.158868336865,3787.0769727536667,50.0,50.0,12,0,"(0, 1, 1)","(0, 1, 0, 12)",-67.93054089178315,0.4997942000627517
9928,中視,其他,12,14.445,13.973,11.367,12.808,14868.407,10591.351,-7425.62,58.333,83.333,14.444507190486721,13.972501226020748,11.367215703828789,12.807784581265889,14868.40675826525,10591.35063779911,-7425.620463278062,58.333333333333336,83.33333333333334,12,0,"(0, 1, 1)","(0, 1, 0, 12)",-64.08324463810425,2.184922599932179
3520,華盈,電子零組件業,12,14.455,13.422,10.679,13.987,18620.671,14553.926,2073.582,58.333,50.0,14.454897619871074,13.422419361488222,10.678581108687373,13.986600968402948,18620.67105058441,14553.925714315206,2073.5823759623636,58.333333333333336,50.0,12,0,"(0, 1, 1)","(0, 1, 1, 12)",19.098566806589844,0.6987924000713974
8279,生展,生技醫療業,12,14.481,14.767,14.052,14.832,29681.188,25782.407,1996.23,41.667,83.333,14.481217269208955,14.767351429116045,14.05232931806975,14.832138009799753,29681.18752693973,25782.407496823853,1996.230259438921,41.66666666666667,83.33333333333334,12,0,"(1, 1, 1)","(0, 1, 1, 12)",-55.11468812643823,1.2634181999601424
4745,合富-KY,生技醫療業,12,14.491,13.927,14.415,15.44,43628.416,36269.194,31948.56,16.667,91.667,14.490897021321278,13.92718615490591,14.415384629642839,15.439514873313218,43628.41609255344,36269.193700179916,31948.560256033863,16.666666666666664,91.66666666666666,12,0,"(0, 1, 1)","(0, 1, 1, 12)",-22.53497299476512,0.7050644000992179
5212,凌網,資訊服務業,12,14.495,15.986,12.423,14.84,21740.798,15923.468,-7736.981,58.333,91.667,14.494811276639458,15.98566289855133,12.423467345251145,14.839568483796631,21740.798382033445,15923.468192102633,-7736.980821330456,58.333333333333336,91.66666666666666,12,0,"(0, 1, 1)","(0, 1, 1, 12)",-29.428937138640315,0.7446753000840545
6955,邦睿生技-創,生技醫療業,12,14.502,15.602,13.852,14.469,4344.431,3701.667,-2266.667,66.667,8.333,14.50179068712109,15.601759183893646,13.85209561759716,14.468805201300622,4344.431339849517,3701.6666666666665,-2266.6666666666665,66.66666666666666,8.333333333333332,0,12,,,,0.0212193999905139
3231,緯創,電腦及週邊設備業,12,14.563,15.024,6.874,13.509,38494252.872,26536128.385,-15159110.495,58.333,75.0,14.563468741750057,15.023916433008697,6.873988090698502,13.509113945343557,38494252.87225264,26536128.385429114,-15159110.494888889,58.333333333333336,75.0,12,0,"(0, 1, 1)","(0, 1, 0, 12)",-62.13357209673657,0.3890626998618245
2434,統懋,半導體業,12,14.573,16.183,13.137,15.49,653.822,553.177,-186.734,58.333,83.333,14.572951680761841,16.183412825725043,13.137107036986434,15.490166215122356,653.8224966881204,553.1771016753189,-186.734416082213,58.333333333333336,83.33333333333334,12,0,"(1, 1, 1)","(0, 1, 1, 12)",24.857563929982245,0.816990900086239
4102,永日,生技醫療業,12,14.587,13.896,14.346,15.262,6761.699,5764.505,4383.527,25.0,50.0,14.586913855304257,13.895605341658587,14.34642383848774,15.262198107313699,6761.698974314263,5764.50524038532,4383.526782913364,25.0,50.0,12,0,"(0, 1, 1)","(0, 1, 1, 12)",24.92944075604161,0.7888016998767853
2364,倫飛,電腦及週邊設備業,12,14.599,14.903,13.274,14.776,23554.832,18352.098,-915.983,41.667,75.0,14.598931609855667,14.90311352243924,13.274165496131774,14.776383838052872,23554.831969211,18352.09794277541,-915.9826676896688,41.66666666666667,75.0,12,0,"(0, 1, 1)","(0, 1, 1, 12)",-7.302767409065106,0.6405633001122624
1441,大東,紡織纖維,12,14.607,14.692,9.357,15.385,24007.415,18454.396,3917.753,41.667,75.0,14.607036141468715,14.69175383967481,9.356897341414836,15.38507393660272,24007.414604166042,18454.395563300277,3917.752990089068,41.66666666666667,75.0,12,0,"(0, 1, 1)","(0, 1, 1, 12)",14.03097239139737,0.6150819999165833
8924,大田,運動休閒類,12,14.615,16.655,13.047,14.788,77028.912,56417.187,-40694.136,58.333,66.667,14.615027945654418,16.655462370557355,13.046736592143318,14.788080619733119,77028.9124694182,56417.18663880423,-40694.13553500414,58.333333333333336,66.66666666666666,12,0,"(1, 1, 1)","(1, 1, 0, 12)",30.31806129411927,0.6533250000793487
4912,聯德控股-KY,電子零組件業,12,14.624,14.081,13.839,14.51,97470.57,77049.682,120.061,58.333,50.0,14.623843938379677,14.081091704142267,13.839402006142482,14.510358257680874,97470.57026050452,77049.68241375331,120.0607233151095,58.333333333333336,50.0,12,0,"(0, 1, 1)","(0, 1, 1, 12)",3.570779251902997,0.827581400051713
6276,安鈦克,電腦及週邊設備業,12,14.652,13.522,10.575,14.201,23936.084,17570.256,2184.884,50.0,58.333,14.651942729474948,13.521651548161307,10.574984032827919,14.200961598527131,23936.083631624162,17570.255632570395,2184.884122565059,50.0,58.333333333333336,12,0,"(1, 1, 0)","(0, 1, 1, 12)",-3.430935020209315,0.9081335999071598
3490,單井,光電業,12,14.654,16.225,13.086,18.032,3778.118,3112.667,87.506,41.667,66.667,14.653592665282192,16.224751881167425,13.085879445727699,18.032122702359832,3778.117688870826,3112.6673086503592,87.5057067771783,41.66666666666667,66.66666666666666,12,0,"(1, 1, 1)","(0, 1, 1, 12)",14.507196416471842,0.942912300117314
2034,允強,鋼鐵工業,12,14.696,14.158,12.291,15.246,195948.473,153614.632,72719.841,41.667,58.333,14.696193446919773,14.157693018275378,12.290818857525537,15.246083695341687,195948.47268525985,153614.6318124051,72719.84094295329,41.66666666666667,58.333333333333336,12,0,"(0, 1, 1)","(0, 1, 1, 12)",-31.394189382946514,0.7410575998947024
6209,今國光,電子工業,12,14.733,15.88,11.333,15.283,58141.793,44838.691,-19613.246,66.667,41.667,14.732534804849221,15.880240681031069,11.333153379924626,15.28252441299923,58141.793394985194,44838.69066658068,-19613.24640986564,66.66666666666666,41.66666666666667,12,0,"(1, 1, 0)","(0, 1, 1, 12)",-34.186574744728496,1.226877899840474
4438,廣越,紡織纖維,12,14.738,12.765,8.578,12.456,343115.009,238605.043,-18329.732,50.0,91.667,14.73792667584927,12.76495651586961,8.577935423368482,12.456290814456501,343115.0086350726,238605.04326189845,-18329.73243654684,50.0,91.66666666666666,12,0,"(1, 1, 0)","(0, 1, 1, 12)",2.886163500246723,0.7643679999746382
3029,零壹,電子工業,12,14.738,14.119,11.494,14.464,398274.849,305733.467,53060.401,33.333,66.667,14.738318843324407,14.118747801955521,11.494269205628457,14.463826928269919,398274.8490452499,305733.4669661151,53060.4008560456,33.33333333333333,66.66666666666666,12,0,"(0, 1, 1)","(0, 1, 1, 12)",-24.271571734183222,0.8411562000401318
3002,歐格,電腦及週邊設備業,12,14.745,15.426,13.753,15.536,9584.394,8481.633,-1052.66,58.333,66.667,14.744875503418353,15.426200611825955,13.75295094426751,15.53554738214665,9584.394098045146,8481.633298850074,-1052.6603423773734,58.333333333333336,66.66666666666666,12,0,"(0, 1, 1)","(0, 1, 1, 12)",12.838769972286943,0.6862508000340313
4584,君帆,電機機械,12,14.748,15.278,12.13,15.233,19596.541,16086.583,1937.083,41.667,75.0,14.747667207050558,15.27757821379952,12.130224986820167,15.232580300648197,19596.54122330435,16086.583333333334,1937.0833333333333,41.66666666666667,75.0,0,12,,,,0.0178374000824987
6531,愛普*,半導體業,12,14.76,14.102,13.079,13.378,97755.69,69413.745,-39258.356,66.667,66.667,14.759599502493604,14.102138399744913,13.078744353428856,13.378307437756524,97755.69030142276,69413.74457791606,-39258.35647915043,66.66666666666666,66.66666666666666,12,0,"(1, 1, 0)","(0, 1, 1, 12)",-18.45969909799166,0.8084819000214338
8234,新漢,電腦及週邊設備業,12,14.762,14.669,12.766,14.946,84226.269,70145.902,9469.517,41.667,41.667,14.761982444296478,14.669400720641669,12.765899399465777,14.946087953717244,84226.26872674929,70145.90206724375,9469.517205314361,41.66666666666667,41.66666666666667,12,0,"(0, 1, 1)","(0, 1, 1, 12)",-33.935483562902256,0.9588535998482256
6142,友勁,電子工業,12,14.779,15.131,9.616,14.802,27852.588,22216.697,-1210.278,58.333,58.333,14.779356043337424,15.130796085127171,9.615581947045875,14.801575216052507,27852.587725313555,22216.6974882459,-1210.278119044838,58.333333333333336,58.333333333333336,12,0,"(1, 1, 1)","(0, 1, 1, 12)",21.662732625626603,1.0348125998862088
1806,冠軍,玻璃陶瓷,12,14.798,15.219,12.325,15.867,50629.6,40171.184,16740.567,25.0,50.0,14.798455195663824,15.219208680189212,12.325375686152984,15.86661556218585,50629.59979073487,40171.18354752722,16740.566962313147,25.0,50.0,12,0,"(0, 1, 1)","(0, 1, 1, 12)",-16.9182543931753,0.7033869000151753
2913,農林,貿易百貨,12,14.8,14.493,12.39,15.029,6666.377,5829.235,411.026,50.0,58.333,14.79958383457565,14.492824325391574,12.389629110527205,15.028516903443592,6666.37658463235,5829.235414789599,411.0256379885183,50.0,58.333333333333336,12,0,"(0, 1, 1)","(0, 1, 1, 12)",-17.535017008831765,0.6923916998784989
5703,亞都,觀光餐旅,12,14.802,14.666,10.449,14.498,7209.498,5561.824,-160.689,50.0,83.333,14.802320317518344,14.66604107634432,10.448812257556153,14.498210420019692,7209.4976471754935,5561.823836104343,-160.68874838157112,50.0,83.33333333333334,12,0,"(1, 1, 0)","(0, 1, 1, 12)",25.777448547506413,1.1042975999880582
6558,興能高,電子工業,12,14.805,15.425,16.086,15.334,15637.367,13235.126,402.222,50.0,41.667,14.805053953706063,15.425092799997635,16.08632195101955,15.334310225160166,15637.367439303747,13235.126032455073,402.22197171026954,50.0,41.66666666666667,12,0,"(0, 1, 1)","(0, 1, 1, 12)",46.72841030798159,0.7711535999551415
2605,新興,航運業,12,14.823,15.057,10.703,14.421,71711.758,55622.764,-16687.293,50.0,66.667,14.82290134872918,15.056636204287136,10.70348464769191,14.420731543790835,71711.75752876,55622.76437725718,-16687.292501138,50.0,66.66666666666666,12,0,"(0, 1, 1)","(0, 1, 1, 12)",-28.361895671611,0.6912728999741375
3191,雲嘉南,電子零組件業,12,14.838,14.958,10.788,15.288,2626.588,2113.437,226.541,41.667,75.0,14.83781511290314,14.957694796681933,10.788157763379376,15.287985184501077,2626.587736656111,2113.4365604522864,226.54089084430643,41.66666666666667,75.0,12,0,"(0, 1, 1)","(0, 1, 1, 12)",18.43952044280368,0.7254745000973344
5269,祥碩,電子工業,12,14.877,16.086,15.97,15.092,204130.959,166301.984,-79311.964,75.0,58.333,14.876547319882164,16.085509029568104,15.969738924692233,15.092214487719898,204130.95910257543,166301.98437086702,-79311.96418761533,75.0,58.333333333333336,12,0,"(1, 1, 1)","(1, 1, 0, 12)",4.058071419373262,1.2368282999377698
1512,瑞利,汽車工業,12,14.883,14.716,9.283,13.632,19420.301,14234.905,-5790.291,58.333,50.0,14.882906288622404,14.716313980547394,9.282994601487495,13.631509575298084,19420.30063412933,14234.904548815786,-5790.2911348240605,58.333333333333336,50.0,12,0,"(0, 1, 1)","(0, 1, 1, 12)",28.418979552504027,0.5852530999109149
2231,為升,汽車工業,12,14.887,13.544,8.338,14.96,67724.218,45413.866,16155.724,50.0,58.333,14.887477535060098,13.543506940405377,8.337679869504525,14.95986018906602,67724.21818172936,45413.86562753117,16155.7236935216,50.0,58.333333333333336,12,0,"(0, 1, 1)","(0, 1, 1, 12)",-31.572964250790044,0.6907218000851572
2008,高興昌,鋼鐵工業,12,14.908,15.35,11.268,15.777,28815.886,22592.256,1547.583,33.333,33.333,14.908304880073944,15.349654843989855,11.26834571431568,15.777364262305769,28815.886155314776,22592.256416249857,1547.5829065478756,33.33333333333333,33.33333333333333,12,0,"(1, 1, 0)","(0, 1, 1, 12)",-1.3334869970113852,0.5232958998531103
6661,威健生技,生技醫療業,12,14.918,16.519,12.17,14.764,6637.978,4673.587,-2630.512,58.333,50.0,14.918084094762179,16.518608334622485,12.1704344123828,14.76369104464548,6637.977526407125,4673.587112154079,-2630.5118635974472,58.333333333333336,50.0,12,0,"(0, 1, 1)","(0, 1, 1, 12)",22.96777756761452,0.6928359000012279
6684,安格,半導體業,12,14.921,14.988,14.003,14.728,4485.009,3941.727,-378.689,50.0,58.333,14.92103505160671,14.988413451398271,14.003121041156879,14.727804194856201,4485.008910948715,3941.7271321705734,-378.689151100855,50.0,58.333333333333336,12,0,"(0, 1, 1)","(0, 1, 1, 12)",-14.28974822089138,0.7671028999611735
3162,精確,電機機械,12,14.922,15.094,11.781,15.363,124888.546,96603.378,28802.845,41.667,75.0,14.921939125258604,15.094216411435237,11.780761574979644,15.362780387011007,124888.54633046013,96603.37796704784,28802.845318265416,41.66666666666667,75.0,12,0,"(0, 1, 1)","(0, 1, 1, 12)",35.201974011768385,0.7122017000801861
8436,大江,生技醫療業,12,14.934,14.94,12.176,14.787,110127.907,86983.416,-4351.385,41.667,83.333,14.934264403870765,14.93982296686177,12.175749243895813,14.78734144650787,110127.90683161686,86983.41583397263,-4351.385486531789,41.66666666666667,83.33333333333334,12,0,"(1, 1, 1)","(0, 1, 0, 12)",-70.9566106162332,0.6515454999171197
1525,江申,汽車工業,12,14.943,14.78,10.734,15.992,20087.047,15511.428,4484.333,50.0,66.667,14.942852381261368,14.779771009138464,10.734298097048539,15.99212067514523,20087.046840584462,15511.427914368362,4484.332575249357,50.0,66.66666666666666,12,0,"(1, 1, 1)","(0, 1, 1, 12)",-35.56454261603108,1.1161239999346435
4534,慶騰,電機機械,12,14.959,14.716,14.94,14.403,12725.256,10214.332,-2042.404,58.333,66.667,14.959094735043193,14.715981548770005,14.939965843564995,14.403385743003003,12725.256004329789,10214.331669245355,-2042.403942356316,58.333333333333336,66.66666666666666,12,0,"(0, 1, 1)","(0, 1, 1, 12)",-10.847734956041766,0.7209660999942571
2739,寒舍,觀光餐旅,12,14.967,15.228,15.988,15.098,70301.918,64479.714,2781.34,41.667,50.0,14.966532617926475,15.228061339985615,15.988042855475681,15.097933488544971,70301.91810755774,64479.713816507916,2781.3404109391995,41.66666666666667,50.0,12,0,"(0, 1, 1)","(0, 1, 1, 12)",5.551345865400699,0.8381123999133706
9933,中鼎,其他,12,14.998,14.635,15.827,15.932,1444228.065,1148141.996,450154.584,33.333,91.667,14.998221737173974,14.634569084810265,15.827034661703953,15.931562672608804,1444228.0650687788,1148141.9956464248,450154.58384484163,33.33333333333333,91.66666666666666,12,0,"(0, 1, 1)","(0, 1, 1, 12)",-47.1159282432462,2.430001799948513
3628,盈正,其他電子類,12,15.002,13.988,11.018,13.831,61130.934,41946.393,-7006.097,50.0,58.333,15.001911031865392,13.988333198586627,11.018416924577759,13.830957894165651,61130.934021784924,41946.39337886786,-7006.096999329692,50.0,58.333333333333336,12,0,"(1, 1, 1)","(0, 1, 1, 12)",0.6131043428425276,1.3470221001189202
3211,順達,電腦及週邊設備業,12,15.045,16.063,13.483,15.57,180303.822,165727.8,-101861.85,83.333,75.0,15.045094819089517,16.063395529246826,13.4833935827603,15.570415067392032,180303.82166603388,165727.80015809374,-101861.8499677998,83.33333333333334,75.0,12,0,"(1, 1, 1)","(0, 1, 1, 12)",-12.603191844363575,0.9971102999988944
6881,潤德,其他,12,15.059,16.844,14.231,15.079,35934.716,30927.0,-29713.5,91.667,0.0,15.05876433604314,16.844226835547392,14.231411427512652,15.079314900592111,35934.71553850584,30927.0,-29713.5,91.66666666666666,0.0,0,12,,,,0.0217438000254333
5906,台南-KY,貿易百貨,12,15.074,14.37,16.109,14.641,27159.658,21125.174,457.138,50.0,75.0,15.073932588075042,14.36993524607075,16.109459293782834,14.641261984991457,27159.658146165635,21125.174401400418,457.1383650417908,50.0,75.0,12,0,"(1, 1, 1)","(0, 1, 1, 12)",21.64560965040078,0.8504392998293042
2382,廣達,電腦及週邊設備業,12,15.102,15.13,9.442,14.773,35077766.644,26726307.174,-7213493.672,66.667,66.667,15.101816630815676,15.129902548491103,9.441718175161734,14.773060748053846,35077766.643793486,26726307.174493622,-7213493.67206892,66.66666666666666,66.66666666666666,12,0,"(1, 1, 1)","(0, 1, 0, 12)",-43.76714533742963,0.6108176000416279
1786,科妍,生技醫療業,12,15.115,14.05,12.379,15.167,14182.302,11167.914,6574.061,25.0,91.667,15.115231065279113,14.049982837895488,12.378926154090111,15.166516272818203,14182.30205241508,11167.913664633248,6574.061474182642,25.0,91.66666666666666,12,0,"(0, 1, 1)","(0, 1, 1, 12)",7.237658281687398,0.8656850999686867
6907,雅特力-KY,半導體業,2,15.118,16.354,15.118,15.118,24914.0,24914.0,-24914.0,100.0,0.0,15.117901916285392,16.354100340683072,15.117901916285392,15.117901916285392,24914.0,24914.0,-24914.0,100.0,0.0,0,12,,,,0.0114438000600785
2073,雄順,鋼鐵工業,12,15.127,14.736,14.893,15.184,9031.421,7028.667,2860.667,33.333,75.0,15.127259161744952,14.73583245740546,14.892621759745717,15.184123868165797,9031.420624685798,7028.666666666667,2860.6666666666665,33.33333333333333,75.0,0,12,,,,0.022291800007224
6538,倉和,電子零組件業,12,15.132,15.425,14.961,15.042,22049.859,18372.433,592.963,41.667,66.667,15.132075500732899,15.425074442061437,14.960612590281372,15.042144104710328,22049.859069636317,18372.43292833401,592.9632973261408,41.66666666666667,66.66666666666666,12,0,"(1, 1, 0)","(0, 1, 0, 12)",-41.24306644645328,0.368025500094518
6890,來億-KY,運動休閒,12,15.16,15.17,6.282,15.327,708814.452,500196.167,1056.833,50.0,41.667,15.159504214949798,15.169658200703712,6.282214207211983,15.326998132472772,708814.45171133,500196.1666666667,1056.8333333333333,50.0,41.66666666666667,0,12,,,,0.0173986000008881
3149,正達,電子工業,12,15.166,15.319,14.839,14.923,33968.092,28859.801,-11008.934,58.333,58.333,15.165821823044102,15.319384989741417,14.838929760111819,14.923373230322559,33968.0922990077,28859.800638161774,-11008.93448890218,58.333333333333336,58.333333333333336,12,0,"(0, 1, 1)","(0, 1, 1, 12)",-40.11700924385658,0.8298486000858247
5438,東友,電腦及週邊設備業,12,15.168,15.357,5.875,16.791,25304.558,16401.031,3103.574,50.0,66.667,15.167531302333643,15.356852890496638,5.874710738487525,16.790631383771192,25304.55801159283,16401.030785495925,3103.573983859322,50.0,66.66666666666666,12,0,"(1, 1, 1)","(0, 1, 1, 12)",-0.395533713356615,0.988291900139302
3679,新至陞,電子零組件業,12,15.183,15.618,14.434,15.386,68756.677,56571.05,12466.926,33.333,75.0,15.182800204957154,15.617524500057787,14.434413434284615,15.386271800163584,68756.67673749484,56571.05030200283,12466.92576110346,33.33333333333333,75.0,12,0,"(1, 1, 1)","(0, 1, 1, 12)",14.517446731277232,1.0854070000350475
1583,程泰,電機機械,12,15.188,14.977,12.909,15.62,57707.205,49199.335,3683.687,58.333,75.0,15.18845294207449,14.977372220614962,12.9091498398443,15.619989713043992,57707.204676660534,49199.3354201001,3683.686599353316,58.333333333333336,75.0,12,0,"(0, 1, 1)","(0, 1, 1, 12)",-30.520490185372974,0.7214029999449849
3131,弘塑,半導體業,12,15.204,14.257,8.343,12.81,143577.828,82540.331,-50595.016,58.333,58.333,15.20430927191318,14.256586388842035,8.342585719177844,12.809600166117367,143577.8280092042,82540.33060861005,-50595.01617659066,58.333333333333336,58.333333333333336,12,0,"(0, 1, 1)","(0, 1, 1, 12)",-33.88968995977589,0.8411969998851418
1416,廣豐,其他,12,15.207,15.054,14.819,14.788,5359.554,4564.092,-723.624,50.0,33.333,15.207262850325446,15.053650936342997,14.819322418907815,14.787970707418896,5359.554039601571,4564.0924356729665,-723.624024924981,50.0,33.33333333333333,12,0,"(0, 1, 1)","(0, 1, 1, 12)",22.55181530654432,0.97725349990651
3207,耀勝,電子零組件業,12,15.213,14.567,10.254,15.211,34397.655,24356.04,-2233.319,41.667,66.667,15.213072585413942,14.567034814724906,10.2535991168614,15.211035781941245,34397.655352743655,24356.040466324306,-2233.3185154086327,41.66666666666667,66.66666666666666,12,0,"(0, 1, 1)","(0, 1, 1, 12)",-11.721278294517976,0.803127400111407
1517,利奇,電機機械,12,15.223,15.25,11.376,15.798,32807.173,25641.414,4333.615,50.0,66.667,15.22294489067666,15.250401427122576,11.376161084522563,15.797663565168287,32807.172697828595,25641.414201769087,4333.615093912608,50.0,66.66666666666666,12,0,"(1, 1, 0)","(0, 1, 1, 12)",-1.883432032816371,0.5493844000156969
4736,泰博,生技醫療業,12,15.243,15.049,16.47,15.317,56980.761,53403.071,5316.41,50.0,50.0,15.24312204176499,15.049014762527147,16.470280217826275,15.3170298097446,56980.760930715056,53403.071326162,5316.409824328031,50.0,50.0,12,0,"(0, 1, 1)","(0, 1, 1, 12)",28.71389959792821,0.504113599890843
2033,佳大,鋼鐵工業,12,15.243,15.811,12.646,15.305,10933.197,8926.776,-2955.37,75.0,50.0,15.243486871984025,15.811430761514536,12.646429201082421,15.304580618423788,10933.196764682303,8926.776455819745,-2955.3703354757386,75.0,50.0,12,0,"(0, 1, 1)","(0, 1, 1, 12)",-23.00776664119034,0.6838004998862743
3548,兆利,電子零組件業,12,15.278,15.043,15.061,15.676,132384.122,119750.469,48252.975,25.0,58.333,15.278463269980106,15.042744491398121,15.060692083584748,15.675907525108023,132384.1218037071,119750.468857299,48252.97515081404,25.0,58.333333333333336,12,0,"(1, 1, 1)","(0, 1, 1, 12)",-7.774774848612653,0.9746201999951154
6569,醫揚,生技醫療業,12,15.279,15.164,9.735,16.208,21568.164,16720.956,2187.167,58.333,75.0,15.278569990192176,15.163762422693033,9.73525566332116,16.208127006894287,21568.164209534272,16720.956122257925,2187.166627596016,58.333333333333336,75.0,12,0,"(1, 1, 0)","(0, 1, 1, 12)",3.24160736091865,0.7649895001668483
6843,進典,電機機械,12,15.283,15.728,16.503,14.765,12692.145,10511.583,-6840.583,75.0,66.667,15.282536528629237,15.72793133997344,16.502587865001335,14.76527078218351,12692.144916574714,10511.583333333334,-6840.583333333333,75.0,66.66666666666666,0,12,,,,0.0279493001289665
1539,巨庭,電機機械,12,15.287,15.56,10.858,14.769,23950.795,16587.285,-1701.527,41.667,58.333,15.286869435831285,15.559690357535564,10.857606889666048,14.768971743088274,23950.795361492586,16587.285201563864,-1701.5273961327377,41.66666666666667,58.333333333333336,12,0,"(1, 1, 0)","(0, 1, 1, 12)",15.920685336316058,0.5824720999225974
4991,環宇-KY,半導體業,12,15.293,15.916,11.92,14.914,36013.356,27867.261,-14194.763,66.667,75.0,15.292706203551646,15.916111416630931,11.920412026002776,14.914169919988387,36013.35613291546,27867.261318640347,-14194.76283890967,66.66666666666666,75.0,12,0,"(0, 1, 1)","(0, 1, 1, 12)",3.3969139792434637,0.6354147000238299
8067,志旭,電子通路業,12,15.321,15.149,15.007,15.43,1507.335,1367.799,165.335,41.667,75.0,15.32075948954133,15.149330060461057,15.007300585500671,15.43023421754259,1507.3350871533216,1367.7991053275261,165.3345761013211,41.66666666666667,75.0,12,0,"(1, 1, 1)","(0, 1, 1, 12)",21.523220240474743,1.4205444001127034
4737,華廣,生技醫療業,12,15.336,15.16,15.226,15.616,25688.893,23497.263,5810.498,41.667,50.0,15.336087265360106,15.16025722365626,15.226449457852127,15.616216481382484,25688.892637749886,23497.262784057817,5810.498102061018,41.66666666666667,50.0,12,0,"(0, 1, 1)","(0, 1, 1, 12)",11.580222080187337,0.7528291998896748
6603,富強鑫,電機機械,12,15.342,15.333,12.025,15.06,86372.343,64871.464,-19456.166,66.667,83.333,15.342139959981765,15.332620965172502,12.024858323973584,15.059674183233609,86372.34325696283,64871.46445047346,-19456.166061554028,66.66666666666666,83.33333333333334,12,0,"(0, 1, 1)","(0, 1, 1, 12)",2.832937246860163,1.6557769000064582
8936,國統,其他,12,15.343,14.872,12.747,14.105,109738.021,80674.082,-24436.205,66.667,75.0,15.342647408536658,14.871850889051563,12.74748461818969,14.105240395496663,109738.02146236607,80674.08211213161,-24436.205138192105,66.66666666666666,75.0,12,0,"(0, 1, 1)","(0, 1, 1, 12)",-5.005152218292652,0.7774299001321197
3229,晟鈦,電子零組件業,12,15.353,15.77,14.026,15.637,15553.796,13313.576,-2469.191,58.333,50.0,15.353196665361079,15.769611357770364,14.0260125821548,15.637428398469243,15553.795916951936,13313.575665690078,-2469.1913755378596,58.333333333333336,50.0,12,0,"(0, 1, 1)","(0, 1, 1, 12)",13.77662699280241,0.7044096998870373
6668,中揚光,電子工業,12,15.357,16.558,15.027,15.845,17236.976,14923.916,-8972.035,75.0,58.333,15.357324873896673,16.558223198922313,15.027205201932098,15.84534155649984,17236.976126727324,14923.915570413852,-8972.035218697663,75.0,58.333333333333336,12,0,"(0, 1, 1)","(0, 1, 1, 12)",13.526573475952548,0.7254269002005458
1515,力山,電機機械,12,15.361,16.055,10.605,14.626,96101.81,69371.903,-27588.237,58.333,91.667,15.36110242341277,16.054675739716224,10.604682765268205,14.625502962271094,96101.8097033267,69371.90342773251,-27588.236649611015,58.333333333333336,91.66666666666666,12,0,"(1, 1, 0)","(0, 1, 1, 12)",21.76914939320888,0.6088785000611097
2734,易飛網,觀光餐旅,12,15.368,15.561,14.694,15.264,24426.21,21044.299,-16.662,41.667,41.667,15.367607494501415,15.561287663774035,14.69385605640474,15.263855864322018,24426.2097858494,21044.299252253608,-16.662037342540618,41.66666666666667,41.66666666666667,12,0,"(0, 1, 1)","(0, 1, 1, 12)",37.46434549713745,0.8052198998630047
6416,瑞祺電通,電子工業,12,15.384,14.682,10.48,14.342,78411.536,55243.714,-14530.311,50.0,83.333,15.383678797862377,14.682456564246332,10.480262070375817,14.342272841296952,78411.53583530073,55243.71358385167,-14530.310736853522,50.0,83.33333333333334,12,0,"(0, 1, 1)","(1, 1, 0, 12)",-54.65953269896716,1.027309900149703
2380,虹光,電腦及週邊設備業,12,15.39,16.154,16.486,15.527,45408.409,37566.668,-11442.369,66.667,75.0,15.389857649375358,16.153523377705742,16.485771695099853,15.527383923981194,45408.40868356101,37566.66817188799,-11442.36870922277,66.66666666666666,75.0,12,0,"(1, 1, 1)","(0, 1, 1, 12)",21.799097238926603,1.2105020999442786
2726,雅茗-KY,觀光餐旅,12,15.391,15.749,14.256,15.035,8326.184,7287.838,-3349.677,66.667,66.667,15.391366312281441,15.748562316330531,14.255813970622578,15.034677659163812,8326.18397696759,7287.837601142449,-3349.6768413294444,66.66666666666666,66.66666666666666,12,0,"(1, 1, 1)","(0, 1, 1, 12)",-1.3525702414924154,1.580329499905929
8342,益張,其他,12,15.405,15.025,12.651,16.072,26753.146,21076.651,6221.763,58.333,66.667,15.404562723648821,15.024594925481924,12.65093500922918,16.072425298841743,26753.14638517967,21076.651089852345,6221.763472088511,58.333333333333336,66.66666666666666,12,0,"(0, 1, 1)","(0, 1, 0, 12)",-27.66509675564613,0.5091505001764745
4513,福裕,電機機械,12,15.409,15.4,9.914,15.13,16554.98,12945.306,-720.986,50.0,75.0,15.408907538526853,15.40044688739918,9.913943276602147,15.129973811911007,16554.97961290848,12945.305719754615,-720.9862694556177,50.0,75.0,12,0,"(0, 1, 1)","(0, 1, 1, 12)",-3.3835052078247223,0.6547179000917822
8446,華研,文化創意業,12,15.432,14.854,10.881,15.775,17711.322,13951.741,2079.717,50.0,50.0,15.432019116077173,14.8539508557461,10.88144011305416,15.774810622079883,17711.322022079876,13951.741262415258,2079.7166600606215,50.0,50.0,12,0,"(0, 1, 1)","(0, 1, 1, 12)",-4.750849637578813,1.1322361000347885
6585,鼎基,其他,12,15.513,15.436,11.809,16.315,47373.247,36837.729,4383.753,41.667,50.0,15.51282188701151,15.436294337845375,11.809231321497009,16.315474997495073,47373.24694649639,36837.72933161705,4383.753129870565,41.66666666666667,50.0,12,0,"(0, 1, 1)","(0, 1, 1, 12)",-45.479326310870775,1.0342447999864817
3663,鑫科,其他電子類,12,15.516,15.512,16.205,15.732,91724.746,73895.723,4844.056,58.333,58.333,15.516246534971465,15.512120005609312,16.204530268133404,15.732025131055668,91724.74559092971,73895.72328643278,4844.05593907984,58.333333333333336,58.333333333333336,12,0,"(0, 1, 1)","(0, 1, 1, 12)",1.8979396090614624,0.8066001001279801
4105,東洋,生技醫療業,12,15.518,14.542,11.22,14.603,107929.878,83451.292,-7325.976,50.0,83.333,15.517634641903069,14.541627839673074,11.2200036960722,14.602634032487769,107929.87807048282,83451.291625801,-7325.976354963408,50.0,83.33333333333334,12,0,"(0, 1, 1)","(0, 1, 1, 12)",-41.49194313689152,1.0338661998976022
4167,松瑞藥,生技醫療業,12,15.522,15.68,14.009,15.394,18959.295,15543.582,-5281.802,58.333,58.333,15.521722662501494,15.679797970349437,14.009332497801394,15.39392286973556,18959.29493219284,15543.582421917852,-5281.801782363597,58.333333333333336,58.333333333333336,12,0,"(0, 1, 1)","(0, 1, 1, 12)",19.238217992324262,0.8722286000847816
1598,岱宇,運動休閒,12,15.54,15.117,13.532,15.891,106707.703,79405.155,15842.67,41.667,75.0,15.539653322522087,15.116847325400332,13.531709520114651,15.891145995276688,106707.70254327514,79405.15508326737,15842.669802749544,41.66666666666667,75.0,12,0,"(0, 1, 1)","(0, 1, 1, 12)",-27.27291107084713,0.6049071000888944
3702,大聯大,電子通路業,12,15.54,15.471,16.2,15.988,14295734.783,12938988.379,3356180.271,41.667,75.0,15.540416227210152,15.471424261952684,16.199935240620587,15.988393444170862,14295734.783214558,12938988.378738338,3356180.2711880594,41.66666666666667,75.0,12,0,"(0, 1, 1)","(0, 1, 0, 12)",-68.86551915036108,0.3759773999918252
2910,統領,貿易百貨,12,15.554,14.237,13.891,15.56,7952.928,6718.747,5232.135,16.667,41.667,15.554214429448646,14.23661626589581,13.89113365816533,15.56014009384976,7952.927955937783,6718.746617563206,5232.135125074833,16.666666666666664,41.66666666666667,12,0,"(0, 1, 1)","(0, 1, 1, 12)",75.15074309205563,0.5756211001425982
4711,永純,化學工業,12,15.571,15.948,15.538,15.717,11665.896,9459.883,-573.736,50.0,75.0,15.571225850695427,15.94803416412203,15.538375152182846,15.717384609981908,11665.896014540347,9459.883032900654,-573.7361049841389,50.0,75.0,12,0,"(0, 1, 1)","(0, 1, 1, 12)",7.231883297044893,0.6884747999720275
1541,錩泰,電機機械,12,15.584,15.719,12.768,15.612,55028.126,47135.417,7477.564,33.333,83.333,15.584081020430768,15.718806522973045,12.7680497439361,15.611752416976035,55028.12649513951,47135.41665338215,7477.564397908723,33.33333333333333,83.33333333333334,12,0,"(0, 1, 1)","(1, 1, 0, 12)",-7.488039711822978,0.620440199971199
1470,大統新創,紡織纖維,12,15.584,15.022,14.294,15.029,12558.98,10437.662,-1743.013,58.333,75.0,15.584201235634776,15.02228823598182,14.294019514749074,15.028500283137236,12558.979579505902,10437.661632744384,-1743.0132351651853,58.333333333333336,75.0,12,0,"(1, 1, 1)","(0, 1, 1, 12)",12.654766922335355,1.2312384000979364
3528,安馳,電子通路業,12,15.624,16.165,15.596,14.527,146486.448,116653.649,-103852.716,75.0,50.0,15.624463299867186,16.165465812095043,15.596001160147466,14.526858586521541,146486.44824987155,116653.6491985054,-103852.71589752566,75.0,50.0,12,0,"(0, 1, 1)","(1, 1, 0, 12)",-52.14546090914653,0.7865365000907332
8929,富堡,其他,12,15.626,15.746,9.165,15.81,12051.198,9389.443,-286.738,50.0,58.333,15.626088830800134,15.746486453824685,9.165376465378216,15.80954324003442,12051.19786665353,9389.443321873261,-286.73765289885404,50.0,58.333333333333336,12,0,"(0, 1, 1)","(0, 1, 1, 12)",-27.591412255600275,0.845619099913165
6113,亞矽,電子通路業,12,15.634,16.278,9.295,15.459,12199.894,8355.862,-702.156,41.667,58.333,15.633727106961532,16.2782096062659,9.29492538461107,15.458945807359584,12199.894413374774,8355.86235170511,-702.1556808240239,41.66666666666667,58.333333333333336,12,0,"(1, 1, 0)","(0, 1, 1, 12)",19.68154593419419,0.8666017998475581
2331,精英,電腦及週邊設備業,12,15.651,14.763,13.336,15.35,345768.541,262312.16,23207.544,50.0,66.667,15.650994831053982,14.76322726527122,13.33563865705879,15.349639506887257,345768.5410602933,262312.1602129737,23207.5441968792,50.0,66.66666666666666,12,0,"(0, 1, 1)","(0, 1, 1, 12)",-25.050564435639576,0.675459299935028
4557,永新-KY,汽車工業,12,15.687,15.179,17.392,16.419,62894.946,52194.941,33695.875,33.333,75.0,15.687350987184482,15.179078053711889,17.392389209939353,16.419404796056167,62894.945833560974,52194.94113176772,33695.874943014685,33.33333333333333,75.0,12,0,"(1, 1, 1)","(0, 1, 1, 12)",1.8560231893696424,0.901134799933061
5315,光聯,光電業,12,15.69,15.121,13.464,15.749,29993.433,26196.353,11077.883,33.333,41.667,15.690408334815533,15.120861643803526,13.463921400928042,15.749180587566695,29993.43340978815,26196.352721620482,11077.883184369828,33.33333333333333,41.66666666666667,12,0,"(1, 1, 0)","(0, 1, 0, 12)",-81.0361704741969,0.5869549999479204
2867,三商壽,金融保險,10,15.704,16.165,13.069,16.636,2011903.15,1850485.665,-54477.907,60.0,33.333,15.70408519512963,16.165411306495766,13.068968221225303,16.635953258810787,2011903.1502895416,1850485.665211815,-54477.90747462213,60.0,33.33333333333333,5,7,"(1, 1, 1)","(0, 1, 1, 12)",3.75076865620246,0.5459922000300139
8255,朋程,電機機械,12,15.713,15.067,11.945,15.533,127854.611,106142.336,20480.865,41.667,25.0,15.713218932050221,15.067482469872406,11.944961932207706,15.533347976074033,127854.61134860897,106142.33558378038,20480.86512993676,41.66666666666667,25.0,12,0,"(1, 1, 1)","(0, 1, 1, 12)",-64.43053560610328,1.6040384999942034
6953,家碩,半導體業,12,15.719,15.665,6.968,15.942,29559.264,17347.75,-6495.75,66.667,50.0,15.719011521974357,15.664762064199136,6.967578028799924,15.941814052067036,29559.264073777842,17347.75,-6495.75,66.66666666666666,50.0,0,12,,,,0.0243643000721931
6965,中傑-KY,運動休閒,12,15.78,14.727,11.146,15.832,369828.146,284862.583,113825.917,41.667,0.0,15.77954463654665,14.72691032074819,11.146392708794938,15.831810241271482,369828.1463232844,284862.5833333333,113825.91666666667,41.66666666666667,0.0,0,12,,,,0.0317592001520097
2754,亞洲藏壽司,觀光餐旅,12,15.787,15.379,12.233,15.422,85560.238,75092.504,16662.164,33.333,58.333,15.78665297898537,15.37874914598805,12.232853963746868,15.421799235412026,85560.23758360618,75092.50378058119,16662.16433861623,33.33333333333333,58.333333333333336,12,0,"(0, 1, 1)","(0, 1, 1, 12)",50.90288766144741,0.520168200135231
3669,圓展,電子工業,12,15.81,15.349,11.607,14.841,46632.053,33338.66,-7210.285,50.0,66.667,15.810472158052221,15.348867535284066,11.606889443781334,14.841297389431093,46632.05336980396,33338.65988832256,-7210.285306407689,50.0,66.66666666666666,12,0,"(0, 1, 1)","(0, 1, 1, 12)",-29.13171826844561,1.2565962001681328
6120,達運,電子工業,12,15.812,15.67,12.363,16.419,263889.31,225396.537,27085.672,41.667,58.333,15.812200281821523,15.669897575446548,12.363199148927414,16.418747783979455,263889.31037347706,225396.5374299188,27085.672313903557,41.66666666666667,58.333333333333336,12,0,"(0, 1, 1)","(0, 1, 1, 12)",-10.12573691688689,1.3403888999018818
6523,達爾膚,生技醫療業,12,15.835,15.327,12.957,16.009,20278.464,15415.706,-419.798,33.333,75.0,15.83450204369205,15.326655423692761,12.956537491691913,16.009316241958473,20278.463667333897,15415.705855473134,-419.79770449696906,33.33333333333333,75.0,12,0,"(0, 1, 1)","(0, 1, 1, 12)",1.927072632441572,0.8061983999796212
6156,松上,電子零組件業,12,15.887,15.953,15.263,15.888,69878.615,65469.469,8643.283,33.333,41.667,15.887007068155695,15.953411908661758,15.26330989433986,15.887500349149985,69878.61489978735,65469.469103308315,8643.283005621191,33.33333333333333,41.66666666666667,12,0,"(0, 1, 1)","(0, 1, 1, 12)",-40.08873485866178,0.9059498000424356
6923,中台,綠能環保,12,15.889,13.983,9.473,15.902,20727.934,15300.167,13304.0,16.667,33.333,15.88928852071989,13.983363085133279,9.472914968663918,15.90195683176244,20727.93433991916,15300.166666666666,13304.0,16.666666666666664,33.33333333333333,0,12,,,,0.0310123001690953
5439,高技,電子零組件業,12,15.894,17.151,14.987,16.326,140172.981,127729.485,-36540.723,58.333,50.0,15.894020165183232,17.151213329937764,14.986856216975442,16.325615096179767,140172.98139091485,127729.48511393252,-36540.72325960809,58.333333333333336,50.0,12,0,"(1, 1, 0)","(0, 1, 1, 12)",-74.68270120149022,0.8985295000020415
6470,宇智,通信網路業,12,15.938,15.861,14.069,16.808,30565.161,25961.628,10198.54,25.0,50.0,15.937841162234056,15.860634516335862,14.068966284475003,16.80844574424768,30565.16099723951,25961.62760439792,10198.540300856055,25.0,50.0,12,0,"(1, 1, 0)","(0, 1, 1, 12)",-31.222915521668952,1.764415399869904
8390,金益鼎,綠能環保類,12,15.955,15.905,17.075,16.318,69085.1,61624.732,8162.731,50.0,41.667,15.954826196727435,15.905082208595122,17.074959486081493,16.31829912789306,69085.10046174607,61624.73173923837,8162.730899956514,50.0,41.66666666666667,12,0,"(0, 1, 1)","(0, 1, 1, 12)",-29.47979621590664,0.8840799001045525
3030,德律,電子工業,12,16.042,16.459,15.841,15.741,137873.718,113195.919,-26129.751,50.0,75.0,16.042058441744416,16.45870342858995,15.8408046234504,15.741034494536102,137873.71786610555,113195.91930310882,-26129.750627228696,50.0,75.0,12,0,"(0, 1, 1)","(0, 1, 1, 12)",13.223696676051995,0.6629868999589235
3325,旭品,電腦及週邊設備業,12,16.066,16.879,13.619,17.406,20289.75,16965.127,-2152.726,58.333,66.667,16.065701916792992,16.879127201743948,13.61877001775618,17.405664750736662,20289.749964184266,16965.12685051972,-2152.726471906579,58.333333333333336,66.66666666666666,12,0,"(0, 1, 1)","(0, 1, 1, 12)",39.77585983963945,0.561427199980244
4127,天良,生技醫療業,12,16.069,17.264,13.545,16.082,7962.736,6884.586,-2860.226,58.333,75.0,16.069024774648796,17.26367516251762,13.54541747946247,16.08219508813757,7962.736069564718,6884.586192742572,-2860.2262226627245,58.333333333333336,75.0,12,0,"(0, 1, 1)","(0, 1, 1, 12)",-14.475772172810093,0.9863720999564976
4804,大略-KY,觀光餐旅,12,16.07,16.555,12.013,16.46,2176.685,1735.833,-403.667,66.667,25.0,16.070422861198765,16.554922874945863,12.013345702501466,16.459744738457406,2176.684558374655,1735.8333333333333,-403.6666666666667,66.66666666666666,25.0,0,12,,,,0.0209365000482648
2885,元大金,金融保險,12,16.102,15.96,11.109,16.086,2299366.977,1723274.187,203061.318,41.667,66.667,16.10216398689012,15.95959138527205,11.109218404510804,16.085744170368752,2299366.977365554,1723274.187228414,203061.31768336962,41.66666666666667,66.66666666666666,12,0,"(1, 1, 0)","(0, 1, 0, 12)",-20.336542377888343,0.3536763000302017
3516,亞帝歐,光電業,12,16.106,16.083,14.632,17.043,18154.672,14020.321,590.015,41.667,58.333,16.10608649498438,16.083367612145175,14.631529595276271,17.042694074501128,18154.67155220571,14020.321450406409,590.0150840206825,41.66666666666667,58.333333333333336,12,0,"(0, 1, 1)","(0, 1, 1, 12)",23.324182024329076,0.6779062999412417
6951,青新-創,綠能環保,12,16.112,16.556,14.782,15.1,14139.465,11622.417,-10325.25,91.667,50.0,16.11207253083924,16.55569040227155,14.782178619452024,15.100208300095389,14139.465044689632,11622.416666666666,-10325.25,91.66666666666666,50.0,0,12,,,,0.0273230001330375
2241,艾姆勒,汽車工業,12,16.121,16.231,13.959,15.944,12719.553,10518.644,-3540.981,50.0,58.333,16.120856876936852,16.230895934070517,13.95908116029081,15.943673342612485,12719.553330842757,10518.644167442935,-3540.980636480421,50.0,58.333333333333336,12,0,"(0, 1, 1)","(1, 1, 0, 12)",-58.12943016682976,0.572336700046435
6791,虎門科技,資訊服務業,12,16.15,17.467,14.494,15.911,11791.399,10842.0,-10842.0,100.0,58.333,16.149609553919543,17.467039076726497,14.494016415169058,15.91052174196092,11791.398800255492,10842.0,-10842.0,100.0,58.333333333333336,0,12,,,,0.0224669999442994
4148,全宇生技-KY,生技醫療業,12,16.157,16.392,14.004,16.382,45053.008,39760.474,-7265.406,50.0,75.0,16.15737557458146,16.392212978817554,14.003870188249678,16.381720290410218,45053.007518768376,39760.473748319426,-7265.4064047602105,50.0,75.0,12,0,"(0, 1, 1)","(0, 1, 1, 12)",13.62368820465766,0.6176899999845773
3447,展達,通信網路業,12,16.165,17.579,16.205,17.0,58073.04,49236.674,-12826.534,58.333,58.333,16.165388066491513,17.57905840455835,16.204679543106227,17.000310271671946,58073.04001036093,49236.67368448707,-12826.534456657255,58.333333333333336,58.333333333333336,12,0,"(1, 1, 0)","(1, 1, 0, 12)",2.483628895194637,0.6036137000191957
4161,聿新科,生技醫療業,12,16.169,16.442,13.037,16.669,12205.017,11280.438,1778.705,33.333,75.0,16.168981128893666,16.441589981831797,13.037144548096036,16.668520069245933,12205.016932743554,11280.437900233015,1778.7054260062923,33.33333333333333,75.0,12,0,"(0, 1, 1)","(0, 1, 1, 12)",19.13437662112706,0.8873479999601841
4506,崇友,電機機械,12,16.17,16.228,11.934,17.374,104482.414,81132.989,626.429,66.667,66.667,16.17048881070739,16.228362402808553,11.93401816056011,17.37377212088963,104482.41433371058,81132.98855899538,626.4294335461551,66.66666666666666,66.66666666666666,12,0,"(0, 1, 1)","(0, 1, 1, 12)",-41.91093668045685,0.8689365999307483
2419,仲琦,電子工業,12,16.172,16.649,13.678,15.635,154936.676,119676.21,-44314.474,58.333,75.0,16.172018271789916,16.649070152817064,13.677811946517487,15.634866522661047,154936.6757568508,119676.21004494542,-44314.47420717019,58.333333333333336,75.0,12,0,"(0, 1, 1)","(1, 1, 0, 12)",8.455747850347533,0.440932699944824
6141,柏承,電子零組件業,12,16.182,15.8,12.607,15.739,28408.685,24198.238,2876.891,41.667,50.0,16.18209871658754,15.800266872965576,12.60683393993965,15.739202839154537,28408.684635216297,24198.23844290577,2876.8913122099693,41.66666666666667,50.0,12,0,"(1, 1, 0)","(0, 1, 1, 12)",-19.488205260919457,0.7507438000757247
6270,倍微,電子通路業,12,16.222,15.203,14.967,15.323,46478.401,37442.616,-631.824,50.0,66.667,16.22157674991215,15.203440850049269,14.966629458986164,15.323313656216975,46478.40134867684,37442.61641818597,-631.823514305334,50.0,66.66666666666666,12,0,"(1, 1, 0)","(0, 1, 1, 12)",-40.73496700682453,1.0252227000892162
9958,世紀鋼,鋼鐵工業,12,16.225,15.589,10.914,16.321,248414.521,195563.278,61009.014,41.667,50.0,16.22456697003438,15.58868323451178,10.913952189291713,16.321100517690958,248414.52145402905,195563.27766937358,61009.014008154656,41.66666666666667,50.0,12,0,"(0, 1, 1)","(0, 1, 1, 12)",4.030959896575867,1.301786599913612
4541,晟田,其他,12,16.235,16.291,11.751,16.724,29103.809,22241.653,-4946.993,75.0,58.333,16.23468480610322,16.290965735773725,11.750679726762995,16.724051569726406,29103.80872390711,22241.65347340146,-4946.992813775606,75.0,58.333333333333336,12,0,"(1, 1, 0)","(1, 1, 0, 12)",-22.97967476106985,0.5386467000935227
4549,桓達,電機機械,12,16.265,16.139,17.006,16.697,18236.375,16695.673,5374.112,33.333,58.333,16.264593598498756,16.138918059836403,17.00572384985976,16.69716533563276,18236.375119627413,16695.673097998966,5374.112437552411,33.33333333333333,58.333333333333336,12,0,"(1, 1, 1)","(0, 1, 1, 12)",-17.875659525254626,0.8177755998913199
6568,宏觀,半導體業,12,16.276,16.347,18.489,16.195,18335.879,15425.812,-3390.473,50.0,58.333,16.276417589197443,16.34663932239141,18.488591887055122,16.19489260051201,18335.879295296912,15425.812005985985,-3390.47278142979,50.0,58.333333333333336,12,0,"(1, 1, 1)","(0, 1, 1, 12)",3.1082754141426534,1.2535480000078678
3017,奇鋐,電腦及週邊設備業,12,16.297,18.814,15.815,17.063,1981646.717,1896444.205,-1660977.62,91.667,8.333,16.29721744554999,18.813977286753417,15.815157595612794,17.062949357676345,1981646.7165420123,1896444.2053932257,-1660977.6202506565,91.66666666666666,8.333333333333332,12,0,"(0, 1, 1)","(0, 1, 1, 12)",-50.35448839181292,0.7301570000126958
1229,聯華,食品工業,12,16.306,15.807,8.908,15.671,253104.843,182355.947,-73020.481,66.667,75.0,16.305832119326748,15.80745540833993,8.907596907184155,15.670775179122906,253104.8431710372,182355.9473898483,-73020.48133119433,66.66666666666666,75.0,12,0,"(1, 1, 1)","(1, 1, 0, 12)",-29.280574282036333,1.023137700045481
5521,工信,建材營造,12,16.329,16.64,15.107,16.803,153944.574,122989.796,6891.595,41.667,66.667,16.32898542890371,16.64025697466335,15.10691279914606,16.803078082245683,153944.57425000935,122989.79578311204,6891.594541602341,41.66666666666667,66.66666666666666,12,0,"(0, 1, 1)","(0, 1, 1, 12)",53.33815044083777,0.6410612999461591
6914,阜爾運通,其他,12,16.332,17.653,16.599,16.097,84014.216,77281.5,-71101.5,91.667,50.0,16.33217551887235,17.652571793483755,16.59944675004948,16.096955926092413,84014.21610259381,77281.5,-71101.5,91.66666666666666,50.0,0,12,,,,0.0205178998876363
4536,拓凱,運動休閒,12,16.346,16.221,9.665,17.424,160028.459,125357.749,53121.667,41.667,66.667,16.346293469217184,16.221389974785165,9.66494398441029,17.424130260853833,160028.45853270663,125357.74943829904,53121.66738222697,41.66666666666667,66.66666666666666,12,0,"(0, 1, 1)","(0, 1, 0, 12)",-36.40282107043867,0.3387643999885767
7704,明遠精密,半導體業,12,16.361,15.56,13.25,15.676,11586.041,9149.333,811.667,41.667,16.667,16.360664190035955,15.55973803005707,13.250156189382192,15.676287115086899,11586.04148677767,9149.333333333334,811.6666666666666,41.66666666666667,16.666666666666664,0,12,,,,0.0230790998321026
6862,三集瑞-KY,電子零組件業,12,16.38,15.179,13.496,16.042,36821.525,30927.083,11365.417,33.333,33.333,16.380017283704326,15.178855168654474,13.495564459703951,16.042406406590544,36821.52507139449,30927.083333333332,11365.416666666666,33.33333333333333,33.33333333333333,0,12,,,,0.0210224001202732
2477,美隆電,其他電子業,12,16.386,16.681,13.187,17.159,45681.339,34119.503,-2068.36,66.667,66.667,16.386157755487453,16.680704666380286,13.186965689236663,17.15897835639323,45681.33897218358,34119.503470842305,-2068.359887547433,66.66666666666666,66.66666666666666,12,0,"(0, 1, 1)","(0, 1, 1, 12)",11.702580679663814,0.759438999928534
3691,碩禾,光電業,12,16.389,15.337,11.92,13.918,109223.433,79294.312,-71154.714,83.333,50.0,16.388932405161263,15.337272457425433,11.919935693655912,13.917845028322617,109223.4332954884,79294.31216446198,-71154.71351181141,83.33333333333334,50.0,12,0,"(1, 1, 0)","(0, 1, 1, 12)",30.586972962962207,0.6184932000469416
3499,環天科,通信網路業,12,16.419,16.441,11.113,18.472,5974.867,4886.854,1513.926,50.0,75.0,16.418675224000072,16.44109045297179,11.112719207881192,18.47160316979191,5974.8667618960935,4886.8544936713815,1513.9263648642018,50.0,75.0,12,0,"(0, 1, 1)","(0, 1, 1, 12)",22.679481059280658,0.820971499895677
1268,漢來美食,觀光餐旅,12,16.429,16.592,15.931,16.589,105836.695,85253.612,6804.029,41.667,66.667,16.429242458461893,16.59169755625774,15.931102442088175,16.58902036747389,105836.6951864976,85253.61182883219,6804.028937506839,41.66666666666667,66.66666666666666,12,0,"(0, 1, 1)","(0, 1, 1, 12)",27.553902503299717,1.541778199840337
8048,德勝,通信網路業,12,16.446,16.973,13.768,17.047,15964.625,13851.012,-591.337,58.333,58.333,16.446047384181313,16.972836465705697,13.76845983690968,17.04688780727587,15964.624905080123,13851.011862391855,-591.3372437850243,58.333333333333336,58.333333333333336,12,0,"(1, 1, 0)","(0, 1, 1, 12)",-11.31557356676272,0.7826014999300241
7718,友鋮,電機機械,12,16.483,16.726,14.04,17.058,39893.912,33246.545,-1136.364,54.545,0.0,16.48302466423193,16.725844512819,14.039742270832207,17.05844142158911,39893.91162935654,33246.545454545456,-1136.3636363636363,54.54545454545454,0.0,0,12,,,,0.0190834999084472
6206,元大上證50,ETF,12,16.507,16.407,18.202,16.855,77751.072,69225.921,12806.772,41.667,25.0,16.506509502328694,16.407461197236874,18.20156956607365,16.85483731448102,77751.07212287556,69225.92116431329,12806.771554990037,41.66666666666667,25.0,12,0,"(1, 1, 0)","(0, 1, 1, 12)",-24.605890299075348,1.148637300124392
8069,元太,光電業,12,16.512,16.399,6.613,18.701,706832.228,496955.338,205573.93,50.0,66.667,16.512057731035775,16.399149345652646,6.612983876738293,18.70142172185072,706832.2278507383,496955.33814279176,205573.93047182748,50.0,66.66666666666666,12,0,"(0, 1, 1)","(0, 1, 1, 12)",-6.555762407441668,0.8329564000014216
8072,陞泰,電子通路業,12,16.515,17.338,17.133,15.969,21988.926,17672.709,-6510.792,50.0,50.0,16.5147887448956,17.338383782731004,17.13330716082469,15.969039679926908,21988.926092149915,17672.70939542,-6510.79180139674,50.0,50.0,12,0,"(0, 1, 1)","(0, 1, 1, 12)",-17.102204389765472,0.7459517000243068
1626,艾美特-KY,電器電纜,12,16.518,18.607,12.494,19.735,132106.889,107281.845,17986.342,50.0,83.333,16.517605091089727,18.607136701524972,12.493570866281992,19.73501489251311,132106.88920811404,107281.84506662778,17986.341994018163,50.0,83.33333333333334,12,0,"(0, 1, 1)","(0, 1, 1, 12)",-23.97158032134217,0.7726477000396699
2221,大甲,其他,12,16.521,15.881,15.308,16.78,23125.031,18762.582,3830.309,50.0,58.333,16.52132595780994,15.880775860755683,15.308041721599682,16.78030154591274,23125.031418519113,18762.58150170317,3830.3089188699646,50.0,58.333333333333336,12,0,"(1, 1, 0)","(0, 1, 1, 12)",-9.317690959376517,0.6318308999761939
4433,興采,紡織纖維,12,16.531,15.923,15.075,15.764,61073.171,49733.253,-9606.568,50.0,83.333,16.53143099605631,15.923069979297294,15.07520092020913,15.764475026750233,61073.1711407491,49733.25344188329,-9606.567749797272,50.0,83.33333333333334,12,0,"(1, 1, 1)","(0, 1, 1, 12)",12.488027538691776,0.8389834000263363
2031,新光鋼,鋼鐵工業,12,16.611,15.906,12.832,16.504,313312.189,232532.142,65149.557,33.333,58.333,16.611323285886165,15.905511637980252,12.831969801106267,16.503594290952154,313312.18908555043,232532.14168392055,65149.557310385186,33.33333333333333,58.333333333333336,12,0,"(0, 1, 1)","(0, 1, 1, 12)",-10.071232878764224,0.6623114000540227
4568,科際精密,電機機械,12,16.706,17.028,14.562,16.345,21339.208,16919.394,762.814,25.0,41.667,16.70556285092679,17.027944533974203,14.561850809127252,16.345310615017645,21339.20818952786,16919.394055418652,762.8139672996404,25.0,41.66666666666667,12,0,"(0, 1, 1)","(0, 1, 1, 12)",-32.22732621161841,0.6227705001365393
2014,中鴻,鋼鐵工業,12,16.711,16.252,14.681,17.025,336408.377,264889.19,72854.987,41.667,50.0,16.710886409596988,16.251943835334583,14.681401629942087,17.024963280350384,336408.3766899572,264889.19019001274,72854.98658753301,41.66666666666667,50.0,12,0,"(1, 1, 1)","(0, 1, 1, 12)",-50.21358277319104,1.2759348000399768
7744,崴寶,電子零組件業,4,16.729,17.145,15.033,16.232,37725.887,35557.667,-20211.667,66.667,0.0,16.729398185177168,17.14465087066425,15.033377186571165,16.23237704454435,37725.88665182923,35557.666666666664,-20211.666666666668,66.66666666666666,0.0,0,12,,,,0.0194037000183016
1707,葡萄王,化學生技醫療,12,16.749,15.163,12.171,17.138,201716.631,143084.647,92513.023,33.333,66.667,16.74874742706825,15.163471614999036,12.17089361084011,17.13774224397308,201716.6313348465,143084.64697047073,92513.02316940192,33.33333333333333,66.66666666666666,12,0,"(0, 1, 1)","(0, 1, 0, 12)",-84.4123135472938,0.4648957999888807
6139,亞翔,電子工業,12,16.752,18.819,12.216,17.209,1344380.004,1071285.932,-421208.812,58.333,83.333,16.752183572565787,18.818592352127418,12.215730766569196,17.20880243253292,1344380.0037902582,1071285.9317279756,-421208.81164331903,58.333333333333336,83.33333333333334,12,0,"(1, 1, 0)","(1, 1, 0, 12)",-3.343750875948244,0.7142419998999685
1713,國化,化學生技醫療,12,16.779,16.703,18.382,17.271,7285.949,6432.556,391.672,58.333,91.667,16.779085807285895,16.702583240542644,18.381806865873546,17.271396132665114,7285.949091200578,6432.556178224676,391.67208440538644,58.333333333333336,91.66666666666666,12,0,"(0, 1, 1)","(0, 1, 1, 12)",-0.2429530662425305,0.6348826000466943
2451,創見,電子工業,12,16.789,14.885,13.525,13.361,381171.939,239596.58,-234056.137,83.333,41.667,16.788805275900664,14.884896821742197,13.525466855488567,13.361107514783532,381171.9385693417,239596.57973215738,-234056.1365256553,83.33333333333334,41.66666666666667,12,0,"(0, 1, 1)","(0, 1, 1, 12)",-58.97646796662001,0.8752745999954641
7703,銳澤,其他電子類,12,16.801,16.726,12.268,16.582,45714.707,35904.167,-11714.5,58.333,8.333,16.801083130753256,16.726329815254683,12.267578252311496,16.58153473495018,45714.70710467985,35904.166666666664,-11714.5,58.333333333333336,8.333333333333332,0,12,,,,0.0213468000292778
3036,文曄,電子通路業,12,16.811,17.772,15.929,18.142,18783644.898,16502458.159,-238122.345,50.0,58.333,16.811382626682878,17.771685079332418,15.929147188294207,18.141562920487537,18783644.897647195,16502458.158549905,-238122.34513516226,50.0,58.333333333333336,12,0,"(0, 1, 1)","(1, 1, 0, 12)",-43.284351084814254,0.6731493999250233
8466,美吉吉-KY,其他,12,16.826,15.927,16.123,16.279,55156.791,44351.818,14270.808,33.333,75.0,16.825626339630237,15.927373577375764,16.123103257220787,16.279206209562965,55156.791278309014,44351.818219764544,14270.808145888484,33.33333333333333,75.0,12,0,"(1, 1, 1)","(0, 1, 1, 12)",-18.87384243249933,3.2729291000869125
8941,關中,居家生活類,12,16.834,16.653,13.1,17.887,54213.297,41843.922,5648.078,41.667,66.667,16.833502859420012,16.65332296307703,13.100340791054489,17.88735147851016,54213.29664364434,41843.92181656044,5648.077917306119,41.66666666666667,66.66666666666666,12,0,"(0, 1, 1)","(0, 1, 1, 12)",-29.215176863854246,0.7210514000616968
6720,久昌,半導體業,12,16.839,16.663,15.995,18.929,7315.436,6116.25,4975.583,25.0,25.0,16.839393098131712,16.66346723823815,15.994952442703026,18.928614684465163,7315.436025965916,6116.25,4975.583333333333,25.0,25.0,0,12,,,,0.0192090000491589
2367,燿華,電子零組件業,12,16.847,16.962,17.598,17.252,256187.159,228085.521,32963.062,50.0,33.333,16.847083727081156,16.96216342118625,17.59764319352439,17.252375102080368,256187.15941786714,228085.5206096042,32963.06195292823,50.0,33.33333333333333,12,0,"(1, 1, 0)","(0, 1, 1, 12)",-48.08437574869866,0.6696444000117481
1789,神隆,生技醫療業,12,16.888,18.103,14.651,19.769,57765.04,44521.147,17698.084,33.333,75.0,16.888475831191858,18.10321622167664,14.650964051434146,19.76886289557183,57765.03976824003,44521.14665905051,17698.08448405567,33.33333333333333,75.0,12,0,"(1, 1, 1)","(0, 1, 1, 12)",13.968426676377993,1.064345199847594
6870,騰雲,數位雲端類,12,16.894,18.485,16.735,16.522,13513.196,11324.0,-11324.0,100.0,75.0,16.894243141935362,18.485163070668563,16.735327778694057,16.52216242015852,13513.196291033442,11324.0,-11324.0,100.0,75.0,0,12,,,,0.0210928001906722
3297,杭特,光電業,12,16.943,17.527,16.39,18.415,3627.108,2845.235,-1011.13,83.333,58.333,16.942560272174337,17.5274163867078,16.390247704692676,18.41459484447788,3627.108071900645,2845.2347405073706,-1011.1299794170408,83.33333333333334,58.333333333333336,12,0,"(0, 1, 1)","(0, 1, 1, 12)",6.588675539427415,0.7065626000985503
1473,台南,紡織纖維,12,16.959,16.705,15.117,17.579,120337.066,94361.044,26538.405,25.0,41.667,16.95876027221563,16.705396090371302,15.117147876934588,17.579009570979498,120337.06572937436,94361.04357174791,26538.404588316964,25.0,41.66666666666667,12,0,"(0, 1, 1)","(0, 1, 1, 12)",11.056785969754406,0.5740827000699937
1603,華電,電器電纜,12,16.976,17.65,15.949,17.216,96051.726,78121.894,-15192.657,50.0,75.0,16.975621238604415,17.65017681452573,15.948570398312395,17.215811765933523,96051.7257905927,78121.8938181637,-15192.657272854587,50.0,75.0,12,0,"(0, 1, 1)","(0, 1, 1, 12)",31.675728811742665,0.6505615001078695
2482,連宇,電子工業,12,16.984,17.644,11.356,17.529,8740.725,7012.888,84.34,50.0,25.0,16.98361343883567,17.643964143108757,11.3561561560348,17.52874221223738,8740.725264188986,7012.887814175224,84.34013278851732,50.0,25.0,12,0,"(1, 1, 0)","(0, 1, 1, 12)",34.32558223148457,0.573820399818942
4974,亞泰,電子零組件業,12,16.994,16.371,17.193,17.634,56063.508,52585.903,30408.395,25.0,75.0,16.99432336895661,16.37053741670225,17.193056998048345,17.63381114506343,56063.50766519259,52585.903010902104,30408.394757965947,25.0,75.0,12,0,"(0, 1, 1)","(0, 1, 1, 12)",-10.016926552330084,1.1443614999298006
2362,藍天,電腦及週邊設備業,12,17.013,16.258,14.954,18.486,354898.714,289178.159,208630.813,33.333,66.667,17.013253782959804,16.258147864833447,14.954096883450346,18.485994735093776,354898.7136882262,289178.1592419149,208630.81262030802,33.33333333333333,66.66666666666666,12,0,"(0, 1, 1)","(0, 1, 1, 12)",13.079723198375303,0.7466605000663549
4543,萬在,電機機械,12,17.044,17.717,18.467,17.409,12638.291,11398.736,-2465.881,58.333,50.0,17.044265435119907,17.71666055891246,18.46719195758929,17.408662048465835,12638.29078022907,11398.736005708728,-2465.880591245263,58.333333333333336,50.0,12,0,"(1, 1, 1)","(0, 1, 1, 12)",-14.635006014344672,0.927968999836594
2546,根基,建材營造,12,17.052,17.075,13.239,17.657,433890.898,305438.931,-44918.826,75.0,58.333,17.051938775947974,17.074671827042597,13.239411552329807,17.657252620028554,433890.89843592094,305438.9313782496,-44918.82627578082,75.0,58.333333333333336,12,0,"(1, 1, 1)","(0, 1, 1, 12)",-13.572839741900124,0.799016400007531
4906,正文,電子工業,12,17.068,16.014,17.801,16.931,282790.001,234605.721,130324.978,33.333,50.0,17.067691744372933,16.01392651866513,17.80139334410339,16.931228900976,282790.00058661756,234605.7205337584,130324.97810139532,33.33333333333333,50.0,12,0,"(1, 1, 1)","(0, 1, 1, 12)",-17.868777156464127,1.155636499868706
3615,安可,光電業,12,17.07,16.772,17.655,17.264,14893.775,13195.471,2180.36,41.667,41.667,17.069896930157313,16.772498942084844,17.65484143905109,17.263556337441607,14893.774668268828,13195.471299348967,2180.3595756522263,41.66666666666667,41.66666666666667,12,0,"(0, 1, 1)","(1, 1, 0, 12)",-29.26358731773733,0.5763483999762684
1475,業旺,紡織纖維,12,17.121,16.366,12.191,17.968,26687.404,20975.99,7608.477,41.667,41.667,17.12089309236053,16.36589958387497,12.190823519035348,17.968324945946282,26687.403863299707,20975.990322556438,7608.476832923981,41.66666666666667,41.66666666666667,12,0,"(0, 1, 1)","(0, 1, 1, 12)",33.85622372672589,0.5783247000072151
3276,宇環,電子零組件業,12,17.123,17.058,15.948,17.631,8240.069,7207.418,-273.014,66.667,66.667,17.12324952617181,17.05845834884678,15.948071909566089,17.63097668482097,8240.068540228933,7207.418304934004,-273.0138867182959,66.66666666666666,66.66666666666666,12,0,"(1, 1, 1)","(0, 1, 1, 12)",12.848213063869755,1.283181499922648
8047,星雲,其他電子類,12,17.128,17.801,15.091,19.15,7745.382,6589.347,-27.628,58.333,50.0,17.127867367142162,17.80140884111724,15.090590222167465,19.14979096706722,7745.382481216705,6589.347494150097,-27.627654935986964,58.333333333333336,50.0,12,0,"(0, 1, 1)","(0, 1, 1, 12)",7.827293327371162,0.6667665999848396
2706,第一店,觀光餐旅,12,17.136,14.378,5.366,15.75,9986.74,5382.277,637.783,41.667,58.333,17.135778888690353,14.378420103997582,5.366267896907185,15.749700337779085,9986.73997497943,5382.276749858937,637.7834641731148,41.66666666666667,58.333333333333336,12,0,"(1, 1, 0)","(0, 1, 1, 12)",-43.130793532429074,0.7867614000570029
3541,西柏,其他電子類,12,17.144,17.068,16.488,16.996,18156.99,15440.746,-2121.275,58.333,58.333,17.14430443245425,17.067662896700046,16.487805664409017,16.99551150136743,18156.99023274066,15440.746335603073,-2121.2749339758543,58.333333333333336,58.333333333333336,12,0,"(0, 1, 1)","(1, 1, 0, 12)",-31.515150682211207,0.5029017999768257
6160,欣技,電腦及週邊設備業,12,17.176,16.69,16.304,17.844,19987.87,17055.421,6797.894,41.667,58.333,17.17593921518589,16.68995178584303,16.303506209257847,17.844317088411277,19987.870223297028,17055.421375026,6797.89430246869,41.66666666666667,58.333333333333336,12,0,"(1, 1, 1)","(0, 1, 1, 12)",-8.613215478433162,1.1842398000881076
3623,富晶通,光電業,12,17.18,17.239,15.183,17.344,5325.209,4227.852,-990.812,58.333,66.667,17.179988884958433,17.238953488272287,15.183462294125372,17.344345370099333,5325.209413070108,4227.852098014228,-990.8122749002023,58.333333333333336,66.66666666666666,12,0,"(1, 1, 0)","(1, 1, 0, 12)",-8.947151347525748,0.5666944000404328
6136,富爾特,電子工業,12,17.19,17.189,13.575,15.468,11977.861,9120.427,-6229.29,58.333,66.667,17.19024391706145,17.189387773840714,13.574805534630082,15.467675968738758,11977.860963882178,9120.427162229595,-6229.29006079784,58.333333333333336,66.66666666666666,12,0,"(0, 1, 1)","(0, 1, 1, 12)",-40.32696051980807,1.0453369000460953
5515,建國,建材營造,12,17.195,16.029,13.96,17.175,126800.679,101674.146,43704.496,41.667,33.333,17.194996956139907,16.02935602126382,13.959625469917142,17.17537063240375,126800.67910279725,101674.14596413245,43704.49627586466,41.66666666666667,33.33333333333333,12,0,"(0, 1, 1)","(0, 1, 1, 12)",-16.17536918145301,0.7202538000419736
8482,商億-KY,居家生活,12,17.212,17.608,16.332,18.697,58691.353,49124.951,7854.893,50.0,83.333,17.21186269586435,17.607531320136594,16.3320437323199,18.697040514816223,58691.353288817016,49124.95104902298,7854.892621657782,50.0,83.33333333333334,12,0,"(0, 1, 1)","(0, 1, 1, 12)",-23.59228189755488,1.0853055000770837
3354,律勝,電子零組件業,12,17.24,17.244,10.614,16.713,1813.316,1417.41,2.913,33.333,66.667,17.240107553753788,17.244392438979652,10.613890444111451,16.713427245832335,1813.3156610962396,1417.4098092881623,2.9129656579016228,33.33333333333333,66.66666666666666,12,0,"(0, 1, 1)","(0, 1, 1, 12)",19.89423233418314,0.7038801999296993
1445,大宇,紡織纖維,12,17.253,17.495,15.372,17.71,13423.338,11071.695,-1190.464,50.0,75.0,17.252527715673825,17.495493031357825,15.371665648843644,17.710217624440553,13423.337507567681,11071.694644682239,-1190.4635562986034,50.0,75.0,12,0,"(0, 1, 1)","(0, 1, 1, 12)",-12.80822310166486,0.7739172999281436
6204,永豐臺灣加權,ETF,12,17.275,19.373,15.269,18.715,6668.581,5577.086,234.525,41.667,66.667,17.27503216608009,19.373171877930528,15.269199581794204,18.7151102670557,6668.581251943828,5577.085780357435,234.5251755663021,41.66666666666667,66.66666666666666,12,0,"(0, 1, 1)","(0, 1, 1, 12)",10.430718839673844,0.8464029999449849
3546,宇峻,文化創意業,12,17.289,15.953,7.677,15.568,33294.911,20498.995,-6388.443,58.333,66.667,17.288881753376696,15.952963859011907,7.677382628901916,15.56829997866239,33294.91078137771,20498.994872934913,-6388.4430170966225,58.333333333333336,66.66666666666666,12,0,"(0, 1, 1)","(0, 1, 1, 12)",-14.738185172103694,0.6851621998939663
4739,康普,化學生技醫療,12,17.291,20.421,13.295,19.754,118381.292,89208.466,-48770.841,50.0,41.667,17.29095040746367,20.42074090269221,13.294615927048891,19.753966297396627,118381.29169028622,89208.46557183498,-48770.84054049645,50.0,41.66666666666667,12,0,"(1, 1, 0)","(0, 1, 1, 12)",-55.84299214158129,0.6284779000561684
6629,泰金-KY,居家生活類,12,17.293,17.097,17.988,16.46,31421.794,25087.44,-10366.699,58.333,58.333,17.29312579881742,17.097329729003953,17.988214474124643,16.459860193582262,31421.793829977985,25087.440226045914,-10366.698503380981,58.333333333333336,58.333333333333336,12,0,"(1, 1, 1)","(0, 1, 1, 12)",-4.373334481787431,1.4244355999398977
6902,GOGOLOOK,數位雲端,12,17.3,19.24,15.328,17.208,16630.392,15110.917,-15110.917,100.0,33.333,17.299539012234494,19.2401165850061,15.327530382160242,17.207925049458993,16630.391890050778,15110.916666666666,-15110.916666666666,100.0,33.33333333333333,0,12,,,,0.0166776999831199
2641,正德,航運業,12,17.327,14.825,7.385,15.029,59621.351,34188.206,-115.46,50.0,58.333,17.3267728195819,14.824745568134897,7.384672673488445,15.02888256188297,59621.35061865247,34188.20627713923,-115.45995444136982,50.0,58.333333333333336,12,0,"(1, 1, 0)","(0, 1, 1, 12)",-65.23039951489137,0.9523306998889892
6561,是方,通信網路業,12,17.346,16.036,11.272,17.252,71705.467,57006.429,21065.401,33.333,33.333,17.34622438820561,16.036074139339743,11.272474942649763,17.252217433754048,71705.46678671829,57006.42945678105,21065.4014200395,33.33333333333333,33.33333333333333,12,0,"(0, 1, 1)","(0, 1, 0, 12)",-162.58823181921983,0.4853294000495225
3346,麗清,汽車工業,12,17.354,16.048,19.109,17.994,142151.533,123544.226,117143.689,8.333,58.333,17.354164627149498,16.04767316426331,19.10931793589577,17.994105406738324,142151.5333237961,123544.225671658,117143.68923485141,8.333333333333332,58.333333333333336,12,0,"(0, 1, 1)","(0, 1, 1, 12)",3.303324567139084,0.929602000163868
8426,紅木-KY,其他,12,17.398,16.2,13.335,17.466,49803.833,39241.97,14276.408,41.667,58.333,17.397973254743928,16.19969658860679,13.335009855896757,17.466093190458633,49803.83289729762,39241.96957811558,14276.407950314453,41.66666666666667,58.333333333333336,12,0,"(0, 1, 1)","(0, 1, 1, 12)",8.920557877072092,0.6739684999920428
6150,撼訊,電腦及週邊設備業,12,17.447,17.143,12.759,16.296,141560.432,110067.552,-11709.865,41.667,75.0,17.447202447176366,17.14340133563448,12.759308174568474,16.295549918305834,141560.43216746082,110067.55221227517,-11709.864736441823,41.66666666666667,75.0,12,0,"(1, 1, 1)","(0, 1, 1, 12)",39.54456614996275,1.5989513001404705
3232,昱捷,電子通路業,12,17.455,16.458,14.211,17.963,15285.795,12983.344,5964.755,41.667,58.333,17.454699442423482,16.457609471302884,14.211100545526179,17.96256125947322,15285.79480411131,12983.343631840728,5964.75547091594,41.66666666666667,58.333333333333336,12,0,"(1, 1, 1)","(0, 1, 1, 12)",3.330956442452573,0.8377033001743257
2063,世鎧,鋼鐵工業,12,17.502,17.095,18.78,18.547,17147.62,14224.867,2922.72,41.667,100.0,17.50183766902588,17.094857540476767,18.77999171471591,18.54681004487113,17147.61991585485,14224.866508201092,2922.7201830843856,41.66666666666667,100.0,12,0,"(0, 1, 1)","(0, 1, 1, 12)",-20.481954003524734,0.6313207999337465
8114,振樺電,電腦及週邊設備業,12,17.531,16.277,13.819,17.233,351546.07,265138.882,72109.236,41.667,58.333,17.530692416725667,16.277340286769267,13.819195561787273,17.23336177724565,351546.0696650584,265138.8815707805,72109.2357457791,41.66666666666667,58.333333333333336,12,0,"(1, 1, 0)","(0, 1, 1, 12)",-66.04341997467334,0.8330248999409378
2949,欣新網,數位雲端類,12,17.539,19.63,18.513,17.65,88512.18,83547.5,-83547.5,100.0,41.667,17.53918531492754,19.629938987081648,18.51250680282281,17.65001724235805,88512.18010063173,83547.5,-83547.5,100.0,41.66666666666667,0,12,,,,0.0211351001635193
3021,鴻名,電子零組件業,12,17.548,18.326,11.557,18.833,62321.24,48835.731,-11645.119,50.0,66.667,17.548093886545708,18.325649607736395,11.55710986456395,18.833290136194737,62321.24023108427,48835.73110297067,-11645.11871674016,50.0,66.66666666666666,12,0,"(0, 1, 1)","(0, 1, 0, 12)",-45.16811887811342,0.3913193999323994
6199,天品,其他,12,17.557,22.597,13.021,18.974,5471.12,3859.145,-3281.868,75.0,58.333,17.557330325612426,22.59703362019415,13.020881038953089,18.974131249350123,5471.119940351985,3859.1450988954257,-3281.86754805987,75.0,58.333333333333336,12,0,"(0, 1, 1)","(0, 1, 1, 12)",36.79251579021764,0.7418349001090974
6906,現觀科,數位雲端,12,17.585,13.807,12.924,15.311,7123.993,5102.333,3800.0,50.0,83.333,17.585258115102047,13.806673042675714,12.923827498204924,15.310892435379422,7123.99332069685,5102.333333333333,3800.0,50.0,83.33333333333334,0,12,,,,0.0172264999710023
2748,雲品,觀光餐旅,12,17.616,17.175,14.722,17.564,45128.377,35598.435,665.535,33.333,50.0,17.61637426025848,17.174552452136137,14.721816031795887,17.5636216964151,45128.37739592015,35598.435089536164,665.5354271621812,33.33333333333333,50.0,12,0,"(0, 1, 1)","(0, 1, 1, 12)",16.652276176897026,0.6349179998505861
6829,千附精密,半導體業,12,17.621,17.746,16.977,17.636,30335.15,26749.355,977.865,50.0,33.333,17.621397648755785,17.745754812584902,16.97692682754754,17.636100291319416,30335.149929025505,26749.355053301482,977.8652000611013,50.0,33.33333333333333,12,0,"(0, 1, 1)","(1, 1, 0, 12)",7.844790723465321,0.4413649998605251
6185,幃翔,電子零組件業,12,17.645,17.597,13.035,17.979,9899.803,7745.167,-829.027,50.0,50.0,17.64452532750657,17.59668212506733,13.035244964736439,17.979025021049967,9899.803096879796,7745.167318906754,-829.0265353642826,50.0,50.0,12,0,"(0, 1, 1)","(0, 1, 1, 12)",5.208519062187808,0.5839066000189632
4164,承業醫,生技醫療業,12,17.646,16.38,12.035,14.811,98574.268,64675.754,-26271.171,33.333,91.667,17.645739952873868,16.380355905275728,12.035084821951127,14.810759092002629,98574.26773370428,64675.754266605065,-26271.17115886572,33.33333333333333,91.66666666666666,12,0,"(0, 1, 1)","(0, 1, 1, 12)",48.73188544588764,0.7710159998387098
4771,望隼,生技醫療業,12,17.659,19.06,17.622,17.564,55727.474,51321.083,-40452.917,91.667,58.333,17.65916106991887,19.0601636634244,17.622203514611982,17.56382086031707,55727.473709861755,51321.083333333336,-40452.916666666664,91.66666666666666,58.333333333333336,0,12,,,,0.0189793000463396
6166,凌華,電腦及週邊設備業,12,17.694,16.683,12.976,17.613,233308.5,174005.437,21378.053,58.333,66.667,17.693643369218034,16.683006340314353,12.976450422838079,17.613026016767307,233308.5001757065,174005.43743396096,21378.053309994622,58.333333333333336,66.66666666666666,12,0,"(1, 1, 1)","(0, 1, 0, 12)",-45.98085391717612,0.4130006998311728
4972,湯石照明,光電業,12,17.708,16.204,20.67,17.515,16171.277,13766.615,8489.065,16.667,66.667,17.708306508511363,16.204045745629752,20.669946808981862,17.51451195337442,16171.276928957352,13766.614562781819,8489.065033311164,16.666666666666664,66.66666666666666,12,0,"(0, 1, 1)","(0, 1, 1, 12)",31.453890114223448,1.2874029001686722
6855,數泓科,其他電子類,12,17.746,17.145,15.894,17.578,10935.099,9261.0,-360.667,41.667,83.333,17.746082135431802,17.144558751363657,15.893766964409467,17.57758621933824,10935.099001228415,9261.0,-360.6666666666667,41.66666666666667,83.33333333333334,0,12,,,,0.0236343999858945
3046,建碁,電腦及週邊設備業,12,17.75,18.404,13.783,20.339,130693.635,111132.505,7659.033,58.333,58.333,17.749755372121864,18.404487369309017,13.78265286603892,20.339219646111705,130693.63540834995,111132.50524211947,7659.032552928261,58.333333333333336,58.333333333333336,12,0,"(0, 1, 1)","(0, 1, 1, 12)",33.88564338917496,0.7595546999946237
3022,威強電,電腦及週邊設備業,12,17.787,18.176,16.854,18.365,116365.349,96536.95,-10649.008,66.667,50.0,17.786515452873047,18.17583976049785,16.853820588740863,18.364528835828228,116365.3486454475,96536.94997060554,-10649.00845816274,66.66666666666666,50.0,12,0,"(1, 1, 1)","(1, 1, 0, 12)",-24.875984630317,1.061109800124541
6165,浪凡,數位雲端,12,17.789,16.664,12.003,17.638,68510.859,47745.942,14311.751,41.667,75.0,17.78862398734514,16.663872554480673,12.003014911254272,17.637798783438484,68510.85874832631,47745.941633420116,14311.750687408508,41.66666666666667,75.0,12,0,"(0, 1, 1)","(0, 1, 1, 12)",107.54543705165266,0.5779258001130074
8033,雷虎,其他,12,17.792,17.53,11.733,17.442,27767.145,21105.717,-3016.132,41.667,75.0,17.791938488991754,17.530303749141144,11.732575763192074,17.44165807570934,27767.14475906313,21105.71668579728,-3016.1321189137757,41.66666666666667,75.0,12,0,"(0, 1, 1)","(0, 1, 1, 12)",-2.307738518291956,0.7467314000241458
1514,亞力,電機機械,12,17.795,18.389,13.314,16.607,206048.325,156519.529,-66009.0,58.333,75.0,17.795492632078606,18.38904348087511,13.314162854472078,16.606729562115433,206048.32529657992,156519.5287961649,-66009.0003575238,58.333333333333336,75.0,12,0,"(0, 1, 1)","(0, 1, 0, 12)",-42.69269438627761,0.3283846001140773
6111,光聚晶電,文化創意業,12,17.859,21.018,12.212,18.705,187851.772,114796.321,-35203.301,33.333,75.0,17.8585869198489,21.018332402769367,12.21226126456113,18.70499995829875,187851.77234372374,114796.32123265194,-35203.30105536189,33.33333333333333,75.0,12,0,"(0, 1, 1)","(0, 1, 1, 12)",63.88155205961258,0.76579670002684
8996,高力,電機機械,12,17.863,18.732,18.318,17.371,117944.622,97959.059,-63523.227,66.667,33.333,17.863182713381594,18.73222566807513,18.31750593556758,17.37141477798784,117944.62239855273,97959.05918073445,-63523.22722439689,66.66666666666666,33.33333333333333,12,0,"(1, 1, 0)","(1, 1, 0, 12)",-33.01471313531868,0.6836939000058919
8088,品安,半導體業,12,17.871,17.557,14.471,15.435,39036.439,24959.607,-22775.42,83.333,66.667,17.871234969163957,17.557082804939583,14.471241504447763,15.43525436375274,39036.43867608736,24959.60714385411,-22775.420195201732,83.33333333333334,66.66666666666666,12,0,"(0, 1, 1)","(0, 1, 1, 12)",-16.238868686890253,0.7968753001186997
6216,居易,電子工業,12,17.882,16.891,10.417,18.378,15495.689,11283.295,2931.504,41.667,75.0,17.88165569515101,16.891354512425856,10.41705437088256,18.377577080408138,15495.689363267911,11283.294940880796,2931.5035483606202,41.66666666666667,75.0,12,0,"(0, 1, 1)","(0, 1, 1, 12)",34.4584484445936,0.6430936998222023
6187,萬潤,半導體業,12,17.882,15.879,8.853,19.716,123782.712,79966.481,58279.32,41.667,66.667,17.88222225000561,15.879476735272327,8.852780108962367,19.716016913426294,123782.71242701463,79966.48145202071,58279.319944313786,41.66666666666667,66.66666666666666,12,0,"(0, 1, 1)","(0, 1, 1, 12)",-12.027597099077209,0.8574456998612732
6127,九豪,電子零組件業,12,17.892,17.836,18.974,18.055,16644.75,14725.349,1250.057,41.667,66.667,17.891957614820846,17.83591212412736,18.973690428411633,18.055312806347665,16644.75009240519,14725.34949636178,1250.0572923674001,41.66666666666667,66.66666666666666,12,0,"(1, 1, 0)","(0, 1, 0, 12)",-54.74316083501742,0.4760907001327723
5355,佳總,電子零組件業,12,17.9,18.519,14.473,18.036,8316.038,6894.586,-1209.103,50.0,75.0,17.900421204183896,18.519347116439477,14.473106988046231,18.035538146210282,8316.03778560729,6894.585899074151,-1209.1025809523942,50.0,75.0,12,0,"(1, 1, 1)","(1, 1, 0, 12)",-17.713409061313516,1.207484400132671
8942,森鉅,其他,12,17.904,18.674,13.564,21.183,57431.015,51392.55,33039.869,33.333,33.333,17.90352125422622,18.67385673405286,13.563533627783409,21.182701215072967,57431.01472926318,51392.55010709086,33039.86944218384,33.33333333333333,33.33333333333333,12,0,"(0, 1, 1)","(0, 1, 1, 12)",-22.90098221766052,1.132190499920398
6606,建德工業,電機機械,12,17.907,19.37,14.465,16.946,15810.978,12165.574,-9819.502,75.0,66.667,17.90661282495344,19.37029572372189,14.465047896244121,16.94604040651204,15810.978175954708,12165.573687145117,-9819.502436690238,75.0,66.66666666666666,12,0,"(1, 1, 1)","(1, 1, 0, 12)",12.99377930902724,1.5425982000306249
8444,綠河-KY,其他,12,17.923,19.47,17.968,19.906,53795.682,48683.466,11159.445,33.333,41.667,17.92346124112787,19.470172890655657,17.968448969705282,19.906411958918792,53795.68182964275,48683.466443668316,11159.444803460465,33.33333333333333,41.66666666666667,12,0,"(0, 1, 1)","(0, 1, 1, 12)",-1.3016633754706337,1.6025064000859857
5548,安倉,建材營造,12,17.945,18.515,14.945,16.556,50961.193,37292.25,-26420.417,66.667,75.0,17.944775866237926,18.51495886829896,14.944537068086525,16.555727109139603,50961.19330022928,37292.25,-26420.416666666668,66.66666666666666,75.0,0,12,,,,0.0221235998906195
3285,微端,其他電子類,12,17.949,18.211,16.799,19.226,13351.212,10149.701,1343.356,41.667,100.0,17.948824509004417,18.211223081558522,16.798831814224975,19.225802372015213,13351.211541359477,10149.701283351817,1343.3561420051028,41.66666666666667,100.0,12,0,"(0, 1, 1)","(0, 1, 1, 12)",5.456530999068194,0.9505183000583202
6846,綠茵,食品工業,12,17.981,18.629,14.846,18.797,17919.804,13715.167,-3506.5,66.667,91.667,17.980795808246505,18.62886650059687,14.845705602146019,18.797323857120464,17919.804240002177,13715.166666666666,-3506.5,66.66666666666666,91.66666666666666,0,12,,,,0.0218170001171529
6244,茂迪,光電業,12,17.985,17.733,18.493,17.737,55784.673,45901.225,-5622.006,66.667,66.667,17.98546324535786,17.733497304940872,18.49349124095968,17.73742910737889,55784.673438075595,45901.22532448912,-5622.00564954196,66.66666666666666,66.66666666666666,12,0,"(0, 1, 1)","(1, 1, 0, 12)",3.20500511054342,0.7393738999962807
3570,大塚,資訊服務業,12,18.004,17.613,12.469,18.004,53168.72,36508.498,6736.376,33.333,66.667,18.003586768593934,17.613240074741164,12.468503981846055,18.003856211933808,53168.71981194418,36508.49841374833,6736.375778091344,33.33333333333333,66.66666666666666,12,0,"(0, 1, 1)","(0, 1, 1, 12)",-20.06064460460493,0.5736569000873715
3013,晟銘電,電腦及週邊設備業,12,18.007,18.911,13.202,19.928,188960.038,158027.569,-1212.434,66.667,75.0,18.007488757385957,18.9114735240696,13.202211871305058,19.927663828535824,188960.03793545743,158027.5687761604,-1212.4341750799406,66.66666666666666,75.0,12,0,"(0, 1, 1)","(0, 1, 1, 12)",-2.221703695726987,0.6945537999272346
3206,志豐,電子零組件業,12,18.014,17.62,13.612,18.084,57803.777,47893.5,17624.27,33.333,75.0,18.014087689932545,17.62040174429552,13.612207588432065,18.083508889399177,57803.77695391887,47893.49950685322,17624.270395549043,33.33333333333333,75.0,12,0,"(1, 1, 1)","(0, 1, 1, 12)",-44.80129196361115,1.1444401999469846
6698,旭暉應材,電子工業,12,18.042,18.458,17.745,18.903,20468.253,17390.568,-4489.668,75.0,25.0,18.04225453497976,18.458335722676065,17.744819727683847,18.903247202245957,20468.2527911044,17390.568301176292,-4489.66822952221,75.0,25.0,12,0,"(1, 1, 1)","(0, 1, 1, 12)",-7.44459437505526,1.594253099989146
4562,穎漢,電機機械,12,18.051,18.03,11.136,20.701,14379.777,10791.554,3952.22,33.333,66.667,18.050629645103268,18.0297660547475,11.13580976674198,20.70069368925333,14379.776966979003,10791.553891133617,3952.2201728315727,33.33333333333333,66.66666666666666,12,0,"(0, 1, 1)","(1, 1, 0, 12)",-9.367218538457315,0.6843389000277966
6472,保瑞,化學生技醫療,12,18.059,17.133,15.651,18.658,366041.815,297544.956,114925.168,33.333,41.667,18.05903719655865,17.133261095596243,15.650948728263364,18.65844416429678,366041.8147351016,297544.95577343914,114925.16772225291,33.33333333333333,41.66666666666667,12,0,"(1, 1, 0)","(0, 1, 1, 12)",30.34240261534704,1.654071900062263
6125,廣運,電機機械,12,18.06,21.303,10.995,19.656,74391.195,50205.514,-2748.129,33.333,58.333,18.060002809983306,21.30263914707786,10.995222992859615,19.655532303903588,74391.19499988819,50205.513511552206,-2748.1287994786567,33.33333333333333,58.333333333333336,12,0,"(0, 1, 1)","(0, 1, 0, 12)",-22.579089048621807,0.924674900015816
6667,信紘科,其他電子類,12,18.069,18.519,18.346,17.614,113923.104,95434.995,-16394.111,50.0,66.667,18.068635606631776,18.518821549300355,18.345856306581705,17.614350536370214,113923.10381360681,95434.99483308941,-16394.110684518582,50.0,66.66666666666666,12,0,"(0, 1, 1)","(0, 1, 1, 12)",-25.660747218516963,0.7374909000936896
2365,昆盈,電腦及週邊設備業,12,18.092,18.6,18.255,18.12,16347.75,14436.897,-1349.695,41.667,83.333,18.091671008629287,18.600045669941732,18.254680004540937,18.120370474337346,16347.749621135183,14436.89716621355,-1349.6945630150894,41.66666666666667,83.33333333333334,12,0,"(0, 1, 1)","(0, 1, 1, 12)",26.07543431070483,0.6331120000686496
6578,達邦蛋白,農業科技業,12,18.12,19.45,14.932,18.249,5805.995,4670.889,-2005.181,50.0,75.0,18.11973103935694,19.450230074930285,14.932383934220683,18.249406658574255,5805.995094237642,4670.889167549566,-2005.1813231836256,50.0,75.0,12,0,"(0, 1, 1)","(0, 1, 1, 12)",13.098538888941906,1.0072949000168592
6124,業強,電子零組件業,12,18.123,17.49,18.217,18.229,32477.233,27377.255,2347.434,58.333,66.667,18.12305127453124,17.48979668940887,18.21699996300257,18.229010184337778,32477.232589842442,27377.25515193058,2347.4344384302044,58.333333333333336,66.66666666666666,12,0,"(0, 1, 1)","(0, 1, 1, 12)",1.4199042026660311,1.4507203998509794
6161,捷波,電腦及週邊設備業,12,18.15,18.912,16.852,18.816,25203.865,21273.43,-7636.147,66.667,75.0,18.150099970992056,18.9123827608241,16.85248490898854,18.816305790003838,25203.864754972936,21273.429674333605,-7636.147144524635,66.66666666666666,75.0,12,0,"(0, 1, 1)","(0, 1, 1, 12)",-13.935539668275364,0.661500700050965
6651,全宇昕,半導體業,12,18.151,17.992,13.653,18.388,28779.575,22721.654,10116.481,25.0,25.0,18.15114885988098,17.99213942063882,13.653142225216905,18.38797776595485,28779.574834541436,22721.65352067116,10116.48072790452,25.0,25.0,12,0,"(0, 1, 1)","(0, 1, 0, 12)",-42.96759518704084,0.440443699946627
2745,五福,觀光餐旅,12,18.154,18.875,16.723,18.263,153674.613,132524.198,1947.295,33.333,41.667,18.153800755169794,18.875298090693445,16.72342025204845,18.263205635638684,153674.6125453379,132524.1978167999,1947.2949264611573,33.33333333333333,41.66666666666667,12,0,"(0, 1, 1)","(0, 1, 1, 12)",78.79896997318015,0.5156855001114309
5011,久陽,鋼鐵工業,12,18.184,17.859,21.846,18.973,92787.307,76713.922,20769.365,50.0,50.0,18.184198931202655,17.859422126517163,21.8455443335831,18.972970298176406,92787.30746875887,76713.9224870504,20769.365228299182,50.0,50.0,12,0,"(1, 1, 1)","(0, 1, 1, 12)",7.628762547758571,0.8006887999363244
4303,信立,塑膠工業,12,18.217,18.464,16.18,18.138,19173.36,15001.771,473.478,41.667,50.0,18.21747445758402,18.463729616986733,16.18001319572857,18.138242795558224,19173.360292027355,15001.771410017434,473.477570903724,41.66666666666667,50.0,12,0,"(0, 1, 1)","(0, 1, 1, 12)",40.90460354031389,0.622104600071907
3322,建舜電,電子零組件業,12,18.22,18.22,19.035,18.466,52809.008,45617.313,4318.183,33.333,66.667,18.2202567538788,18.21977234183807,19.034542865987998,18.465635302484948,52809.008059715285,45617.3128408689,4318.182559315348,33.33333333333333,66.66666666666666,12,0,"(0, 1, 1)","(0, 1, 1, 12)",-4.918760901022223,0.6025683998595923
2399,映泰,電腦及週邊設備業,12,18.225,18.866,11.617,20.738,32931.049,26337.598,4881.334,50.0,83.333,18.22497709172297,18.865864983819325,11.616616670199337,20.738203235066287,32931.04943225179,26337.59783188981,4881.334460409914,50.0,83.33333333333334,12,0,"(1, 1, 1)","(1, 1, 0, 12)",-2.965545164386544,0.6980318001005799
3450,聯鈞,半導體業,12,18.244,16.125,10.519,18.343,196809.104,130514.618,45155.355,41.667,58.333,18.244024313747342,16.125346959014976,10.519248780268246,18.342782097459242,196809.10358062392,130514.61804970796,45155.355203866646,41.66666666666667,58.333333333333336,12,0,"(1, 1, 1)","(0, 1, 0, 12)",-85.43657748311622,0.6146695001516491
2488,漢平,電子工業,12,18.253,18.348,17.362,19.327,48486.89,43843.901,19934.944,33.333,66.667,18.252910059309546,18.3475862281667,17.36204247477102,19.32695387199204,48486.89019130515,43843.90065293786,19934.944385540304,33.33333333333333,66.66666666666666,12,0,"(1, 1, 1)","(0, 1, 1, 12)",-30.73216040222129,1.3079111000988632
6574,霈方,生技醫療業,12,18.255,18.671,17.124,18.6,10387.793,9398.457,-2959.571,66.667,50.0,18.25519104161377,18.670820089008,17.124076535658368,18.60000183768349,10387.792785043579,9398.456917886828,-2959.570754668894,66.66666666666666,50.0,12,0,"(1, 1, 1)","(0, 1, 1, 12)",-5.535375784249245,1.2321077999658885
1314,中石化,塑膠工業,12,18.263,19.387,14.742,20.754,331667.579,292953.098,109672.681,41.667,50.0,18.263013154391015,19.38695094170407,14.742320282686261,20.7535166870791,331667.5792901477,292953.0979001133,109672.68093098904,41.66666666666667,50.0,12,0,"(1, 1, 1)","(0, 1, 1, 12)",-25.97920852179437,1.5696845999918878
1533,車王電,汽車工業,12,18.295,16.647,9.963,17.471,88837.861,61034.175,-2693.81,58.333,75.0,18.295254942791946,16.646906141961143,9.9634739781591,17.471139783596765,88837.86081008847,61034.174926771004,-2693.809562553528,58.333333333333336,75.0,12,0,"(1, 1, 1)","(0, 1, 1, 12)",32.46861031851362,0.9415709001477808
4533,協易機,電機機械,12,18.3,19.757,7.053,19.029,89433.103,61396.88,-15870.76,50.0,91.667,18.300413157979133,19.75658796140704,7.052545656519212,19.028696019900472,89433.10313230637,61396.87962229631,-15870.760487169415,50.0,91.66666666666666,12,0,"(0, 1, 1)","(0, 1, 1, 12)",41.07302346734228,0.5514515999238938
4552,力達-KY,電機機械,12,18.31,18.571,15.379,18.552,58204.591,52233.868,11439.249,33.333,58.333,18.309860993360992,18.571308900628203,15.378763349792196,18.55192065512767,58204.59112963509,52233.86792068292,11439.248564808273,33.33333333333333,58.333333333333336,12,0,"(0, 1, 1)","(0, 1, 1, 12)",21.691832032459487,0.7905222999397665
8147,正淩,電子零組件業,12,18.313,19.068,21.585,18.383,27718.01,24892.537,-7565.556,58.333,66.667,18.313311750189477,19.06785154432494,21.584613965540413,18.38312894903432,27718.010093044308,24892.536868469422,-7565.555676583761,58.333333333333336,66.66666666666666,12,0,"(0, 1, 1)","(0, 1, 1, 12)",-5.855694931636275,0.6341254999861121
9945,潤泰新,其他,12,18.314,17.005,12.794,16.25,870000.224,592110.806,-299213.403,58.333,66.667,18.3138216455071,17.00543756064539,12.793775737679338,16.249619892717707,870000.2239127621,592110.8063812365,-299213.4029288621,58.333333333333336,66.66666666666666,12,0,"(0, 1, 1)","(0, 1, 1, 12)",16.219523260140303,1.2886571998242289
3257,虹冠電,電子工業,12,18.329,19.303,18.694,19.688,19562.206,16118.677,190.649,50.0,58.333,18.328637416339134,19.303238831660455,18.69364118164773,19.68800045304874,19562.2060035138,16118.677233728557,190.64944699090725,50.0,58.333333333333336,12,0,"(1, 1, 1)","(0, 1, 1, 12)",-19.28579598759856,0.9156948002055288
8222,寶一,電機機械,12,18.346,18.944,18.453,18.693,16397.74,14692.298,-3092.761,58.333,66.667,18.34597554533353,18.944184042369095,18.452936866890735,18.69323284987129,16397.740413370353,14692.298073915585,-3092.761218430092,58.333333333333336,66.66666666666666,12,0,"(0, 1, 1)","(0, 1, 1, 12)",1.873078728090638,0.9329713999759406
8467,波力-KY,運動休閒,12,18.458,17.791,20.25,19.794,43293.473,37418.715,24846.669,25.0,58.333,18.458278790454703,17.790879953736304,20.249789018653196,19.794450482672367,43293.47306298205,37418.71505540373,24846.669112446525,25.0,58.333333333333336,12,0,"(0, 1, 1)","(0, 1, 1, 12)",25.613138752446588,1.7590677000116557
2736,富野,觀光餐旅,12,18.5,19.14,17.074,19.277,9842.963,8081.008,719.253,50.0,75.0,18.500158616430795,19.13953845073893,17.07370636021567,19.276778197715945,9842.963482471921,8081.008034846595,719.2531692632625,50.0,75.0,12,0,"(1, 1, 1)","(0, 1, 1, 12)",60.22947274584038,1.177974000107497
6532,瑞耘,半導體業,12,18.528,18.185,16.672,19.588,12297.18,10420.236,3825.409,33.333,66.667,18.527664465970673,18.18459342588705,16.672015446197147,19.587935906172092,12297.180099919437,10420.236410628895,3825.4093681233953,33.33333333333333,66.66666666666666,12,0,"(0, 1, 1)","(0, 1, 1, 12)",-21.88534238403456,0.8891351998317987
1337,再生-KY,塑膠工業,12,18.539,18.988,21.902,19.145,12119.507,10260.427,1558.382,33.333,50.0,18.539478391447382,18.98786613832017,21.90218315738291,19.14519416813715,12119.507377478196,10260.427122701334,1558.3819568536376,33.33333333333333,50.0,12,0,"(0, 1, 1)","(0, 1, 1, 12)",30.977106100510767,0.5425831000320613
7717,萊德光電-KY,通信網路業,4,18.588,19.162,18.579,18.432,11732.278,11409.667,-5239.0,66.667,0.0,18.58847296365285,19.161664914718717,18.57888398233641,18.432279961525598,11732.277769754119,11409.666666666666,-5239.0,66.66666666666666,0.0,0,12,,,,0.0150276999920606
4561,健椿,電機機械,12,18.599,18.67,24.908,19.322,16559.54,14367.145,1783.478,50.0,58.333,18.599289405501494,18.669846713533353,24.90784568917497,19.321543448798764,16559.539756459693,14367.145096542334,1783.4777530390438,50.0,58.333333333333336,12,0,"(0, 1, 1)","(0, 1, 1, 12)",9.305766314148386,0.6083742000628263
7791,皇家可口,食品工業,5,18.661,16.492,20.611,18.132,37416.13,34839.25,34839.25,0.0,0.0,18.660776576043364,16.49232613264449,20.611205344571438,18.131539471776595,37416.13002102168,34839.25,34839.25,0.0,0.0,0,12,,,,0.0213202000595629
3426,台興,電機機械,12,18.669,18.337,14.493,20.843,11501.859,9558.346,6156.605,33.333,50.0,18.66897788372071,18.3374807761754,14.492689141255747,20.843369761892554,11501.859467322967,9558.345544167736,6156.604614774558,33.33333333333333,50.0,12,0,"(0, 1, 1)","(0, 1, 1, 12)",-43.60919862498916,0.85644769994542
3062,建漢,電子工業,12,18.695,18.346,13.948,18.4,81588.927,65229.254,-18393.586,75.0,75.0,18.694598216409418,18.34568387849995,13.947900777828126,18.400325990600454,81588.9274510564,65229.25441202314,-18393.585549322193,75.0,75.0,12,0,"(1, 1, 1)","(0, 1, 1, 12)",24.14036988931516,2.037622899981216
1528,恩德,電機機械,12,18.704,17.927,20.739,19.356,50177.437,43694.179,15831.927,50.0,75.0,18.703678875886528,17.926984768496215,20.738900943854084,19.35612049578794,50177.43683471973,43694.1785731276,15831.927199362437,50.0,75.0,12,0,"(1, 1, 1)","(0, 1, 1, 12)",-39.466650034698944,0.948605400044471
7765,中華資安,數位雲端,7,18.721,18.507,14.054,18.155,40397.486,33278.0,-12649.667,66.667,0.0,18.721203449679052,18.507226570832866,14.053921388677521,18.154639078674176,40397.48570558981,33278.0,-12649.666666666666,66.66666666666666,0.0,0,12,,,,0.0183273998554795
6023,元大期,金融業,12,18.75,18.292,16.508,19.074,67243.023,57232.432,5423.142,41.667,58.333,18.749860081824345,18.292216563097554,16.508300996609815,19.073682524270207,67243.0225070997,57232.43228607887,5423.1418997159535,41.66666666666667,58.333333333333336,12,0,"(0, 1, 1)","(0, 1, 1, 12)",-18.35569333504652,0.8971507998649031
6215,和椿,電子工業,12,18.758,18.435,16.294,18.593,47537.8,39022.602,-6660.912,58.333,66.667,18.757800075360066,18.435100630937136,16.294397425795825,18.59299809033064,47537.80006743231,39022.601808774554,-6660.911590979241,58.333333333333336,66.66666666666666,12,0,"(0, 1, 1)","(0, 1, 1, 12)",0.2798657793287908,0.744636399904266
8162,微矽電子-創,電子工業,12,18.772,20.707,18.984,18.107,23927.363,19941.583,-17551.75,75.0,58.333,18.77189115238556,20.706533652339775,18.984141048742394,18.107371852635552,23927.362542704115,19941.583333333332,-17551.75,75.0,58.333333333333336,0,12,,,,0.0184853000100702
3086,華義*,文化創意業,12,18.795,18.596,17.364,18.854,2928.089,2497.974,-324.896,58.333,58.333,18.795304843434202,18.59618723342593,17.363721356495194,18.85353020325041,2928.0893651586816,2497.9743274625866,-324.89619709582576,58.333333333333336,58.333333333333336,12,0,"(0, 1, 1)","(0, 1, 1, 12)",5.65184671777693,1.0995410999748856
8050,廣積,電腦及週邊設備業,12,18.798,20.113,12.01,22.946,109791.138,83958.525,23895.145,50.0,66.667,18.798301516890177,20.11314486991848,12.010034699770749,22.946427034946073,109791.13816744773,83958.52509461006,23895.14454600985,50.0,66.66666666666666,12,0,"(0, 1, 1)","(0, 1, 1, 12)",7.788287085830697,0.9806741999927908
3709,鑫聯大投控,電腦及週邊設備業,12,18.836,19.626,20.0,19.827,740430.957,643415.86,21587.732,33.333,66.667,18.836396933559097,19.625609966002347,20.000266990238856,19.82652977238979,740430.957445825,643415.8597331513,21587.732135465834,33.33333333333333,66.66666666666666,12,0,"(0, 1, 1)","(0, 1, 1, 12)",-21.91189903675296,1.0451114000752568
4564,元翎,電機機械,12,18.841,18.465,15.332,19.637,21122.993,17302.73,3395.892,41.667,58.333,18.841157986459258,18.465020744709747,15.331878387475296,19.636642069807444,21122.992690511877,17302.730333969896,3395.892447503514,41.66666666666667,58.333333333333336,12,0,"(0, 1, 1)","(0, 1, 1, 12)",-9.649420194165817,0.6635045001748949
2374,佳能,光電業,12,18.857,20.739,16.873,21.072,171538.126,155700.974,-53638.015,75.0,50.0,18.857302330483947,20.739267358835665,16.87314849777252,21.0716374317657,171538.1258134424,155700.97388233987,-53638.01526633831,75.0,50.0,12,0,"(1, 1, 0)","(0, 1, 1, 12)",-18.991609322647744,0.5837152998428792
8083,瑞穎,電機機械,12,18.864,19.375,17.722,19.394,25603.992,22500.781,-4021.956,58.333,25.0,18.86413689502949,19.37502097953413,17.722216522574165,19.39404216558993,25603.99166817904,22500.78092576735,-4021.955590053685,58.333333333333336,25.0,12,0,"(1, 1, 0)","(0, 1, 1, 12)",-25.143446130176127,0.6195767000317574
3511,矽瑪,電子零組件業,12,18.865,18.759,17.631,18.943,29993.457,27547.456,3177.388,41.667,58.333,18.86537504987661,18.759447584638224,17.63079664268827,18.94319058639574,29993.456863175907,27547.456465017953,3177.387771564647,41.66666666666667,58.333333333333336,12,0,"(1, 1, 0)","(0, 1, 1, 12)",14.410683645835617,0.7003003999125212
8084,巨虹,電子通路業,12,18.873,19.407,15.877,19.535,10949.377,8913.573,49.726,41.667,58.333,18.873391702859898,19.40678378730535,15.877272923376104,19.535057564982605,10949.37691320687,8913.572616905929,49.726079304946325,41.66666666666667,58.333333333333336,12,0,"(1, 1, 1)","(0, 1, 1, 12)",41.6162388605755,1.0590757001191378
5272,笙科,半導體業,12,18.875,19.07,19.527,19.392,6316.737,5368.256,173.114,50.0,66.667,18.875336096987297,19.069801697835395,19.526835712993144,19.391673815850254,6316.736731471595,5368.25569211042,173.11363708090994,50.0,66.66666666666666,12,0,"(1, 1, 0)","(0, 1, 1, 12)",9.508585475514,0.7487508999183774
2712,遠雄來,觀光餐旅,12,18.879,23.207,13.549,22.675,10329.793,8259.271,-1893.627,50.0,58.333,18.87858487720576,23.207075218699558,13.549059386980355,22.67542068551056,10329.792626052118,8259.270758699071,-1893.6267291900804,50.0,58.333333333333336,12,0,"(1, 1, 1)","(0, 1, 1, 12)",97.56327835997394,1.0777915001381189
9962,有益,鋼鐵工業,12,18.894,17.391,11.413,18.564,40903.766,30338.583,6116.628,50.0,66.667,18.893813290556803,17.391397031572097,11.41276663237328,18.56391475861914,40903.766176935795,30338.583242867502,6116.628196479207,50.0,66.66666666666666,12,0,"(0, 1, 1)","(0, 1, 1, 12)",9.525822870645316,1.1591962999664247
1471,首利,電子零組件業,12,18.909,20.177,22.539,21.964,3490.628,2877.922,1516.787,25.0,66.667,18.908712436553763,20.17660646583222,22.538823983054773,21.963515402765786,3490.628340276131,2877.9217901038464,1516.7870232634505,25.0,66.66666666666666,12,0,"(0, 1, 1)","(0, 1, 1, 12)",47.86507385684325,0.5834152000024915
6164,華興,電子工業,12,18.911,19.079,20.195,20.67,14558.103,11538.61,1936.564,41.667,83.333,18.911464997167794,19.07923278692727,20.195352497920275,20.6700229389283,14558.103149918521,11538.60973426363,1936.5639946664385,41.66666666666667,83.33333333333334,12,0,"(1, 1, 1)","(0, 1, 1, 12)",-27.875442407454905,1.0681827999651432
2498,宏達電,電子工業,12,18.968,18.742,18.626,18.061,54670.116,45850.889,-6988.755,50.0,83.333,18.96845176137543,18.741718992816622,18.625513181282862,18.06135779225567,54670.11614251964,45850.889352545644,-6988.755093787062,50.0,83.33333333333334,12,0,"(0, 1, 1)","(0, 1, 1, 12)",5.363733342499572,0.6276620000135154
1727,中華化,化學生技醫療,12,18.975,18.725,15.006,19.25,40878.433,31139.222,797.459,50.0,58.333,18.975008077152847,18.724901197614795,15.006181707462908,19.250175135431405,40878.43341653041,31139.221630132834,797.4585527670437,50.0,58.333333333333336,12,0,"(1, 1, 0)","(0, 1, 0, 12)",-48.91385637791168,0.3896427999716252
3390,旭軟,電子零組件業,12,18.981,19.079,16.831,19.143,15438.303,12531.358,1510.358,50.0,25.0,18.980674571195827,19.07897369452653,16.830570833235775,19.142646078999075,15438.30342094483,12531.357696479672,1510.3575489845364,50.0,25.0,12,0,"(1, 1, 1)","(0, 1, 1, 12)",-9.041196090988429,1.1423396999016404
6516,勤崴國際,資訊服務業,12,19.029,19.132,17.989,20.23,10488.935,8673.533,-1083.543,75.0,75.0,19.029076998689153,19.13233436832539,17.98943640510322,20.22996010819761,10488.935088194668,8673.532583823342,-1083.5425646179683,75.0,75.0,12,0,"(0, 1, 1)","(0, 1, 1, 12)",37.74383425663633,0.8837732998654246
1295,生合,食品工業,10,19.092,19.345,19.137,19.343,18447.458,17075.333,-1208.889,44.444,0.0,19.09176290524558,19.34526021957956,19.13665515540207,19.343392951544587,18447.458204918697,17075.333333333332,-1208.888888888889,44.44444444444444,0.0,0,12,,,,0.0309294001199305
3581,博磊,半導體業,12,19.144,18.799,17.549,17.81,33016.238,25057.116,-13353.725,66.667,58.333,19.144387967878878,18.7993849158375,17.549160336794323,17.809533759398995,33016.238423127805,25057.11623810163,-13353.725269944334,66.66666666666666,58.333333333333336,12,0,"(0, 1, 1)","(0, 1, 1, 12)",-34.178299004848235,0.6641225998755544
6733,博晟生醫,生技醫療業,12,19.165,17.827,11.574,20.419,4531.589,3550.921,2025.925,41.667,66.667,19.165073269267367,17.826759497438736,11.573884647109931,20.418950378201366,4531.588886238804,3550.9207462242484,2025.925010861407,41.66666666666667,66.66666666666666,12,0,"(0, 1, 1)","(0, 1, 1, 12)",107.03587653991453,1.7473850001115352
6768,志強-KY,運動休閒,12,19.175,18.955,17.06,18.762,390766.189,325567.2,73889.203,33.333,58.333,19.175480261712078,18.95518089524528,17.06012593730934,18.76154474764268,390766.18898260756,325567.2003435281,73889.20318561676,33.33333333333333,58.333333333333336,12,0,"(0, 1, 1)","(1, 1, 0, 12)",-16.46672155776346,1.277391699841246
1316,上曜,建材營造,12,19.219,22.136,19.091,19.943,82115.606,71801.256,-49774.411,75.0,58.333,19.219347432894637,22.135838800668484,19.091410342005226,19.942688432078896,82115.60611052366,71801.25576821672,-49774.410736662474,75.0,58.333333333333336,12,0,"(0, 1, 1)","(0, 1, 1, 12)",90.54505502032676,0.6771873000543565
3522,御嵿,觀光餐旅,12,19.229,17.77,13.718,17.033,28059.629,18295.134,-6570.458,66.667,75.0,19.229360032177546,17.769589017048478,13.717875362713382,17.033437227591165,28059.628720150962,18295.133623947586,-6570.457623308971,66.66666666666666,75.0,12,0,"(1, 1, 1)","(0, 1, 1, 12)",74.77182935087515,0.7659716000780463
1467,南緯,紡織纖維,12,19.281,18.846,11.783,19.408,107597.012,82744.329,3341.949,41.667,66.667,19.280598843607454,18.846094276583823,11.782708322795147,19.40754414209623,107597.01226212709,82744.32878824309,3341.9487846740135,41.66666666666667,66.66666666666666,12,0,"(1, 1, 0)","(0, 1, 1, 12)",-11.933524516580384,0.9464116001036018
1452,宏益,紡織纖維,12,19.371,18.578,17.69,19.171,25940.403,21891.767,5403.378,41.667,33.333,19.37103080648313,18.577506141835197,17.68988923623982,19.17094747846284,25940.40265655294,21891.766902805106,5403.378331477869,41.66666666666667,33.33333333333333,12,0,"(0, 1, 1)","(0, 1, 1, 12)",-17.344839053708494,1.4902971000410616
4109,加捷生醫,生技醫療業,12,19.381,17.928,12.915,18.007,10736.587,7817.869,-576.959,41.667,58.333,19.381024875712857,17.927633238376963,12.915128478083632,18.00682019135467,10736.58727360417,7817.869361802863,-576.9585984262334,41.66666666666667,58.333333333333336,12,0,"(0, 1, 1)","(0, 1, 1, 12)",18.66226131514857,0.6727676999289542
6904,伯鑫,其他,12,19.389,19.251,17.226,20.486,16825.691,13935.833,2261.833,41.667,83.333,19.388873107981983,19.25059219788897,17.22586649812976,20.48556826459157,16825.69124880164,13935.833333333334,2261.8333333333335,41.66666666666667,83.33333333333334,0,12,,,,0.0220595002174377
8068,全達,電子通路業,12,19.391,20.627,14.192,18.998,18253.531,13508.47,-5040.754,41.667,75.0,19.391493466406693,20.62741834061291,14.192498105548696,18.997601187747186,18253.530690607822,13508.469859412455,-5040.754076394206,41.66666666666667,75.0,12,0,"(0, 1, 1)","(0, 1, 1, 12)",84.0518308485785,0.6725376998074353
7714,創泓科技,數位雲端類,12,19.411,19.384,15.017,20.751,37857.359,29196.25,1326.417,58.333,16.667,19.41109887911992,19.383720807792674,15.016851118138813,20.75090842823154,37857.359364902004,29196.25,1326.4166666666667,58.333333333333336,16.666666666666664,0,12,,,,0.0235812000464648
4192,杏國,生技醫療業,12,19.414,18.199,15.85,19.155,573.53,437.508,58.416,50.0,58.333,19.413881715481534,18.19945182314118,15.850285634383152,19.155032497651273,573.5297966242911,437.5080026931393,58.41635840281987,50.0,58.333333333333336,12,0,"(0, 1, 1)","(0, 1, 1, 12)",58.59434472194059,0.5307450001128018
1777,生泰,生技醫療業,12,19.421,19.264,15.913,19.69,24378.222,21043.362,2546.719,41.667,75.0,19.42107155762096,19.26421521267343,15.912970750575486,19.689730657405278,24378.222474865175,21043.362217507933,2546.7190742372454,41.66666666666667,75.0,12,0,"(0, 1, 1)","(0, 1, 1, 12)",8.11017651242572,0.6197136000264436
6715,嘉基,電子零組件業,12,19.423,20.313,14.466,22.443,31398.368,27198.762,-1810.792,66.667,50.0,19.423201172543283,20.3130074666278,14.466437038606816,22.442970801956463,31398.36795835333,27198.76180993972,-1810.7923825977487,66.66666666666666,50.0,12,0,"(1, 1, 1)","(1, 1, 0, 12)",15.72622014386314,1.4541907999664545
3430,奇鈦科,化學工業,12,19.441,20.386,19.755,18.668,32331.902,27717.917,-19864.583,83.333,75.0,19.44084661477999,20.38649717100519,19.755179805226426,18.66772238078903,32331.90187338196,27717.916666666668,-19864.583333333332,83.33333333333334,75.0,0,12,,,,0.0627884999848902
2705,六福,觀光餐旅,12,19.449,19.756,20.207,20.047,41581.547,36831.304,4200.687,50.0,66.667,19.44875333655282,19.756385508495413,20.20741925570294,20.04686423371972,41581.547301155486,36831.30353321916,4200.687155118027,50.0,66.66666666666666,12,0,"(1, 1, 1)","(0, 1, 1, 12)",57.23972931565481,0.8258001001086086
2731,雄獅,觀光餐旅,12,19.455,17.937,16.389,19.067,670017.823,486822.741,48404.606,58.333,33.333,19.454828955935703,17.937477049296724,16.388805561161803,19.067349571463367,670017.82280396,486822.7406368263,48404.60572818859,58.333333333333336,33.33333333333333,12,0,"(1, 1, 1)","(0, 1, 1, 12)",78.0579849144065,1.3130529997870326
5603,陸海,航運業,12,19.489,17.762,17.73,19.427,31375.772,22033.027,9601.023,33.333,66.667,19.489027304314853,17.762163754592745,17.729896754115416,19.4266019977851,31375.7722979706,22033.02748348359,9601.023325463071,33.33333333333333,66.66666666666666,12,0,"(0, 1, 1)","(0, 1, 0, 12)",-28.757011629287103,0.4502134001813829
5474,聰泰,電腦及週邊設備業,12,19.508,20.051,21.645,20.558,31429.501,23864.256,-3368.941,58.333,58.333,19.508270871973522,20.05058308926053,21.645325435758462,20.55774519761213,31429.50089645078,23864.256418084096,-3368.940615838954,58.333333333333336,58.333333333333336,12,0,"(1, 1, 0)","(0, 1, 1, 12)",12.511297512142296,0.6630981001071632
4538,大詠城,電機機械,12,19.515,21.9,20.671,20.096,7239.269,6176.422,-2863.167,50.0,50.0,19.51548065682117,21.90027340567221,20.670695587268078,20.096412424998107,7239.269467599004,6176.421947276237,-2863.166532023079,50.0,50.0,12,0,"(0, 1, 1)","(0, 1, 1, 12)",1.772858889734695,0.673891199985519
3209,全科,電子通路業,12,19.529,19.946,17.813,19.614,1025210.81,771127.513,-221743.837,50.0,91.667,19.529175978809256,19.945506455002796,17.813093171478585,19.613648486715043,1025210.8102031599,771127.5129138107,-221743.83677633503,50.0,91.66666666666666,12,0,"(0, 1, 1)","(0, 1, 1, 12)",10.326498709806383,0.7092380998656154
4945,陞達科技,半導體業,8,19.568,19.385,19.893,18.765,11854.508,10610.528,-2487.15,50.0,62.5,19.567594469410967,19.38485073420549,19.89286978160079,18.76451785944856,11854.508365623267,10610.528101038097,-2487.1502198494118,50.0,62.5,9,3,"(0, 1, 1)","(0, 1, 1, 12)",-8.77451487662575,0.6808499000035226
7402,邑錡,光電業,12,19.599,20.871,17.472,22.96,10244.179,8507.355,266.878,50.0,66.667,19.598850550940497,20.870520272759055,17.472309606692367,22.960006782246065,10244.178500264954,8507.354720524037,266.87822080414963,50.0,66.66666666666666,12,0,"(1, 1, 1)","(0, 1, 1, 12)",19.300550321973432,0.9324594000354408
5484,慧友,電子工業,12,19.616,19.696,16.249,18.451,11140.875,8313.594,-5608.144,83.333,66.667,19.615937580001955,19.69554480772947,16.24901096105802,18.45050992336856,11140.87519951471,8313.593971927128,-5608.143952305502,83.33333333333334,66.66666666666666,12,0,"(1, 1, 1)","(0, 1, 1, 12)",50.45182718871126,0.8062408999539912
6482,弘煜科,文化創意業,12,19.667,18.337,16.384,20.758,9650.534,8132.03,5796.091,25.0,66.667,19.667010354238553,18.33689103181386,16.38436682610165,20.758313515220163,9650.534255429602,8132.030165497624,5796.0914578607,25.0,66.66666666666666,12,0,"(0, 1, 1)","(0, 1, 1, 12)",40.987768660563766,0.6256351999472827
8935,邦泰,其他,12,19.696,19.347,15.484,19.944,10196.504,8506.088,1322.726,41.667,33.333,19.696134665211066,19.3471893165132,15.48449862236046,19.943841959310447,10196.50409928079,8506.08761063693,1322.7260996250818,41.66666666666667,33.33333333333333,12,0,"(0, 1, 1)","(0, 1, 0, 12)",-35.59981940841359,0.4786545999813825
4905,台聯電,生技醫療業,12,19.708,18.442,9.712,25.06,21266.825,11939.828,7680.437,33.333,75.0,19.707890088968192,18.441690003159337,9.711571806715344,25.059655522062325,21266.82504414777,11939.828131500488,7680.436796866648,33.33333333333333,75.0,12,0,"(0, 1, 1)","(0, 1, 1, 12)",83.47516798463282,0.4923260000068694
5488,松普,電子零組件業,12,19.719,19.024,18.906,20.167,16262.878,12662.247,1153.153,58.333,66.667,19.71856983438586,19.024157758340962,18.905941846717237,20.167427819158643,16262.878423114606,12662.246754867823,1153.152637361056,58.333333333333336,66.66666666666666,12,0,"(0, 1, 1)","(0, 1, 1, 12)",17.39228568220733,0.6030365999322385
4911,德英,生技醫療業,12,19.767,17.858,16.873,19.959,6469.024,5092.08,3531.708,25.0,75.0,19.766624968613765,17.857549388318414,16.87293280256536,19.959355642210475,6469.024277868195,5092.080258164592,3531.7082753674586,25.0,75.0,12,0,"(0, 1, 1)","(0, 1, 1, 12)",79.59734636644684,0.61752919992432
7721,微程式,數位雲端,8,19.767,20.172,23.475,19.833,9713.162,8755.286,-2553.571,57.143,0.0,19.767449361372726,20.171857584062508,23.474960406313144,19.833240696458677,9713.161755356197,8755.285714285714,-2553.5714285714284,57.14285714285714,0.0,0,12,,,,0.0136680998839437
1101,台泥,水泥工業,12,19.81,17.017,14.067,19.658,3664299.401,2487147.051,1572820.694,41.667,66.667,19.80971348592399,17.016918109754712,14.067375573625496,19.658233395738304,3664299.401415517,2487147.0510567185,1572820.69353428,41.66666666666667,66.66666666666666,12,0,"(1, 1, 0)","(0, 1, 0, 12)",-56.435079770856106,1.1557785000186414
9960,邁達康,運動休閒類,12,19.899,19.599,17.324,20.748,13628.829,11268.326,823.838,50.0,50.0,19.898976824353056,19.59939793081128,17.323921807362943,20.748414645830003,13628.828705044452,11268.3262661719,823.8382936448106,50.0,50.0,12,0,"(0, 1, 1)","(0, 1, 1, 12)",8.964927497781346,1.1508744999300689
7732,金興精密,汽車工業,12,19.944,19.378,16.614,21.031,22316.469,18154.0,6230.167,33.333,8.333,19.943661043451673,19.377519571803777,16.613699558712536,21.03072452165019,22316.469292131915,18154.0,6230.166666666667,33.33333333333333,8.333333333333332,0,12,,,,0.0247146000619977
2468,華經,電子工業,12,20.019,21.113,17.389,19.062,55759.004,44945.617,-29302.567,66.667,83.333,20.018811117374906,21.11256745145981,17.38947687740133,19.062329269475565,55759.00423439163,44945.617474054015,-29302.567171049497,66.66666666666666,83.33333333333334,12,0,"(0, 1, 1)","(0, 1, 1, 12)",16.531612596004607,0.8019809001125395
5236,凌陽創新,電子工業,12,20.039,19.784,16.482,20.625,39385.634,33394.109,4811.407,50.0,50.0,20.038990362528303,19.784457792116292,16.48191659929382,20.624560497032032,39385.634204623035,33394.109082904375,4811.406738313469,50.0,50.0,12,0,"(0, 1, 1)","(0, 1, 1, 12)",11.34371431136029,0.8559431000612676
4590,富田-創,電機機械,2,20.135,22.389,20.135,20.135,21244.0,21244.0,-21244.0,100.0,0.0,20.135156909020253,22.3892079886178,20.135156909020253,20.135156909020253,21244.0,21244.0,-21244.0,100.0,0.0,0,12,,,,0.0119394001085311
8437,大地-KY,其他,12,20.143,18.744,19.422,19.348,4322.048,3601.658,1174.414,41.667,100.0,20.142752171697428,18.74391353822312,19.42179004732869,19.34752269143641,4322.047804176094,3601.6583733139782,1174.4144953732973,41.66666666666667,100.0,12,0,"(0, 1, 1)","(0, 1, 1, 12)",17.044586841824838,0.6741530001163483
3625,西勝,電腦及週邊設備業,12,20.18,21.304,17.225,20.47,7953.757,6764.68,-2017.551,58.333,58.333,20.179670976677155,21.303719971745874,17.22489266414354,20.469772151305936,7953.75660950235,6764.679753979158,-2017.5514106530027,58.333333333333336,58.333333333333336,12,0,"(0, 1, 1)","(0, 1, 1, 12)",30.509057618099117,0.856112000066787
2491,吉祥全,電子工業,12,20.198,19.362,17.332,21.015,3563.902,3027.5,1746.167,16.667,33.333,20.197583850828085,19.362298541419754,17.33232073868646,21.014766791292708,3563.9016073212047,3027.5,1746.1666666666667,16.666666666666664,33.33333333333333,0,12,,,,0.0213562999852001
4763,材料*-KY,化學生技醫療,12,20.253,18.516,22.262,19.759,279628.77,223317.983,97112.85,16.667,50.0,20.253454613443182,18.515608114250504,22.262149434637347,19.759315179706945,279628.77008861507,223317.98302147226,97112.84992489994,16.666666666666664,50.0,12,0,"(1, 1, 0)","(0, 1, 1, 12)",-58.1647174318861,0.8479138999246061
6122,擎邦,電機機械,12,20.274,20.5,17.5,21.701,82108.13,70751.981,-4566.898,58.333,66.667,20.274284330192874,20.500088493076905,17.499580786121584,21.70061161855926,82108.12969589546,70751.98099844728,-4566.898400493286,58.333333333333336,66.66666666666666,12,0,"(0, 1, 1)","(0, 1, 1, 12)",23.930132772236764,1.185196200152859
4707,磐亞,化學工業,12,20.285,21.048,14.728,22.41,28729.93,22708.66,1129.865,50.0,75.0,20.284629799922502,21.047792953845764,14.727829642928015,22.40955766201671,28729.929828289725,22708.659964871407,1129.865032140248,50.0,75.0,12,0,"(0, 1, 1)","(0, 1, 1, 12)",50.22493968369872,0.5747173000127077
6697,東捷資訊,資訊服務業,12,20.296,20.422,16.962,20.548,29446.196,22871.87,-2741.819,41.667,75.0,20.295627614284207,20.421614095484895,16.961522538849767,20.547640073936414,29446.195749825507,22871.870018526384,-2741.8194184327235,41.66666666666667,75.0,12,0,"(0, 1, 1)","(0, 1, 1, 12)",-3.378900335056098,1.037027700105682
8249,菱光,電子零組件業,12,20.327,19.517,16.122,20.584,81227.801,63024.235,8705.098,50.0,50.0,20.326884975398013,19.517242068878815,16.12222005663721,20.584065978421563,81227.80102396962,63024.23524626649,8705.098475284887,50.0,50.0,12,0,"(0, 1, 1)","(0, 1, 1, 12)",4.725220868987928,0.7159122000448406
8450,霹靂,文化創意業,12,20.344,20.767,15.79,20.436,5179.235,3978.698,-394.467,41.667,58.333,20.344285572352277,20.766883394387357,15.78955834177574,20.435544212362817,5179.235215044911,3978.698022242314,-394.46735362769414,41.66666666666667,58.333333333333336,12,0,"(1, 1, 1)","(0, 1, 0, 12)",-56.64043571400641,0.4268801999278366
4406,新昕纖,紡織纖維,12,20.376,19.712,15.568,22.004,10977.343,8138.364,1399.634,50.0,66.667,20.376473901547108,19.712070951657125,15.567613919342868,22.0036472066921,10977.343003870563,8138.363676277916,1399.6340469227125,50.0,66.66666666666666,12,0,"(0, 1, 1)","(0, 1, 1, 12)",-3.235744909371018,0.6662862000521272
2751,王座,觀光餐旅,12,20.387,21.386,21.534,18.8,36791.921,30092.833,-26710.0,91.667,16.667,20.386648194629334,21.38550180993353,21.533671781642543,18.800424591928554,36791.92133471695,30092.833333333332,-26710.0,91.66666666666666,16.666666666666664,0,12,,,,0.0301138998474925
2432,倚天酷碁-創,電子工業,12,20.4,23.421,20.192,20.608,59049.052,55644.083,-55644.083,100.0,91.667,20.399809117160757,23.421114516331443,20.191594366855302,20.607766653415116,59049.0519885798,55644.083333333336,-55644.083333333336,100.0,91.66666666666666,0,12,,,,0.0204628000501543
3205,佰研,生技醫療業,12,20.468,29.328,11.142,43.671,7973.829,5903.0,3756.732,25.0,66.667,20.468100854279708,29.328459788055845,11.141560122229235,43.67056671495118,7973.828772891599,5903.0002863742675,3756.73214746578,25.0,66.66666666666666,12,0,"(0, 1, 1)","(0, 1, 1, 12)",-50.384314525171895,1.0680040998850018
4502,健信,電機機械,12,20.473,19.513,17.26,22.306,20273.784,15982.722,8772.353,25.0,66.667,20.472733927306265,19.513314600182888,17.259860046305796,22.306090161720395,20273.784138706164,15982.72216481588,8772.352913505587,25.0,66.66666666666666,12,0,"(0, 1, 1)","(0, 1, 1, 12)",-10.8682064287468,0.7217079000547528
9949,琉園,文化創意業,12,20.475,18.794,16.948,19.472,3147.009,2400.211,343.257,41.667,66.667,20.474953170052572,18.79409540557365,16.948411811780677,19.47223277063078,3147.0094250183993,2400.210510281363,343.2572720389503,41.66666666666667,66.66666666666666,12,0,"(1, 1, 1)","(0, 1, 1, 12)",-11.250257699999532,1.991143400082365
2941,米斯特,居家生活類,12,20.513,20.703,13.339,19.59,21975.221,15848.75,-8710.417,75.0,58.333,20.512773498253797,20.70276865070301,13.338890762256034,19.589567351405794,21975.220543072297,15848.75,-8710.416666666666,75.0,58.333333333333336,0,12,,,,0.0259197000414133
2020,美亞,鋼鐵工業,12,20.523,19.091,11.561,18.697,135775.538,81132.312,-3887.537,33.333,58.333,20.523221128144737,19.09147042136349,11.561132141012243,18.69667219542318,135775.53830933967,81132.3122503604,-3887.5373901775456,33.33333333333333,58.333333333333336,12,0,"(0, 1, 1)","(0, 1, 1, 12)",-3.557690824449434,0.7538817999884486
4569,六方科-KY,汽車工業,12,20.582,23.004,23.449,20.276,33963.049,31173.833,-30475.333,91.667,50.0,20.581565137782256,23.004157982194574,23.448690297946705,20.276043838944872,33963.048766269494,31173.833333333332,-30475.333333333332,91.66666666666666,50.0,0,12,,,,0.0181824001483619
3556,禾瑞亞,半導體業,12,20.603,21.101,16.072,20.516,20324.309,16610.781,-1169.12,41.667,50.0,20.603199958637212,21.10122303441013,16.072182652623674,20.515569115582476,20324.309493573972,16610.780547985687,-1169.1202719589928,41.66666666666667,50.0,12,0,"(0, 1, 1)","(0, 1, 1, 12)",-1.039742122578164,0.6719663999974728
8076,伍豐,電腦及週邊設備業,12,20.622,21.107,19.522,22.046,36456.862,33848.331,-4757.112,66.667,58.333,20.621507520301314,21.106832283589103,19.521529084768417,22.046468597514615,36456.861935255074,33848.33147430818,-4757.112423994827,66.66666666666666,58.333333333333336,12,0,"(0, 1, 1)","(0, 1, 1, 12)",-4.2621904985187005,0.6479478999972343
6236,中湛,數位雲端類,12,20.649,20.049,19.132,22.007,772.476,621.973,235.675,50.0,41.667,20.6492656797869,20.048917793058248,19.132477522380125,22.007191260827017,772.4764754862666,621.9730899965813,235.67512998349704,50.0,41.66666666666667,12,0,"(0, 1, 1)","(0, 1, 1, 12)",93.11082033677852,0.6176380999386311
4585,達明,電子工業,6,20.665,21.661,29.079,20.428,39129.663,33712.2,-16757.0,80.0,0.0,20.664861240006914,21.66132512491958,29.079315910953774,20.427916699922726,39129.66278157786,33712.2,-16757.0,80.0,0.0,0,12,,,,0.0189330000430345
3708,上緯投控,綠能環保,12,20.702,26.021,12.056,94.712,195880.04,97139.869,55652.237,25.0,66.667,20.70177104905976,26.020896356596584,12.05603767000452,94.71157247210175,195880.03957630397,97139.8691246762,55652.2368327326,25.0,66.66666666666666,12,0,"(0, 1, 1)","(0, 1, 1, 12)",-18.15745221711949,0.906611899845302
8928,鉅明,運動休閒類,12,20.745,19.6,18.872,21.168,85598.131,59167.862,13439.522,58.333,75.0,20.7446398679237,19.59986747252108,18.871935698428455,21.16768650551472,85598.13096892965,59167.861831291964,13439.522195638157,58.333333333333336,75.0,12,0,"(1, 1, 0)","(0, 1, 1, 12)",0.2519639408598246,0.6689707001205534
6856,鑫傳,文化創意業,12,20.774,26.561,14.93,21.611,17137.287,13217.75,-10265.083,66.667,83.333,20.77361626443458,26.56098286524813,14.929823836693876,21.611061667633138,17137.287443369405,13217.75,-10265.083333333334,66.66666666666666,83.33333333333334,0,12,,,,0.0188338002189993
6706,惠特,電子工業,12,20.819,19.12,12.251,24.377,21945.887,15604.838,6929.176,50.0,50.0,20.818502480057216,19.119631179209463,12.250561374446029,24.37665850570949,21945.88727822305,15604.838160216153,6929.175866883521,50.0,50.0,12,0,"(1, 1, 0)","(0, 1, 1, 12)",-5.187812320401873,1.6083054000046104
6788,華景電,半導體業,12,20.821,20.726,17.111,21.184,53407.93,44808.606,4725.615,41.667,50.0,20.821230282054458,20.726044601462966,17.11079522442349,21.184166504475936,53407.92959316561,44808.60624489905,4725.615287168507,41.66666666666667,50.0,12,0,"(0, 1, 1)","(1, 1, 0, 12)",20.697028298242746,0.8714590000454336
3685,元創精密,電機機械,12,20.88,18.974,11.67,19.292,29269.971,20813.285,-4832.69,58.333,58.333,20.879507450506463,18.973755028574736,11.670375887177928,19.29222959329478,29269.970580676985,20813.284612709274,-4832.690150588486,58.333333333333336,58.333333333333336,12,0,"(0, 1, 1)","(0, 1, 1, 12)",10.663183730819677,0.7127743000164628
3339,泰谷,光電業,12,20.889,20.068,16.852,19.378,18239.832,14253.07,-2922.544,50.0,25.0,20.888949727187807,20.06833233808839,16.851719497561305,19.377521001440144,18239.832313336734,14253.070030061528,-2922.543606163124,50.0,25.0,12,0,"(0, 1, 1)","(0, 1, 1, 12)",-37.674985518115264,0.7465896001085639
2915,潤泰全,貿易百貨,12,20.911,19.808,19.386,23.9,58220.21,42180.545,27178.321,25.0,75.0,20.91067607346262,19.80784772308121,19.38587971356003,23.899756491005796,58220.21001469695,42180.54528517715,27178.3208469845,25.0,75.0,12,0,"(0, 1, 1)","(1, 1, 0, 12)",0.2518373946134975,0.6754457999486476
2102,泰豐,橡膠工業,12,20.999,20.733,14.996,19.406,6119.724,4652.265,-906.218,50.0,50.0,20.999347367226655,20.73315416839031,14.996381750301047,19.405999039695264,6119.723535136132,4652.2654135599505,-906.2179487809677,50.0,50.0,12,0,"(0, 1, 1)","(0, 1, 1, 12)",14.525870191292643,0.5502347000874579
6533,晶心科,半導體業,12,21.012,20.05,23.505,21.454,33637.761,25882.537,5369.511,41.667,50.0,21.011580178695908,20.0499857056827,23.504901538008095,21.454301042200903,33637.76059412204,25882.537224671643,5369.510650152674,41.66666666666667,50.0,12,0,"(0, 1, 1)","(0, 1, 1, 12)",60.47662528744902,0.7734296000562608
4108,懷特,生技醫療業,12,21.022,19.83,15.144,20.816,2984.633,2357.535,482.348,25.0,75.0,21.021737482702083,19.82976343580911,15.143662750922788,20.81554507415451,2984.633322195646,2357.535304341332,482.3477927553131,25.0,75.0,12,0,"(0, 1, 1)","(0, 1, 1, 12)",20.05198245606457,0.6572489999234676
2851,中再保,金融保險,12,21.024,23.234,17.835,23.097,492484.627,401181.442,-76213.734,50.0,50.0,21.024094704872017,23.233809515830668,17.834744159315672,23.09667359302505,492484.62749345397,401181.4422768683,-76213.73389786266,50.0,50.0,12,0,"(0, 1, 1)","(0, 1, 0, 12)",-64.11713272569868,0.3832558998838067
4441,振大環球,紡織纖維,7,21.038,21.93,23.117,22.331,153825.207,142162.333,9925.333,50.0,0.0,21.03767486404636,21.92963124565045,23.117238288841165,22.331047253444144,153825.20657443197,142162.33333333334,9925.333333333334,50.0,0.0,0,12,,,,0.0177044000010937
3661,世芯-KY,電子工業,12,21.071,18.863,16.738,21.759,673157.582,545067.955,457426.202,16.667,58.333,21.071328854998946,18.863112186270683,16.73840200389534,21.759220930130052,673157.5815859515,545067.9547861025,457426.20153431135,16.666666666666664,58.333333333333336,12,0,"(0, 1, 1)","(1, 1, 0, 12)",-40.79348023709298,0.5583192000631243
2520,冠德,建材營造,12,21.09,21.198,21.423,22.875,507369.642,402006.544,134580.379,25.0,66.667,21.08998530043897,21.19783786535153,21.42282611030028,22.874799773213475,507369.6419019881,402006.5439044644,134580.37918278313,25.0,66.66666666666666,12,0,"(0, 1, 1)","(0, 1, 1, 12)",76.51692029794687,0.524154799990356
7642,昶瑞機電,電機機械,10,21.102,21.201,21.264,22.978,15885.892,13542.444,4700.0,44.444,0.0,21.102294585830116,21.200544466413156,21.263924893154908,22.977582282391566,15885.891896060899,13542.444444444445,4700.0,44.44444444444444,0.0,0,12,,,,0.0206246001180261
9943,好樂迪,觀光餐旅,12,21.154,20.642,10.055,21.339,55461.71,42549.949,5862.435,50.0,58.333,21.15392982757771,20.642418154551777,10.055287308278835,21.339220167481194,55461.71032336718,42549.94875375719,5862.434976393971,50.0,58.333333333333336,12,0,"(0, 1, 1)","(0, 1, 1, 12)",94.48450933024476,0.9008091001305728
4577,達航科技,其他電子類,12,21.178,21.97,19.437,23.436,17054.644,13173.931,-1443.15,58.333,58.333,21.17827927151459,21.96971952719796,19.437331056597028,23.435919025640526,17054.644260535584,13173.930972279593,-1443.1502729537951,58.333333333333336,58.333333333333336,12,0,"(0, 1, 1)","(0, 1, 1, 12)",37.50671136783596,0.5518320999108255
6462,神盾,半導體業,12,21.207,21.002,16.84,20.726,117070.823,94232.537,-14283.971,50.0,66.667,21.206938526419073,21.002150796740864,16.839751342834376,20.726402465794138,117070.82268895503,94232.53651357752,-14283.971310413874,50.0,66.66666666666666,12,0,"(1, 1, 1)","(0, 1, 1, 12)",19.11842151416355,2.3317563999444246
6716,應廣,半導體業,12,21.241,22.921,13.887,26.835,26775.097,19150.415,2438.545,50.0,66.667,21.240792280032895,22.9207734872691,13.886624488765554,26.834518214494825,26775.09705487417,19150.415109113925,2438.5450722670116,50.0,66.66666666666666,12,0,"(1, 1, 0)","(0, 1, 1, 12)",-15.381221027243493,1.3279290001373738
4728,雙美,生技醫療業,12,21.259,20.203,25.041,21.86,43520.003,35895.127,21723.929,33.333,58.333,21.25897690109432,20.202915134008588,25.040899274468774,21.86019134865087,43520.00312944897,35895.127012376644,21723.929334090288,33.33333333333333,58.333333333333336,12,0,"(0, 1, 1)","(0, 1, 1, 12)",65.11720637121375,0.5927515998482704
4807,日成-KY,貿易百貨,12,21.269,20.481,25.476,20.38,44273.476,37686.794,-61.499,41.667,75.0,21.268912543212227,20.481425468055594,25.475885442649588,20.380204247704846,44273.47598606107,37686.793789474825,-61.49876037366145,41.66666666666667,75.0,12,0,"(0, 1, 1)","(0, 1, 1, 12)",6.293992769857277,0.7191026001237333
2211,長榮鋼,鋼鐵工業,12,21.329,20.548,21.241,21.238,329424.087,272178.125,23684.854,41.667,33.333,21.328636507570273,20.547639592603563,21.241126395700142,21.238480467700008,329424.08661344653,272178.1252810817,23684.853501241236,41.66666666666667,33.33333333333333,12,0,"(0, 1, 1)","(0, 1, 1, 12)",4.774709081981248,0.7446551001630723
8011,台通,電子工業,12,21.346,21.726,21.574,23.653,40748.778,36917.609,8938.758,41.667,75.0,21.34554990760051,21.72592627348696,21.573882013943795,23.653489228677397,40748.77803623256,36917.60884006801,8938.758215794185,41.66666666666667,75.0,12,0,"(1, 1, 1)","(0, 1, 1, 12)",18.406409911769764,1.152565099997446
8024,佑華,半導體業,12,21.38,21.38,17.246,23.138,3299.026,2739.87,595.25,41.667,66.667,21.379905241585938,21.37968852999291,17.246095116490288,23.13835300036079,3299.025725088441,2739.8704898846404,595.2498400447674,41.66666666666667,66.66666666666666,12,0,"(0, 1, 1)","(0, 1, 1, 12)",15.075347085417826,0.8403398001100868
6767,台微醫,生技醫療業,12,21.427,19.797,23.495,22.204,6304.17,5566.94,4379.381,8.333,41.667,21.42682858120606,19.797460832254973,23.495496242124865,22.20379046829826,6304.170345764981,5566.940045064115,4379.380586920154,8.333333333333332,41.66666666666667,12,0,"(0, 1, 1)","(0, 1, 0, 12)",-16.026001402374334,0.5579884999897331
2359,所羅門,電子工業,12,21.434,21.693,21.017,21.421,86733.499,75798.362,-11285.823,41.667,50.0,21.43424345487544,21.692513281143704,21.01724978335086,21.42108648768135,86733.49910556954,75798.36167621466,-11285.822841488616,41.66666666666667,50.0,12,0,"(0, 1, 1)","(0, 1, 1, 12)",13.47115466915922,0.6535410999786109
3230,錦明,光電業,12,21.518,20.486,18.147,20.865,9060.298,7238.271,727.921,41.667,50.0,21.517870415491068,20.486042457111882,18.14671896384495,20.86539664340693,9060.298074807604,7238.2709081562825,727.9211704906093,41.66666666666667,50.0,12,0,"(0, 1, 1)","(0, 1, 1, 12)",-5.085459032733873,0.695461800089106
3373,熱映,其他電子類,12,21.529,21.133,22.022,21.654,7684.557,6953.565,1081.657,41.667,66.667,21.529286477380065,21.132558265574318,22.022034235577625,21.654229270838556,7684.557200644256,6953.564828608342,1081.656639999611,41.66666666666667,66.66666666666666,12,0,"(0, 1, 1)","(0, 1, 1, 12)",79.328953542088,0.5066836001351476
4714,永捷,化學工業,12,21.531,22.242,22.938,21.71,31232.962,27432.102,-5992.936,58.333,25.0,21.531135579290037,22.242325657995742,22.938451413744662,21.710000949914498,31232.962259820593,27432.102137054128,-5992.936429188082,58.333333333333336,25.0,12,0,"(0, 1, 1)","(0, 1, 1, 12)",56.70138010857359,0.4828561001922935
3306,鼎天,通信網路業,12,21.544,20.869,20.318,19.581,23148.53,19441.448,-7975.826,58.333,83.333,21.544137920472075,20.869247759187218,20.318016696961067,19.581434164602218,23148.530029041696,19441.448012882265,-7975.8264654293425,58.333333333333336,83.33333333333334,12,0,"(0, 1, 1)","(1, 1, 0, 12)",36.29982598911442,0.5960419001057744
6203,元大MSCI台灣,ETF,12,21.552,20.686,18.152,22.057,63792.155,50074.449,4951.687,58.333,83.333,21.551803761766706,20.686025441857858,18.15180831383042,22.057060921324574,63792.15476979277,50074.44865109451,4951.687110859508,58.333333333333336,83.33333333333334,12,0,"(0, 1, 1)","(1, 1, 0, 12)",12.757865752601877,0.6262385998852551
6609,瀧澤科,電機機械,12,21.593,20.754,21.226,20.967,41843.115,36679.72,5492.816,41.667,50.0,21.593369117033916,20.75429790524467,21.2264736958977,20.966795597325625,41843.11498025468,36679.720406443776,5492.81593142906,41.66666666666667,50.0,12,0,"(1, 1, 0)","(0, 1, 1, 12)",-4.849195085427265,1.6213431998621672
9955,佳龍,綠能環保,12,21.616,22.387,19.237,20.342,36319.349,27147.047,-10834.508,58.333,50.0,21.61595600388174,22.386545912856057,19.23717137997881,20.341968700905444,36319.34941203379,27147.046826155,-10834.50829061014,58.333333333333336,50.0,12,0,"(0, 1, 1)","(0, 1, 1, 12)",36.84748301818152,1.2079964999575168
2035,唐榮,鋼鐵工業,12,21.623,21.328,20.168,22.64,205036.911,173031.445,26153.096,50.0,58.333,21.62346169689215,21.327806456229258,20.16837753537305,22.640298900615218,205036.91107117248,173031.44504597058,26153.095684547578,50.0,58.333333333333336,12,0,"(0, 1, 1)","(0, 1, 1, 12)",-7.249913532772547,0.7853253998328
3652,精聯,電腦及週邊設備業,12,21.625,19.202,13.976,22.786,69998.572,44197.546,10050.225,58.333,83.333,21.6253933586151,19.20163262555884,13.97587994434504,22.786225968673634,69998.57242671405,44197.54643847037,10050.225126410254,58.333333333333336,83.33333333333334,12,0,"(0, 1, 1)","(0, 1, 0, 12)",-31.976849029348287,0.4327897999901324
5546,永固-KY,建材營造,12,21.637,22.019,23.173,26.337,42672.861,35152.483,25005.354,25.0,58.333,21.63726814203518,22.019016048549204,23.172934882748528,26.336709577613444,42672.861303885526,35152.48281736747,25005.35409547415,25.0,58.333333333333336,12,0,"(0, 1, 1)","(1, 1, 0, 12)",26.674563862639705,0.7543810999486595
3437,榮創,電子工業,12,21.653,21.274,22.071,21.948,32069.787,28874.84,9147.114,33.333,50.0,21.6530171237065,21.274183354661957,22.07149558397398,21.94753968932995,32069.78670795735,28874.839659890713,9147.113767067041,33.33333333333333,50.0,12,0,"(0, 1, 1)","(0, 1, 0, 12)",-24.200770638591926,0.3306363001465797
3577,泓格,電腦及週邊設備業,12,21.668,21.406,18.035,21.286,24857.567,21161.365,-742.653,50.0,66.667,21.668350697933874,21.406018760764486,18.034539473124255,21.286497110517978,24857.566562936714,21161.365462478967,-742.6531463643078,50.0,66.66666666666666,12,0,"(0, 1, 1)","(0, 1, 1, 12)",10.93762131683245,0.5298506999388337
7770,君曜,半導體業,4,21.693,21.032,14.041,23.702,10293.419,9198.0,4522.667,33.333,0.0,21.69271406559542,21.03245059391552,14.040883336336515,23.70233598997057,10293.418512169155,9198.0,4522.666666666667,33.33333333333333,0.0,0,12,,,,0.0137902998831123
5201,凱衛,資訊服務業,12,21.744,21.937,23.135,20.718,6743.241,5519.231,-2421.675,58.333,83.333,21.743737622594203,21.937169242378395,23.134606266585646,20.7178325436877,6743.241174373438,5519.231040524439,-2421.6749702963552,58.333333333333336,83.33333333333334,12,0,"(0, 1, 1)","(0, 1, 1, 12)",41.287038473292014,0.7431055000051856
3580,友威科,其他電子類,12,21.779,20.227,20.924,22.228,8735.393,7841.597,3846.294,41.667,66.667,21.77878458142409,20.227393661490456,20.9235089291541,22.22848469605039,8735.39329359742,7841.596580438953,3846.2935318200266,41.66666666666667,66.66666666666666,12,0,"(0, 1, 1)","(0, 1, 1, 12)",47.16480445206876,0.4744381001219153
3083,網龍,文化創意業,12,21.821,23.036,21.317,22.342,8389.393,7199.517,-3438.446,66.667,75.0,21.821125157483092,23.036189549121833,21.317436074727993,22.342251266887057,8389.393070514485,7199.516560292254,-3438.446085921864,66.66666666666666,75.0,12,0,"(0, 1, 1)","(0, 1, 1, 12)",14.44369015242654,1.5697251001838597
6751,智聯服務,資訊服務業,12,21.868,22.395,11.628,27.631,40227.289,32078.293,19722.068,33.333,83.333,21.868221342534603,22.39540704061631,11.62839356324362,27.63122608369704,40227.28869794089,32078.293428668374,19722.068052905328,33.33333333333333,83.33333333333334,12,0,"(0, 1, 1)","(0, 1, 1, 12)",-10.869098887199698,1.254389600129798
7799,禾榮科,生技醫療業,6,21.894,23.864,26.697,21.467,393.339,314.4,-170.4,60.0,0.0,21.894150417827298,23.863805346389093,26.69683257918552,21.46677663789737,393.33853103910377,314.4,-170.4,60.0,0.0,0,12,,,,0.0155046000145375
6024,群益期,金融保險,12,22.044,20.59,12.924,21.409,71458.614,53285.705,3915.782,33.333,50.0,22.044141466090935,20.589973935733383,12.924118926826042,21.409333620422988,71458.61439982004,53285.70496572533,3915.782268271117,33.33333333333333,50.0,12,0,"(0, 1, 1)","(0, 1, 1, 12)",7.522559344339193,0.7535870999563485
4930,燦星網,電器電纜,12,22.055,22.657,19.844,23.833,138612.965,110900.769,20118.851,41.667,58.333,22.05473219557855,22.656897577938608,19.844201247403355,23.833291112363753,138612.9645555742,110900.76890893052,20118.85066656687,41.66666666666667,58.333333333333336,12,0,"(1, 1, 1)","(0, 1, 0, 12)",-52.54593198920531,0.723227099981159
8923,時報,文化創意業,12,22.056,22.385,20.276,23.466,9347.75,8222.543,131.025,50.0,75.0,22.0557342463896,22.385479242433913,20.27582955266093,23.466366136330578,9347.750452360577,8222.543145060892,131.02476343888824,50.0,75.0,12,0,"(0, 1, 1)","(0, 1, 1, 12)",-6.704403999956764,0.7617914997972548
6613,朋億*,其他電子類,12,22.057,21.27,15.295,23.987,200365.293,163868.568,65101.061,33.333,66.667,22.057359013645495,21.269944635061485,15.294985595173003,23.98702625045043,200365.29348983985,163868.56834644012,65101.06140463552,33.33333333333333,66.66666666666666,12,0,"(1, 1, 1)","(0, 1, 1, 12)",4.693582426859302,1.9996491998899728
6207,復華滬深,ETF,12,22.201,20.921,20.014,24.232,26445.79,20614.29,10089.928,41.667,58.333,22.20135355739674,20.920840213056728,20.013703804199697,24.232031083793014,26445.79021679235,20614.28979834623,10089.927801635431,41.66666666666667,58.333333333333336,12,0,"(0, 1, 1)","(0, 1, 1, 12)",21.66013880281058,1.1129262000322342
6584,南俊國際,電子零組件業,12,22.222,25.055,18.853,22.017,48025.208,45053.667,-42368.833,91.667,25.0,22.221984739350674,25.055168641148757,18.853071400205003,22.017335127933872,48025.20830772106,45053.666666666664,-42368.833333333336,91.66666666666666,25.0,0,12,,,,0.0266598998568952
2354,鴻準,其他電子業,12,22.222,24.239,15.401,25.569,3611092.909,2892085.596,1223085.777,33.333,58.333,22.222268351789086,24.238758460264044,15.401396028699722,25.569108366653992,3611092.9092207323,2892085.596059645,1223085.7770659807,33.33333333333333,58.333333333333336,12,0,"(0, 1, 1)","(0, 1, 1, 12)",10.66887934545391,0.6366343998815864
3135,凌航,電子工業,8,22.286,22.151,19.489,20.456,207990.613,165084.286,-89346.0,71.429,0.0,22.28571748153785,22.151227079933985,19.489462232812468,20.455672794804762,207990.61348394686,165084.2857142857,-89346.0,71.42857142857143,0.0,0,12,,,,0.0163098000921309
6287,元隆,半導體業,5,22.313,21.144,31.454,21.837,24021.171,20582.29,7675.64,40.0,60.0,22.31326346248225,21.143841690094394,31.453985946112727,21.836824751984157,24021.171099983723,20582.28973611673,7675.640141481481,40.0,60.0,6,6,"(1, 1, 1)","(0, 1, 0, 12)",-64.22947641563944,0.4460789000149816
6220,岳豐,電子零組件業,12,22.374,22.032,18.25,23.079,181137.401,155773.705,13180.272,50.0,50.0,22.373545617625638,22.032040472100608,18.24986804798284,23.079315545813383,181137.40139459306,155773.70452050617,13180.27171119627,50.0,50.0,12,0,"(0, 1, 1)","(0, 1, 0, 12)",-41.301360744905885,0.3586061999667436
8473,山林水,綠能環保,12,22.413,21.356,8.782,16.23,193239.06,95712.999,-92008.165,66.667,83.333,22.41261094518316,21.35648803322858,8.782116388897771,16.229539742814687,193239.06011271107,95712.99900987733,-92008.16483369652,66.66666666666666,83.33333333333334,12,0,"(0, 1, 1)","(0, 1, 1, 12)",22.07960621030516,1.4419115998316556
4977,眾達-KY,電子工業,12,22.435,24.59,24.121,23.815,25119.991,20097.219,-6120.741,58.333,41.667,22.43462718284606,24.589674213330667,24.12058093055657,23.81488519562258,25119.9912588032,20097.219463233287,-6120.741343058234,58.333333333333336,41.66666666666667,12,0,"(1, 1, 0)","(1, 1, 0, 12)",-28.56778465281204,0.917568099917844
2515,中工,建材營造,12,22.46,20.871,19.345,21.413,536104.605,387787.978,69750.189,33.333,58.333,22.460461858184992,20.8712182262728,19.345078790869792,21.413059854397503,536104.604997841,387787.9784648844,69750.18893494713,33.33333333333333,58.333333333333336,12,0,"(0, 1, 1)","(0, 1, 1, 12)",-26.01163621966034,0.7376067000441253
2887,台新新光金,金融保險,12,22.495,23.402,13.172,20.885,4228114.482,2827995.844,-2089832.498,66.667,50.0,22.494560793713067,23.402318110030524,13.172411036926052,20.884956377194538,4228114.482223782,2827995.8441535556,-2089832.4983217102,66.66666666666666,50.0,12,0,"(0, 1, 1)","(0, 1, 1, 12)",-8.917048235621015,0.6692540000658482
6922,宸曜,電腦及週邊設備業,12,22.54,24.956,18.522,23.66,35827.633,30859.667,-16464.167,75.0,66.667,22.54035846325587,24.95626718556372,18.522052678573818,23.660015854009295,35827.63278532368,30859.666666666668,-16464.166666666668,75.0,66.66666666666666,0,12,,,,0.0174294000025838
6419,京晨科,光電業,12,22.576,21.07,21.96,23.016,12451.642,9373.466,3289.923,41.667,41.667,22.575830355377626,21.070366982995477,21.960186679536875,23.01558435115375,12451.641552620596,9373.465950360827,3289.9234644978155,41.66666666666667,41.66666666666667,12,0,"(1, 1, 0)","(0, 1, 1, 12)",-5.498696540922296,1.4798824999015778
2376,技嘉,電腦及週邊設備業,12,22.588,22.019,21.511,21.764,8305952.576,6342170.768,-561132.117,41.667,58.333,22.58771741346701,22.019214090190598,21.511385957155753,21.763588196389986,8305952.576080208,6342170.768489945,-561132.11730952,41.66666666666667,58.333333333333336,12,0,"(0, 1, 1)","(0, 1, 1, 12)",-5.73194896880562,0.6758724998217076
6782,視陽,生技醫療業,12,22.66,22.823,21.619,22.959,93703.611,79650.645,-7811.024,50.0,50.0,22.66046438048225,22.82343372029092,21.618607561071563,22.959372216878556,93703.61096758833,79650.64476254019,-7811.024153388756,50.0,50.0,12,0,"(0, 1, 1)","(1, 1, 0, 12)",-7.048501292554814,1.0677256998606026
6152,百一,通信網路業,12,22.668,22.011,19.963,23.291,37520.832,29717.442,-899.987,58.333,66.667,22.667766810170235,22.011354273940483,19.96330575396939,23.291473351007962,37520.83210434491,29717.44228813318,-899.9867200995844,58.333333333333336,66.66666666666666,12,0,"(0, 1, 1)","(0, 1, 1, 12)",29.64070564129868,0.6831112999934703
9940,信義,其他,12,22.734,17.52,8.358,15.685,480892.964,217062.697,-137841.863,58.333,58.333,22.734416666299897,17.5195667251515,8.358211263738037,15.685101953321952,480892.96429222106,217062.69723378983,-137841.86307959122,58.333333333333336,58.333333333333336,12,0,"(1, 1, 1)","(0, 1, 1, 12)",9.069821328563313,2.06662579998374
4908,前鼎,通信網路業,12,22.745,21.437,18.996,23.99,19133.396,15441.547,7814.411,33.333,41.667,22.744727851416478,21.43675822693787,18.99560308628914,23.989703690696455,19133.39608076065,15441.547369845655,7814.411422593573,33.33333333333333,41.66666666666667,12,0,"(1, 1, 1)","(0, 1, 1, 12)",-0.3218149339349967,1.3684573001228273
1312,國喬,塑膠工業,12,22.754,24.351,17.392,22.952,554464.83,430569.312,-193390.263,66.667,50.0,22.753806442844855,24.351263475171322,17.391583028716152,22.951864972135883,554464.829916101,430569.3122811794,-193390.26349671246,66.66666666666666,50.0,12,0,"(1, 1, 1)","(0, 1, 1, 12)",-37.46625571415582,1.2466315000783652
6695,芯鼎,電子工業,12,22.91,21.916,15.213,24.376,27963.604,21490.62,6872.448,50.0,33.333,22.910193344514944,21.91574597536839,15.212840120674112,24.375832410196764,27963.603903405598,21490.62048940544,6872.448203529409,50.0,33.33333333333333,12,0,"(0, 1, 1)","(0, 1, 0, 12)",-17.493515259728483,0.5180912998039275
4527,方土霖,電機機械,12,22.958,21.405,20.675,23.106,78294.369,58685.598,11816.827,33.333,83.333,22.95849200519897,21.404713250135554,20.675447668659725,23.106090797811998,78294.36917272862,58685.59805608607,11816.82747325293,33.33333333333333,83.33333333333334,12,0,"(0, 1, 1)","(0, 1, 1, 12)",8.996459834697422,0.5807884000241756
2363,矽統,電子工業,12,22.972,18.945,11.005,19.922,101926.885,54007.065,18138.539,50.0,83.333,22.97246756518086,18.944720033236464,11.004968623082737,19.921742908363612,101926.88524308246,54007.065191193025,18138.538966349715,50.0,83.33333333333334,12,0,"(0, 1, 1)","(0, 1, 1, 12)",82.1103156461919,0.5178533000871539
4304,勝昱,塑膠工業,12,22.98,22.181,22.96,23.19,8231.474,6699.29,218.542,58.333,66.667,22.979760338924223,22.18092289611342,22.95968369689831,23.189726065013108,8231.4735063802,6699.289531606578,218.54203673655047,58.333333333333336,66.66666666666666,12,0,"(0, 1, 1)","(0, 1, 1, 12)",21.5118935121498,0.5875752000138164
4540,全球傳動,電機機械,12,23.003,22.334,17.577,23.883,61824.831,49059.601,478.993,66.667,58.333,23.00270842838002,22.333554330791774,17.57656576027703,23.883393818511458,61824.83054524403,49059.601468338195,478.99329930134263,66.66666666666666,58.333333333333336,12,0,"(0, 1, 1)","(0, 1, 0, 12)",2.067594163623031,0.3416596001479774
5222,全訊,電子工業,12,23.022,22.874,12.461,27.628,23726.003,18308.976,9508.22,33.333,75.0,23.02209819105715,22.8741288456807,12.460697275126726,27.628337712883965,23726.003383297757,18308.975879220277,9508.220017649532,33.33333333333333,75.0,12,0,"(0, 1, 1)","(0, 1, 1, 12)",9.536881412342176,0.6021626000292599
6662,樂斯科,生技醫療業,12,23.026,18.136,10.642,23.598,9465.887,5040.172,3587.775,33.333,66.667,23.026401982982044,18.13628040493453,10.641776842461278,23.598117047454537,9465.887045220046,5040.172375381663,3587.7752847051065,33.33333333333333,66.66666666666666,12,0,"(1, 1, 1)","(0, 1, 1, 12)",8.845632638522705,0.9339510998688638
3043,科風,電子工業,12,23.027,21.789,20.175,23.154,19817.37,16382.064,4875.519,25.0,41.667,23.02705947775036,21.788816112688195,20.174512530323145,23.15384969015265,19817.37027060284,16382.064167391014,4875.518791302141,25.0,41.66666666666667,12,0,"(0, 1, 1)","(0, 1, 1, 12)",0.0403924467827234,0.6933102000039071
8916,光隆,其他,12,23.039,23.444,22.584,22.782,194146.783,163914.446,-28166.786,58.333,58.333,23.039016974139724,23.4436530530469,22.58358908898885,22.782124756857677,194146.78325156678,163914.4461191591,-28166.785547384658,58.333333333333336,58.333333333333336,12,0,"(1, 1, 1)","(0, 1, 1, 12)",-6.692646142376175,1.1017629001289606
2247,汎德永業,汽車工業,12,23.057,20.632,20.463,22.625,1148048.339,988538.475,564051.029,33.333,75.0,23.057090893479202,20.6316005546676,20.463022036635937,22.625137551268214,1148048.3385166952,988538.4746352168,564051.0288953702,33.33333333333333,75.0,12,0,"(0, 1, 1)","(1, 1, 0, 12)",-18.995362990674916,0.5773366000503302
3228,金麗科,半導體業,12,23.072,22.432,15.994,24.196,7953.976,5940.681,489.9,50.0,58.333,23.07165202791169,22.43212427756118,15.994416656456089,24.1955178189265,7953.9757098682185,5940.6812279136,489.9001887288232,50.0,58.333333333333336,12,0,"(1, 1, 1)","(0, 1, 1, 12)",62.84094215585184,0.788944800151512
6163,華電網,資訊服務業,12,23.096,24.605,13.514,25.261,163206.196,117515.936,-17290.755,41.667,91.667,23.09586855190922,24.60505216224904,13.514473046345996,25.260802217283114,163206.19588998012,117515.93644845346,-17290.75528201628,41.66666666666667,91.66666666666666,12,0,"(0, 1, 1)","(0, 1, 1, 12)",53.90170856689467,0.6872425999026746
9950,萬國通,塑膠工業,12,23.103,23.098,22.804,23.867,49688.523,41103.64,-2066.307,58.333,75.0,23.103159916312563,23.098091159530263,22.804380694992393,23.867204411038035,49688.522767060735,41103.64041770875,-2066.3069449438976,58.333333333333336,75.0,12,0,"(0, 1, 1)","(0, 1, 1, 12)",42.698806947553486,1.3343843000475315
6899,創為精密,光電業,12,23.141,26.111,22.593,22.137,27360.141,23040.0,-21200.5,83.333,58.333,23.14058440688861,26.111189741249806,22.593369835246094,22.137401854484988,27360.140694691858,23040.0,-21200.5,83.33333333333334,58.333333333333336,0,12,,,,0.0203664000146091
5530,龍巖,其他,12,23.217,21.237,16.591,22.459,105138.341,78298.251,9120.92,33.333,91.667,23.217436736033697,21.23667195582137,16.59099883127792,22.45893802498385,105138.34089132992,78298.25147423269,9120.919808401399,33.33333333333333,91.66666666666666,12,0,"(1, 1, 1)","(1, 1, 0, 12)",-7.641990766704094,0.9497546998318284
8499,鼎炫-KY,其他電子業,12,23.235,22.452,17.22,19.5,87321.74,56497.372,-38506.402,66.667,66.667,23.235230020761584,22.45236841367739,17.220238168964958,19.499677317022424,87321.74021604723,56497.371841990935,-38506.40227067201,66.66666666666666,66.66666666666666,12,0,"(0, 1, 1)","(0, 1, 1, 12)",3.351534194771211,1.1848915999289602
3593,力銘,電子零組件業,12,23.237,23.36,23.256,23.346,27064.251,21165.401,2247.628,33.333,25.0,23.237296277314627,23.360359680364926,23.256393612516344,23.34619134370942,27064.25097322469,21165.400847988563,2247.6278751609043,33.33333333333333,25.0,12,0,"(1, 1, 1)","(0, 1, 1, 12)",7.11472186716406,1.0379039000254124
3622,洋華,電子工業,12,23.242,24.574,17.552,23.67,44107.538,33422.35,-5251.158,41.667,66.667,23.241801738279747,24.57393685790424,17.552442223894666,23.67037698596076,44107.53814794488,33422.35004919408,-5251.1580311387015,41.66666666666667,66.66666666666666,12,0,"(1, 1, 1)","(0, 1, 1, 12)",50.8443713016263,0.8709941999986768
1615,大山,電器電纜,12,23.248,22.364,27.182,24.936,141202.746,110795.614,60504.55,41.667,66.667,23.247692112129698,22.3642882928936,27.18211188791194,24.93622810051833,141202.74628660773,110795.61401797288,60504.54978603568,41.66666666666667,66.66666666666666,12,0,"(0, 1, 1)","(0, 1, 1, 12)",15.349998924691626,0.6557740999851376
6921,嘉雨思-創,電子工業,3,23.264,25.558,22.543,22.543,4083.887,3855.0,-3855.0,100.0,0.0,23.26423463383724,25.557633879916043,22.54270887324541,22.54270887324541,4083.886506748198,3855.0,-3855.0,100.0,0.0,0,12,,,,0.0119574000127613
4931,新盛力,電腦及週邊設備業,12,23.313,23.765,18.648,23.529,62338.263,47623.917,-16567.857,75.0,58.333,23.312897118905283,23.765437989047513,18.648015232088444,23.529081513764375,62338.26259296732,47623.91650054223,-16567.857316316284,75.0,58.333333333333336,12,0,"(1, 1, 0)","(0, 1, 1, 12)",36.147836494030045,0.7065628999844193
4147,中裕,生技醫療業,12,23.332,22.624,16.779,26.157,14088.472,11886.71,4601.665,41.667,75.0,23.332055534691467,22.623666709952335,16.77910760715991,26.156505055981473,14088.472272064986,11886.710125944692,4601.665398821159,41.66666666666667,75.0,12,0,"(0, 1, 1)","(0, 1, 1, 12)",118.97318768367656,0.589378000004217
8472,夠麻吉,數位雲端類,12,23.361,24.047,17.857,24.611,13303.284,9719.737,-633.856,58.333,66.667,23.36082217440737,24.046735921326132,17.856593816196913,24.611022156339956,13303.2841895254,9719.737282105674,-633.8559545276706,58.333333333333336,66.66666666666666,12,0,"(1, 1, 0)","(0, 1, 1, 12)",0.6934050730073391,1.560631499858573
8455,大拓-KY,其他電子類,12,23.373,22.77,16.737,22.839,30134.421,22535.788,1490.733,41.667,58.333,23.373150235861186,22.770004122520163,16.73665127487828,22.838503607783014,30134.421431026985,22535.78765103626,1490.7329360440435,41.66666666666667,58.333333333333336,12,0,"(1, 1, 0)","(0, 1, 0, 12)",-39.14587117418528,0.9471928998827934
6451,訊芯-KY,電子工業,12,23.388,23.423,20.377,24.143,171835.882,146796.716,8147.489,50.0,58.333,23.387904482404256,23.422946424009137,20.376529254022476,24.142713833379844,171835.88212863836,146796.71617346257,8147.488966187918,50.0,58.333333333333336,12,0,"(0, 1, 1)","(0, 1, 1, 12)",-12.206884597534795,1.4359065000899136
2425,承啟,電腦及週邊設備業,12,23.405,25.474,24.521,26.65,208094.292,167472.308,-31906.175,75.0,75.0,23.40487403974923,25.47448379414932,24.521348268890584,26.650109932300342,208094.2921309577,167472.30842741512,-31906.175456069614,75.0,75.0,12,0,"(0, 1, 1)","(0, 1, 1, 12)",-2.86086641747538,0.8296630000695586
6210,慶生,電子零組件業,12,23.44,25.394,19.703,23.723,7433.195,6374.892,-3219.725,66.667,33.333,23.4398328349122,25.39434265645116,19.70322200126108,23.72349890991698,7433.194504822515,6374.892269723013,-3219.725424181191,66.66666666666666,33.33333333333333,12,0,"(0, 1, 1)","(0, 1, 1, 12)",6.047003563230015,1.0639619999565184
1538,正峰,電機機械,12,23.46,24.27,21.095,24.8,2816.39,2259.658,439.915,33.333,58.333,23.45969977771036,24.27015136563937,21.095179247992895,24.799650663653107,2816.3901583920388,2259.6578323388762,439.91467106525073,33.33333333333333,58.333333333333336,12,0,"(0, 1, 1)","(0, 1, 1, 12)",37.2731359640543,0.5859116001520306
2535,達欣工,建材營造,12,23.56,23.065,15.581,20.963,609159.586,433350.532,-150757.425,58.333,58.333,23.55976973884756,23.065216116642663,15.581335172737987,20.962865360750072,609159.5857875503,433350.531686641,-150757.4249641512,58.333333333333336,58.333333333333336,12,0,"(0, 1, 1)","(0, 1, 1, 12)",-5.526538947706738,0.6446049998048693
7631,聚賢研發-創,電子工業,12,23.6,20.226,8.718,17.198,44555.483,22555.455,-18157.273,72.727,0.0,23.599541154381004,20.22584733434795,8.718441868024705,17.198134641074912,44555.48295409587,22555.454545454544,-18157.272727272728,72.72727272727273,0.0,0,12,,,,0.0224952001590281
2431,聯昌,電子零組件業,12,23.715,23.876,18.878,22.339,9826.384,7412.605,-2448.783,50.0,66.667,23.71483466339075,23.87568468297129,18.878462879467353,22.33940995635185,9826.383795846114,7412.605157822705,-2448.7825358068267,50.0,66.66666666666666,12,0,"(1, 1, 1)","(0, 1, 1, 12)",-4.534019244446924,1.1268541000317782
6821,聯寶,電子零組件業,12,23.735,23.645,22.243,22.983,14842.987,11514.417,-1340.583,50.0,50.0,23.735396529007676,23.645086857776672,22.2434485793397,22.982648003731356,14842.986870909777,11514.416666666666,-1340.5833333333333,50.0,50.0,0,12,,,,0.0194836999289691
4754,國碳科,化學工業,12,23.743,23.876,21.636,26.199,13709.786,12322.476,1093.263,58.333,66.667,23.742613802105936,23.87632225322596,21.63598448712925,26.19947324661471,13709.785529107918,12322.475919827486,1093.263148913411,58.333333333333336,66.66666666666666,12,0,"(0, 1, 1)","(0, 1, 1, 12)",16.85049677720017,0.694718400016427
3703,欣陸,建材營造,12,23.744,19.278,14.744,17.545,1401742.893,684836.762,-298273.448,50.0,75.0,23.743513155638922,19.27792070348433,14.743992030641653,17.544777884678357,1401742.8929591817,684836.7617345406,-298273.4479554444,50.0,75.0,12,0,"(1, 1, 1)","(0, 1, 1, 12)",-1.6936025247939916,0.8225784001406282
5301,寶得利,觀光餐旅,12,23.782,25.356,14.631,27.216,6790.763,4623.519,597.478,33.333,58.333,23.781798866773258,25.356434846780452,14.630581774586753,27.216190052908267,6790.762950310668,4623.518608518,597.478028853172,33.33333333333333,58.333333333333336,12,0,"(1, 1, 0)","(0, 1, 1, 12)",92.69662621133752,0.6230663999449462
1410,南染,紡織纖維,12,23.786,23.609,25.649,24.398,4584.336,3756.589,452.416,41.667,50.0,23.78616666000995,23.608860097533153,25.648997721398846,24.397617586005996,4584.33552995629,3756.588944226471,452.41647496661454,41.66666666666667,50.0,12,0,"(1, 1, 0)","(0, 1, 1, 12)",-17.9881448399033,0.7449296000413597
6841,長佳智能,生技醫療業,12,23.879,25.168,19.021,24.698,9373.254,7449.583,-2426.75,66.667,75.0,23.879357091149984,25.168123769452944,19.021298640775075,24.69790334939597,9373.253610673297,7449.583333333333,-2426.75,66.66666666666666,75.0,0,12,,,,0.029954700032249
4550,長佳,電機機械,12,23.932,25.071,24.897,24.19,22008.051,18328.672,-6905.09,58.333,66.667,23.931545835133004,25.071084084860324,24.896999189035718,24.18981984124533,22008.05138243867,18328.672381256805,-6905.090059145627,58.333333333333336,66.66666666666666,12,0,"(0, 1, 1)","(0, 1, 1, 12)",31.52155105998911,0.5766467999201268
4442,竣邦-KY,紡織纖維,12,24.069,30.195,26.931,24.923,41605.704,33507.167,-31805.667,83.333,75.0,24.069352798601162,30.19464192108266,26.931443521659048,24.9234837615369,41605.70364545387,33507.166666666664,-31805.666666666668,83.33333333333334,75.0,0,12,,,,0.0223404001444578
8104,錸寶,電子工業,12,24.098,23.687,18.807,27.3,111226.971,72055.05,2468.252,58.333,41.667,24.098121626552334,23.68748968099838,18.807377434345245,27.300007052063997,111226.9707021617,72055.05045013732,2468.2522985736773,58.333333333333336,41.66666666666667,12,0,"(0, 1, 1)","(0, 1, 1, 12)",-17.307625537958312,0.8180617999751121
6735,美達科技,其他電子類,12,24.122,30.066,21.941,30.57,8343.195,6904.675,-1449.202,41.667,41.667,24.122327762769153,30.066083339321064,21.94071065642585,30.570014488251278,8343.19498879042,6904.674589116031,-1449.2023467969373,41.66666666666667,41.66666666666667,12,0,"(0, 1, 1)","(0, 1, 1, 12)",43.465276486872106,0.8699904000386596
2740,華軒,觀光餐旅,12,24.158,21.694,18.363,24.793,3390.853,2581.18,1259.884,41.667,50.0,24.157611393237097,21.69413196078375,18.36262877827655,24.79328117505377,3390.8529270042222,2581.180383338901,1259.8840616240043,41.66666666666667,50.0,12,0,"(0, 1, 1)","(0, 1, 1, 12)",13.608376915329917,0.7629444000776857
3508,位速,其他電子類,12,24.191,25.038,26.648,24.966,18229.807,16689.932,-1537.999,50.0,41.667,24.190586612082264,25.03776980297509,26.648241784926014,24.966221801985398,18229.80650123846,16689.93237420698,-1537.9992905161253,50.0,41.66666666666667,12,0,"(0, 1, 1)","(0, 1, 1, 12)",-16.5696554677721,0.7299718998838216
8064,東捷,光電業,12,24.192,23.866,20.54,21.772,81241.296,57873.501,-35111.317,75.0,41.667,24.192213963020563,23.866007626431895,20.539854274392056,21.77223013821717,81241.29600290854,57873.50129018311,-35111.31727811677,75.0,41.66666666666667,12,0,"(0, 1, 1)","(0, 1, 1, 12)",7.220511370200938,1.2625534001272172
3666,光耀,光電業,12,24.21,23.63,25.771,24.693,11238.25,9274.757,2853.0,25.0,66.667,24.2101750185249,23.630095460251766,25.771386443162204,24.693221041030586,11238.250392645117,9274.7566484301,2853.000370024945,25.0,66.66666666666666,12,0,"(0, 1, 1)","(0, 1, 1, 12)",2.8681741704906,0.9038031999953092
3686,達能,半導體業,12,24.245,23.762,22.521,23.899,2140.003,1733.844,-269.216,58.333,58.333,24.24532680662352,23.761676578901174,22.52078198008996,23.899016426959808,2140.0031588716906,1733.8439332586647,-269.21575390985225,58.333333333333336,58.333333333333336,12,0,"(0, 1, 1)","(0, 1, 1, 12)",109.32817489452226,0.4892156000714749
5704,老爺知,觀光餐旅,12,24.292,24.348,13.059,24.221,9492.926,6618.09,-1025.531,58.333,50.0,24.292213083725276,24.34818769974048,13.058576959550228,24.22086920170087,9492.926196653736,6618.089558486502,-1025.5305250941487,58.333333333333336,50.0,12,0,"(1, 1, 1)","(0, 1, 1, 12)",111.80433777351028,0.8224861000198871
2722,夏都,觀光餐旅,12,24.315,24.281,18.432,25.924,13959.12,11531.59,2022.345,50.0,58.333,24.314528119528553,24.280571900080027,18.43193371393014,25.92352765776569,13959.119602918297,11531.590464928508,2022.3446245974249,50.0,58.333333333333336,12,0,"(1, 1, 1)","(0, 1, 1, 12)",79.94109965266078,1.134445199975744
6589,台康生技,化學生技醫療,12,24.381,24.622,21.032,25.177,25641.801,20421.942,-4095.27,41.667,75.0,24.3806244562724,24.621526657055483,21.03228365879999,25.17667537707406,25641.8005528305,20421.942463307452,-4095.270430775561,41.66666666666667,75.0,12,0,"(0, 1, 1)","(0, 1, 1, 12)",76.75149529113024,0.5823289998807013
2881,富邦金,金融保險,10,24.395,24.58,22.024,23.572,12801422.882,9971259.3,-3558977.9,80.0,22.222,24.3947849411344,24.579883853807495,22.02445477490087,23.571611756246135,12801422.881513817,9971259.3,-3558977.9,80.0,22.22222222222222,0,12,,,,0.0382368999999016
3064,泰偉,文化創意業,12,24.505,22.217,16.769,24.333,2275.677,1678.251,411.778,41.667,83.333,24.505079437335773,22.21744097164347,16.76880907003327,24.332619819647615,2275.6773285437107,1678.2507861654715,411.7784607935264,41.66666666666667,83.33333333333334,12,0,"(1, 1, 1)","(0, 1, 1, 12)",53.25875161315109,2.424119400093332
1795,美時,生技醫療業,12,24.512,25.399,29.125,26.53,519589.591,418775.896,-3570.709,41.667,91.667,24.512152973627842,25.398587601058537,29.124931620281625,26.52995637511633,519589.59056312044,418775.89607891283,-3570.7090733029568,41.66666666666667,91.66666666666666,12,0,"(0, 1, 1)","(0, 1, 1, 12)",30.551295882546967,0.7054035000037402
4526,東台,電機機械,12,24.53,23.687,18.1,26.469,136715.042,109560.149,6502.692,58.333,75.0,24.529938327809738,23.686875023975364,18.09985125082748,26.469105023504362,136715.0421066349,109560.1485982545,6502.692391019082,58.333333333333336,75.0,12,0,"(0, 1, 1)","(0, 1, 1, 12)",-3.3484819817794538,0.5419681998901069
8054,安國,半導體業,12,24.556,25.318,22.631,24.711,71893.224,58949.041,-28528.094,50.0,83.333,24.555918641429482,25.317916568452674,22.63106469740082,24.710585708731646,71893.22410878549,58949.04060694329,-28528.0943217671,50.0,83.33333333333334,12,0,"(1, 1, 1)","(0, 1, 1, 12)",1.3100395292226894,1.5081829000264406
1294,漢田生技,食品工業,12,24.572,26.629,29.365,25.595,17336.842,15942.167,-5875.667,58.333,16.667,24.572310071505363,26.628771775679528,29.364924330244957,25.594743104552986,17336.841585671442,15942.166666666666,-5875.666666666667,58.333333333333336,16.666666666666664,0,12,,,,0.0656910999678075
6643,M31,半導體業,12,24.607,27.826,18.883,25.476,44734.827,36545.193,-11261.482,58.333,58.333,24.607223571313465,27.82578354725033,18.88283835085642,25.475823186355534,44734.82666310501,36545.19252072012,-11261.481763619217,58.333333333333336,58.333333333333336,12,0,"(1, 1, 0)","(0, 1, 0, 12)",-21.457407088112,0.3148685998748988
6593,台灣銘板,資訊服務業,12,24.608,24.954,26.021,27.001,10300.169,8572.045,1239.896,41.667,58.333,24.607917736859065,24.95368318274268,26.0213685948936,27.001092849042646,10300.169305215672,8572.04510404617,1239.8960130531443,41.66666666666667,58.333333333333336,12,0,"(1, 1, 0)","(0, 1, 1, 12)",-35.817196905536065,0.8092751000076532
4989,榮科,電子零組件業,12,24.63,26.28,16.128,23.514,67523.491,54772.271,-25569.304,50.0,58.333,24.629702301116446,26.279581867222646,16.128414301770086,23.51401424236862,67523.4909420166,54772.27086829179,-25569.30369389321,50.0,58.333333333333336,12,0,"(1, 1, 1)","(1, 1, 0, 12)",-8.436852940151898,0.6712101998273283
6179,亞通,其他,12,24.631,22.807,22.673,26.413,103821.572,85789.572,47389.922,33.333,75.0,24.630659546536727,22.80735196464857,22.672617660591378,26.412839485854008,103821.57230150705,85789.57242696929,47389.92198236464,33.33333333333333,75.0,12,0,"(0, 1, 1)","(0, 1, 1, 12)",56.33552578526024,0.6355523997917771
4503,金雨,電機機械,12,24.822,25.89,17.779,34.185,21815.106,13834.27,857.332,66.667,50.0,24.821623160116182,25.890170582652832,17.778552489541823,34.18471642454299,21815.10633940011,13834.269614232855,857.3323648752412,66.66666666666666,50.0,12,0,"(0, 1, 1)","(0, 1, 1, 12)",28.35045614862706,0.6696262999903411
5443,均豪,半導體業,12,24.838,25.175,26.18,26.906,110313.842,96656.576,-910.53,58.333,58.333,24.83772777873407,25.17511822677161,26.18021875513992,26.906315925364392,110313.84185299116,96656.57649981865,-910.5302200884616,58.333333333333336,58.333333333333336,12,0,"(0, 1, 1)","(0, 1, 1, 12)",26.44074889746465,0.6772451000288129
8099,大世科,資訊服務業,12,24.876,20.261,11.881,16.871,202507.698,103543.228,-79844.628,66.667,75.0,24.87622118701073,20.260642798988147,11.881004378819956,16.870571954376377,202507.6977429565,103543.22830498929,-79844.62752427573,66.66666666666666,75.0,12,0,"(0, 1, 1)","(0, 1, 1, 12)",-22.35001752927654,1.044337400002405
3226,龍鋒,電機機械,12,24.929,22.516,19.793,25.303,43159.78,33374.446,6340.11,50.0,41.667,24.928766694619352,22.51583473522157,19.792719920517087,25.303072904456453,43159.77961030362,33374.44588500618,6340.110458846706,50.0,41.66666666666667,12,0,"(1, 1, 0)","(0, 1, 1, 12)",-28.183915391820776,0.6353929000906646
3284,太普高,其他,12,24.945,24.262,18.34,23.247,24928.004,18058.473,-2460.344,41.667,58.333,24.944795942657166,24.261756545027556,18.340061304269206,23.24711036789329,24928.003533461837,18058.47321273737,-2460.344144222863,41.66666666666667,58.333333333333336,12,0,"(0, 1, 1)","(0, 1, 1, 12)",31.86977876660205,0.720331700053066
7749,意騰-KY,電子工業,9,24.95,24.369,20.044,23.473,41675.513,35623.75,1852.25,25.0,0.0,24.950294642677356,24.369272417278054,20.04384526242434,23.472985023789512,41675.5127982848,35623.75,1852.25,25.0,0.0,0,12,,,,0.0286256000399589
1721,三晃,化學生技醫療,12,25.096,25.314,19.995,27.048,41902.919,37116.568,3570.502,41.667,66.667,25.09634074988916,25.313676350165686,19.99466739222112,27.048400399943624,41902.91851050885,37116.567769925234,3570.502291704355,41.66666666666667,66.66666666666666,12,0,"(0, 1, 1)","(0, 1, 1, 12)",-11.988126197619051,0.6858552999328822
3085,新零售,數位雲端類,12,25.108,25.037,24.588,23.874,1470.573,1142.455,-295.479,50.0,66.667,25.107528541733952,25.03696231352525,24.58842365686718,23.87426074974478,1470.5734358821724,1142.4553174702492,-295.479370631311,50.0,66.66666666666666,12,0,"(0, 1, 1)","(0, 1, 1, 12)",80.79264652955037,1.435332299908623
8045,達運光電,電子工業,12,25.133,26.819,20.224,31.527,29767.706,25344.583,4206.583,41.667,8.333,25.13252763144303,26.818593640310816,20.223687774876886,31.52655953249834,29767.70647726604,25344.583333333332,4206.583333333333,41.66666666666667,8.333333333333332,0,12,,,,0.0206860997714102
6425,易發,電機機械,12,25.171,27.386,27.159,29.063,32043.243,29575.861,-125.093,41.667,75.0,25.171070150923274,27.38627029877496,27.15909656114846,29.062686836401895,32043.242682977656,29575.8605960923,-125.09326924243457,41.66666666666667,75.0,12,0,"(0, 1, 1)","(0, 1, 1, 12)",81.22944024650307,1.2122126000467688
3491,昇達科,通信網路業,12,25.186,26.714,26.29,26.683,53044.648,51466.574,-5416.835,50.0,16.667,25.18587224138418,26.714251234639004,26.29025576501025,26.683038940164966,53044.64758946618,51466.57434910132,-5416.835244504781,50.0,16.666666666666664,12,0,"(0, 1, 1)","(0, 1, 1, 12)",-6.284094118422249,0.8825115000363439
4123,晟德,生技醫療業,12,25.297,25.172,21.418,26.14,38614.78,31962.482,1925.32,50.0,66.667,25.29694693207518,25.1716135565364,21.417602039760958,26.13950648747318,38614.78026234346,31962.481640785893,1925.3195151481534,50.0,66.66666666666666,12,0,"(0, 1, 1)","(0, 1, 1, 12)",17.134513147856723,0.7462111001368612
6617,共信-KY,生技醫療業,12,25.298,24.416,24.839,24.102,970.659,769.667,-181.167,58.333,50.0,25.2978717576488,24.415910145890997,24.838761993969502,24.10160684128014,970.6591403096489,769.6666666666666,-181.16666666666666,58.333333333333336,50.0,0,12,,,,0.0221467998344451
2392,正崴,電子零組件業,12,25.302,24.361,27.215,25.176,2311312.457,1991697.868,398786.96,33.333,75.0,25.30193406941378,24.36083370005292,27.215427238797663,25.175754903208023,2311312.4572373047,1991697.8683976494,398786.96024545096,33.33333333333333,75.0,12,0,"(1, 1, 1)","(0, 1, 1, 12)",-53.36728920997555,1.2900838998612016
1472,三洋實業,建材營造,12,25.326,25.424,23.813,25.96,94057.935,76887.664,8490.208,58.333,50.0,25.32574859265115,25.42370491030667,23.813307858570415,25.95988823917066,94057.93536681094,76887.66423027827,8490.207530206671,58.333333333333336,50.0,12,0,"(0, 1, 1)","(0, 1, 1, 12)",84.76101701715677,0.493282200070098
2444,兆勁,電子工業,12,25.382,25.595,14.323,27.72,33091.588,24030.386,3645.405,50.0,75.0,25.38170770613984,25.59507646759637,14.323389454696034,27.71967145111347,33091.58837105052,24030.385587864952,3645.405196315513,50.0,75.0,12,0,"(1, 1, 1)","(0, 1, 1, 12)",-6.0437400688455405,0.7742821001447737
3066,李洲,光電業,12,25.383,21.327,12.261,20.728,9665.21,5116.803,-1824.898,50.0,83.333,25.383379323893706,21.32740172708367,12.260785381885928,20.728066564646415,9665.210406186687,5116.802756926597,-1824.8982706854624,50.0,83.33333333333334,12,0,"(0, 1, 1)","(0, 1, 1, 12)",21.4019867211427,0.5644559001084417
5547,久舜,建材營造,2,25.408,22.544,25.408,25.408,59059.0,59059.0,59059.0,0.0,0.0,25.408058784557007,22.54405536480113,25.408058784557007,25.408058784557007,59059.0,59059.0,59059.0,0.0,0.0,0,12,,,,0.011622899910435
5292,華懋,綠能環保,12,25.42,28.246,22.786,23.927,72599.837,60610.833,-51167.833,83.333,75.0,25.4200709272159,28.246255659634883,22.785681833102252,23.926983174552056,72599.83652874158,60610.833333333336,-51167.833333333336,83.33333333333334,75.0,0,12,,,,0.0202315999194979
4563,百德,電機機械,12,25.446,23.847,14.495,28.716,78897.198,60846.586,27315.388,50.0,66.667,25.445860096214183,23.84653534982632,14.495073110979922,28.71555892303215,78897.19750352271,60846.58596461904,27315.38780488912,50.0,66.66666666666666,12,0,"(0, 1, 1)","(1, 1, 0, 12)",-3.615136854065089,0.5327677000313997
6957,裕慶-KY,其他,12,25.509,25.484,17.017,30.92,118875.521,81284.417,30509.917,41.667,58.333,25.50884285177426,25.484018142714394,17.01702006922566,30.920112832173842,118875.52097432282,81284.41666666667,30509.916666666668,41.66666666666667,58.333333333333336,0,12,,,,0.0161558000836521
3360,尚立,電子通路業,12,25.516,26.857,25.135,24.042,184017.874,156146.807,-96500.843,66.667,33.333,25.516195869114604,26.857194910122512,25.134551655696146,24.041960267209195,184017.87374669252,156146.80715447455,-96500.84341300746,66.66666666666666,33.33333333333333,12,0,"(1, 1, 1)","(0, 1, 1, 12)",27.73583910643593,1.0799148997757584
3150,鈺寶-創,電子工業,12,25.608,24.197,28.904,27.244,7907.526,6440.667,4028.167,16.667,33.333,25.60773984063085,24.197451813810066,28.90405830680369,27.243833254033923,7907.525529519333,6440.666666666667,4028.1666666666665,16.666666666666664,33.33333333333333,0,12,,,,0.0181698000524193
6221,晉泰,資訊服務業,12,25.655,24.05,21.11,26.477,129992.576,112206.594,41119.978,25.0,75.0,25.65487404011913,24.050114818865527,21.109967289279545,26.47670841652012,129992.57639661919,112206.59431489883,41119.97849977423,25.0,75.0,12,0,"(1, 1, 1)","(0, 1, 1, 12)",22.969298773483903,1.2415988000575453
5202,力新,資訊服務業,12,25.727,24.91,22.059,23.102,4643.029,3217.844,-949.882,41.667,83.333,25.726628845491156,24.91021988458683,22.059266098945653,23.10220282976023,4643.028971524691,3217.8438582792915,-949.8820071942364,41.66666666666667,83.33333333333334,12,0,"(0, 1, 1)","(0, 1, 1, 12)",42.42930303792388,0.7218470999505371
8933,愛地雅,運動休閒類,12,25.919,28.897,27.795,34.211,55578.947,47407.233,8645.693,41.667,58.333,25.9185272579098,28.897026397815996,27.794542394326193,34.21080618474326,55578.94714795333,47407.23262707938,8645.693292891643,41.66666666666667,58.333333333333336,12,0,"(0, 1, 1)","(0, 1, 1, 12)",4.79722138108021,0.6687421000096947
3434,哲固,光電業,12,25.927,26.253,26.83,28.181,16602.254,14936.621,2837.443,41.667,66.667,25.926870282614896,26.253398573545223,26.83047970113383,28.18101892238477,16602.25350490116,14936.62120989109,2837.4428565944036,41.66666666666667,66.66666666666666,12,0,"(1, 1, 1)","(0, 1, 1, 12)",22.275293447247986,0.8283973000943661
6265,方土昶,電子通路業,12,25.938,24.907,18.826,21.173,30606.2,19668.032,-17482.206,75.0,33.333,25.93823156457683,24.907005781356915,18.825763638933513,21.172860153518318,30606.19995209336,19668.03154212088,-17482.205973600252,75.0,33.33333333333333,12,0,"(0, 1, 1)","(0, 1, 1, 12)",33.52617763619802,0.6668088999576867
4542,科嶠,電子零組件業,12,25.963,30.496,22.481,26.102,21155.527,15756.059,-6299.319,58.333,66.667,25.96293111336046,30.49555204881777,22.480525725593758,26.10227377612188,21155.526586425534,15756.059097437277,-6299.319249944754,58.333333333333336,66.66666666666666,12,0,"(0, 1, 1)","(0, 1, 1, 12)",54.46734439261467,0.5125820999965072
6218,豪勉,通信網路業,12,26.098,25.673,20.557,25.508,36499.046,28696.163,-6100.672,41.667,75.0,26.097959186216517,25.673223591306776,20.557266084746495,25.507661722782814,36499.04593691648,28696.16326129962,-6100.672128325234,41.66666666666667,75.0,12,0,"(0, 1, 1)","(0, 1, 1, 12)",62.52616273757701,0.5515377998817712
2511,太子,建材營造,12,26.219,21.676,11.36,21.658,361572.87,204147.469,-69715.066,50.0,83.333,26.21929168968264,21.676350135403386,11.359931128125943,21.65832745434103,361572.87002362905,204147.46908608094,-69715.06636102924,50.0,83.33333333333334,12,0,"(1, 1, 0)","(0, 1, 1, 12)",10.25049367437057,0.5549719999544322
4523,永彰,電機機械,12,26.237,25.192,23.447,28.372,14035.069,12553.27,3317.577,50.0,66.667,26.236912938965062,25.192117247572636,23.4472407595346,28.371893946674238,14035.069161052737,12553.269636588993,3317.576778749932,50.0,66.66666666666666,12,0,"(0, 1, 1)","(0, 1, 1, 12)",21.675377663299976,0.6698408999945968
3515,華擎,電子工業,12,26.352,26.474,24.264,25.985,1239505.783,1051129.405,-259316.131,58.333,83.333,26.35215125097331,26.47400512541274,24.26398428840794,25.985479529805744,1239505.7831392568,1051129.4045489514,-259316.1311239357,58.333333333333336,83.33333333333334,12,0,"(1, 1, 1)","(0, 1, 1, 12)",-20.14677134125285,1.060486099915579
5410,國眾,資訊服務業,12,26.49,24.824,13.459,26.088,155686.424,96885.364,-12004.244,41.667,83.333,26.489643774830075,24.82357866053486,13.45947546512496,26.0880965010596,155686.42396790982,96885.36438826863,-12004.244291738447,41.66666666666667,83.33333333333334,12,0,"(1, 1, 1)","(0, 1, 1, 12)",65.6533384380391,0.846792200114578
5701,劍湖山,觀光餐旅,12,26.563,27.03,23.049,28.106,16018.736,12036.469,-77.516,58.333,75.0,26.56280214235259,27.030441565930204,23.048879421294515,28.10606822020356,16018.736262817607,12036.468941769586,-77.51591729073759,58.333333333333336,75.0,12,0,"(1, 1, 1)","(0, 1, 1, 12)",116.96423548219452,0.9076693998649716
6877,鏵友益,其他電子類,12,26.575,29.578,25.41,33.135,13761.193,10642.667,-0.333,50.0,100.0,26.574500448415563,29.577501549264955,25.41008405382153,33.13486980040629,13761.19330460359,10642.666666666666,-0.3333333333333333,50.0,100.0,0,12,,,,0.0265901999082416
6167,久正,光電業,12,26.609,25.971,17.844,27.356,35683.985,26869.364,-1471.863,66.667,50.0,26.608555879850098,25.97105076675017,17.84413519396421,27.35572821920787,35683.985495505,26869.364075065765,-1471.863460278876,66.66666666666666,50.0,12,0,"(1, 1, 0)","(0, 1, 0, 12)",-26.17567836114919,0.4131606000009924
1540,喬福,電機機械,12,26.662,27.216,19.001,28.316,13200.741,11007.941,-3021.082,58.333,75.0,26.662272172808827,27.215948953637042,19.001497457095308,28.31636641566075,13200.741184554707,11007.94121918686,-3021.082198530898,58.333333333333336,75.0,12,0,"(0, 1, 1)","(0, 1, 1, 12)",89.63755688133098,0.6184797000605613
1468,昶和,紡織纖維,12,26.674,25.515,21.076,27.114,22562.818,18597.929,4081.258,41.667,58.333,26.67431034023401,25.514708397424847,21.07621735464059,27.11369135911949,22562.81750503517,18597.92934119381,4081.2580405746153,41.66666666666667,58.333333333333336,12,0,"(0, 1, 1)","(0, 1, 1, 12)",-5.446274854237808,0.7804155999328941
3432,台端,電子零組件業,12,26.727,30.45,25.943,25.431,4228.433,3458.692,-3295.665,91.667,50.0,26.72713938922832,30.45039127052905,25.94317295576618,25.43100201144971,4228.433396228099,3458.692290511564,-3295.664970059293,91.66666666666666,50.0,12,0,"(0, 1, 1)","(0, 1, 1, 12)",90.25994502393664,0.6003655998501927
4530,宏易,觀光餐旅,12,26.824,26.177,20.947,23.952,12402.4,8674.284,-4199.875,50.0,58.333,26.823672608276507,26.176507953123824,20.94722233847414,23.95221854205445,12402.40043217388,8674.28395418547,-4199.874878198697,50.0,58.333333333333336,12,0,"(1, 1, 0)","(0, 1, 1, 12)",12.95746388710104,0.6650438001379371
7743,金利食安,食品工業,10,27.036,26.76,25.68,26.966,20413.211,16896.0,1052.444,33.333,0.0,27.035810928538158,26.759956635101425,25.68043547870637,26.96628166425526,20413.21101095508,16896.0,1052.4444444444443,33.33333333333333,0.0,0,12,,,,0.0199601000640541
6753,龍德造船,航運業,12,27.103,26.765,25.924,28.795,130935.099,118494.285,36838.475,41.667,66.667,27.103338985552618,26.764606843695788,25.924438268803872,28.794613311450572,130935.09923270934,118494.28477507601,36838.47462139133,41.66666666666667,66.66666666666666,12,0,"(1, 1, 0)","(1, 1, 0, 12)",21.39378151457037,0.7062554000876844
6241,鑫永洋,通信網路業,12,27.157,25.853,26.386,26.521,19212.886,15375.978,5575.257,25.0,50.0,27.15736167222913,25.853462269761916,26.38573599474288,26.520542075274715,19212.885997028854,15375.977662717414,5575.257157200845,25.0,50.0,12,0,"(0, 1, 1)","(0, 1, 1, 12)",118.81957316669562,0.5512486000079662
3557,嘉威,居家生活,12,27.17,26.552,29.46,29.284,119594.654,97880.061,22878.349,33.333,66.667,27.170157092019153,26.552414814759857,29.460053530132996,29.283868319827537,119594.65390202294,97880.06072984503,22878.34887147204,33.33333333333333,66.66666666666666,12,0,"(0, 1, 1)","(0, 1, 1, 12)",-6.397982809325278,0.7865726000163704
6486,互動,通信網路業,12,27.171,25.469,32.306,25.126,104954.959,60819.574,-29943.156,58.333,83.333,27.170831615158836,25.469013687930243,32.30563638675123,25.126071180088566,104954.95904302507,60819.57440748609,-29943.156379780612,58.333333333333336,83.33333333333334,12,0,"(1, 1, 1)","(0, 1, 1, 12)",27.671265327547346,0.9005418999586254
5490,同亨,電腦及週邊設備業,12,27.23,28.246,22.103,27.934,44969.247,34870.147,1328.963,50.0,58.333,27.230123133326295,28.246076144303927,22.102831188156376,27.93437237954902,44969.246795544714,34870.146856151485,1328.9632848881545,50.0,58.333333333333336,12,0,"(1, 1, 1)","(1, 1, 0, 12)",64.56722282783038,0.4850994998123497
4171,瑞基,農業科技業,12,27.238,29.846,18.834,30.603,7092.044,5282.755,-1175.553,58.333,33.333,27.237599668601188,29.846312792415013,18.83444413390966,30.60348378760577,7092.043757383231,5282.755153724924,-1175.5527663089426,58.333333333333336,33.33333333333333,12,0,"(0, 1, 1)","(0, 1, 1, 12)",56.90070547971381,0.6742257999721915
8432,東生華,生技醫療業,12,27.255,23.779,13.153,23.528,50567.019,30533.437,-1637.963,33.333,50.0,27.255081920825987,23.779112082588107,13.15255092915271,23.527704878285043,50567.01920990061,30533.43673710427,-1637.9628477811627,33.33333333333333,50.0,12,0,"(1, 1, 1)","(1, 1, 0, 12)",5.281264857434669,0.8336429998744279
7734,印能科技,半導體業,12,27.305,29.022,28.608,31.508,66121.877,52398.167,710.667,58.333,8.333,27.305253275073138,29.022371853658317,28.60794539326406,31.507657983866082,66121.8770440868,52398.166666666664,710.6666666666666,58.333333333333336,8.333333333333332,0,12,,,,0.0186177000869065
6928,攸泰科技,電腦及週邊設備業,12,27.395,27.811,24.372,29.521,51315.658,44898.583,7173.583,41.667,75.0,27.395239647267534,27.811048764182306,24.372038389988372,29.520696373182503,51315.65813423813,44898.583333333336,7173.583333333333,41.66666666666667,75.0,0,12,,,,0.0174897999968379
2719,燦星旅,觀光餐旅,12,27.396,25.037,17.772,26.155,58003.361,44835.604,5031.938,58.333,50.0,27.396122435037253,25.03718075811396,17.771628127557836,26.154833493877234,58003.36086406467,44835.60360320283,5031.937865224121,58.333333333333336,50.0,12,0,"(0, 1, 1)","(0, 1, 1, 12)",115.3655200269484,0.5512483001220971
3213,茂訊,電腦及週邊設備業,12,27.429,27.499,19.092,30.45,90109.257,65993.804,1503.101,41.667,75.0,27.428741789724466,27.499128027096315,19.091610013354476,30.450264071663764,90109.25679544712,65993.80417621013,1503.1008123110223,41.66666666666667,75.0,12,0,"(1, 1, 0)","(0, 1, 1, 12)",-1.7910676367624765,0.6863666998688132
1906,寶隆,造紙工業,12,27.468,28.905,23.518,29.877,86277.926,71223.712,-2909.861,50.0,50.0,27.468057548729035,28.905319461007938,23.517586666560504,29.87657687116098,86277.92564479342,71223.71184184018,-2909.860995951846,50.0,50.0,12,0,"(0, 1, 1)","(0, 1, 1, 12)",60.27435461497884,0.5726228998973966
4432,銘旺實,紡織纖維,12,27.695,29.959,24.294,32.568,30984.709,25134.034,-8552.923,58.333,58.333,27.694583136152005,29.95868036444523,24.29391678050463,32.567933100065765,30984.709132465196,25134.034294660512,-8552.923179515048,58.333333333333336,58.333333333333336,12,0,"(0, 1, 1)","(0, 1, 1, 12)",34.50739457537468,0.6666792000178248
8201,無敵,電子工業,12,27.701,29.776,25.012,26.38,13407.582,10969.992,-4391.088,58.333,83.333,27.70071880856122,29.775773150509472,25.01172259562216,26.379591152703373,13407.582401127498,10969.992494701733,-4391.087659297354,58.333333333333336,83.33333333333334,12,0,"(0, 1, 1)","(0, 1, 1, 12)",33.08584711523726,0.803649100009352
6508,惠光,農業科技業,12,27.864,29.808,27.527,31.128,43210.621,33044.07,-1486.398,66.667,50.0,27.863991753190874,29.808293548965832,27.52717332719757,31.12772708175467,43210.62076904551,33044.070360060956,-1486.3981258572637,66.66666666666666,50.0,12,0,"(1, 1, 1)","(0, 1, 1, 12)",28.813322905201208,0.9162412998266518
8940,新天地,觀光餐旅,12,28.046,28.061,26.313,30.537,44026.375,37111.773,-2101.403,58.333,75.0,28.045732898586902,28.06103151901485,26.313040563326478,30.53733667795852,44026.37503304698,37111.773143940016,-2101.4033903547593,58.333333333333336,75.0,12,0,"(1, 1, 1)","(0, 1, 1, 12)",86.04769511608549,0.8192752001341432
4946,辣椒,文化創意業,12,28.108,30.075,19.235,26.333,11668.531,8309.568,-1914.179,58.333,58.333,28.10776242141643,30.07471147250546,19.235299437347912,26.33285213983197,11668.531140343475,8309.568074049394,-1914.1788860621266,58.333333333333336,58.333333333333336,12,0,"(0, 1, 1)","(0, 1, 1, 12)",76.02299141573658,0.712893099989742
6865,偉康科技,數位雲端類,12,28.151,23.967,23.211,28.683,13012.5,10029.333,7533.333,16.667,91.667,28.150670833255365,23.966530569879062,23.210685599714438,28.682999554833216,13012.499574127434,10029.333333333334,7533.333333333333,16.666666666666664,91.66666666666666,0,12,,,,0.0250611999072134
1530,亞崴,電機機械,12,28.239,28.917,19.973,32.667,54326.014,45334.505,2884.906,50.0,75.0,28.23892088491768,28.916658254997348,19.973282138053268,32.667060575130684,54326.01417716747,45334.50473187206,2884.9064623608842,50.0,75.0,12,0,"(0, 1, 1)","(0, 1, 1, 12)",6.991615947113064,0.5937654001172632
3576,聯合再生,電子工業,12,28.304,24.41,13.789,32.762,116778.381,71858.626,42419.348,33.333,83.333,28.304169517340743,24.409608734815457,13.788613003549049,32.76161074698454,116778.38147283587,71858.62557062467,42419.34814433641,33.33333333333333,83.33333333333334,12,0,"(0, 1, 1)","(0, 1, 1, 12)",13.501599995378132,0.626171899959445
6227,茂綸,電子通路業,12,28.618,27.896,25.238,27.987,504235.806,419161.999,-54669.449,41.667,83.333,28.61820160162657,27.895890590853938,25.237794003063343,27.987020621742964,504235.80635704735,419161.99876203184,-54669.44930901072,41.66666666666667,83.33333333333334,12,0,"(0, 1, 1)","(0, 1, 1, 12)",-35.387020645492875,0.8091955999843776
6582,申豐,橡膠工業,12,28.674,24.489,22.257,28.153,24993.359,19626.834,12328.106,41.667,58.333,28.673521436264547,24.48947806693125,22.257492889281096,28.15294835861364,24993.35894202219,19626.834266313508,12328.105507406299,41.66666666666667,58.333333333333336,12,0,"(1, 1, 0)","(0, 1, 1, 12)",50.565725554607006,0.524577199947089
2882,國泰金,金融保險,11,28.728,31.826,20.54,51.184,10637101.944,9165158.52,2296132.397,45.455,30.0,28.727908365755837,31.82619890894812,20.540216395675255,51.183960845612845,10637101.944385825,9165158.520071162,2296132.3966592243,45.45454545454545,30.0,6,6,"(0, 1, 1)","(0, 1, 1, 12)",81.81980748160903,0.3820676000323146
8272,全景軟體,資訊服務業,12,28.867,26.622,15.778,34.982,17874.553,11504.417,1542.583,66.667,41.667,28.866886918701905,26.62200677239316,15.778482938288269,34.981756634348415,17874.553069004738,11504.416666666666,1542.5833333333333,66.66666666666666,41.66666666666667,0,12,,,,0.0406376998871564
6933,AMAX-KY,電腦及週邊設備業,12,28.903,29.848,26.988,25.727,246069.199,168618.0,-125680.833,83.333,83.333,28.903498446988486,29.8482056161927,26.988024969749368,25.727103377577095,246069.19898374117,168618.0,-125680.83333333333,83.33333333333334,83.33333333333334,0,12,,,,0.0310307999607175
6894,衛司特,綠能環保類,12,28.908,35.166,26.252,28.816,37594.405,33213.583,-33213.583,100.0,58.333,28.907749896463514,35.16619234266307,26.25198298879169,28.816427010717245,37594.405382760524,33213.583333333336,-33213.583333333336,100.0,58.333333333333336,0,12,,,,0.0173653999809175
1570,力肯,電機機械,12,28.918,33.29,24.047,63.274,14481.453,11895.279,4628.986,41.667,66.667,28.918420088031283,33.289888914586754,24.047101014828886,63.27420962817801,14481.452767757175,11895.278820327381,4628.985801392594,41.66666666666667,66.66666666666666,12,0,"(0, 1, 1)","(0, 1, 1, 12)",40.59149526190341,0.8083363999612629
6725,矽科宏晟,其他電子類,3,29.017,28.351,29.999,29.999,93874.155,92914.0,13392.0,50.0,0.0,29.017035961337267,28.35065439252916,29.99892542256209,29.99892542256209,93874.15544227282,92914.0,13392.0,50.0,0.0,0,12,,,,0.0213491998147219
6863,永道-KY,電子工業,12,29.036,27.226,30.529,30.723,100723.571,95641.0,54975.5,25.0,66.667,29.035528988169148,27.225879228967546,30.528814719929365,30.72327509402648,100723.5710174138,95641.0,54975.5,25.0,66.66666666666666,0,12,,,,0.016780599951744
5432,新門,綠能環保類,12,29.057,32.086,22.765,33.624,6125.034,4809.186,-923.043,41.667,75.0,29.056768625168928,32.08615615255255,22.76548549664739,33.62396292052709,6125.034238109689,4809.185775151709,-923.0431914354693,41.66666666666667,75.0,12,0,"(0, 1, 1)","(0, 1, 1, 12)",44.87261023417373,0.7969202999956906
5398,慕康生醫,其他,12,29.094,32.27,31.121,35.746,6944.767,5572.774,-330.512,50.0,66.667,29.094445382502244,32.2698745706885,31.121265152068684,35.74646852191252,6944.766763624152,5572.774313935632,-330.5121500007056,50.0,66.66666666666666,12,0,"(0, 1, 1)","(0, 1, 1, 12)",32.39859764256144,0.704359499970451
2743,山富,觀光餐旅,12,29.135,29.117,26.288,29.969,200961.865,163128.084,17223.31,50.0,66.667,29.135386824497246,29.11660979472285,26.28806552562004,29.96941149067389,200961.86510290805,163128.0839302883,17223.30952389017,50.0,66.66666666666666,12,0,"(0, 1, 1)","(0, 1, 1, 12)",123.47223116335404,0.5858647001441568
3219,倚強科,其他電子類,12,29.196,32.188,27.899,30.868,52266.124,41437.789,1079.44,58.333,66.667,29.19564274137865,32.18834208132373,27.898686136779173,30.86845422330631,52266.12350078689,41437.78934777754,1079.4397992316783,58.333333333333336,66.66666666666666,12,0,"(0, 1, 1)","(0, 1, 1, 12)",109.80516976947528,0.4125240000430494
6499,益安,生技醫療業,12,29.292,31.557,31.882,29.085,11609.322,10238.173,-2430.434,58.333,41.667,29.29202480258915,31.557175980358505,31.881814805491153,29.084913867235233,11609.322111815105,10238.172919021628,-2430.433880761877,58.333333333333336,41.66666666666667,12,0,"(0, 1, 1)","(0, 1, 1, 12)",128.5163736423968,0.4995258999988436
6598,ABC-KY,生技醫療業,12,29.424,31.73,29.997,29.594,13149.13,11693.053,-5142.449,66.667,66.667,29.424010991150908,31.730207973555018,29.99703241764657,29.593778259329877,13149.129988252362,11693.052927865052,-5142.4486414624635,66.66666666666666,66.66666666666666,12,0,"(1, 1, 1)","(0, 1, 1, 12)",88.66192831607518,1.631751799955964
6492,生華科,生技醫療業,12,29.571,26.314,24.895,28.282,32.259,26.367,10.877,16.667,33.333,29.570862539213444,26.313901641009394,24.89532114141776,28.282296562292615,32.25910253444243,26.367352430798658,10.87740188149989,16.666666666666664,33.33333333333333,12,0,"(0, 1, 1)","(0, 1, 1, 12)",106.23224951655078,0.5426459000445902
6708,天擎,半導體業,12,29.739,36.284,24.341,29.561,7715.333,6964.167,-6964.167,100.0,50.0,29.738626051990106,36.28404422751102,24.341364732890497,29.560962527800854,7715.332580863467,6964.166666666667,-6964.166666666667,100.0,50.0,0,12,,,,0.0279709999449551
2107,厚生,橡膠工業,12,29.76,27.533,21.63,25.701,51613.518,35826.327,-6126.527,41.667,50.0,29.75954586439032,27.5329420501214,21.62986890779493,25.701073026577507,51613.517508786106,35826.32688430493,-6126.527095407044,41.66666666666667,50.0,12,0,"(0, 1, 1)","(0, 1, 1, 12)",53.45627692011381,0.5518412000965327
8926,台汽電,油電燃氣業,12,29.768,29.048,24.995,35.318,239685.974,188936.56,54364.843,41.667,58.333,29.7684114377984,29.04802583213963,24.994954461770728,35.317882757324014,239685.97412421022,188936.55999334343,54364.84327609464,41.66666666666667,58.333333333333336,12,0,"(0, 1, 1)","(0, 1, 1, 12)",60.05801415335034,0.5767309998627752
3693,營邦,電腦及週邊設備業,12,30.051,29.813,25.928,30.65,213007.383,188229.274,18009.254,41.667,41.667,30.050828375291754,29.81286460004885,25.927731507252215,30.64986182897939,213007.3827618912,188229.27352488704,18009.253780251707,41.66666666666667,41.66666666666667,12,0,"(0, 1, 1)","(1, 1, 0, 12)",-11.111203904042643,0.4941424999851733
6016,康和證,金融業,9,30.27,27.056,21.607,31.209,209652.858,156872.444,17063.111,44.444,12.5,30.270094578233564,27.056332519777413,21.60650381825734,31.20865307691309,209652.85805137767,156872.44444444444,17063.11111111111,44.44444444444444,12.5,0,12,,,,0.0318038000259548
2438,翔耀,電子工業,12,30.323,30.532,28.736,32.464,13541.529,11315.424,-941.868,50.0,58.333,30.323048087336456,30.532477774323034,28.7363763139188,32.463765594654596,13541.529308474699,11315.424431890691,-941.8683569713361,50.0,58.333333333333336,12,0,"(0, 1, 1)","(0, 1, 1, 12)",50.70160350790537,0.5202768999151886
6674,鋐寶科技,電子工業,12,30.339,31.429,40.803,32.795,18307.884,15116.306,2259.046,33.333,50.0,30.339305680594475,31.429092071811155,40.80296056654817,32.79454458316386,18307.884279863283,15116.30622780886,2259.0456368973482,33.33333333333333,50.0,12,0,"(1, 1, 1)","(0, 1, 1, 12)",34.138024470314775,0.7622651001438498
3259,鑫創,半導體業,12,30.469,27.484,21.146,26.917,9980.184,7157.007,-1952.053,50.0,41.667,30.46874777233927,27.48378964506268,21.14564751219108,26.917183494192205,9980.18389106654,7157.00728922992,-1952.0529609369066,50.0,41.66666666666667,12,0,"(0, 1, 1)","(0, 1, 1, 12)",27.65820951657576,0.7325580001343042
5364,力麗店,觀光餐旅,12,30.488,27.57,23.019,30.804,9834.624,7916.451,3954.719,33.333,83.333,30.487562335948937,27.570314106706334,23.01875682579891,30.803944223623592,9834.62418180202,7916.451248756394,3954.718919717856,33.33333333333333,83.33333333333334,12,0,"(1, 1, 1)","(0, 1, 1, 12)",111.40893184156148,0.7538888999260962
5345,馥鴻,其他,12,30.594,42.421,26.665,42.854,951.384,591.004,-434.03,66.667,58.333,30.59420938066723,42.42079704672291,26.664514439405316,42.853591650483324,951.3842257815816,591.0036397110392,-434.0300339006428,66.66666666666666,58.333333333333336,12,0,"(0, 1, 1)","(0, 1, 1, 12)",104.42950821975364,1.265541699947789
8096,擎亞,電子通路業,12,30.756,28.384,26.24,31.545,1155882.778,889256.584,18397.07,50.0,33.333,30.75628013259947,28.38438309787954,26.24040612182117,31.545303119043446,1155882.7778659235,889256.583776183,18397.069927640277,50.0,33.33333333333333,12,0,"(0, 1, 1)","(0, 1, 1, 12)",15.294360410999218,0.8349421999882907
6517,保勝光學,光電業,12,30.772,30.284,29.33,34.257,16102.522,12573.583,720.25,50.0,66.667,30.772289989619043,30.284260356156707,29.33007062131847,34.257097184923204,16102.522015199978,12573.583333333334,720.25,50.0,66.66666666666666,0,12,,,,0.0248364999424666
4402,郡都開發,紡織纖維,12,30.856,31.863,27.006,29.137,735.776,609.887,-224.855,50.0,75.0,30.855636600646147,31.86312193893684,27.0061542280035,29.136962242140125,735.7763646841988,609.8873704422716,-224.85532306174616,50.0,75.0,12,0,"(1, 1, 1)","(0, 1, 1, 12)",88.63596843289389,0.617611899971962
5512,力麒,建材營造,12,30.907,29.921,27.752,28.294,236650.787,180235.61,-52749.676,50.0,66.667,30.90678305302827,29.92055299611026,27.75161630523199,28.294072032674507,236650.7869690636,180235.6097172515,-52749.676288919196,50.0,66.66666666666666,12,0,"(1, 1, 1)","(0, 1, 1, 12)",48.66075026946234,1.191876399796456
7728,光焱科技,其他電子類,12,30.972,32.12,35.682,30.314,11433.93,9206.917,-2701.583,41.667,0.0,30.972344869153247,32.120071694534,35.68192485393742,30.314276315361226,11433.929949205274,9206.916666666666,-2701.5833333333335,41.66666666666667,0.0,0,12,,,,0.0241461000405251
6515,穎崴,電子工業,12,30.974,31.959,27.32,31.839,230184.251,202806.827,-38935.512,58.333,33.333,30.973991087761732,31.95868642448992,27.320093837621716,31.8385417969293,230184.2509288148,202806.82693412388,-38935.511609983965,58.333333333333336,33.33333333333333,12,0,"(0, 1, 1)","(0, 1, 1, 12)",22.38492504889148,0.7796374000608921
1532,勤美,電機機械,12,31.171,27.469,18.371,27.995,631029.012,399741.599,27712.353,25.0,75.0,31.17107037839024,27.46932421515151,18.37109793921311,27.99464998532242,631029.0119036043,399741.5990127058,27712.35297176756,25.0,75.0,12,0,"(1, 1, 1)","(0, 1, 1, 12)",27.8744966377564,0.8590656998567283
3288,點晶,電子零組件業,12,31.228,31.736,27.674,36.627,2209.54,1924.083,195.325,41.667,91.667,31.227929601823917,31.735508120876972,27.67384065775302,36.62708959621983,2209.540388364202,1924.0828591417123,195.32474248577364,41.66666666666667,91.66666666666666,12,0,"(0, 1, 1)","(0, 1, 1, 12)",31.56287479592404,0.7231823999900371
6909,創控,電子工業,10,31.449,30.135,24.146,33.056,21261.683,14697.333,-5692.222,66.667,0.0,31.44853558275937,30.134608182575768,24.145791915175614,33.056471433281196,21261.68256642817,14697.333333333334,-5692.222222222223,66.66666666666666,0.0,0,12,,,,0.0162583000492304
3052,夆典,建材營造,12,31.575,32.069,29.379,29.867,111635.584,89991.321,-26275.395,50.0,66.667,31.574748228429055,32.06871420580282,29.379149870977137,29.86671839291572,111635.58353943974,89991.3214872966,-26275.39466891125,50.0,66.66666666666666,12,0,"(0, 1, 1)","(0, 1, 1, 12)",43.987470575384656,0.6308176000602543
6680,鑫創電子,電腦及週邊設備業,12,31.602,31.129,28.489,36.885,16881.109,14849.719,4639.28,41.667,75.0,31.60243126151179,31.129057301906027,28.48928217709036,36.88521183518069,16881.109244942974,14849.719096190543,4639.280333719363,41.66666666666667,75.0,12,0,"(0, 1, 1)","(0, 1, 1, 12)",16.840034596846944,0.7139980001375079
4183,福永生技,生技醫療業,12,31.76,35.647,31.223,33.921,14724.768,13225.451,-5302.325,75.0,83.333,31.759819989284377,35.6465677390885,31.222600091409262,33.9212750686479,14724.768243602153,13225.450706454458,-5302.325226361388,75.0,83.33333333333334,12,0,"(0, 1, 1)","(1, 1, 0, 12)",73.14534176558446,0.9643850000575184
1781,合世,生技醫療業,12,31.916,31.218,31.381,36.204,11748.226,10586.504,4390.156,41.667,58.333,31.915578879579094,31.217895546152945,31.38075915807096,36.20371916674013,11748.225938114416,10586.503899619318,4390.156423867175,41.66666666666667,58.333333333333336,12,0,"(0, 1, 1)","(0, 1, 1, 12)",57.576999744658295,0.5207099998369813
6742,澤米,電子工業,12,31.934,30.208,29.101,39.144,17444.576,14258.083,11268.417,33.333,58.333,31.93448742475853,30.207962196896354,29.100879072659875,39.144141789458246,17444.575811695737,14258.083333333334,11268.416666666666,33.33333333333333,58.333333333333336,0,12,,,,0.0255816001445055
3349,寶德,電腦及週邊設備業,12,31.973,31.568,36.05,36.509,15332.752,12770.946,3478.403,50.0,41.667,31.972592131500388,31.568125657920216,36.050138538649364,36.508980923868,15332.751590724602,12770.94569421908,3478.4032796184224,50.0,41.66666666666667,12,0,"(0, 1, 1)","(0, 1, 1, 12)",39.94388326421829,0.5908843001816422
4119,旭富,生技醫療業,12,32.061,33.129,27.601,35.01,41961.359,35900.502,-5369.095,50.0,66.667,32.06067468181103,33.129081673911074,27.601142393261142,35.00977336757079,41961.3587398686,35900.50153676484,-5369.094651813729,50.0,66.66666666666666,12,0,"(0, 1, 1)","(0, 1, 1, 12)",49.84499631831883,0.5381938999053091
7810,捷創科技,半導體業,3,32.358,44.099,33.872,33.872,33866.545,30084.0,-30084.0,100.0,0.0,32.358303351026926,44.09939569871778,33.87247847994042,33.87247847994042,33866.54492268144,30084.0,-30084.0,100.0,0.0,0,12,,,,0.0211132001131773
1799,易威,生技醫療業,12,32.514,33.504,31.39,39.09,18466.23,16186.672,3129.073,41.667,91.667,32.51369554887915,33.503860661744554,31.390104716980225,39.08988806476829,18466.22975916763,16186.67238154658,3129.073153176028,41.66666666666667,91.66666666666666,12,0,"(1, 1, 1)","(0, 1, 1, 12)",103.12785247087652,0.7712139000650495
6887,寶綠特-KY,綠能環保,12,32.599,32.553,32.824,36.253,151065.618,129762.583,41786.417,50.0,8.333,32.59851773819628,32.55281711987999,32.824485213152435,36.25320254321332,151065.61849215283,129762.58333333333,41786.416666666664,50.0,8.333333333333332,0,12,,,,0.0219718001317232
7777,能率亞洲,其他,2,32.64,39.005,32.64,32.64,24824.0,24824.0,-24824.0,100.0,0.0,32.63953717704293,39.005075185016416,32.63953717704293,32.63953717704293,24824.0,24824.0,-24824.0,100.0,0.0,0,12,,,,0.0142594000790268
6581,鋼聯,綠能環保,12,32.824,34.092,23.288,45.631,72654.129,60471.211,10993.331,50.0,75.0,32.82378869852831,34.091792577203044,23.28826418703052,45.63094957171157,72654.12940310194,60471.211212984206,10993.331461806649,50.0,75.0,12,0,"(0, 1, 1)","(0, 1, 1, 12)",49.32926388177039,0.5962133000139147
1599,宏佳騰,電機機械,12,32.834,31.607,27.413,34.262,65666.464,51008.134,7466.087,41.667,66.667,32.83408503060343,31.606898545051365,27.412727633810473,34.26234251597238,65666.46399040121,51008.13415936779,7466.086782594946,41.66666666666667,66.66666666666666,12,0,"(0, 1, 1)","(0, 1, 1, 12)",44.347310986506855,0.5260226000100374
5706,鳳凰,觀光餐旅,12,32.885,32.715,32.901,34.24,97712.277,86086.29,7472.865,50.0,58.333,32.88453644249263,32.71456588101315,32.90076327119786,34.24047026443024,97712.27692544706,86086.2904579327,7472.86458275204,50.0,58.333333333333336,12,0,"(0, 1, 1)","(0, 1, 1, 12)",99.87709124524784,0.6214118998032063
8027,鈦昇,電機機械,12,33.032,31.549,27.193,32.089,73626.163,49804.923,-21639.341,58.333,66.667,33.03175513304486,31.548742416268833,27.19308909164615,32.088563362048724,73626.16279012112,49804.9225455911,-21639.340906121182,58.333333333333336,66.66666666666666,12,0,"(1, 1, 1)","(0, 1, 1, 12)",35.27801483599748,0.9157646999228746
6859,伯特光,光電業,12,33.108,34.228,23.136,27.441,36463.909,25507.5,-20231.5,66.667,58.333,33.107740498654984,34.22765330798605,23.135564798133252,27.441160489765014,36463.90929627084,25507.5,-20231.5,66.66666666666666,58.333333333333336,0,12,,,,0.01906120008789
3455,由田,光電業,12,33.134,30.358,24.129,33.613,64601.737,46259.67,15274.922,25.0,58.333,33.13445095368877,30.35777882551749,24.128863639150794,33.61341189500624,64601.73654406891,46259.66966546397,15274.92194849583,25.0,58.333333333333336,12,0,"(1, 1, 0)","(1, 1, 0, 12)",-36.58795934483815,0.7177776000462472
7730,暉盛-創,電子工業,5,33.216,41.82,33.357,33.263,22544.424,18210.25,-11113.75,75.0,0.0,33.215836130161975,41.8195511831466,33.356995803584056,33.26264643561882,22544.423673050504,18210.25,-11113.75,75.0,0.0,0,12,,,,0.0228860999923199
6658,聯策,其他電子業,12,33.224,36.201,27.154,29.678,75924.099,57629.0,-40566.0,58.333,75.0,33.22419514388705,36.20134708028752,27.154310613693276,29.67785918083587,75924.09868743915,57629.0,-40566.0,58.333333333333336,75.0,0,12,,,,0.0234284000471234
6804,明係,運動休閒類,12,33.4,33.317,22.921,36.184,48872.109,37287.085,-3806.886,58.333,58.333,33.40021782749458,33.31698178107877,22.921488108191895,36.183604429815496,48872.109198061335,37287.08467662469,-3806.8861011069107,58.333333333333336,58.333333333333336,12,0,"(0, 1, 1)","(1, 1, 0, 12)",18.88270946865886,0.5013844999484718
4770,上品,化學生技醫療,12,33.523,31.161,28.022,36.812,172573.012,132026.683,18088.945,50.0,75.0,33.52276780377447,31.161391771949738,28.021535510825935,36.811562062551026,172573.01243800126,132026.68330246178,18088.94467946605,50.0,75.0,12,0,"(0, 1, 1)","(1, 1, 0, 12)",9.957923512194416,0.4866066998802125
2243,宏旭-KY,汽車工業,12,33.715,37.398,33.01,40.888,59254.161,48862.232,676.917,50.0,75.0,33.715375141358905,37.39799882047539,33.01041482086502,40.88768041378888,59254.16061021764,48862.23219278201,676.9171561704667,50.0,75.0,12,0,"(1, 1, 1)","(0, 1, 1, 12)",135.37229252729173,0.6290319999679923
7584,樂意,文化創意業,12,33.967,29.157,25.684,35.124,33127.079,27468.583,18767.917,16.667,25.0,33.96673017809649,29.15673901306603,25.683993105282475,35.12427672738402,33127.07920392822,27468.583333333332,18767.916666666668,16.666666666666664,25.0,0,12,,,,0.0208978001028299
6140,訊達,資訊服務業,12,34.019,34.645,38.72,35.182,76395.136,66726.52,-7408.116,66.667,66.667,34.019105688903664,34.64508756600693,38.7201439274701,35.182064894886736,76395.1362096351,66726.51971020743,-7408.115877768486,66.66666666666666,66.66666666666666,12,0,"(0, 1, 1)","(0, 1, 1, 12)",56.71891053169471,0.5912228999659419
2314,台揚,電子工業,12,34.029,29.244,24.306,30.01,66726.46,47586.06,-3264.097,58.333,33.333,34.02911549228968,29.243982783366025,24.305993800266265,30.009517636453765,66726.45986203125,47586.05988605169,-3264.0972086269735,58.333333333333336,33.33333333333333,12,0,"(0, 1, 1)","(1, 1, 0, 12)",-13.38534613298776,0.6616783998906612
6805,富世達,電子零組件業,12,34.044,40.422,32.376,33.012,380254.72,352186.667,-352186.667,100.0,16.667,34.044335677742666,40.42218659425815,32.376142905312996,33.01195489447448,380254.7201784614,352186.6666666667,-352186.6666666667,100.0,16.666666666666664,0,12,,,,0.0168396001681685
2429,銘旺科,電子工業,12,34.187,34.817,28.424,35.165,15958.749,14123.227,-2146.311,58.333,41.667,34.18736377212174,34.817343500199286,28.42389364613624,35.16483673682658,15958.748723960949,14123.227316310644,-2146.311166470868,58.333333333333336,41.66666666666667,12,0,"(0, 1, 1)","(0, 1, 1, 12)",14.81475511197107,0.6496784999035299
6620,漢達,生技醫療業,3,34.231,35.9,30.061,30.061,43935.624,36390.5,-24618.5,50.0,0.0,34.23103514770691,35.89960717763655,30.061254046396265,30.061254046396265,43935.62372949768,36390.5,-24618.5,50.0,0.0,0,12,,,,0.0165532000828534
6431,光麗-KY,生技醫療業,12,34.246,36.603,32.949,40.923,12284.791,10906.418,-466.978,58.333,50.0,34.24584849800165,36.603303346814585,32.948954237805026,40.922622618519846,12284.791143662218,10906.418062193992,-466.97824551245566,58.333333333333336,50.0,12,0,"(1, 1, 1)","(0, 1, 1, 12)",120.518755979472,1.800359399989247
6969,成信實業*-創,綠能環保,12,34.275,38.818,21.253,32.137,14868.361,10285.667,-6893.167,83.333,41.667,34.274797077583976,38.81798800193283,21.25324508494821,32.13695543117446,14868.361117935405,10285.666666666666,-6893.166666666667,83.33333333333334,41.66666666666667,0,12,,,,0.0172546999529004
2466,冠西電,電子工業,12,34.28,35.727,25.279,42.768,33514.569,27061.045,4132.719,50.0,83.333,34.279944055965785,35.726570202322925,25.278956252588785,42.76849796867437,33514.568663570906,27061.044903700134,4132.719443231576,50.0,83.33333333333334,12,0,"(0, 1, 1)","(0, 1, 1, 12)",56.35043488005336,0.5620855998713523
9931,欣高,油電燃氣業,12,34.458,30.021,23.38,34.669,66867.143,45028.359,8963.062,58.333,50.0,34.457775511460135,30.020851824727146,23.380327768782504,34.669174369368534,66867.14302165127,45028.35859029784,8963.061724508976,58.333333333333336,50.0,12,0,"(1, 1, 0)","(0, 1, 0, 12)",-36.44145994904333,2.4534851000644267
3202,樺晟,電子零組件業,6,34.59,60.979,10.268,1640.232,254729.704,134868.357,108472.996,33.333,50.0,34.58964179540903,60.97887825570657,10.267535497456832,1640.2320860670545,254729.70364854723,134868.35702567335,108472.99589890572,33.33333333333333,50.0,7,5,"(0, 1, 1)","(0, 1, 1, 12)",-42.9061417628958,0.8560609000269324
4198,欣大健康,生技醫療業,12,34.606,32.174,26.601,35.036,8195.041,5888.781,-529.637,41.667,66.667,34.60579150242485,32.17382576750352,26.600963061836236,35.03633934500721,8195.041364012191,5888.78102548888,-529.6367377255123,41.66666666666667,66.66666666666666,12,0,"(0, 1, 1)","(0, 1, 1, 12)",56.02313637372718,0.5933845001272857
6625,必應,其他,12,34.906,37.123,28.079,36.22,165203.001,127136.141,-6373.634,50.0,66.667,34.90551165804969,37.12331123961872,28.078687429564734,36.220492617727956,165203.00093023892,127136.14149662973,-6373.6336886236095,50.0,66.66666666666666,12,0,"(1, 1, 1)","(0, 1, 1, 12)",113.00331006447522,1.077963500050828
5251,天鉞電,光電業,12,34.944,33.3,28.562,39.295,11017.938,8892.58,1699.849,41.667,83.333,34.94377744599608,33.300304519150906,28.561686436287083,39.295146534936535,11017.938125187973,8892.579843900698,1699.8486856755646,41.66666666666667,83.33333333333334,12,0,"(0, 1, 1)","(0, 1, 1, 12)",66.810571496779,0.6141520999372005
6588,東典光電,通信網路業,12,35.156,36.368,25.706,39.904,6234.134,5074.27,-379.415,58.333,50.0,35.1561973374862,36.36827953812752,25.705737252097947,39.90376324071395,6234.134093351212,5074.269742706069,-379.41463084125354,58.333333333333336,50.0,12,0,"(0, 1, 1)","(0, 1, 1, 12)",24.422735765221788,0.5818575001321733
4529,淳紳,其他,12,35.265,26.543,25.151,35.583,237.224,155.491,140.37,25.0,41.667,35.265449958485775,26.543377807605218,25.151108513193893,35.583236833977644,237.22437595301284,155.49124644195686,140.3702291835493,25.0,41.66666666666667,12,0,"(1, 1, 1)","(1, 1, 0, 12)",45.50411889323904,0.7813418000005186
6727,亞泰金屬,電子零組件業,12,35.275,38.013,31.644,44.838,59433.227,47925.918,-15484.137,66.667,50.0,35.275007253490465,38.013345827382075,31.644142840500322,44.838470017508335,59433.22675402354,47925.91827152477,-15484.137327797938,66.66666666666666,50.0,12,0,"(0, 1, 1)","(0, 1, 1, 12)",45.91057403466596,0.7662679001223296
2501,國建,建材營造,12,35.315,34.981,30.527,36.832,1017388.211,714815.952,-80405.515,33.333,83.333,35.31518631781291,34.981003638727955,30.52699331448624,36.83230186289046,1017388.2113789432,714815.9517196942,-80405.51535588592,33.33333333333333,83.33333333333334,12,0,"(1, 1, 1)","(0, 1, 1, 12)",83.5335571943813,0.95229689986445
3035,智原,電子工業,12,35.424,32.274,22.758,35.303,831196.191,531152.944,77541.623,50.0,25.0,35.424350274465944,32.27412607037501,22.758183466208198,35.30279854031362,831196.1906117783,531152.9441776775,77541.62328182803,50.0,25.0,12,0,"(1, 1, 0)","(0, 1, 0, 12)",-102.4040593613991,0.3912589000537991
4721,美琪瑪,化學工業,12,35.46,35.525,26.09,35.743,96615.353,74781.478,-13190.41,50.0,58.333,35.46019712444488,35.52478938165826,26.089732027408207,35.74322626250599,96615.35272618789,74781.47781278494,-13190.409559992486,50.0,58.333333333333336,12,0,"(1, 1, 1)","(0, 1, 1, 12)",-11.581853031008862,0.958876899909228
6512,啟發電,其他電子類,12,35.496,34.481,35.021,37.462,6511.763,5336.143,57.126,50.0,66.667,35.495607414917515,34.48109020219903,35.020706605416265,37.462454554331444,6511.762939397374,5336.143401703087,57.12634118440641,50.0,66.66666666666666,12,0,"(0, 1, 1)","(0, 1, 1, 12)",57.59739936593794,0.641461200080812
3057,喬鼎,電子工業,12,35.638,33.173,22.595,40.488,22706.933,17339.599,2646.149,66.667,25.0,35.63846692782538,33.17345224231312,22.59467521220604,40.48765305600162,22706.933300455614,17339.599096509035,2646.1488252712347,66.66666666666666,25.0,12,0,"(0, 1, 1)","(1, 1, 0, 12)",-2.771351247969168,0.4881845000199973
2809,京城銀,金融保險,8,35.702,36.141,33.051,34.156,306288.633,268548.0,45719.0,25.0,62.5,35.70212005766491,36.14089599842997,33.05079519670347,34.15588784154471,306288.63273063203,268548.0,45719.0,25.0,62.5,0,12,,,,0.0224149001296609
2820,華票,金融保險,12,35.715,41.453,32.759,36.237,103088.68,88650.667,-61670.167,75.0,58.333,35.715357656166226,41.453048258618644,32.75907688224066,36.23732544211118,103088.68043259325,88650.66666666667,-61670.166666666664,75.0,58.333333333333336,0,12,,,,0.0236003999598324
1213,大飲,食品工業,12,35.926,45.76,35.101,35.947,9656.001,8902.667,-8902.667,100.0,66.667,35.926218620214215,45.75968644878506,35.100858250561714,35.947262779400305,9656.000733568048,8902.666666666666,-8902.666666666666,100.0,66.66666666666666,0,12,,,,0.0289626000449061
6739,竹陞科技,其他電子類,12,35.927,41.834,48.984,31.913,30028.303,24120.167,-24120.167,100.0,0.0,35.92714327562324,41.834201217476625,48.983861298910696,31.912837837273884,30028.30347910673,24120.166666666668,-24120.166666666668,100.0,0.0,0,12,,,,0.0257960001472383
6234,高僑,光電業,12,36.093,33.247,30.736,39.472,16289.534,14384.954,7651.126,25.0,75.0,36.09322206859939,33.24702376482994,30.736311889886636,39.471637963996436,16289.534414899346,14384.953655440288,7651.125977755245,25.0,75.0,12,0,"(0, 1, 1)","(0, 1, 1, 12)",100.44450411699488,0.6008160000201315
5516,雙喜,建材營造,12,36.101,36.617,34.416,35.689,83833.029,65869.093,-14758.595,41.667,66.667,36.10097844607175,36.61706834349525,34.4164833433267,35.68870361944532,83833.02931313284,65869.09316898488,-14758.594767289242,41.66666666666667,66.66666666666666,12,0,"(0, 1, 1)","(0, 1, 1, 12)",66.44915256190507,0.6193824000656605
2891,中信金,金融保險,12,36.102,39.62,31.012,37.692,8333927.906,7367560.083,-4623758.083,75.0,91.667,36.10152883970653,39.61985417971907,31.011847269690545,37.692359862710006,8333927.905823745,7367560.083333333,-4623758.083333333,75.0,91.66666666666666,0,12,,,,0.0240269999485462
6442,光聖,電子工業,12,36.176,32.047,30.837,39.05,398510.964,317421.035,190702.86,25.0,75.0,36.175779967135256,32.046620663499596,30.83716369865576,39.04957932009294,398510.9638671661,317421.03506198135,190702.8596225904,25.0,75.0,12,0,"(1, 1, 0)","(0, 1, 0, 12)",-10.3161216776232,0.7585541000589728
4768,晶呈科技,化學工業,12,36.218,34.448,39.047,32.21,51848.496,37102.171,-22306.792,66.667,50.0,36.21847025816087,34.44763223906144,39.04688166989616,32.20972095276501,51848.49621515526,37102.17075040145,-22306.79193143557,66.66666666666666,50.0,12,0,"(0, 1, 1)","(0, 1, 1, 12)",22.19714836300948,0.5807409000117332
5386,青雲,電腦及週邊設備業,12,36.585,39.942,35.3,41.844,226445.215,179383.6,-38758.131,41.667,58.333,36.58477564985913,39.941751006436164,35.29982179068937,41.844277827112506,226445.21524851254,179383.5999969718,-38758.131469106134,41.66666666666667,58.333333333333336,12,0,"(0, 1, 1)","(0, 1, 1, 12)",59.05200328004295,0.74433090002276
1423,利華,紡織纖維,12,36.653,36.96,28.419,33.853,3815.596,2608.098,-1060.638,50.0,66.667,36.652899413662716,36.959627018809975,28.419018569386413,33.8532062276272,3815.596187599976,2608.09814594486,-1060.6378620530331,50.0,66.66666666666666,12,0,"(0, 1, 1)","(0, 1, 1, 12)",49.61843671228763,0.6830692000221461
7780,大研生醫*,食品工業,7,36.707,29.542,14.932,29.826,104059.445,67628.333,-1230.667,33.333,0.0,36.70678356775065,29.542329911652836,14.93183236166252,29.825595625595057,104059.44513594141,67628.33333333333,-1230.6666666666667,33.33333333333333,0.0,0,12,,,,0.0168151000980287
1449,佳和,紡織纖維,12,36.894,35.549,34.19,35.121,112838.237,83108.681,-19031.393,50.0,33.333,36.89439414895081,35.54908378801549,34.18956842528919,35.1213550310782,112838.2370549837,83108.68120386808,-19031.39334249021,50.0,33.33333333333333,12,0,"(0, 1, 1)","(0, 1, 1, 12)",16.388233154164332,0.6317430001217872
2427,三商電,電子工業,12,36.913,32.393,17.716,27.01,361963.64,200801.554,-118478.13,33.333,83.333,36.913294316131775,32.39261110211012,17.71635665525321,27.010444948617373,361963.6401589481,200801.5536424656,-118478.1303401478,33.33333333333333,83.33333333333334,12,0,"(0, 1, 1)","(0, 1, 1, 12)",37.38920674539284,0.5950484001077712
1447,力鵬,紡織纖維,12,37.123,37.009,39.142,45.363,976281.861,861838.426,279403.322,33.333,66.667,37.12282607026467,37.00886415266531,39.14207233651301,45.36321662950225,976281.861392176,861838.42565868,279403.32161247096,33.33333333333333,66.66666666666666,12,0,"(0, 1, 1)","(0, 1, 1, 12)",31.767021522525404,0.6516466001048684
6640,均華,半導體業,12,37.18,37.955,31.078,45.223,106737.16,83366.726,-15097.034,66.667,66.667,37.180052801667365,37.9547086745356,31.078472984687178,45.22281980716781,106737.15995411295,83366.72552751996,-15097.03358725651,66.66666666666666,66.66666666666666,12,0,"(1, 1, 1)","(0, 1, 1, 12)",62.75268333415681,0.9104198000859468
5302,太欣,半導體業,12,37.272,43.351,36.652,38.342,656.52,603.587,-438.973,83.333,41.667,37.27186458692915,43.35069195693901,36.65202500298277,38.34231185785382,656.5204771361374,603.5867870981618,-438.97323552640165,83.33333333333334,41.66666666666667,12,0,"(0, 1, 1)","(0, 1, 1, 12)",108.84327808500944,0.6021744001191109
6823,濾能,半導體業,12,37.274,35.357,31.783,39.162,26199.327,19730.026,6740.914,41.667,41.667,37.27446344469641,35.357054747464815,31.782864789279518,39.161727464129314,26199.326717871692,19730.025804388093,6740.914374252974,41.66666666666667,41.66666666666667,12,0,"(1, 1, 0)","(0, 1, 1, 12)",19.764130193165915,0.876270700013265
5381,光譜,電機機械,12,37.351,36.035,32.676,41.948,87453.087,68392.642,1401.811,58.333,91.667,37.3511722495827,36.0349728014344,32.675892396906605,41.94757736233542,87453.08736148002,68392.64209702027,1401.8109393647271,58.333333333333336,91.66666666666666,12,0,"(1, 1, 1)","(0, 1, 1, 12)",82.86825527189886,0.9790130001492798
6015,宏遠證,金融業,10,37.42,37.059,27.753,46.92,69940.742,58456.0,13025.8,40.0,11.111,37.419575374621445,37.05866065796971,27.75281818555182,46.9197736312277,69940.74201779676,58456.0,13025.8,40.0,11.11111111111111,0,12,,,,0.0210068000014871
8429,金麗-KY,貿易百貨,12,37.478,41.164,31.902,37.561,6333.512,4696.755,-279.094,41.667,66.667,37.47834346392798,41.164478599354844,31.901619142634587,37.56108130120337,6333.5119960670045,4696.754770946568,-279.09393500216555,41.66666666666667,66.66666666666666,12,0,"(1, 1, 1)","(1, 1, 0, 12)",87.44551628807858,0.7482369998469949
4934,太極,電子工業,12,37.478,38.825,36.19,34.295,3715.141,2790.175,-1347.278,58.333,58.333,37.478430618644666,38.82483320479624,36.19014690386325,34.29516318052723,3715.1405717573944,2790.1754634815484,-1347.278147781815,58.333333333333336,58.333333333333336,12,0,"(1, 1, 0)","(1, 1, 0, 12)",51.12820390604665,0.566061699995771
6240,松崗,資訊服務業,12,37.654,31.562,27.927,39.498,2184.328,1560.697,651.77,50.0,50.0,37.654023913879456,31.561966678975722,27.926906540733277,39.49787251126813,2184.3278486018858,1560.6965345237804,651.7695348713335,50.0,50.0,12,0,"(0, 1, 1)","(1, 1, 0, 12)",35.53544913073701,0.6841168999671936
2236,百達-KY,汽車工業,12,37.788,34.114,23.671,38.834,394599.132,294621.669,74986.034,50.0,50.0,37.78825459990773,34.11396181019461,23.671266346712155,38.8343836145505,394599.1323254215,294621.6692655219,74986.03356065683,50.0,50.0,12,0,"(0, 1, 1)","(0, 1, 1, 12)",36.021221028269025,0.6207331998739392
6130,上亞科技,生技醫療業,12,38.02,33.857,34.563,38.728,6113.038,4893.135,1352.19,50.0,50.0,38.019696741829435,33.857270177157154,34.56319745326587,38.727801643788204,6113.038073023977,4893.134970673448,1352.1902580125513,50.0,50.0,12,0,"(0, 1, 1)","(0, 1, 1, 12)",66.73355590777896,0.8065422000363469
3041,揚智,電子工業,12,38.168,34.325,25.903,32.051,72344.921,44439.295,-16677.511,33.333,50.0,38.168141611133684,34.32457743895352,25.90279699165649,32.05140576764495,72344.92104341852,44439.294504981655,-16677.511278375896,33.33333333333333,50.0,12,0,"(0, 1, 1)","(0, 1, 1, 12)",10.942825115245991,0.6279174999799579
6283,淳安,電子工業,12,38.2,36.25,44.597,38.706,66432.241,57628.175,7095.441,50.0,66.667,38.19951830652133,36.24984024100893,44.597470103579326,38.70606857941736,66432.24067986381,57628.17531240114,7095.440964389902,50.0,66.66666666666666,12,0,"(0, 1, 1)","(0, 1, 1, 12)",19.84281251357728,1.080397899961099
3664,安瑞-KY,通信網路業,12,38.217,44.966,42.674,42.783,38794.87,27023.724,-14721.005,58.333,91.667,38.2168283863242,44.96648359129507,42.67422762253009,42.78312804810645,38794.86982824371,27023.724451752627,-14721.004776049667,58.333333333333336,91.66666666666666,12,0,"(0, 1, 1)","(0, 1, 1, 12)",59.50852632291003,0.6779690000694245
2485,兆赫,電子工業,12,38.357,38.399,32.699,36.977,101688.569,83397.691,-24209.982,66.667,58.333,38.35744835065798,38.398915422243405,32.69933228141133,36.97712328585721,101688.56931515259,83397.69117566907,-24209.98180677007,66.66666666666666,58.333333333333336,12,0,"(0, 1, 1)","(0, 1, 1, 12)",20.718262148104834,0.5709047999698669
3176,基亞,生技醫療業,12,38.537,34.616,30.565,38.113,73933.89,50821.513,3431.551,50.0,75.0,38.537494165169086,34.616057889467214,30.564592617317004,38.1128205761026,73933.89020818876,50821.51311778755,3431.5506768181635,50.0,75.0,12,0,"(1, 1, 0)","(0, 1, 1, 12)",96.78344422385958,0.5446713001001626
1235,興泰,食品工業,12,38.673,41.941,33.02,47.458,6813.216,5669.345,780.165,50.0,83.333,38.67308304557097,41.940817567963876,33.01965779179515,47.458275024964266,6813.215899154401,5669.345064203885,780.1652149246034,50.0,83.33333333333334,12,0,"(0, 1, 1)","(0, 1, 1, 12)",95.90234343858376,1.0567346001043916
4924,欣厚-KY,綠能環保類,12,38.825,41.643,38.561,46.819,25201.145,23513.228,-2762.753,58.333,58.333,38.825212834357124,41.64267801251138,38.56088720677474,46.818769198660284,25201.14507666585,23513.228333711275,-2762.752968522029,58.333333333333336,58.333333333333336,12,0,"(0, 1, 1)","(0, 1, 1, 12)",61.9992903082933,0.7067811000160873
8476,台境*,綠能環保,12,38.849,34.571,26.722,40.002,66138.853,39485.168,3485.448,66.667,58.333,38.84914280555675,34.57130121339338,26.7219949905582,40.002410119841954,66138.85294350919,39485.168021855054,3485.4484494399453,66.66666666666666,58.333333333333336,12,0,"(0, 1, 1)","(0, 1, 1, 12)",81.02183615364522,0.8948741999920458
6654,天正國際,其他電子類,12,38.987,43.917,23.655,47.882,15159.31,11780.929,-3212.547,66.667,66.667,38.9872140703145,43.91718303069316,23.6552378091317,47.882291822979,15159.309678043743,11780.928922352226,-3212.546738182635,66.66666666666666,66.66666666666666,12,0,"(1, 1, 0)","(0, 1, 1, 12)",29.25201952786361,0.749803900020197
6952,大武山,其他,12,39.092,43.682,40.356,35.372,65751.824,57302.0,-51773.0,75.0,33.333,39.09242340688016,43.68154821182117,40.3560235240882,35.371992583666426,65751.8236920721,57302.0,-51773.0,75.0,33.33333333333333,0,12,,,,0.0239538999740034
7823,奧義賽博-KY創,創新板股票,2,39.714,49.554,39.714,39.714,21787.0,21787.0,-21787.0,100.0,0.0,39.713816988698504,49.55363742849669,39.713816988698504,39.713816988698504,21787.0,21787.0,-21787.0,100.0,0.0,0,12,,,,0.0123412001412361
2939,永邑-KY,貿易百貨,12,40.029,46.371,30.779,47.557,11423.231,9988.632,-5056.64,66.667,58.333,40.02871310969125,46.370755802459755,30.779238971248805,47.55666481558375,11423.23126672456,9988.631640348656,-5056.63998080646,66.66666666666666,58.333333333333336,12,0,"(0, 1, 1)","(0, 1, 1, 12)",76.65134128039493,0.764398500090465
3047,訊舟,電子工業,12,40.033,28.511,19.809,36.747,198714.577,121085.776,66793.909,41.667,50.0,40.03314196052713,28.51114301059459,19.809386535676133,36.74745386307681,198714.57728376382,121085.77577758551,66793.90903071912,41.66666666666667,50.0,12,0,"(1, 1, 0)","(0, 1, 0, 12)",-27.935102541175294,0.6355198000092059
2889,國票金,金融保險,12,40.057,54.076,37.419,143.411,339895.352,287587.864,-130069.623,58.333,50.0,40.05739075016624,54.07565535518021,37.419293725783895,143.41074212176227,339895.35234706255,287587.8642459487,-130069.6226417307,58.333333333333336,50.0,12,0,"(0, 1, 1)","(0, 1, 1, 12)",18.45620682736337,0.553259199950844
8092,建暐,其他電子類,12,40.077,42.896,35.42,44.5,13929.697,11484.309,-4930.527,66.667,66.667,40.076688481640296,42.895756764067464,35.4202900587681,44.500286397078014,13929.696750994402,11484.30905681804,-4930.527095740206,66.66666666666666,66.66666666666666,12,0,"(0, 1, 1)","(1, 1, 0, 12)",51.46228810954469,1.0355503000319004
5864,致和證,金融業,8,40.358,60.657,32.848,51.955,139719.638,108335.375,-52328.375,75.0,0.0,40.35770846420238,60.65735185768677,32.847578479179504,51.955430621773615,139719.63812533655,108335.375,-52328.375,75.0,0.0,0,12,,,,0.0340509000234305
1465,偉全,紡織纖維,12,40.386,41.945,34.841,49.423,13501.785,12036.55,43.944,58.333,66.667,40.38557227179867,41.94526268317368,34.8405715883082,49.42298104160236,13501.784944015744,12036.549614530437,43.943673833599554,58.333333333333336,66.66666666666666,12,0,"(0, 1, 1)","(0, 1, 1, 12)",30.77854460180796,1.1381870999466628
6873,泓德能源,綠能環保,12,40.454,32.29,22.795,46.148,502389.914,295986.105,190956.179,50.0,75.0,40.45403198033786,32.290327886874934,22.79531762327316,46.148436220680075,502389.9138006438,295986.1052341133,190956.17909905888,50.0,75.0,12,0,"(0, 1, 1)","(0, 1, 1, 12)",38.7177882856433,0.5355414000805467
4744,皇將,生技醫療業,12,40.498,38.513,36.992,39.486,70722.93,49185.088,-25832.733,50.0,91.667,40.49785822349524,38.51251319338086,36.991815005497756,39.4864352241223,70722.93036087241,49185.087539232394,-25832.73285059624,50.0,91.66666666666666,12,0,"(1, 1, 1)","(0, 1, 1, 12)",53.08827461049011,0.7274230001494288
3027,盛達,電子工業,12,40.62,37.621,38.004,48.316,92220.997,71371.696,20355.553,41.667,50.0,40.62028116122591,37.620945693715505,38.00434386551708,48.31593656438414,92220.99732816608,71371.69576316049,20355.55256897605,41.66666666666667,50.0,12,0,"(0, 1, 1)","(0, 1, 1, 12)",23.828258461447668,0.9373784000054002
1618,合機,電器電纜,12,41.033,42.638,37.526,48.907,202689.416,164662.834,3895.428,41.667,83.333,41.03319702496651,42.638388153189936,37.52621707215814,48.90650100884104,202689.41588649695,164662.83442243605,3895.4283210014305,41.66666666666667,83.33333333333334,12,0,"(0, 1, 1)","(0, 1, 1, 12)",80.84916638284488,0.5689830998890102
4588,玖鼎電力,電子工業,12,41.608,49.377,32.579,102.793,37894.934,31909.333,12551.667,50.0,75.0,41.607980136588125,49.37716559885956,32.57945512259447,102.79320548532533,37894.93412713631,31909.333333333332,12551.666666666666,50.0,75.0,0,12,,,,0.0259223000612109
5508,永信建,建材營造,12,41.75,42.631,33.067,48.872,108910.128,88152.841,-19866.652,58.333,83.333,41.74965965342301,42.6305687346534,33.06697693806381,48.87176439442988,108910.12844083518,88152.84074596567,-19866.652047751584,58.333333333333336,83.33333333333334,12,0,"(0, 1, 1)","(0, 1, 1, 12)",98.02509082156745,0.5591457998380065
6228,全譜,電腦及週邊設備業,12,42.283,47.42,47.172,51.186,2228.539,1806.59,-763.074,58.333,75.0,42.283321163826656,47.420092567062675,47.171875229689036,51.186422396232935,2228.5392453787535,1806.5901328254638,-763.0744000250952,58.333333333333336,75.0,12,0,"(0, 1, 1)","(0, 1, 1, 12)",94.32112377117772,0.6074519001413137
1762,中化生,生技醫療業,12,42.497,43.681,38.644,74.872,35715.51,28504.093,8155.623,33.333,50.0,42.49701420322701,43.68111794562359,38.643936067826445,74.87152724117296,35715.51019997462,28504.093164887458,8155.623234005795,33.33333333333333,50.0,12,0,"(0, 1, 1)","(0, 1, 1, 12)",56.944514131104384,0.5714187999255955
3489,森寶,建材營造,12,42.73,48.916,36.256,521.481,32841.996,25604.933,12638.628,33.333,50.0,42.73037854318803,48.916438099949836,36.256094768295924,521.4805122233203,32841.99611726695,25604.933039297917,12638.627948764044,33.33333333333333,50.0,12,0,"(1, 1, 1)","(0, 1, 1, 12)",99.66493490140148,0.8995372999925166
6874,倍力,資訊服務業,12,42.835,36.491,27.257,54.523,68399.965,48919.917,33571.417,25.0,91.667,42.83496063750532,36.49120089042467,27.25734210068388,54.52338566997007,68399.96543676028,48919.916666666664,33571.416666666664,25.0,91.66666666666666,0,12,,,,0.0174451998900622
8927,北基,油電燃氣業,12,43.079,38.237,30.501,43.855,525635.378,384735.644,76347.952,58.333,50.0,43.07929371289262,38.23670844717413,30.50109622419962,43.85499542789218,525635.3781945178,384735.6436404842,76347.95159802029,58.333333333333336,50.0,12,0,"(1, 1, 1)","(0, 1, 0, 12)",-7.020725611646105,0.4413228000048548
6649,台生材,生技醫療業,12,43.25,46.47,36.46,46.099,9926.012,7943.654,-2085.179,50.0,66.667,43.25018740209979,46.470396807008726,36.4598263091159,46.09901123238498,9926.012452467843,7943.653794675163,-2085.1794968738086,50.0,66.66666666666666,12,0,"(1, 1, 1)","(0, 1, 1, 12)",150.17182091878945,0.7846371999476105
8093,保銳,電子零組件業,12,43.256,45.019,42.251,55.847,10219.911,7422.95,-2601.213,58.333,66.667,43.25623263714275,45.018719517237685,42.25142763130996,55.847273403108254,10219.91053619982,7422.949754836351,-2601.2129358607062,58.333333333333336,66.66666666666666,12,0,"(0, 1, 1)","(0, 1, 1, 12)",34.21786104054128,0.7757381000556052
6103,合邦,半導體業,12,43.325,50.007,42.121,46.603,3857.577,3305.512,-804.648,58.333,58.333,43.325410312127275,50.007437510922415,42.12140721180406,46.603349895480434,3857.577349400805,3305.51217976375,-804.6482921644125,58.333333333333336,58.333333333333336,12,0,"(0, 1, 1)","(0, 1, 1, 12)",122.30525134238998,0.5257530000526458
2101,南港,橡膠工業,12,43.444,27.357,20.494,46.207,633332.801,305286.958,280048.745,8.333,50.0,43.44360273007329,27.357371342226077,20.494498707021457,46.2068876720474,633332.8013463843,305286.9575107756,280048.7452771533,8.333333333333332,50.0,12,0,"(0, 1, 1)","(0, 1, 1, 12)",46.75543506309695,0.6192455000709742
8277,商丞,半導體業,12,43.604,37.598,33.735,41.334,13987.719,8858.911,-709.611,33.333,75.0,43.603976819615696,37.597807460042034,33.73488396018796,41.33381296595059,13987.718721381798,8858.910960499272,-709.6105923279447,33.33333333333333,75.0,12,0,"(1, 1, 1)","(0, 1, 1, 12)",69.83467538795375,0.9105326000135392
8059,凱碩,通信網路業,12,43.962,62.646,44.494,47.232,360502.485,280255.987,-143226.601,66.667,41.667,43.962211867805266,62.64564975452301,44.4938758982609,47.23200197422525,360502.4850849097,280255.9866672513,-143226.6007708462,66.66666666666666,41.66666666666667,12,0,"(1, 1, 1)","(0, 1, 1, 12)",101.2776316185147,1.3223476998973638
3054,立萬利,食品工業,12,44.414,39.404,37.823,37.202,6697.114,4646.448,-1297.958,25.0,66.667,44.41402905492813,39.40370189521767,37.82340461289131,37.20162025000595,6697.114482603842,4646.447672963064,-1297.957853035367,25.0,66.66666666666666,12,0,"(0, 1, 1)","(0, 1, 1, 12)",76.11339965651356,0.5872273000422865
2506,太設,建材營造,12,44.629,37.714,34.63,40.647,59002.017,42383.669,2251.564,25.0,58.333,44.62938215951334,37.71394083933051,34.62989720379406,40.64707534047951,59002.0169993791,42383.66884039843,2251.5643887085957,25.0,58.333333333333336,12,0,"(1, 1, 1)","(0, 1, 1, 12)",89.09577003652107,0.9687512000091374
4413,飛寶企業,紡織纖維,12,44.961,51.214,42.939,48.41,36146.252,32305.314,-16979.199,66.667,75.0,44.96143278804022,51.214082675319275,42.93904098575633,48.41005851562684,36146.25184546724,32305.314008256097,-16979.19854864317,66.66666666666666,75.0,12,0,"(0, 1, 1)","(0, 1, 1, 12)",81.01324996233276,0.5209309998899698
1742,台蠟,化學工業,12,45.043,37.178,36.741,48.195,5592.491,4192.83,3364.958,25.0,58.333,45.04343295000429,37.17787469163285,36.74080890742811,48.194533066370155,5592.491005582848,4192.830419957024,3364.958499474856,25.0,58.333333333333336,12,0,"(0, 1, 1)","(0, 1, 1, 12)",89.33592158723307,0.471596899908036
3093,港建*,其他電子類,12,45.305,46.915,43.101,54.64,82215.198,70419.309,8802.042,41.667,75.0,45.305225487926215,46.9152220809944,43.100702362699955,54.640283367060846,82215.1984345792,70419.30888700293,8802.04204756152,41.66666666666667,75.0,12,0,"(0, 1, 1)","(0, 1, 1, 12)",70.94625899823467,0.6412112999241799
3308,聯德,電子工業,12,45.309,49.049,33.717,39.195,487.756,302.891,-133.846,58.333,58.333,45.30908155399671,49.049373147876786,33.717472526682634,39.1948878453531,487.7563477251245,302.891210188468,-133.84591702220638,58.333333333333336,58.333333333333336,12,0,"(1, 1, 1)","(0, 1, 1, 12)",187.40795136881857,0.6051088999956846
6222,立軒,光電業,12,45.379,51.086,39.203,83.533,126.129,104.598,-19.567,66.667,75.0,45.37854205785431,51.08637501903388,39.20317996191518,83.53280016316079,126.12867318816846,104.5975394433542,-19.567352423861045,66.66666666666666,75.0,12,0,"(0, 1, 1)","(0, 1, 1, 12)",116.11485817508289,0.5478023998439312
8409,商之器,生技醫療業,12,45.472,43.028,27.043,48.757,19566.482,9591.123,-3524.641,41.667,66.667,45.47225970202952,43.0282067327485,27.043429806394474,48.75678279949567,19566.481918180783,9591.122697001321,-3524.640787178965,41.66666666666667,66.66666666666666,12,0,"(0, 1, 1)","(0, 1, 1, 12)",92.88270388738002,0.5603998000733554
6854,錼創科技-KY創,電子工業,12,45.996,39.639,49.999,46.027,63235.187,51814.75,34718.583,16.667,91.667,45.99558076931897,39.63851072442568,49.99923535233217,46.02705098989255,63235.18711326788,51814.75,34718.583333333336,16.666666666666664,91.66666666666666,0,12,,,,0.0197162998374551
4726,永昕,生技醫療業,12,46.145,50.265,43.941,61.214,32570.192,28465.37,-4313.841,58.333,50.0,46.14521761483494,50.26538356430434,43.9408809270138,61.21362657635297,32570.19197609431,28465.369663975154,-4313.841322259402,58.333333333333336,50.0,12,0,"(0, 1, 1)","(0, 1, 1, 12)",95.10695684896464,0.5917984999250621
2348,海悅,其他,12,46.292,52.945,50.785,65.237,317507.774,285327.047,-1776.975,41.667,66.667,46.29197768829945,52.945217764364614,50.78487473956164,65.23684122038821,317507.77362606867,285327.0467820619,-1776.9752575314099,41.66666666666667,66.66666666666666,12,0,"(1, 1, 1)","(0, 1, 1, 12)",68.8989331187591,0.761002599960193
3067,全域,居家生活類,12,46.445,49.14,38.571,50.351,2944.54,2261.314,-416.624,50.0,66.667,46.44467114819778,49.13967971985238,38.570902740306515,50.350741875197826,2944.5403514963436,2261.313630420503,-416.6242626147494,50.0,66.66666666666666,12,0,"(0, 1, 1)","(0, 1, 1, 12)",125.6191251983402,0.6985167001839727
6937,天虹,半導體業,12,46.661,34.81,25.551,41.365,138638.405,87281.083,28582.917,66.667,75.0,46.66094341824947,34.80955598040249,25.550565779461987,41.36487450858316,138638.40535333875,87281.08333333333,28582.916666666668,66.66666666666666,75.0,0,12,,,,0.0212622999679297
8937,合騏*,其他,12,46.669,42.764,36.445,55.291,3308.175,2553.875,1428.974,41.667,58.333,46.668848540867295,42.76380600272741,36.44547251536624,55.2911471154537,3308.1752447170215,2553.8749549847275,1428.9739149586214,41.66666666666667,58.333333333333336,12,0,"(0, 1, 1)","(0, 1, 1, 12)",100.46534568754936,0.6200361999217421
1595,川寶,半導體業,12,46.712,49.248,37.175,63.243,30713.717,27878.272,573.284,58.333,58.333,46.71220407071125,49.24778699515737,37.17462183945567,63.242741923114124,30713.717113374994,27878.271584604456,573.2839942743134,58.333333333333336,58.333333333333336,12,0,"(0, 1, 1)","(0, 1, 1, 12)",24.678917141243662,0.5906156999990344
3025,星通,電子工業,12,46.912,43.822,42.446,43.183,39393.441,26494.346,-12595.403,33.333,75.0,46.91209053066428,43.82210167880182,42.445735555000944,43.1827112897101,39393.44069059323,26494.345901959387,-12595.402698142658,33.33333333333333,75.0,12,0,"(0, 1, 1)","(0, 1, 1, 12)",75.35747641197845,0.97499919985421
6949,沛爾生醫-創,生技醫療業,12,47.029,43.12,35.225,35.664,2310.37,1230.667,-967.167,75.0,75.0,47.02885166549901,43.12045891698735,35.22517786099479,35.66367553915071,2310.370280568319,1230.6666666666667,-967.1666666666666,75.0,75.0,0,12,,,,0.0308868999127298
2465,麗臺,電腦及週邊設備業,12,47.203,36.651,36.411,39.795,336000.525,175358.818,-21360.576,25.0,100.0,47.20304966633972,36.650611036089884,36.41118406330814,39.795499530555496,336000.5247014189,175358.8181440807,-21360.57649224772,25.0,100.0,12,0,"(0, 1, 1)","(0, 1, 1, 12)",47.79739565265521,0.5966950999572873
3672,康聯訊,通信網路業,12,47.383,46.204,35.215,59.489,11454.513,9253.518,15.993,50.0,83.333,47.38326724000992,46.20417902081142,35.21528818759906,59.488625377396154,11454.513400015428,9253.51774535757,15.992814759018984,50.0,83.33333333333334,12,0,"(0, 1, 1)","(0, 1, 1, 12)",19.112305162799743,0.8934206999838352
4188,安克,生技醫療業,12,47.754,41.51,33.178,57.325,1600.402,1211.245,550.737,16.667,41.667,47.75419052246332,41.51004411346369,33.17754706554001,57.324800132125574,1600.401862477565,1211.2452474435133,550.736827527771,16.666666666666664,41.66666666666667,12,0,"(0, 1, 1)","(0, 1, 1, 12)",53.98380613441196,0.5459354999475181
5314,世紀*,其他,12,47.878,53.23,54.208,46.359,156920.976,122038.113,16483.759,58.333,33.333,47.87779783656727,53.230029266081615,54.20779437619685,46.358690994655774,156920.9763066048,122038.11279551813,16483.759020093577,58.333333333333336,33.33333333333333,12,0,"(0, 1, 1)","(0, 1, 1, 12)",219.14822740997047,0.6130741001106799
5534,長虹,建材營造,12,47.897,48.579,38.598,63.443,475125.517,338867.594,-62925.353,58.333,75.0,47.89662080904931,48.57905525605541,38.59772428159952,63.44340630550958,475125.5171333112,338867.594377757,-62925.353398276435,58.333333333333336,75.0,12,0,"(0, 1, 1)","(0, 1, 1, 12)",141.19253456817793,0.6077686999924481
2230,泰茂,居家生活類,12,47.942,45.004,37.385,54.203,102254.86,81907.536,-1441.199,41.667,58.333,47.94229654871957,45.00415955881059,37.38545818560412,54.20287826932528,102254.86036751622,81907.53591353922,-1441.1985880523935,41.66666666666667,58.333333333333336,12,0,"(1, 1, 0)","(0, 1, 1, 12)",6.692232959368048,0.5330008999444544
4154,樂威科-KY,其他,12,48.083,45.372,41.007,43.232,1720.497,1073.498,-516.61,50.0,66.667,48.08320953627575,45.37217185976575,41.007293841887375,43.2315870064986,1720.497308212347,1073.4977222386362,-516.6102182722362,50.0,66.66666666666666,12,0,"(0, 1, 1)","(0, 1, 1, 12)",74.88131299529589,0.4686312000267207
1417,嘉裕,紡織纖維,12,48.158,42.611,41.225,48.347,24873.977,16209.252,383.104,58.333,41.667,48.15761658390005,42.6107254532629,41.22464443706651,48.34695307282239,24873.977249857373,16209.251771933457,383.1044606920362,58.333333333333336,41.66666666666667,12,0,"(0, 1, 1)","(1, 1, 0, 12)",21.899460288873613,0.5335771001409739
6465,威潤,通信網路業,12,48.27,46.712,33.503,38.44,16182.529,10589.095,-8163.438,58.333,66.667,48.26993052294415,46.71238597831254,33.50295219722954,38.440307117725766,16182.529472988937,10589.095333644565,-8163.438237684474,58.333333333333336,66.66666666666666,12,0,"(0, 1, 1)","(0, 1, 1, 12)",57.68482030396082,1.5829851999878883
7786,東方風能,綠能環保,4,48.676,43.684,72.686,58.239,352413.417,337659.667,337659.667,0.0,0.0,48.67648161211392,43.684417123435225,72.68607135702997,58.23907387373174,352413.41676549905,337659.6666666667,337659.6666666667,0.0,0.0,0,12,,,,0.014793099835515
8176,智捷,通信網路業,12,48.815,50.7,34.32,96.085,20261.132,15183.939,3419.461,66.667,58.333,48.815106637913615,50.70048543096593,34.32012471722107,96.08531104600286,20261.13171796441,15183.938919723032,3419.4612950295486,66.66666666666666,58.333333333333336,12,0,"(0, 1, 1)","(0, 1, 1, 12)",89.63711965202776,0.6689626998268068
7709,榮田,電機機械,12,48.836,48.959,42.516,67.752,51773.515,40801.417,4699.583,58.333,8.333,48.83580130423768,48.95888964862971,42.51590156161159,67.75173077677734,51773.51475336271,40801.416666666664,4699.583333333333,58.333333333333336,8.333333333333332,0,12,,,,0.0215254998765885
2540,愛山林,建材營造,12,48.886,43.691,46.579,55.035,586503.427,460512.207,96345.065,33.333,58.333,48.88580288499366,43.691359888261246,46.579091518405924,55.03486462055075,586503.4267152161,460512.20711960905,96345.06505859732,33.33333333333333,58.333333333333336,12,0,"(0, 1, 1)","(0, 1, 1, 12)",45.24788890352807,0.5183182000182569
6441,廣錠,電腦及週邊設備業,12,48.998,49.787,48.314,63.356,12720.368,9606.078,571.397,50.0,41.667,48.99810427020181,49.787082511313436,48.31352163985954,63.35648516405789,12720.368400003284,9606.078342173065,571.3969329823328,50.0,41.66666666666667,12,0,"(0, 1, 1)","(0, 1, 1, 12)",69.29638278730518,1.5958869999740273
6624,萬年清,綠能環保類,12,49.141,51.753,43.499,63.132,31029.854,23541.687,5362.814,50.0,75.0,49.14116063404547,51.75293113813577,43.498598323658285,63.1315452345506,31029.85359226748,23541.68726624741,5362.814311825458,50.0,75.0,12,0,"(0, 1, 1)","(0, 1, 1, 12)",71.63219217645664,0.6651105999480933
5468,凱鈺,半導體業,12,49.199,33.552,12.505,46.235,12377.598,6766.208,-458.752,41.667,58.333,49.198943524776695,33.55242843933645,12.50535818286536,46.2347230762723,12377.598122751873,6766.207705603727,-458.75179812198695,41.66666666666667,58.333333333333336,12,0,"(1, 1, 0)","(0, 1, 1, 12)",-10.333354406916904,0.8719375999644399
1442,名軒,建材營造,12,49.471,45.203,45.815,50.345,175791.129,137283.47,33647.074,41.667,66.667,49.470911750698676,45.202852522571504,45.81474420256612,50.34454453476002,175791.1287649305,137283.47036434032,33647.07368333238,41.66666666666667,66.66666666666666,12,0,"(1, 1, 1)","(0, 1, 1, 12)",172.56880378267263,0.4964451000560075
3073,天方能源,綠能環保類,12,49.679,47.104,44.95,40.696,5703.749,3647.091,-1936.946,58.333,66.667,49.67943102130563,47.10390101772375,44.94953834834205,40.6957065446895,5703.748824698478,3647.0912298515996,-1936.9461434052653,58.333333333333336,66.66666666666666,12,0,"(0, 1, 1)","(0, 1, 1, 12)",100.67032007271771,1.468406300060451
2388,威盛,電子工業,12,50.048,40.607,32.498,55.678,506040.859,398179.161,253077.104,25.0,33.333,50.04820238984786,40.60666246893816,32.497974906074624,55.67844449017895,506040.8590923177,398179.16070275585,253077.1040396286,25.0,33.33333333333333,12,0,"(1, 1, 1)","(1, 1, 0, 12)",16.351676844507843,0.8418823000974953
3498,陽程,其他電子類,12,50.344,52.07,46.208,59.204,73292.955,56081.243,-13374.79,33.333,75.0,50.34414973607239,52.070131781097096,46.20808059613329,59.20419402863565,73292.95455226848,56081.243179620855,-13374.790415024785,33.33333333333333,75.0,12,0,"(0, 1, 1)","(0, 1, 1, 12)",104.6332254182272,0.6164274998009205
2724,藝舍-KY,其他,12,50.497,51.407,46.423,63.1,8489.628,7115.762,-250.592,58.333,41.667,50.497133849298116,51.40653206987874,46.422809869595255,63.10031675436147,8489.628230824897,7115.761535428969,-250.59190655360604,58.333333333333336,41.66666666666667,12,0,"(0, 1, 1)","(0, 1, 1, 12)",83.79570103224174,0.6779698000755161
6614,資拓宏宇,數位雲端,4,50.678,48.18,61.52,44.58,370934.524,289671.333,-102368.667,33.333,0.0,50.67787121380002,48.18038535626239,61.51956656145941,44.5797362700809,370934.5241674511,289671.3333333333,-102368.66666666667,33.33333333333333,0.0,0,12,,,,0.0218801998998969
6020,大展證,金融業,9,50.832,39.158,19.21,47.288,27494.431,17377.778,1250.0,33.333,0.0,50.832033281331256,39.15845341153997,19.20966992096699,47.28843890909157,27494.431015914637,17377.777777777777,1250.0,33.33333333333333,0.0,0,12,,,,0.0301232999190688
4131,浩泰,生技醫療業,12,51.08,70.194,35.265,46.468,12830.958,10414.178,-10101.398,83.333,58.333,51.07993791965654,70.1944985373057,35.26532042714202,46.46837905756456,12830.958244744224,10414.177743059576,-10101.397593636246,83.33333333333334,58.333333333333336,12,0,"(0, 1, 1)","(0, 1, 1, 12)",68.68488616176163,0.6138466999400407
1456,怡華,建材營造,12,51.123,52.295,42.33,72.844,43527.94,35317.02,-3351.392,50.0,66.667,51.122899475410456,52.29524139589991,42.33034123265077,72.84369077500355,43527.940157407334,35317.019632516654,-3351.3922383608565,50.0,66.66666666666666,12,0,"(0, 1, 1)","(0, 1, 1, 12)",122.4184562378131,1.273079500067979
6443,元晶,光電業,12,51.169,47.351,34.113,55.286,98437.553,77834.79,4639.433,50.0,33.333,51.16911467989994,47.35131114987042,34.11305326605677,55.2860898022307,98437.55313650881,77834.79013117841,4639.432505359205,50.0,33.33333333333333,12,0,"(1, 1, 0)","(0, 1, 1, 12)",-15.928013566498077,1.6853875999804586
6895,宏碩系統,半導體業,12,51.366,65.14,51.006,46.822,42400.008,36417.083,-36417.083,100.0,16.667,51.3658215498901,65.13955573493836,51.006215411029864,46.8216584737489,42400.00778203545,36417.083333333336,-36417.083333333336,100.0,16.666666666666664,0,12,,,,0.0228085000999271
2208,台船,航運業,12,51.424,39.141,34.944,37.363,1943112.83,933362.118,-396923.724,41.667,75.0,51.42433160074109,39.141125064736656,34.94362540918809,37.36323800729015,1943112.8303804628,933362.1176878192,-396923.7240025997,41.66666666666667,75.0,12,0,"(0, 1, 1)","(0, 1, 1, 12)",22.84605910555641,0.6741200999822468
4419,皇家美食,觀光餐旅,12,51.755,39.135,37.181,50.681,171521.859,114824.344,63365.393,41.667,50.0,51.754985494335145,39.13538782328597,37.181401988760776,50.68149743434979,171521.85909801023,114824.34401335979,63365.393314228895,41.66666666666667,50.0,12,0,"(0, 1, 1)","(0, 1, 1, 12)",126.46547839350288,0.413440000033006
6423,億而得,半導體業,12,51.955,54.27,45.006,88.631,18247.478,9956.25,887.417,41.667,66.667,51.95513963419407,54.27034051851053,45.006422669406824,88.6313036554538,18247.477704694786,9956.25,887.4166666666666,41.66666666666667,66.66666666666666,0,12,,,,0.0189691002015024
3379,彬台,電機機械,12,52.111,47.39,36.998,48.33,119063.825,85939.459,-6101.847,58.333,58.333,52.1112607684182,47.39024088488362,36.99814121856908,48.32999804327694,119063.82507912071,85939.45940043943,-6101.846549110618,58.333333333333336,58.333333333333336,12,0,"(0, 1, 1)","(0, 1, 1, 12)",76.4161941308167,0.4608616998884827
2883,凱基金,金融保險,10,52.514,58.448,43.513,102.739,6074925.129,4916442.2,419462.6,40.0,0.0,52.51408377206225,58.448472615168754,43.51256943773871,102.7394900443554,6074925.129287306,4916442.2,419462.6,40.0,0.0,0,12,,,,0.0319497000891715
6021,美好證,金融業,9,52.871,69.589,43.405,113.981,179404.697,155237.333,-16651.111,66.667,0.0,52.87056977725001,69.5887924282246,43.40509325531217,113.98140290357945,179404.69729388668,155237.33333333334,-16651.11111111111,66.66666666666666,0.0,0,12,,,,0.0249924000818282
4903,聯光通,通信網路業,12,53.126,59.054,42.209,52.569,77790.315,59829.809,-31061.244,75.0,41.667,53.12554247901687,59.054217315109106,42.20931676477222,52.56949995537216,77790.31502568588,59829.8088547272,-31061.243656983675,75.0,41.66666666666667,12,0,"(0, 1, 1)","(0, 1, 1, 12)",86.26372248354303,0.5197229001205415
6903,巨漢,其他電子類,12,53.204,55.538,55.847,52.829,205532.023,159794.25,-87001.417,75.0,33.333,53.20374304131262,55.53772579450278,55.84724653811539,52.82939431555537,205532.02292120646,159794.25,-87001.41666666667,75.0,33.33333333333333,0,12,,,,0.0219555001240223
8227,巨有科技,半導體業,12,53.263,63.037,50.968,47.297,76829.47,59888.167,-55585.833,91.667,41.667,53.26292462933523,63.0370019751647,50.96824597894077,47.297161761267056,76829.46985586542,59888.166666666664,-55585.833333333336,91.66666666666666,41.66666666666667,0,12,,,,0.0323355000000447
1529,樂事綠能,電機機械,12,54.103,54.202,43.202,66.303,50924.111,41727.441,-3841.617,58.333,75.0,54.10265806872437,54.20226458650469,43.20195983353036,66.30255811508799,50924.11148944664,41727.441489826306,-3841.616795371592,58.333333333333336,75.0,12,0,"(0, 1, 1)","(0, 1, 1, 12)",97.49820599127077,0.5236947000958025
8080,泰霖,建材營造,12,54.308,54.79,65.08,54.955,11448.745,9147.657,93.938,41.667,58.333,54.308372231438554,54.78967444905172,65.07957878370931,54.954657790693005,11448.744775506939,9147.656961686649,93.93785900980917,41.66666666666667,58.333333333333336,12,0,"(0, 1, 1)","(0, 1, 1, 12)",32.634503143309736,0.8327444000169635
8038,長園科,電子零組件業,12,54.351,68.492,60.988,77.234,32482.28,27036.281,-9317.94,58.333,58.333,54.35074652592659,68.4916285914425,60.987972664052336,77.23431548436999,32482.280347308228,27036.280644145692,-9317.939924158594,58.333333333333336,58.333333333333336,12,0,"(0, 1, 1)","(0, 1, 1, 12)",136.6822366270874,0.4731723999138921
4702,中美實,居家生活類,12,54.906,57.597,49.301,95.361,3707.823,3156.111,908.483,41.667,58.333,54.90559371408409,57.597320369987415,49.30110320310239,95.36058979148576,3707.8226385077896,3156.1107906698385,908.4832222697441,41.66666666666667,58.333333333333336,12,0,"(0, 1, 1)","(0, 1, 1, 12)",66.95396300282204,0.576681099832058
3713,新晶投控,綠能環保類,12,55.236,58.034,41.416,55.227,20111.995,15062.704,-4787.608,50.0,58.333,55.236452009903616,58.03408058129242,41.4157932935863,55.226791696083176,20111.994557374186,15062.704280840668,-4787.6082723094305,50.0,58.333333333333336,12,0,"(1, 1, 0)","(1, 1, 0, 12)",68.103893820305,0.5832951997872442
4772,台特化,化學工業,12,55.272,55.158,23.708,38.216,132266.858,91728.833,-86123.667,66.667,8.333,55.272234633308884,55.15781890522267,23.708279439854053,38.216283153383436,132266.85843841106,91728.83333333333,-86123.66666666667,66.66666666666666,8.333333333333332,0,12,,,,0.020494099939242
6148,驊宏資,資訊服務業,12,55.654,59.965,62.017,57.966,55300.02,41921.512,-17724.409,50.0,75.0,55.653873223440044,59.96521649150507,62.016996500926936,57.9662038968706,55300.019609541894,41921.51189669465,-17724.408638903707,50.0,75.0,12,0,"(0, 1, 1)","(0, 1, 1, 12)",111.45838610080968,0.5208814002107829
3555,博士旺,半導體業,12,55.66,65.356,60.494,65.778,20342.467,13102.235,-192.972,50.0,58.333,55.66004251244608,65.3556659009754,60.49424645246504,65.77825752954492,20342.466864016886,13102.234857323527,-192.97216526514603,50.0,58.333333333333336,12,0,"(0, 1, 1)","(0, 1, 1, 12)",122.2068986633016,0.4247297998517751
8171,天宇,綠能環保類,12,55.737,57.211,47.517,89.276,16797.561,14329.851,-2141.674,50.0,50.0,55.73721030969181,57.21095407422736,47.517359897672705,89.27585371205487,16797.560961064675,14329.850979920731,-2141.674188134362,50.0,50.0,12,0,"(0, 1, 1)","(0, 1, 1, 12)",93.09731977065766,0.4376582999248057
3310,佳穎,電子零組件業,12,55.81,32.753,11.599,32.054,267973.632,124196.059,-20684.146,41.667,66.667,55.80982082285958,32.75338896797521,11.59852904295926,32.05449331546719,267973.63222190284,124196.05921086243,-20684.14561684339,41.66666666666667,66.66666666666666,12,0,"(1, 1, 1)","(0, 1, 1, 12)",0.4730714058681968,1.0287972001824528
8478,東哥遊艇,運動休閒,12,56.029,82.805,56.08,56.713,270261.874,244254.393,-161469.099,75.0,41.667,56.02856766520481,82.80546785170712,56.07999518942501,56.712968708706526,270261.874344866,244254.39297469985,-161469.0986010255,75.0,41.66666666666667,12,0,"(0, 1, 1)","(0, 1, 1, 12)",113.60710491429754,1.8079043000470847
2542,興富發,建材營造,12,56.182,63.14,50.293,98.484,2069750.348,1442046.517,-686534.389,50.0,66.667,56.181634992289844,63.14039471559377,50.292750350625404,98.4841338625459,2069750.3480174113,1442046.5170593404,-686534.3885978953,50.0,66.66666666666666,12,0,"(0, 1, 1)","(0, 1, 1, 12)",116.771453535356,0.4984816000796854
6169,昱泉,文化創意業,12,56.224,61.016,46.505,92.815,1920.275,1615.312,-361.287,58.333,41.667,56.22386149204041,61.01561898106297,46.50455692013472,92.81546683968011,1920.2750451943316,1615.3115406663212,-361.28661690418886,58.333333333333336,41.66666666666667,12,0,"(0, 1, 1)","(0, 1, 1, 12)",132.0010678417772,0.4198746001347899
2855,統一證,金融保險,12,56.329,56.103,51.425,73.663,743328.544,635747.417,-42783.583,50.0,50.0,56.32852310353776,56.10292390842645,51.42472946466825,73.66331857810545,743328.544199165,635747.4166666666,-42783.583333333336,50.0,50.0,0,12,,,,0.0180815998464822
2923,鼎固-KY,建材營造,12,56.46,37.897,25.358,39.427,673667.472,275712.791,-157665.431,58.333,75.0,56.46017887233769,37.89692629479224,25.357665306952647,39.42673309599301,673667.4721721023,275712.7913398207,-157665.4305623807,58.333333333333336,75.0,12,0,"(1, 1, 1)","(0, 1, 1, 12)",156.4537799235274,0.5524039999581873
2025,千興,鋼鐵工業,12,56.664,60.852,50.348,61.382,44919.067,38660.09,-5490.319,58.333,41.667,56.66398482938722,60.85160091045183,50.34837636045629,61.3822231953389,44919.067391731434,38660.08970955866,-5490.318818696215,58.333333333333336,41.66666666666667,12,0,"(1, 1, 1)","(0, 1, 1, 12)",220.23946884038892,0.7150965998880565
8101,華冠,電子工業,12,57.213,52.65,42.989,64.753,24353.468,17951.381,1911.044,58.333,41.667,57.212516310328475,52.64999806737912,42.98889957801832,64.75269097760041,24353.468268760542,17951.380534304066,1911.0444696432362,58.333333333333336,41.66666666666667,12,0,"(0, 1, 1)","(0, 1, 1, 12)",96.98657811557324,0.5340339001268148
6869,雲豹能源,綠能環保,12,57.727,55.183,39.117,64.098,524186.264,359306.43,-51068.603,58.333,66.667,57.72749718465503,55.18310593353627,39.1171180070952,64.09810615460803,524186.2641582239,359306.4296392815,-51068.602727781436,58.333333333333336,66.66666666666666,12,0,"(0, 1, 1)","(0, 1, 1, 12)",28.702861968429257,0.5484054998960346
5227,立凱-KY,電子零組件業,12,58.311,52.329,60.962,62.373,24430.414,19468.44,3976.098,33.333,58.333,58.310565284650394,52.32912179811684,60.96239849685134,62.37344605007266,24430.414073579108,19468.43998441265,3976.0977457920726,33.33333333333333,58.333333333333336,12,0,"(0, 1, 1)","(0, 1, 1, 12)",101.49747902710642,0.4421892000827938
7715,裕山,綠能環保類,12,58.388,44.627,33.71,62.532,78789.93,60292.667,25730.167,33.333,8.333,58.38790716517088,44.62720930473818,33.70981896066775,62.53183461666746,78789.9296134982,60292.666666666664,25730.166666666668,33.33333333333333,8.333333333333332,0,12,,,,0.0244357001502066
8291,尚茂,電子零組件業,12,58.429,52.747,48.442,48.258,245.048,140.375,-88.083,50.0,91.667,58.428693240266796,52.747256994988,48.441587008691236,48.257940651289616,245.04831551649104,140.374935509741,-88.08311816663002,50.0,91.66666666666666,12,0,"(0, 1, 1)","(0, 1, 1, 12)",84.73152727678506,0.4711382000241428
2534,宏盛,建材營造,12,58.522,53.215,35.777,73.564,344670.818,231214.456,-2037.595,33.333,50.0,58.52206990591996,53.21515381684853,35.77703550005258,73.5639292646272,344670.81809407135,231214.45584416646,-2037.5953856380559,33.33333333333333,50.0,12,0,"(1, 1, 1)","(0, 1, 1, 12)",87.88165064602434,0.7970825000666082
3266,昇陽,建材營造,12,58.886,48.518,40.663,81.183,100485.729,70344.146,32108.916,58.333,66.667,58.88637841147949,48.51819204094049,40.66261805316965,81.18303932502981,100485.72930201946,70344.1464189111,32108.91592622815,58.333333333333336,66.66666666666666,12,0,"(1, 1, 1)","(0, 1, 1, 12)",152.33993546795543,1.2373613000381738
4743,合一,生技醫療業,12,59.153,48.816,42.654,66.247,8598.629,6364.993,1293.58,33.333,83.333,59.15283274547642,48.816402119308236,42.654077382017554,66.2470891008328,8598.629230861141,6364.992685495126,1293.5797733314168,33.33333333333333,83.33333333333334,12,0,"(0, 1, 1)","(0, 1, 1, 12)",150.4032725789208,0.6327292998321354
3712,永崴投控,電腦及週邊設備業,12,59.586,53.519,58.163,66.231,1968566.119,1602115.708,172922.891,33.333,75.0,59.58558864527963,53.51852086854919,58.16253920676184,66.23067957856689,1968566.118707211,1602115.7077183947,172922.8905349993,33.33333333333333,75.0,12,0,"(0, 1, 1)","(0, 1, 1, 12)",7.957056709206999,0.6671242001466453
6225,天瀚,電子工業,12,60.424,64.027,63.819,85.305,3209.069,2743.823,179.308,33.333,75.0,60.424438277021345,64.02657200426877,63.818731721505564,85.3054241890028,3209.0694073785075,2743.823388460975,179.30753906313126,33.33333333333333,75.0,12,0,"(1, 1, 1)","(0, 1, 1, 12)",76.01719199272165,0.7868083999492228
7711,永擎,電腦及週邊設備業,4,60.517,55.803,68.596,64.368,1492109.386,1485678.0,405378.667,33.333,0.0,60.51662911505187,55.8025937578248,68.59649559447222,64.36780102639149,1492109.3859046213,1485678.0,405378.6666666667,33.33333333333333,0.0,0,12,,,,0.0152376000769436
6657,華安,生技醫療業,12,60.787,53.125,46.183,72.598,509.817,388.733,14.328,58.333,66.667,60.78697424634354,53.125069906323155,46.18316587124445,72.598244013605,509.8168473804721,388.73270030536696,14.328269525029583,58.333333333333336,66.66666666666666,12,0,"(1, 1, 1)","(0, 1, 1, 12)",31.718282245036924,1.1443379998672754
5533,皇鼎,建材營造,12,62.111,51.178,47.86,76.988,68743.157,60274.043,42291.192,16.667,75.0,62.111188047512165,51.178273562078836,47.86009720280425,76.98774876159716,68743.15693159067,60274.0426237135,42291.19195581172,16.666666666666664,75.0,12,0,"(0, 1, 1)","(0, 1, 1, 12)",159.98292317207074,0.6046211998909712
3147,大綜,資訊服務業,12,62.203,56.253,61.097,69.011,508989.355,423836.72,16885.681,41.667,41.667,62.203036911814145,56.252837881892404,61.09733904425156,69.01148424066342,508989.35483175924,423836.72029583505,16885.680746985003,41.66666666666667,41.66666666666667,12,0,"(1, 1, 0)","(1, 1, 0, 12)",-6.947664878180776,0.481601299950853
7795,長廣,電子零組件業,2,62.622,91.168,62.622,62.622,227065.0,227065.0,-227065.0,100.0,0.0,62.622036646846624,91.16751350559194,62.622036646846624,62.622036646846624,227065.0,227065.0,-227065.0,100.0,0.0,0,12,,,,0.0136180999688804
4609,唐鋒,居家生活類,12,62.784,61.978,43.841,79.813,12652.019,8591.746,-1336.524,66.667,58.333,62.78374253457751,61.9783282824994,43.841161409069116,79.81303385082322,12652.01933744107,8591.74588671515,-1336.5240030040256,66.66666666666666,58.333333333333336,12,0,"(0, 1, 1)","(0, 1, 1, 12)",121.23393915755943,0.4401879999786615
3055,蔚華科,電子工業,12,62.976,60.369,53.05,75.16,32803.845,24099.448,-10003.757,66.667,83.333,62.97614357667645,60.368705638593326,53.05008915090006,75.15962243060986,32803.845374462384,24099.448223324307,-10003.757183312215,66.66666666666666,83.33333333333334,12,0,"(1, 1, 1)","(1, 1, 0, 12)",83.84718041200303,0.4587371000088751
6994,富威電力,綠能環保,12,63.116,50.177,27.439,41.403,520146.974,262459.583,-219478.083,58.333,0.0,63.115799455637585,50.17714313876843,27.43862972465928,41.40301847667956,520146.97410179174,262459.5833333333,-219478.08333333334,58.333333333333336,0.0,0,12,,,,0.0182807000819593
7792,安葆,其他電子類,2,63.888,93.875,63.888,63.888,588472.0,588472.0,-588472.0,100.0,0.0,63.887682606958606,93.8749465597223,63.887682606958606,63.887682606958606,588472.0,588472.0,-588472.0,100.0,0.0,0,12,,,,0.0133737998548895
9902,台火,其他,12,64.122,81.216,61.586,77.377,30380.737,20226.002,-15331.473,66.667,83.333,64.12233741451873,81.2159757184689,61.58554952034545,77.37705229401254,30380.737399667687,20226.002020099284,-15331.47276099104,66.66666666666666,83.33333333333334,12,0,"(0, 1, 1)","(0, 1, 1, 12)",182.64369611039996,0.5513199998531491
4967,十銓,電子工業,12,64.644,53.771,49.236,74.876,1764656.155,1100474.247,76700.013,58.333,50.0,64.64362991605441,53.77129502207357,49.2363850518932,74.87601973307699,1764656.155454039,1100474.2474291597,76700.01320849122,58.333333333333336,50.0,12,0,"(1, 1, 1)","(1, 1, 0, 12)",42.20193360857201,2.104627900058404
2424,隴華,電子工業,12,65.194,55.133,52.804,62.841,15915.013,10127.925,389.407,33.333,83.333,65.19388716889101,55.13307572620407,52.803928618116714,62.8411978213718,15915.012930898403,10127.924699926525,389.407233904637,33.33333333333333,83.33333333333334,12,0,"(0, 1, 1)","(0, 1, 1, 12)",17.850545773132026,0.3281980999745428
3465,進泰電子,其他電子類,12,65.469,48.219,41.286,66.464,150169.627,91435.228,41466.997,50.0,25.0,65.46874241493836,48.218862677691085,41.286368719806006,66.46390467029255,150169.6266858388,91435.22781797795,41466.99666174851,50.0,25.0,12,0,"(1, 1, 1)","(0, 1, 1, 12)",98.06795533626362,1.1892729999963194
3609,三一東林,電子零組件業,12,65.859,64.194,51.893,68.164,57693.48,36507.954,-16069.61,66.667,66.667,65.85861361768914,64.19369872518882,51.892860230212456,68.16436127189425,57693.47992679812,36507.95410847377,-16069.610063364404,66.66666666666666,66.66666666666666,12,0,"(0, 1, 1)","(0, 1, 1, 12)",46.7267806868338,0.4375836001709103
1591,駿吉-KY,電機機械,12,66.903,64.935,61.613,90.408,10247.889,6985.803,-2014.362,41.667,66.667,66.90313972756384,64.93483306994915,61.612750537120455,90.4079307679286,10247.888966761418,6985.802839886458,-2014.362141263794,41.66666666666667,66.66666666666666,12,0,"(0, 1, 1)","(0, 1, 1, 12)",197.5796163177828,0.5148342999164015
5205,中茂,綠能環保類,12,67.224,60.259,33.627,142.529,2308.31,1375.452,-179.072,50.0,75.0,67.22364279977248,60.25855809720607,33.62723819475546,142.52947589364345,2308.310296893016,1375.451751385678,-179.07155230057108,50.0,75.0,12,0,"(0, 1, 1)","(0, 1, 1, 12)",133.49237975669013,0.4493078000377863
4416,三圓,建材營造,12,67.408,59.11,40.11,49.75,160733.201,81744.097,-76429.038,33.333,75.0,67.40836123715268,59.110154568803495,40.11049540083834,49.75018741413204,160733.20087341292,81744.09742145795,-76429.0375580783,33.33333333333333,75.0,12,0,"(0, 1, 1)","(0, 1, 1, 12)",72.06834004016562,0.6619591000489891
6198,瑞築,建材營造,12,67.906,82.253,60.213,65.154,15.779,13.298,-1.419,58.333,16.667,67.9057056280043,82.25347067447841,60.21339990484782,65.15432786358683,15.778737275505659,13.298200685484176,-1.419235929672703,58.333333333333336,16.666666666666664,12,0,"(1, 1, 1)","(0, 1, 1, 12)",229.8160166706752,0.7941561001352966
6596,寬宏藝術,文化創意業,12,68.084,80.981,67.293,110.111,223908.576,175280.814,-52770.472,58.333,58.333,68.08390171821993,80.98053607385513,67.2926608760923,110.11147639515329,223908.57564953834,175280.81350527715,-52770.47209875154,58.333333333333336,58.333333333333336,12,0,"(1, 1, 1)","(0, 1, 1, 12)",166.1077770111259,0.7278161998838186
8487,愛爾達-創,數位雲端,12,69.637,38.384,23.864,67.992,113309.437,59110.583,38912.917,58.333,58.333,69.63744354997054,38.38417773682326,23.863980238272735,67.99202742828037,113309.4369573132,59110.583333333336,38912.916666666664,58.333333333333336,58.333333333333336,0,12,,,,0.0185112000908702
2905,三商,貿易百貨,11,70.777,90.215,91.76,264.393,11824911.577,10559860.091,478925.545,36.364,0.0,70.77661504538108,90.21456411406699,91.75988211259838,264.39323955035445,11824911.57707163,10559860.090909092,478925.54545454547,36.36363636363637,0.0,0,12,,,,0.0203088999260216
6541,泰福-KY,生技醫療業,12,70.934,98.65,90.749,109.733,31793.692,23702.105,322.777,41.667,58.333,70.93412246079232,98.64987139078588,90.74857357418368,109.73254273484399,31793.69201316819,23702.1050143553,322.7771765579461,41.66666666666667,58.333333333333336,12,0,"(1, 1, 1)","(0, 1, 1, 12)",202.38703475075667,0.5398325000423938
6637,醫影,生技醫療業,12,71.019,52.736,45.236,56.012,143895.336,68916.167,-30669.5,33.333,58.333,71.01897946617729,52.73615057971782,45.235989222219345,56.01210041196056,143895.33611216638,68916.16666666667,-30669.5,33.33333333333333,58.333333333333336,0,12,,,,0.0200427002273499
1340,勝悅-KY,塑膠工業,12,71.245,74.979,137.009,166.214,10167.114,9210.823,7730.068,16.667,50.0,71.24478501104599,74.97877148356758,137.00881310784877,166.21412746495878,10167.114183248943,9210.822659498905,7730.068225169617,16.666666666666664,50.0,12,0,"(0, 1, 1)","(0, 1, 1, 12)",61.24734589006914,0.7122435001656413
2254,巨鎧精密-創,汽車工業,12,71.425,65.493,62.383,104.002,35049.717,28436.583,12923.417,33.333,66.667,71.42507294488004,65.49268141794458,62.38312882353536,104.00172124764867,35049.71740375853,28436.583333333332,12923.416666666666,33.33333333333333,66.66666666666666,0,12,,,,0.021227299934253
4582,聚恆-創,綠能環保,12,71.714,69.472,68.419,77.243,101016.416,73314.612,1750.201,58.333,50.0,71.71395640469619,69.47248462514915,68.41883717358257,77.24302553740715,101016.41561884966,73314.61191164902,1750.2009824697186,58.333333333333336,50.0,12,0,"(1, 1, 1)","(1, 1, 0, 12)",107.53137078552425,0.4333761997986585
2538,基泰,建材營造,12,72.139,49.041,71.632,79.419,23904.891,17953.831,15074.605,33.333,66.667,72.13850589974803,49.0414266984393,71.63213042569129,79.41946904412355,23904.890822857393,17953.83134832929,15074.604985701442,33.33333333333333,66.66666666666666,12,0,"(1, 1, 1)","(0, 1, 1, 12)",101.44587823539996,0.731766999932006
6872,浩宇生醫,生技醫療業,12,72.556,54.311,43.704,78.49,926.673,633.833,94.0,50.0,8.333,72.5555661547267,54.31114447768345,43.70430463877293,78.48983608494257,926.6727218027589,633.8333333333334,94.0,50.0,8.333333333333332,0,12,,,,0.0239750000182539
3523,迎輝,光電業,12,73.419,64.058,70.215,75.406,10739.065,6523.306,-2187.458,41.667,58.333,73.41863031770895,64.05800457901096,70.21452439506403,75.40635222287642,10739.065254985178,6523.3064859203705,-2187.458272698322,41.66666666666667,58.333333333333336,12,0,"(0, 1, 1)","(0, 1, 1, 12)",63.12580854450128,0.5669956998899579
2545,皇翔,建材營造,12,74.439,78.982,74.153,139.019,536383.794,376935.019,38820.781,33.333,58.333,74.43890028100597,78.98229223518015,74.15294875413075,139.01940457890805,536383.7944430192,376935.01870459196,38820.78060528286,33.33333333333333,58.333333333333336,12,0,"(0, 1, 1)","(0, 1, 1, 12)",105.41746897500504,0.4823311001528054
2524,京城,建材營造,12,75.851,58.866,77.284,87.855,281971.562,232297.654,171689.949,16.667,66.667,75.85101557754547,58.86589959197141,77.28396227597723,87.85478050753213,281971.5622365678,232297.65417537116,171689.94871442113,16.666666666666664,66.66666666666666,12,0,"(0, 1, 1)","(0, 1, 1, 12)",105.74813570923408,0.4486503000371158
2924,宏太-KY,居家生活類,12,76.569,63.94,57.146,93.454,6369.685,4302.887,436.205,58.333,16.667,76.56949452053226,63.94008215577958,57.14564216626214,93.45399522428751,6369.685336746029,4302.886552493411,436.2050136458752,58.333333333333336,16.666666666666664,12,0,"(0, 1, 1)","(0, 1, 1, 12)",74.20541421673082,0.4724470998626202
8089,康全電訊,通信網路業,12,76.781,49.115,34.57,77.591,86255.907,52381.716,12455.625,33.333,83.333,76.78126642857225,49.114644284461825,34.56957456902043,77.59108446516862,86255.90744829716,52381.715582900564,12455.624974809978,33.33333333333333,83.33333333333334,12,0,"(0, 1, 1)","(0, 1, 1, 12)",61.15477718566344,0.5740350000560284
1436,華友聯,建材營造,12,76.885,91.003,84.085,147.091,376816.034,249293.354,-60747.808,41.667,41.667,76.88480860435355,91.0030059143058,84.08511502571892,147.09062858189853,376816.03447680094,249293.35368031872,-60747.807994441355,41.66666666666667,41.66666666666667,12,0,"(1, 1, 1)","(0, 1, 1, 12)",186.02598436632948,0.9880664001684636
6885,全福生技,生技醫療業,12,76.922,65.717,7.041,47.248,556.406,351.917,-223.583,58.333,25.0,76.92167577413478,65.71749899901444,7.041325508662193,47.24779764984589,556.4064012332473,351.9166666666667,-223.58333333333334,58.333333333333336,25.0,0,12,,,,0.0158740000333637
4142,國光生,生技醫療業,12,77.06,91.588,64.792,169.512,134138.934,89999.804,-20196.787,50.0,58.333,77.06012504249341,91.5879229935846,64.79194682082917,169.5115949406545,134138.93357705473,89999.80437254543,-20196.78654419631,50.0,58.333333333333336,12,0,"(1, 1, 1)","(0, 1, 1, 12)",158.26493316595096,0.5447893999516964
5519,隆大,建材營造,12,77.923,71.833,70.178,91.85,511511.856,358537.769,-52852.018,33.333,41.667,77.92349831874384,71.83316421648526,70.17835763003697,91.85003250384248,511511.8556379208,358537.76922553685,-52852.018373597,33.33333333333333,41.66666666666667,12,0,"(1, 1, 1)","(0, 1, 1, 12)",126.60291524633848,0.7058695999439806
6560,欣普羅,光電業,12,78.899,76.556,57.48,220.882,14959.045,11349.656,-276.572,66.667,41.667,78.89924233232135,76.55615325492113,57.47989973551476,220.88235602968857,14959.045434303715,11349.656009504426,-276.572170380008,66.66666666666666,41.66666666666667,12,0,"(1, 1, 0)","(1, 1, 0, 12)",94.32279198130551,0.3737878000829369
3115,富榮綱,電子零組件業,12,79.037,97.954,37.295,58.726,457.451,290.66,124.661,41.667,33.333,79.03746182754504,97.95364342278016,37.29537697656195,58.72573006701525,457.4511772992757,290.6602658707969,124.66128289402654,41.66666666666667,33.33333333333333,12,0,"(0, 1, 1)","(0, 1, 1, 12)",212.289960648122,0.8933091999497265
3535,晶彩科,電子工業,12,79.398,105.817,70.448,176.772,41364.348,30426.517,-21785.431,66.667,66.667,79.39751332757253,105.8166673751269,70.44832494714987,176.77229753610945,41364.34836879243,30426.516563609024,-21785.431492984335,66.66666666666666,66.66666666666666,12,0,"(1, 1, 1)","(0, 1, 1, 12)",150.45069669391478,0.708607800072059
5531,鄉林,建材營造,12,80.273,55.341,32.213,117.147,123961.161,71753.473,7667.133,50.0,66.667,80.27312749501802,55.34065958445197,32.21277386272585,117.14656398943535,123961.16135293005,71753.4728968801,7667.133115260823,50.0,66.66666666666666,12,0,"(1, 1, 1)","(0, 1, 1, 12)",144.54665290097907,0.6965700001455843
2539,櫻花建,建材營造,12,80.638,132.497,88.678,77.564,1468891.89,940989.396,-705869.804,83.333,50.0,80.63751449358155,132.49694274272696,88.67783158308802,77.56354358950291,1468891.8901515785,940989.3956935382,-705869.8040621745,83.33333333333334,50.0,12,0,"(0, 1, 1)","(0, 1, 1, 12)",308.43371117326603,0.5898905999492854
6026,福邦證,金融業,10,81.038,85.742,68.112,173.852,124926.867,109491.1,-5082.7,50.0,0.0,81.0384271790192,85.74153768281262,68.11228413908964,173.85192512214692,124926.86734285783,109491.1,-5082.7,50.0,0.0,0,12,,,,0.0218708000611513
3024,憶聲,光電業,12,82.534,45.537,44.489,84.745,238888.947,117746.4,103479.388,25.0,50.0,82.53396932851231,45.53724049516539,44.48898772269562,84.74471926279566,238888.94708207448,117746.39955944435,103479.38842135014,25.0,50.0,12,0,"(1, 1, 0)","(1, 1, 0, 12)",45.17858997213925,0.7150824000127614
1418,東華,紡織纖維,12,82.573,104.246,94.095,621.048,488.473,366.761,-65.16,50.0,50.0,82.57272611076222,104.24602165890886,94.09499859518402,621.0482008629405,488.47292365374244,366.76052514196886,-65.16029088701512,50.0,50.0,12,0,"(1, 1, 1)","(0, 1, 1, 12)",149.30071395100123,0.6707833998370916
8034,榮群,通信網路業,12,83.896,83.585,74.44,124.09,42176.148,34167.108,-3309.935,41.667,75.0,83.89610509761847,83.58498199031028,74.43986582780255,124.09041481507961,42176.14794638152,34167.108281530614,-3309.935231565511,41.66666666666667,75.0,12,0,"(1, 1, 1)","(0, 1, 1, 12)",123.7705271849819,0.6987614000681788
6806,森崴能源,綠能環保,12,84.165,70.729,66.259,116.301,2179767.722,1788868.082,393806.73,33.333,75.0,84.1648940635551,70.7291666494135,66.25859146433014,116.30142962035674,2179767.722400846,1788868.0821547825,393806.7303380144,33.33333333333333,75.0,12,0,"(0, 1, 1)","(0, 1, 1, 12)",85.67641438911969,0.5112495000939816
5324,士開,建材營造,12,84.269,66.607,70.355,90.802,103801.805,81353.835,24039.882,25.0,66.667,84.26948938654081,66.60687003654245,70.3553613856862,90.80242568817378,103801.8054367691,81353.835278341,24039.88208871491,25.0,66.66666666666666,12,0,"(0, 1, 1)","(0, 1, 1, 12)",107.2205246009424,1.645348200108856
5525,順天,建材營造,12,85.318,69.605,72.271,128.824,377978.394,163054.603,-94427.79,33.333,58.333,85.31838844242341,69.60459667384944,72.27114244114706,128.82380129450146,377978.39375848946,163054.60280262568,-94427.7903948096,33.33333333333333,58.333333333333336,12,0,"(1, 1, 1)","(0, 1, 1, 12)",150.18091650899018,0.6462781000882387
5523,豐謙,建材營造,12,86.485,79.412,76.688,85.733,478.154,378.229,56.756,41.667,50.0,86.48529034772562,79.41179919391278,76.6880424502011,85.73254928957806,478.15429564580563,378.22900312072005,56.75610479414331,41.66666666666667,50.0,12,0,"(0, 1, 1)","(0, 1, 1, 12)",213.5302937872343,0.4243175000883639
7740,熙特爾-創,綠能環保,9,86.688,77.286,65.711,74.68,822325.871,424550.375,-311453.875,75.0,0.0,86.6875822011388,77.28637402184452,65.71102448973069,74.68031332484723,822325.8707075164,424550.375,-311453.875,75.0,0.0,0,12,,,,0.0171791000757366
2509,全坤建,建材營造,12,87.393,37.547,23.257,95.021,49503.835,19248.114,13795.871,50.0,41.667,87.39277809484923,37.54688191828171,23.257050652926438,95.02148225509454,49503.83483688569,19248.113720760386,13795.871032292604,50.0,41.66666666666667,12,0,"(0, 1, 1)","(0, 1, 1, 12)",109.88831423308076,0.4210049998946488
2548,華固,建材營造,12,88.828,109.382,90.657,191.716,3233339.106,1350091.534,-1249912.279,41.667,66.667,88.8281326422681,109.38155706509825,90.65666419910636,191.71607245458003,3233339.1056948816,1350091.5337323337,-1249912.278671404,41.66666666666667,66.66666666666666,12,0,"(1, 1, 1)","(0, 1, 1, 12)",190.0728936892489,0.7688381001353264
4950,金耘國際,鋼鐵工業,12,89.059,72.84,43.088,82.423,147788.131,75447.734,29068.372,50.0,41.667,89.05855291302167,72.84038129552252,43.08835533080085,82.42339499661182,147788.1312936064,75447.73427132457,29068.37183154513,50.0,41.66666666666667,12,0,"(0, 1, 1)","(0, 1, 1, 12)",173.63182900780154,0.5237253999803215
3313,斐成,建材營造,12,89.081,79.97,76.376,95.194,1495.054,845.452,-321.573,50.0,58.333,89.08090148278998,79.97035618114322,76.37615677093832,95.19369276399182,1495.0538118074608,845.4519891562459,-321.57253512192733,50.0,58.333333333333336,12,0,"(0, 1, 1)","(0, 1, 1, 12)",228.72430648731688,0.4969977999571711
6264,富裔,建材營造,12,89.094,83.02,86.936,96.681,17398.629,8578.308,-3599.939,41.667,41.667,89.09441811504377,83.01994455243857,86.9364827776359,96.68126383560804,17398.628691788275,8578.30755751013,-3599.9386531405394,41.66666666666667,41.66666666666667,12,0,"(0, 1, 1)","(0, 1, 1, 12)",141.21091335834038,0.5361045999452472
5522,遠雄,建材營造,12,89.249,130.436,102.699,315.992,3473951.08,2317014.847,-1091525.728,50.0,58.333,89.24934911996105,130.43630675428932,102.69931183343574,315.9922528268626,3473951.0798962656,2317014.8474121857,-1091525.727706042,50.0,58.333333333333336,12,0,"(1, 1, 1)","(0, 1, 1, 12)",108.50185433753931,0.8176792999729514
8097,常珵,通信網路業,12,89.358,77.442,69.509,138.63,34425.848,21098.1,7834.196,50.0,50.0,89.35802614969235,77.44241012068458,69.50865023992382,138.63009297158405,34425.848041914,21098.10015913849,7834.196321737892,50.0,50.0,12,0,"(0, 1, 1)","(0, 1, 1, 12)",192.320106346699,0.5266835000365973
3629,地心引力,文化創意業,12,90.411,138.785,88.643,78.885,2863.236,1160.201,-1132.842,75.0,50.0,90.4111259104832,138.7849240143338,88.64257907739133,78.88467746647704,2863.2355625456,1160.2007732462755,-1132.8422077175912,75.0,50.0,12,0,"(0, 1, 1)","(0, 1, 1, 12)",169.01188313562318,0.4801526002120226
6177,達麗,建材營造,12,90.756,71.74,67.072,90.11,1682779.704,720838.575,-437543.731,33.333,66.667,90.75649127737054,71.74040722562557,67.07241874187724,90.11029186281979,1682779.7042906608,720838.5748383546,-437543.73051108076,33.33333333333333,66.66666666666666,12,0,"(0, 1, 1)","(0, 1, 1, 12)",196.78094090008773,0.7061680001206696
3714,富采,光電業,12,41578907081322.14,183.502,100.0,43550564764583.664,2.662558164156568e+18,7.686143364059658e+17,7.68614336402864e+17,91.667,50.0,91.15138006910894,182.0025012366542,100.0,91.0915605293768,1774288.1752113197,1691930.1233764745,-1691930.1233764745,100.0,54.54545454545454,12,0,"(1, 1, 1)","(0, 1, 1, 12)",-29.687176054333463,1.4767944000195712
5213,亞昕,建材營造,12,91.205,98.723,82.227,204.645,2313044.407,1370361.141,-386020.314,41.667,66.667,91.20500076927442,98.72337719198589,82.22713899399953,204.6449494265913,2313044.40736414,1370361.1408875657,-386020.3144743969,41.66666666666667,66.66666666666666,12,0,"(0, 1, 1)","(0, 1, 1, 12)",167.93849406283505,0.4993060000706464
3631,晟楠,電子零組件業,12,93.066,79.364,76.359,216.452,3113.724,2294.786,595.373,33.333,75.0,93.06646773736142,79.36382974913391,76.35939984503565,216.45239185124993,3113.7235916201616,2294.786428233989,595.3733307133424,33.33333333333333,75.0,12,0,"(0, 1, 1)","(0, 1, 1, 12)",80.89803517510823,0.5865156999789178
3466,德晉,通信網路業,12,93.156,74.481,44.678,152.795,9544.888,5954.328,1515.705,66.667,50.0,93.15645786140605,74.48075915884097,44.67794973334982,152.7950541001191,9544.88780104034,5954.327895356421,1515.7051694016618,66.66666666666666,50.0,12,0,"(1, 1, 1)","(1, 1, 0, 12)",110.81863029207132,0.6241516000591218
5310,天剛,資訊服務業,12,93.184,114.415,80.875,343.86,87.531,63.598,-29.458,50.0,83.333,93.18393264855324,114.41506553515322,80.87513931701605,343.86006849516707,87.53130553732568,63.59803403263758,-29.45754667973606,50.0,83.33333333333334,12,0,"(0, 1, 1)","(0, 1, 1, 12)",161.45251046512072,0.5351220997981727
1808,潤隆,建材營造,12,95.828,137.316,115.322,413.675,1270369.184,518736.694,-505342.256,50.0,58.333,95.82785342017873,137.31592066520182,115.3220402647412,413.67464732640923,1270369.1844142987,518736.6936953683,-505342.2557507632,50.0,58.333333333333336,12,0,"(0, 1, 1)","(0, 1, 1, 12)",171.55443863708155,0.384513400029391
6461,益得,生技醫療業,12,96.095,109.203,90.918,222.803,20340.805,8610.647,-6698.362,50.0,58.333,96.09471807794554,109.20313303377502,90.91782161485482,222.80303215587222,20340.80475657939,8610.647292306041,-6698.3617056433095,50.0,58.333333333333336,12,0,"(0, 1, 1)","(0, 1, 1, 12)",150.85328182559758,1.3411048999987545
1446,宏和,紡織纖維,12,96.175,103.613,90.194,282.094,113237.61,81728.031,-18063.28,41.667,50.0,96.17513965193933,103.61337189484539,90.19380558267352,282.0935666531864,113237.60987795985,81728.03075722385,-18063.279951147375,41.66666666666667,50.0,12,0,"(0, 1, 1)","(0, 1, 1, 12)",138.8067418071903,0.4852901000995189
2442,新美齊,建材營造,12,96.193,82.778,80.542,82.319,2803816.158,860648.695,-823725.607,41.667,83.333,96.19315950532945,82.77775673248024,80.54164309492974,82.319026016829,2803816.1583150825,860648.6951566056,-823725.6067072988,41.66666666666667,83.33333333333334,12,0,"(0, 1, 1)","(0, 1, 1, 12)",179.20270001581423,0.3835934000089764
5206,坤悅,建材營造,11,96.221,182.204,98.097,89.9,637071.843,330492.606,-325099.604,63.636,40.0,96.22061086741749,182.2042582013655,98.09740701663924,89.90019969348417,637071.8433997085,330492.60602418834,-325099.60404403735,63.63636363636363,40.0,8,4,"(1, 1, 1)","(0, 1, 1, 12)",112.4688842908721,0.4491806000005454
2527,宏璟,建材營造,11,96.303,71.667,73.844,151.213,77836.825,62077.865,40054.265,18.182,10.0,96.3031167897189,71.66697513190502,73.84437505407467,151.2127016373293,77836.82523209564,62077.864565532705,40054.26473473784,18.181818181818183,10.0,6,6,"(0, 1, 1)","(0, 1, 1, 12)",157.45219777409918,0.3135164999403059
2718,全心投控,建材營造,12,96.378,129.796,98.965,301.25,378116.9,242696.865,-2408.09,50.0,33.333,96.37763073598477,129.79585069523708,98.96477938052023,301.25018444631297,378116.9002112672,242696.86468428036,-2408.089841685424,50.0,33.33333333333333,12,0,"(0, 1, 1)","(0, 1, 1, 12)",180.19423115263308,0.4998576000798493
1516,川飛,其他,12,96.545,127.931,85.336,113.652,7627.724,6340.891,-2368.795,58.333,58.333,96.54463620092038,127.93093905273254,85.33608468110047,113.6515342092367,7627.723671485099,6340.89079794945,-2368.795498365722,58.333333333333336,58.333333333333336,12,0,"(0, 1, 1)","(0, 1, 1, 12)",278.5772975033048,0.574128600070253
5529,鉅陞,建材營造,12,96.895,59.071,36.611,60.886,259273.394,78520.565,-75629.55,50.0,58.333,96.8949084517879,59.070793533793065,36.610568480607284,60.88574769685186,259273.39378412368,78520.56547056127,-75629.55001968883,50.0,58.333333333333336,12,0,"(1, 1, 1)","(0, 1, 1, 12)",130.09644018980418,0.6892930001486093
1439,雋揚,建材營造,12,97.158,105.74,87.412,210.431,99136.274,65830.138,-43934.932,50.0,66.667,97.15812962826008,105.73976771097333,87.41216072680744,210.43075410338594,99136.273860061,65830.13845049181,-43934.93169773701,50.0,66.66666666666666,12,0,"(1, 1, 1)","(0, 1, 1, 12)",119.37249813930444,0.5934558000881225
6101,寬魚國際,文化創意業,12,98.014,99.849,66.652,313.248,102888.589,81087.173,-65.961,66.667,50.0,98.01383533873145,99.84874629800048,66.65220979478299,313.2478565495874,102888.58905314784,81087.17268851699,-65.96139381782025,66.66666666666666,50.0,12,0,"(1, 1, 1)","(0, 1, 1, 12)",218.44800525747604,0.6343811000697315
1438,三地開發,建材營造,12,98.048,190.148,99.386,94.546,208532.535,102878.699,-102869.15,50.0,50.0,98.04780178043332,190.14759962320866,99.38588458811081,94.54574650072978,208532.5354275317,102878.69868065674,-102869.15012592239,50.0,50.0,12,0,"(1, 1, 1)","(0, 1, 1, 12)",282.30262773402075,0.6832843001466244
4157,太景*-KY,生技醫療業,12,98.833,78.284,80.434,99.131,64446.335,21370.482,-16813.39,41.667,58.333,98.83293878104374,78.2844901958727,80.43447766833489,99.13099015847709,64446.3348590918,21370.48163106045,-16813.39010411289,41.66666666666667,58.333333333333336,12,0,"(1, 1, 1)","(0, 1, 1, 12)",189.19316766817985,0.5179651000071317
4168,醣聯,生技醫療業,12,98.94,158.139,98.147,88.873,6066.188,3121.63,-3047.945,58.333,83.333,98.93970130768453,158.13874235518338,98.14699929772814,88.87330293831063,6066.187941808926,3121.630026008537,-3047.9449114598265,58.333333333333336,83.33333333333334,12,0,"(0, 1, 1)","(0, 1, 1, 12)",251.813335601052,0.6834523999132216
6794,向榮生技,生技醫療業,12,99.259,79.282,76.778,144.797,3169.309,2490.0,749.833,41.667,66.667,99.25921004551041,79.28193592609965,76.77808756031668,144.79739615499346,3169.308862617632,2490.0,749.8333333333334,41.66666666666667,66.66666666666666,0,12,,,,0.0197449000552296
4909,新復興,通信網路業,12,99.509,42.753,24.69,76.487,58065.1,24593.196,20998.978,33.333,50.0,99.5085095964169,42.75348108512824,24.690250652157125,76.48700689512987,58065.100477735425,24593.19645172245,20998.97765218892,33.33333333333333,50.0,12,0,"(1, 1, 0)","(0, 1, 1, 12)",44.06234973331839,0.6309996000491083
4162,智擎,生技醫療業,12,99.543,37.905,22.898,75.334,219460.089,75603.869,72459.896,25.0,75.0,99.54251759447172,37.90547187796911,22.89833454335058,75.33395167180646,219460.08922501648,75603.8693465692,72459.89561733465,25.0,75.0,12,0,"(0, 1, 1)","(0, 1, 1, 12)",106.2346331106692,0.6233087999280542
1463,強盛新,紡織纖維,12,99.984,58.123,47.556,92.762,132776.228,67662.269,5377.475,50.0,66.667,99.98426651428083,58.122755423819136,47.556372229940806,92.76173420483399,132776.22788172646,67662.26935798717,5377.475478996418,50.0,66.66666666666666,12,0,"(1, 1, 1)","(0, 1, 1, 12)",73.79207778101926,3.64352299994789
3521,台鋼建設,建材營造,12,100.277,111.017,87.925,469.813,52281.158,20624.208,-17810.328,33.333,83.333,100.27734067734393,111.01723015949358,87.92534134260835,469.81345274606525,52281.157760590795,20624.20778601046,-17810.328042319565,33.33333333333333,83.33333333333334,12,0,"(1, 1, 1)","(0, 1, 1, 12)",110.1170121108768,0.6274016001261771
2596,綠意,建材營造,12,101.478,118.861,120.514,226.746,140547.051,112466.954,-26296.57,41.667,50.0,101.47775811154038,118.86094088660862,120.51375656103565,226.74632353116544,140547.0512595124,112466.95366703595,-26296.570422910027,41.66666666666667,50.0,12,0,"(1, 1, 1)","(0, 1, 1, 12)",197.94013936557872,0.6887497999705374
6219,富旺,建材營造,11,102.629,74.556,13.359,3415.136,811033.858,258461.954,-236882.046,45.455,10.0,102.62898459081822,74.55643607089122,13.358778625954198,3415.135594142658,811033.8582918012,258461.9543824394,-236882.0456175606,45.45454545454545,10.0,3,9,"(1, 1, 1)","(0, 1, 1, 12)",195.6709426979409,0.2666744000744074
9946,三發地產,建材營造,12,109.042,126.709,218.753,526.683,477355.971,162447.964,-120160.278,33.333,75.0,109.04170142617689,126.70940011110797,218.75279916637717,526.6831316868644,477355.9709281226,162447.96421452076,-120160.27814420841,33.33333333333333,75.0,12,0,"(1, 1, 1)","(0, 1, 1, 12)",144.17357711609142,1.4320541000925004
1805,寶徠,建材營造,12,111.247,134.818,97.125,3782.104,56815.466,26422.612,-16363.101,50.0,66.667,111.24724781106556,134.81818901069457,97.12515448296043,3782.103619594807,56815.46634364893,26422.611945725712,-16363.100575304117,50.0,66.66666666666666,12,0,"(0, 1, 1)","(0, 1, 1, 12)",222.7246452909788,0.4539324999786913
5455,昇益,建材營造,12,111.568,135.34,107.048,8222.403,499581.081,190064.011,-130868.94,50.0,58.333,111.56757556260332,135.3402599287591,107.0484688998087,8222.402623238555,499581.08087671763,190064.01145800087,-130868.94040876353,50.0,58.333333333333336,12,0,"(1, 1, 1)","(0, 1, 1, 12)",229.10732641710428,0.7687642998062074
2505,國揚,建材營造,12,111.617,169.271,99.232,5677.433,603589.94,405685.585,-286102.208,58.333,66.667,111.61738906626123,169.27089618187551,99.23245209774731,5677.433350544529,603589.9400315058,405685.5854596328,-286102.2080870021,58.333333333333336,66.66666666666666,12,0,"(1, 1, 1)","(1, 1, 0, 12)",111.5857584745756,0.4936179998330772
6535,順藥,生技醫療業,12,111.987,134.284,89.425,733.909,4995.97,3461.416,139.156,50.0,75.0,111.98671780206628,134.28407083359787,89.42506404087253,733.9089214815632,4995.9703406602885,3461.4161249970334,139.15637221882176,50.0,75.0,12,0,"(1, 1, 1)","(0, 1, 1, 12)",199.5211012420007,0.6076612998731434
6983,華洋精機,其他電子類,12,118.591,122.51,86.339,207.545,36967.27,30859.833,-5107.5,66.667,41.667,118.59094038717114,122.51009071504966,86.33858300735973,207.54541115969246,36967.26972156135,30859.833333333332,-5107.5,66.66666666666666,41.66666666666667,0,12,,,,0.0162076998967677
8087,麗升能源,綠能環保類,12,118.672,90.281,81.983,166.202,31175.193,24871.272,5624.275,41.667,58.333,118.67197107098642,90.2805697133666,81.98312801310723,166.2018193813533,31175.19337637149,24871.271697057335,5624.2748521434,41.66666666666667,58.333333333333336,12,0,"(1, 1, 1)","(0, 1, 1, 12)",147.02327403160854,0.635456700110808
2530,華建,建材營造,12,121.039,124.212,213.184,499.791,1159133.493,639400.256,-244125.995,16.667,66.667,121.03879724766655,124.21189211381073,213.1843573247523,499.7910312150888,1159133.493320943,639400.256400174,-244125.99537992608,16.666666666666664,66.66666666666666,12,0,"(0, 1, 1)","(0, 1, 1, 12)",214.60856905178937,0.4442571001127362
6692,進能服,綠能環保類,12,121.449,82.319,68.701,182.831,191296.421,148093.083,64599.25,33.333,58.333,121.44907846242059,82.31854993020106,68.70060905963187,182.8309711450695,191296.42110500482,148093.08333333334,64599.25,33.33333333333333,58.333333333333336,0,12,,,,0.0204155999235808
6171,大城地產,建材營造,12,122.736,171.932,954.451,26394.466,256615.612,120264.373,-64302.948,41.667,50.0,122.73596900823382,171.93158026098754,954.4512979382926,26394.465969508703,256615.61189110426,120264.37343233051,-64302.94842398781,41.66666666666667,50.0,12,0,"(0, 1, 1)","(0, 1, 1, 12)",273.16066471667057,0.8264426998794079
6186,新潤,建材營造,12,128.154,131.284,87.258,956.674,1269360.938,1009707.866,-52351.09,50.0,58.333,128.15358168610004,131.28362085264945,87.25826595857232,956.6742224550441,1269360.9376772821,1009707.8664161455,-52351.09012332192,50.0,58.333333333333336,12,0,"(0, 1, 1)","(0, 1, 1, 12)",259.64175822584,0.456397800007835
6901,鑽石投資,其他,5,128.462,119.624,71.189,255.655,210818.772,157276.8,2026.8,60.0,0.0,128.4622119996341,119.62361938239367,71.1886178702953,255.6553123322745,210818.7723074015,157276.8,2026.8,60.0,0.0,0,12,,,,0.0249222998972982
6919,康霈*,化學生技醫療,12,139.309,150.347,100.0,85.563,6681.042,4415.75,566.25,25.0,58.333,139.30909377711177,150.3471558351258,100.0,85.56261673614304,6681.0421654609145,4415.75,566.25,25.0,58.333333333333336,0,12,,,,0.0191023000515997
2528,皇普,建材營造,12,141.406,198.837,99.99,529.386,1960243.57,1446641.75,-578823.583,91.667,66.667,141.40603846766652,198.83674722581358,99.98987275595053,529.3856425283136,1960243.5699386739,1446641.75,-578823.5833333334,91.66666666666666,66.66666666666666,0,12,,,,0.0328406000044196
7803,雲象科技-創,生技醫療業,12,147.404,127.294,107.067,1947.58,30540.061,23806.083,3659.75,41.667,16.667,147.40380695861262,127.29397428495304,107.06720264884102,1947.5796808849427,30540.060784975525,23806.083333333332,3659.75,41.66666666666667,16.666666666666664,0,12,,,,0.0222388000693172
6405,悅城,電子工業,12,151.148,69.904,60.814,181.672,195.528,100.135,57.515,50.0,25.0,151.1475089085194,69.90387523264886,60.81416355094156,181.67179148270344,195.52779653131358,100.13522465189409,57.514881500398474,50.0,25.0,12,0,"(0, 1, 1)","(0, 1, 1, 12)",100.26268428032463,0.7992424999829382
6550,北極星藥業-KY,生技醫療業,11,155.916,92.062,88.727,825.967,8873.514,5925.955,3269.046,27.273,10.0,155.91635103556362,92.06219418581925,88.7270520406615,825.9669520997745,8873.514490572417,5925.9552764498585,3269.0461855407675,27.27272727272727,10.0,5,7,"(0, 1, 1)","(0, 1, 1, 12)",233.03689593097977,0.2824727001134306
3018,隆銘綠能,電子工業,12,157.619,103.09,210.914,228.497,67721.907,60173.833,38818.667,16.667,58.333,157.61905697403085,103.08965529320875,210.91443031060444,228.4971160962824,67721.90723958287,60173.833333333336,38818.666666666664,16.666666666666664,58.333333333333336,0,12,,,,0.0211462997831404
2888,新光金,金融保險,2,159.333,86.933,154.203,154.203,6541081.282,5898847.5,5898847.5,0.0,0.0,159.33342129896425,86.93268929224074,154.20316582599202,154.20316582599202,6541081.281604938,5898847.5,5898847.5,0.0,0.0,0,12,,,,0.0219235001131892
2258,鴻華先進-創,汽車工業,12,160.641,107.178,171.484,218.195,606616.708,555078.5,364511.5,16.667,33.333,160.64115213097975,107.17807614832626,171.48415956469404,218.19527079676698,606616.7076048378,555078.5,364511.5,16.666666666666664,33.33333333333333,0,12,,,,0.0233765998855233
3056,富華新,建材營造,12,172.288,90.835,77.169,435.454,1092859.615,582107.656,76280.752,41.667,58.333,172.28780422481321,90.83470552458289,77.16930438957091,435.45362837142363,1092859.6148084556,582107.6555490149,76280.75154701491,41.66666666666667,58.333333333333336,12,0,"(1, 1, 1)","(0, 1, 1, 12)",199.72144311071352,0.8498248998075724
4174,浩鼎,生技醫療業,12,179.972,95.563,102.991,221.184,12983.827,8784.861,5673.162,33.333,50.0,179.97155027394152,95.56321377610723,102.99143796271247,221.18386317542016,12983.827361379574,8784.86129774677,5673.161710279583,33.33333333333333,50.0,12,0,"(0, 1, 1)","(0, 1, 1, 12)",226.61762420707467,0.6388274999335408
2536,宏普,建材營造,12,198.704,86.258,78.336,158.181,4370221.653,1732089.016,837602.532,66.667,66.667,198.70388505506597,86.2579461672243,78.3362340540285,158.18079766607883,4370221.653339011,1732089.0158590523,837602.5317345938,66.66666666666666,66.66666666666666,12,0,"(1, 1, 1)","(0, 1, 1, 12)",165.15466066593106,0.5195547000039369
3188,鑫龍騰,建材營造,12,210.541,86.146,53.073,170.797,1064048.444,472983.024,346395.859,58.333,33.333,210.54140623313623,86.1460860045371,53.072765784804474,170.79735986819077,1064048.444218901,472983.02361445915,346395.8592321027,58.333333333333336,33.33333333333333,12,0,"(0, 1, 1)","(0, 1, 1, 12)",239.1678609677168,0.6530437001492828
4907,富宇,建材營造,12,215.151,139.34,105.645,6349959.019,531265.436,313219.316,75274.506,50.0,50.0,215.15123257432052,139.3404252401754,105.644953175547,6349959.019441735,531265.4358740707,313219.3158940216,75274.50644660015,50.0,50.0,12,0,"(0, 1, 1)","(0, 1, 1, 12)",241.04372711729195,0.45494329999201
3512,皇龍,建材營造,12,223.664,138.398,100.864,1272.375,585922.047,267172.71,195967.148,50.0,25.0,223.66376945379605,138.3979522654027,100.86402862548091,1272.3754631676657,585922.0469703058,267172.70975269395,195967.1475175986,50.0,25.0,12,0,"(0, 1, 1)","(0, 1, 1, 12)",176.02256635341715,0.3522263001650572
9906,欣巴巴,建材營造,12,230.61,149.128,137.519,80564.589,476622.71,249102.598,80313.042,50.0,25.0,230.61016148523473,149.12798030358647,137.51911498184043,80564.58930810439,476622.70985720935,249102.59815960113,80313.04191003075,50.0,25.0,12,0,"(1, 1, 1)","(0, 1, 1, 12)",258.26894619456846,1.3409885000437498
6838,台新藥,生技醫療業,12,244.887,191.314,100.0,168.908,2678.734,1937.667,507.0,25.0,50.0,244.88678251711428,191.313882532418,100.0,168.90779363336992,2678.733687148961,1937.6666666666667,507.0,25.0,50.0,0,12,,,,0.0199957001022994
1453,大將,建材營造,12,246.141,82.893,63.453,239.942,733.26,302.548,223.075,50.0,25.0,246.140928759555,82.89279711064131,63.45272407035323,239.94239829288966,733.2604288299523,302.54822493361974,223.0750937073237,50.0,25.0,12,0,"(0, 1, 1)","(0, 1, 1, 12)",231.50611736058468,0.6441088998690248
6547,高端疫苗,生技醫療業,12,261.298,84.989,80.936,279.214,324913.75,133517.25,112296.197,50.0,83.333,261.29813498966314,84.98886858941344,80.93623504241623,279.2136509321462,324913.7504051227,133517.25002323478,112296.19706252527,50.0,83.33333333333334,12,0,"(1, 1, 1)","(0, 1, 1, 12)",242.51754418705903,0.9310242000501604
2537,聯上發,建材營造,12,268.084,153.368,434.442,9526.809,578539.412,280515.734,135667.086,41.667,58.333,268.08400866417,153.36837284279196,434.44210250349784,9526.809427195833,578539.4115995545,280515.7343559493,135667.08632690628,41.66666666666667,58.333333333333336,12,0,"(1, 1, 1)","(0, 1, 1, 12)",239.66427299205708,0.9956323001533748
6576,逸達,生技醫療業,12,277.176,117.182,125.818,629.457,151803.612,99615.571,61160.917,25.0,50.0,277.17572771080376,117.18224518606218,125.81796122355628,629.4567047906738,151803.61233766412,99615.5706606243,61160.91669182157,25.0,50.0,12,0,"(1, 1, 1)","(0, 1, 1, 12)",249.30131324967616,0.9423510001506656
6785,昱展新藥,生技醫療業,12,311.297,200.0,100.0,100.0,1747.796,714.167,255.333,25.0,66.667,311.2967671630948,200.0,100.0,100.0,1747.796183769721,714.1666666666666,255.33333333333334,25.0,66.66666666666666,0,12,,,,0.0297572999261319
6875,國邑*,生技醫療業,12,314.753,160.497,100.0,89.668,37076.345,17644.0,8358.333,25.0,66.667,314.7529285841708,160.49671831728972,100.0,89.66761207217722,37076.34485760429,17644.0,8358.333333333334,25.0,66.66666666666666,0,12,,,,0.0220370001625269
4113,聯上,建材營造,12,507.334,152.718,363.494,8701.59,646926.057,257968.372,234052.397,33.333,66.667,507.33404966204955,152.7176116732065,363.4938320516847,8701.58985659923,646926.0570253617,257968.37201540952,234052.39698382394,33.33333333333333,66.66666666666666,12,0,"(0, 1, 1)","(0, 1, 1, 12)",231.38916020211536,0.4609758001752198
6934,心誠鎂,生技醫療業,2,528.031,145.057,528.031,528.031,59546.0,59546.0,59546.0,0.0,0.0,528.0305045668174,145.05724725943972,528.0305045668174,528.0305045668174,59546.0,59546.0,59546.0,0.0,0.0,0,12,,,,0.0154325999319553
4806,桂田文創,文化創意業,12,566.147,109.674,141.201,682.633,74094.165,38594.222,34325.072,41.667,50.0,566.1467200644149,109.67408600337546,141.20050327542216,682.6325701685753,74094.16488280543,38594.221906791165,34325.071795147094,41.66666666666667,50.0,12,0,"(1, 1, 1)","(1, 1, 0, 12)",188.4687237680477,0.5644453999120742
6212,理銘,建材營造,12,1397.843,126.017,89.616,1633.75,6556100.502,1974021.355,1836399.973,66.667,66.667,1397.843200898036,126.01742128848402,89.61582295442363,1633.7497640902793,6556100.502223818,1974021.3547455317,1836399.9734044408,66.66666666666666,66.66666666666666,12,0,"(1, 1, 1)","(0, 1, 1, 12)",215.99361422401796,1.0312283001840117
5514,三豐,建材營造,12,7848.344,31.417,18.294,7859.191,130664.64,37802.859,37797.348,16.667,33.333,7848.344365226712,31.417430562759368,18.29438171550885,7859.1908029658,130664.63992787356,37802.858692508664,37797.34765827971,16.666666666666664,33.33333333333333,12,0,"(0, 1, 1)","(0, 1, 1, 12)",179.42790072694592,0.4893068999517709
