stock_id,stock_name,industry_category,observations,WMAPE,SMAPE,MedianAPE,MAPE,MAE,RMSE,MASE,Bias,UnderestimateRate,DirectionAccuracy
5604,中連,其他,12,0.6713316305210562,0.6776706539142147,0.40660095804623253,0.6740779043172291,89.1729804821119,130.24793801836705,0.014454152333503193,-42.8336734267726,50.0,66.66666666666666
6722,輝創,電子工業,1,0.6970678395949933,0.6946467600135716,0.6970678395949933,0.6970678395949933,2897.0,2897.0,,2897.0,0.0,0.0
1623,大東電,電器電纜,1,1.4259816959653921,1.4362218261425181,1.4259816959653921,1.4259816959653921,8755.0,8755.0,,-8755.0,100.0,0.0
2433,互盛電,其他電子業,12,1.5506642087827793,1.5531108527958084,0.8954436630454955,1.553253212652979,3513.257195748008,4961.129829172974,0.13621987246475614,-58.941492196305866,50.0,66.66666666666666
6146,耕興,其他電子類,12,1.640670899056423,1.6482643292230652,1.6173046268886049,1.6441179235212318,6145.0467171936325,6888.958268979532,0.1451140839881876,-1462.3743875662185,66.66666666666666,41.66666666666667
6721,信實,其他,12,1.84284941135154,1.8252455147330453,1.2718719323788943,1.820931434849377,5569.398062672913,7887.983726508694,0.2310760375099993,-379.934918935789,41.66666666666667,75.0
5601,台聯櫃,航運業,12,2.0029860781508715,2.0024542306565567,1.8816074690462707,1.9998821233737498,156.2145533900516,193.2234971847755,0.37672046366086476,12.659371837201283,50.0,100.0
3293,鈊象,文化創意業,12,2.0465404101943343,2.033265095480467,1.7404300067093992,2.0479092770404788,37575.33977268991,44842.08081188289,0.16130955458845544,14052.289843501892,41.66666666666667,66.66666666666666
9925,新保,其他,12,2.0952471259780205,2.0614513357942776,1.3687928441114972,2.0189956952557746,14201.909783183548,22175.906081369434,0.59389469145946,-8199.135672753511,58.333333333333336,58.333333333333336
2762,世界健身-KY,運動休閒,12,2.221026445687182,2.294156941780535,1.5122123010694668,2.2531577228183313,20329.63437510603,26059.640687465897,0.9264418998096994,-14915.421048432132,66.66666666666666,83.33333333333334
8462,柏文,運動休閒,12,2.273369202597635,2.3802418408944637,1.7154016680695625,2.3713895960818148,11491.29403208704,14862.004336025284,0.16319297750693654,-4558.031695519549,75.0,50.0
2496,卓越,其他,12,2.3567634387038066,2.412338906017135,2.1434128496342066,2.4215598554209117,1710.2678760157717,2125.0701538962567,0.23449385321912794,-22.246558899099302,58.333333333333336,75.0
6257,矽格,電子工業,12,2.371851613472968,2.378830278324386,1.8113418397832086,2.4009597739036255,38714.935363342716,52323.68120792243,0.15300824863691406,6385.522861718743,66.66666666666666,58.333333333333336
6592,和潤企業,其他,12,2.405523712654357,2.4468951767658162,1.7136619440338567,2.41872894433371,47517.340262051766,67763.98353922194,0.13181922033465368,-7636.379078382607,50.0,66.66666666666666
2492,華新科,電子零組件業,12,2.607239668399883,2.6642810996944837,1.5516680923820774,2.6407962609502107,79227.2346995346,95768.76713990816,0.15483503564779796,-18912.553750715877,50.0,83.33333333333334
6184,大豐電,其他,12,2.646490102425194,2.63158884445217,2.918609245942774,2.6204625643804778,4759.134632206015,5514.9949264117795,1.4409735972495412,-356.1124255067819,41.66666666666667,75.0
5871,中租-KY,其他,12,2.658624484219473,2.6424786499166433,1.9672507573857356,2.649410871149088,216162.5144610599,245856.54299285848,0.3013593371981912,54595.26972307932,33.33333333333333,83.33333333333334
6525,捷敏-KY,半導體業,12,2.75544709819402,2.869916648452368,2.0065631514096607,2.847509958348929,12229.38604561876,15218.263295747121,0.21254975286597408,-2227.449683963981,50.0,66.66666666666666
9941,裕融,其他,12,2.8118082770696544,2.794710273143482,2.865039152036343,2.7975372763171285,92924.08695163678,109635.2595897694,0.36654597039898257,-1005.4796339531118,50.0,75.0
9917,中保科,其他,12,2.9088434444116706,2.9271694273910684,2.676436311829628,2.9443505641242878,46068.975309367896,56922.21528238855,0.5551086245563315,4548.811956646755,50.0,83.33333333333334
2753,八方雲集,觀光餐旅,12,2.942563249588325,2.9469840228774675,3.0923163376288585,2.961366008132901,21557.019743464723,22930.76074598442,0.3950448930047797,2988.857704996238,50.0,75.0
9908,大台北,油電燃氣業,12,2.9885281877112546,2.9320626011783033,1.9676306190406976,2.9225929745387584,8402.829762746796,10676.56589995969,0.28925735201007496,-1193.5524919148472,50.0,58.333333333333336
5312,寶島科,生技醫療業,12,3.0180639128343616,2.9691934108413083,2.2024509339744385,2.9096202180028072,10532.145181777852,13804.87621164293,0.3620413622858012,-6699.841814083488,66.66666666666666,66.66666666666666
2912,統一超,貿易百貨,12,3.0502502803353067,3.1096167499730116,2.563740492408913,3.1536115021429176,891523.5729760745,1208008.2488501954,0.5607898800140714,-14567.20348761417,50.0,83.33333333333334
5903,全家,居家生活類,12,3.1120221605928653,3.215309742313962,2.2817728023000923,3.242553024871072,285378.018206144,377750.59837968333,0.5034347922874612,-54767.68637938696,75.0,66.66666666666666
3467,台灣精材,半導體業,11,3.1240737026512293,3.119080871126453,2.8350915296307786,3.1225817513820533,1600.090909090909,1946.2573173798335,0.638581977019259,-169.1818181818182,63.63636363636363,0.0
2945,三商家購,貿易百貨,12,3.1980236527006776,3.300424490612385,2.472860444294314,3.339750025220995,39452.36282612799,53931.54784277048,0.5693991219047754,-5490.243719762734,66.66666666666666,66.66666666666666
6770,力積電,電子工業,12,3.2171745954189936,3.2258087855232596,2.797486229450865,3.177387131851838,125282.44097290355,157519.6291517472,0.08727860610227385,-70626.62307237845,66.66666666666666,66.66666666666666
2755,揚秦,觀光餐旅,12,3.2266124795262905,3.3297499674830693,2.8246645187069195,3.289493701086487,8186.676803334621,10372.071301798102,0.3554125201499683,-2479.7172895693607,50.0,91.66666666666666
2640,大車隊,數位雲端類,12,3.2886825156173063,3.4214256513226182,1.7160785359772561,3.415427332197154,8583.82586140665,12919.527307937004,0.395712311636572,-1482.973147828178,58.333333333333336,83.33333333333334
6929,佑全,生技醫療業,12,3.291802353218755,3.315336621732592,1.775067146886377,3.3106335590001033,8837.948914172703,11398.386947605772,1.0055306551075451,1054.5665666462326,33.33333333333333,58.333333333333336
5287,數字,數位雲端類,12,3.326831486747682,3.3520615859586975,2.6481143424788094,3.3332267311067114,6428.333904538372,8417.527855298444,0.48826093357976125,448.53897630498494,41.66666666666667,91.66666666666666
2850,新產,金融保險,12,3.3727357304177272,3.2878012632900715,2.7456918887226562,3.274424993407284,60602.30775057309,80899.31134121065,0.6018291510986374,-2332.281694563086,50.0,66.66666666666666
6294,智基,文化創意業,12,3.414047840577792,3.647507005930697,1.3030513193474282,3.8176923778873717,2767.3901940540854,4286.169275699781,0.48011094736950494,1829.4353688489875,41.66666666666667,91.66666666666666
5607,遠雄港,航運業,12,3.417278031579976,3.4306022832969534,2.5261767948195817,3.394474863326776,11798.28909515113,14286.553395192905,0.23908348853396313,-4997.094456241331,66.66666666666666,50.0
9937,全國,油電燃氣業,12,3.4429986635727903,3.413033322835371,3.2366278681234215,3.427207873782855,64679.300667550335,76714.67889563851,0.31262930792838156,11902.070009884346,33.33333333333333,75.0
2441,超豐,電子工業,12,3.460374743316667,3.513761776239034,3.704105577846252,3.5091342409637982,48342.04938065078,60302.29143887761,0.1729019290304601,1431.3862120060173,41.66666666666667,58.333333333333336
8081,致新,電子工業,12,3.484678696764105,3.4410904282011128,2.4429938117029826,3.4890972326200482,25164.24422131774,33767.77039089988,0.19942290345101962,5760.680636927816,41.66666666666667,83.33333333333334
6138,茂達,半導體業,12,3.4947391228776006,3.696699005677028,1.6299401910986215,3.5472412864450775,21794.617276457288,33020.47397379584,0.17868742639508425,-17249.61461358352,75.0,66.66666666666666
3711,日月光投控,電子工業,12,3.5017433472374093,3.587190609411862,1.2940871737826425,3.5174845285648106,1883318.4332344055,2779048.315862564,0.30395573868551096,-554614.7152117038,41.66666666666667,83.33333333333334
4951,精拓科,半導體業,12,3.550893836843509,3.5652953799971048,2.431890302179476,3.6203813088992463,1599.8078729386853,2100.8706943272796,0.23536264625838024,548.2805139560691,41.66666666666667,66.66666666666666
4128,中天,生技醫療業,12,3.587175026916877,3.670145982644721,2.6438629571563204,3.7128623337120032,5662.026955610822,7957.41375575563,0.3257760023482521,-248.895781021621,50.0,91.66666666666666
6464,台數科,其他,12,3.6141897774199245,3.598612730569104,3.806721792115178,3.633704123056991,13407.939307221322,15559.007512582084,0.3848457308883472,2152.402095903919,50.0,66.66666666666666
2412,中華電,電子工業,12,3.621446387509729,3.615985665355386,2.1903323745861667,3.7369590143878293,712563.0612600371,1083884.225269323,0.8584621819751707,164060.68825223483,58.333333333333336,75.0
6469,大樹,生技醫療業,12,3.6773753025518956,3.6902145777980886,3.31477309042178,3.6893738957260407,57840.103085291594,64207.64938752822,0.3233804530703926,-2070.7645837267823,50.0,91.66666666666666
6147,頎邦,半導體業,12,3.695098753983623,3.6750656256674166,4.136323653799163,3.680277575290624,66062.52746519588,77845.13778044742,0.24289941860703737,10357.132199162908,41.66666666666667,66.66666666666666
4205,中華食,食品工業,12,3.7294445406501135,3.8023959279427073,2.703821808986341,3.814910854367035,6389.716381034399,7879.375176996318,0.7431789972283656,-482.0174989113123,50.0,75.0
8070,長華*,電子通路業,12,3.741569791526488,3.829612616280959,3.3987547726209675,3.7690207652790484,60338.36288355539,75392.19806053101,0.23868696139342596,-20828.434058288385,50.0,50.0
3388,崇越電,電子零組件業,12,3.759251419602295,3.762634240942294,2.7214671871477405,3.7123592470244446,23091.77199803907,29653.04499948441,0.2201796064382029,-1289.276143368518,41.66666666666667,58.333333333333336
1210,大成,食品工業,12,3.7639736850447156,3.7539204492123557,3.9214714466405205,3.7341751935945333,321755.26692880894,367977.72740039317,0.3677276825215067,-70608.95507538148,50.0,58.333333333333336
3044,健鼎,電子工業,12,3.7667949203097058,3.759690495883336,3.2218075359438236,3.7372019481665615,230400.07943925713,292357.66043561127,0.40151289791690004,-17197.21526525356,58.333333333333336,83.33333333333334
3264,欣銓,半導體業,12,3.76901893583394,3.829223805550768,3.810095108624844,3.743943747528051,44061.27929133994,50442.77432625242,0.3361844668736798,-36904.73119986304,83.33333333333334,66.66666666666666
1259,安心,觀光餐旅,12,3.7702839111756004,3.8274406465752775,1.2534171146988793,3.8817421950386914,19050.46226925874,28645.534270887452,0.5450812774883717,-2007.1995030101243,41.66666666666667,83.33333333333334
3023,信邦,電子零組件業,12,3.8245321448579443,3.786915610564395,3.5171598282974177,3.8249752068156595,99870.78555354495,123911.90900053026,0.33538666093780467,30305.656823440648,33.33333333333333,41.66666666666667
1108,幸福,水泥工業,12,3.8376665797881655,3.8739794318881895,2.911529319511541,3.9863910471329844,14233.854175546576,18043.81752389951,0.2017953707514567,9901.646885293952,33.33333333333333,75.0
4116,明基醫,生技醫療業,12,3.8428798870190426,3.7822016384928596,2.4276407679640157,3.7770274284866256,16826.744506092447,24381.48274709599,0.2738035333706164,-2874.9408981834663,66.66666666666666,83.33333333333334
2481,強茂,電子工業,12,3.8546675797107492,3.795418671426709,1.8258997631310625,3.713664999710426,42066.39203747927,60757.27913961815,0.30498657488481123,-12198.217629495417,41.66666666666667,91.66666666666666
8028,昇陽半導體,電子工業,12,3.864251345569568,3.901790123151885,2.4526533304227605,3.981855952354553,14521.817914136982,19348.60701287269,0.35060230858232977,4557.538740490646,50.0,66.66666666666666
6182,合晶,半導體業,12,3.866607169953773,4.134334049535063,2.247932646907799,4.021301182633872,31492.416638402687,43485.31630306975,0.1867717101804063,-15141.745149165907,58.333333333333336,66.66666666666666
2303,聯電,電子工業,12,3.905708172851158,3.917029372260661,4.902888602724154,3.921735235686355,773177.8923510313,908010.5721035574,0.24772513173767488,22923.360266559448,50.0,83.33333333333334
3592,瑞鼎,半導體業,12,3.9263531389828037,3.9162860001933995,3.465084629238873,3.9383871224120437,73282.66233956529,87122.1660310876,0.13294617245865978,32755.903460823483,25.0,66.66666666666666
6173,信昌電,電子零組件業,12,3.9311604128245103,3.945225349777427,3.3659175586743104,3.8916604314105743,13270.673730998533,17043.549526499533,0.16822841251358941,-1921.6673819954642,33.33333333333333,75.0
2049,上銀,電機機械,12,3.9316490878886765,3.9157477511998136,3.789988264535467,3.9279519976155246,79493.85891843187,90973.80857427049,0.22249495129000152,3291.0361088456507,50.0,66.66666666666666
6831,邁科,電腦及週邊設備業,3,3.9558719875147106,3.8780560121563576,2.293915447938203,4.001988829669696,12403.333333333334,16830.796119019444,0.17896518517811066,6385.333333333333,66.66666666666666,0.0
2613,中櫃,航運業,12,4.031010242178203,4.074873703261173,3.3909863000656215,4.116478251696084,11312.264352727114,14268.068081839323,0.6286660893537797,1729.6146348896145,41.66666666666667,75.0
6530,創威,通信網路業,12,4.048310095954602,4.126916196986877,2.480670358426317,4.154078802987252,1105.7857819347598,1561.7761061258382,0.40064867942553545,28.881545797026774,50.0,75.0
2723,美食-KY,觀光餐旅,12,4.072085218455749,3.9568872667712798,3.221034299325857,3.999994464063197,61505.480967660165,81831.04584075949,0.4382597967227022,25600.468439032633,25.0,75.0
3189,景碩,電子工業,12,4.105617629269758,4.328497046872881,3.1245470849337575,4.197593285984355,134633.7945572389,171638.2105660436,0.19419170762480267,-72805.44998434633,58.333333333333336,50.0
2947,振宇五金,居家生活類,12,4.138504841214754,4.276490513198059,2.9122122178718772,4.3927839363402725,7929.733946187041,10741.632083320234,0.5907760927079768,1521.1039471646193,66.66666666666666,91.66666666666666
6961,旅天下,觀光餐旅,1,4.152101267382232,4.2401284815936755,4.152101267382232,4.152101267382232,10785.0,10785.0,,-10785.0,100.0,0.0
6170,統振,通信網路業,12,4.158742498049324,4.136592647915357,3.8861591094679397,4.172082136635321,11047.07910031207,12382.06545520685,0.20279122131339464,3864.075821964451,33.33333333333333,66.66666666666666
6278,台表科,光電業,12,4.177328959389078,4.2571475755458925,2.583876303776058,4.203423495053852,173628.6417491393,227770.40226391115,0.1630400824759112,-43464.60902845103,58.333333333333336,75.0
3402,漢科,其他電子類,12,4.181351543595332,4.2231228697015055,3.424154100512063,4.248528352934679,18278.79917958471,24530.084910105972,0.27649277216970825,-163.94455107739972,41.66666666666667,41.66666666666667
3130,一零四,數位雲端,12,4.246085217403738,4.3962526326112865,4.1028554239407065,4.373302170378556,9463.239508814666,11513.559619215888,0.5254874613622215,-1218.4420026383912,50.0,75.0
3037,欣興,電子零組件業,12,4.271024590521412,4.340600899806538,4.13254624821445,4.272249809324052,467110.8619197658,553915.5170128202,0.26658607424067055,-165898.05256715245,58.333333333333336,41.66666666666667
3596,智易,電子工業,12,4.272828981196306,4.4198332748435405,3.193537030278971,4.281247640327442,188630.98940407785,264146.66245610925,0.37247244428829046,-75425.82014747355,58.333333333333336,33.33333333333333
2493,揚博,電子零組件業,12,4.282846351928768,4.292049076487759,3.9485504616786025,4.235905549254318,13447.088247700109,17463.63948740926,0.4845673421211519,-1251.1771371096936,33.33333333333333,66.66666666666666
2402,毅嘉,電子零組件業,12,4.309733749346455,4.334718558588672,3.919664921304475,4.280771981643016,38963.4947527633,51012.37245011987,0.38101783084720436,-3011.214597733895,41.66666666666667,58.333333333333336
8021,尖點,電子工業,12,4.32102114430762,4.18619486171781,3.571378910130054,4.082723338177846,15880.127193829676,21039.86211371228,0.3075782924802785,-12206.121152578891,66.66666666666666,66.66666666666666
6664,群翊,電子零組件業,12,4.325977943960677,4.265345815132435,3.9913944498671547,4.171486117754028,9280.866561414356,12211.495527221565,0.45359452106580717,-4536.0523427381095,58.333333333333336,58.333333333333336
3587,閎康,其他電子類,12,4.371252507941337,4.502820358443739,3.7551783082597905,4.464778630056791,20200.093317629144,26691.863383625707,0.4850015666414382,-6066.63311749413,66.66666666666666,66.66666666666666
3028,增你強,電子通路業,12,4.381286808790236,4.267625624148661,2.242027009419341,4.1063174230476776,151314.68793223507,215772.73442873245,0.2533721483151122,-105359.86719747055,50.0,100.0
6154,順發,電子通路業,12,4.397459231612989,4.446450827668671,4.823433431529589,4.427578216844805,14389.3770913321,16637.406062905175,0.2663676099285361,-3198.8284059609337,66.66666666666666,66.66666666666666
7716,昱臺國際,航運業,4,4.409763706358689,4.263070513096585,2.168419906437222,4.449395037830511,6643.75,9945.249783187952,0.28183211202146097,2992.25,75.0,0.0
5234,達興材料,電子工業,12,4.422865074859157,4.56690625997119,3.487702900576491,4.506314299254572,17064.069517126063,20712.11958020445,0.3598310165453406,-2683.155816427878,58.333333333333336,75.0
6548,長科*,半導體業,12,4.453800430894531,4.554438167023445,4.436288440473656,4.53270616662938,49838.761698780894,58546.97869550035,0.30594775477341457,-7766.991455713093,50.0,66.66666666666666
2105,正新,橡膠工業,12,4.469431977937571,4.5121982737245325,3.1775387363216354,4.580216093051868,338017.6281919791,456472.5110817663,0.366204067043701,83111.47887857747,50.0,66.66666666666666
2385,群光,電子零組件業,12,4.494034040717411,4.468681445557143,3.991894512324384,4.542858432370768,358253.2260514008,423746.27782452974,0.39029719383615663,121810.33767328357,41.66666666666667,66.66666666666666
6844,諾貝兒,生技醫療業,12,4.5001546015662655,4.479103146469157,4.223213036956726,4.446854260633634,12923.682739544884,15407.231314179257,0.9461658901166391,-2487.131866441021,50.0,75.0
6615,慧智,生技醫療業,12,4.503944239919441,4.450380116165561,3.2235276940240754,4.509439524259777,1447.6652641686399,2039.2791004076207,0.4496247089286851,-108.27112088024144,66.66666666666666,66.66666666666666
2901,欣欣,貿易百貨,12,4.5168368619402415,4.657458935325048,3.671176007873362,4.7234316113681585,492.1432523848539,678.8022020319744,0.28052274313863,-38.53814496431536,50.0,58.333333333333336
8424,惠普,建材營造,12,4.553493185251268,4.765331693949279,3.3194406190894954,4.554143146767972,4105.577444351064,6647.911498114787,0.3852721355399695,-923.9262521930372,50.0,83.33333333333334
3551,世禾,綠能環保類,12,4.560316343135662,4.597415087963772,3.289262367950864,4.548530082589383,11370.027723841087,13531.361580697609,0.6423634627518832,-3490.0134561110704,66.66666666666666,41.66666666666667
1732,毛寶,化學生技醫療,12,4.562615310097435,4.548624966979687,3.537146194735774,4.58168555272014,2573.6990550168866,3303.1997319764278,0.49071502140238127,-62.41711206399062,50.0,66.66666666666666
2352,佳世達,電子工業,12,4.575790678425855,4.525142221690243,3.833994375999461,4.548499203737089,793913.0478288257,949434.2791601687,0.3806463657742474,101584.18979148334,50.0,75.0
6672,騰輝電子-KY,電子零組件業,12,4.586872462821392,4.684403947501767,4.6784079147751445,4.688422795475583,16284.142609791152,20303.270517270426,0.13851188476875212,-4602.548849765551,75.0,75.0
4953,緯軟,資訊服務業,12,4.5889162046727625,4.576959399194363,4.784285637720128,4.534897635451833,44373.144744770914,51687.694404489914,0.4834750717301928,-18778.308092669602,66.66666666666666,58.333333333333336
3317,尼克森,半導體業,12,4.621855371084563,4.601545122747854,4.171632049987934,4.673140538504963,10423.866847260288,11907.21343519407,0.3157485214444983,2759.402372409813,50.0,83.33333333333334
3714,富采,光電業,12,4.623043099410962,4.561919828737956,4.976266182315301,4.586499402734789,85460.09150938333,102989.04979981174,0.14157066621912331,11054.7199153736,50.0,50.0
3227,原相,半導體業,12,4.624955866230977,4.5705740450018775,2.66906025895569,4.846687882753839,35176.95953122596,58078.17563855258,0.1772388970145535,16647.900726145424,58.333333333333336,75.0
9951,皇田,電機機械,12,4.663452697487272,4.590546529414591,2.771500383873305,4.625439199671534,24576.706612604423,33594.71749593226,0.3256844718670506,5642.534757771388,33.33333333333333,75.0
4111,濟生,生技醫療業,12,4.683855427694972,4.711867989640605,3.255557491895346,4.77229095136528,5372.694432594646,6494.212442125254,0.5412355842718127,1988.007722381175,25.0,83.33333333333334
3532,台勝科,電子工業,12,4.69618672535882,4.889535577209758,4.086041174562392,4.704307887616074,48270.11921107185,69894.30189831152,0.27176786940300063,-25668.72632110503,75.0,50.0
2002,中鋼,鋼鐵工業,12,4.697800419558525,4.584039313407468,2.8980334554373663,4.7603864780000835,1241610.1102369956,1767320.3228701507,0.18842770927581662,546049.2357810804,41.66666666666667,66.66666666666666
3221,台嘉碩,通信網路業,12,4.722898416882488,4.697620303066721,3.176105757168015,4.61747557214861,8780.47819803006,11104.786662483133,0.16781301885178637,-1882.577053229783,50.0,50.0
2608,嘉里大榮,航運業,12,4.727327586137306,4.68975994126953,3.119704560117129,4.804827742706545,50570.232303134864,70530.51558156639,0.6267894924850622,15417.872618475114,41.66666666666667,66.66666666666666
2610,華航,航運業,12,4.7302845149045325,4.70645093744191,3.3250900123015223,4.783853143401725,824213.8796746569,1141425.25236945,0.29369806830029993,103264.11195441708,33.33333333333333,91.66666666666666
4766,南寶,化學生技醫療,12,4.732790035486379,4.824238520713545,3.557297904737962,4.873232051694369,91501.79843822891,115590.37438486534,0.3956406252930083,11364.960184580239,41.66666666666667,58.333333333333336
4104,佳醫,生技醫療業,12,4.743227290713673,4.8104644818740026,2.8301719392323723,4.807866107796718,34739.41644063398,48607.54805609718,0.6542630907717711,1305.054236338823,58.333333333333336,66.66666666666666
4121,優盛,生技醫療業,12,4.744890744380541,4.766149305906798,3.7592110109472205,4.855042323313459,15023.743609856489,18034.72536749071,0.39828648912454145,3602.1868194595495,41.66666666666667,66.66666666666666
3045,台灣大,電子工業,12,4.750525024046333,4.236560496000832,1.964300057152739,4.141232249107877,786863.4378630285,1410831.4131220775,0.6858957282857272,-70818.81490405386,33.33333333333333,91.66666666666666
4207,環泰,食品工業,12,4.756880727084352,4.819318144312382,3.740611420080933,4.779326255249696,20475.15667154008,26696.03704182408,0.4869632884868717,1280.8347396852962,25.0,50.0
2926,誠品生活,文化創意業,12,4.7725116784568185,4.7187065552610115,4.60381410332019,4.690509708696832,27728.105928460045,33243.853664604496,0.42959248155123914,-3531.146613033765,58.333333333333336,91.66666666666666
1303,南亞,塑膠工業,12,4.77444129673689,4.822664715422371,2.321129002428737,4.807524199810344,1034075.8734894112,1417468.956638049,0.17897593626317018,137717.4767320389,33.33333333333333,58.333333333333336
6498,久禾光,光電業,9,4.777453644256542,4.966342265158199,2.4942859982112693,4.7993100258206605,5200.555555555556,7326.282921403216,0.7565879170533434,-1923.2222222222222,66.66666666666666,0.0
9926,新海,油電燃氣業,12,4.791888810981491,4.7225185194386485,4.130341881546664,4.677217936901329,9862.605652151966,12498.298900473053,0.7682860367942212,-1407.6120113407985,50.0,91.66666666666666
3707,漢磊,半導體業,12,4.799907881692976,5.068346185456742,4.72518640705637,4.980284694069969,23063.44537368417,27738.569348500674,0.21665511159297923,-13787.817619968104,75.0,41.66666666666667
8284,三竹,資訊服務業,12,4.8122891050367995,4.847166554367406,3.5986850099042025,4.893455036686854,11858.883939132977,13945.78034458206,0.6055640889895205,-271.23482000215637,58.333333333333336,83.33333333333334
6168,宏齊,電子工業,12,4.820271123685179,5.060908853400249,1.4322521207448098,4.810839626017407,8320.028973036804,13686.406140235598,0.2290023714626773,-2777.7569028725216,41.66666666666667,66.66666666666666
1225,福懋油,食品工業,12,4.83915132545379,4.743638445851229,3.345083524871261,4.747761490717125,49174.66537454492,62879.09158510938,0.31496031408644715,2311.550829821024,41.66666666666667,66.66666666666666
2114,鑫永銓,橡膠工業,12,4.845460908033786,5.4367784444418525,1.672391772508223,5.4369536217698196,6443.978461594133,11049.166972639056,0.32996055044541356,-1700.5169846660513,58.333333333333336,75.0
6679,鈺太,半導體業,12,4.85161154279272,4.685876269287573,3.105087987238385,4.771833171355616,7947.299534950565,11306.366019426385,0.15214768990997482,573.567524508709,66.66666666666666,66.66666666666666
3710,連展投控,電子零組件業,12,4.871420072115681,4.775433225204718,5.12185423512147,4.867080757314829,28194.73202209006,32792.035272400164,0.33025110415283593,12958.470940387051,41.66666666666667,66.66666666666666
3016,嘉晶,電子工業,12,4.8817711020526815,4.90629755103999,4.5196306300061595,4.815154150820723,15831.98236193018,18611.1127294733,0.2480553159437865,-7790.243233762604,66.66666666666666,16.666666666666664
2206,三陽工業,汽車工業,12,4.890055055079468,4.853472488568228,2.147046540799709,4.981145267609726,255285.7601803327,386498.50820592424,0.3713602372228369,73553.52973585296,41.66666666666667,83.33333333333334
8358,金居,電子零組件業,12,4.893207826291224,4.9485944459126046,4.080076070152281,4.847671555412608,32131.987250188453,39008.22883153396,0.23600832474058267,-14999.864237452537,66.66666666666666,66.66666666666666
2430,燦坤,電子通路業,12,4.8950006285847,4.824387362457969,2.5038634838664406,4.993488364164619,72107.17328037573,113550.91579974197,0.3887472386989738,10179.472410802962,33.33333333333333,75.0
1103,嘉泥,水泥工業,12,4.902787517814688,4.94383969750425,4.67621984363719,4.943796311634382,12319.712217795954,14043.943565775384,0.46831265189896837,-210.60282651368956,50.0,50.0
1443,立益物流,其他,12,4.912847465644327,4.84074959452346,4.387616914086314,4.928463560718246,4018.459490484222,4738.7295766570205,0.2512214982844053,2118.246710233668,25.0,66.66666666666666
2612,中航,航運業,12,4.953493345333119,4.873191369054116,3.9735485327215367,4.899974144959074,20199.780338444867,26122.823276548806,0.4029475412117122,4556.6962129006715,33.33333333333333,83.33333333333334
4720,德淵,化學生技醫療,12,4.9636997179817195,5.066698562269761,3.908859632262671,5.151782557238501,14866.735661162733,18742.09506320286,0.42864241986911517,3823.0676048261134,50.0,58.333333333333336
1560,中砂,電機機械,12,4.966176869247688,5.1355056801196195,4.705143171895731,5.100552308446617,33726.59418656633,42971.850830951254,0.5768940605215943,-2403.786936078832,50.0,58.333333333333336
2836,高雄銀,金融保險,12,4.987499475913223,4.9971467258297775,5.418922981575744,4.975545854422133,20869.87983824164,24777.377759742576,0.6004188907865884,-246.57306300583392,41.66666666666667,75.0
2059,川湖,電子工業,12,4.997919876215192,5.536301757220117,2.7313026307568817,5.275426515565379,72889.05539447076,107695.776212878,0.38362724131384857,-33439.97401389569,58.333333333333336,50.0
2393,億光,電子工業,12,5.005555761951374,5.009038861317382,4.521785232728208,5.108198795144032,81913.30047015216,104559.11849086941,0.3175663479357158,26841.24239259091,50.0,58.333333333333336
7769,鴻勁,電子工業,3,5.041307888911422,5.042609045638295,3.448801303642199,4.870022498034335,155870.33333333334,188614.93592413794,2.7323667182939935,-155870.33333333334,100.0,0.0
2642,宅配通,航運業,12,5.044269710418149,5.124466555014246,2.603255098376713,5.223149206487549,15985.374783476955,21385.192223099755,0.6414609846852808,4110.740503139042,50.0,83.33333333333334
8150,南茂,電子工業,12,5.066542235928468,5.094687349400489,4.331017710702207,4.973471058221791,101047.54056521035,122809.18384525963,0.3463280990357293,-62780.04252934289,83.33333333333334,75.0
6284,佳邦,電子零組件業,12,5.081464518537577,5.159333535950283,2.607706648932764,5.1962164522063485,32265.195119492186,46089.5310987197,0.4517920220007161,553.1053256303809,50.0,91.66666666666666
2458,義隆,電子工業,12,5.09386751741993,5.028058368994887,3.534443273958132,5.090937615571995,52324.00338423683,65167.79087602756,0.16059210212119154,8932.520287259927,50.0,66.66666666666666
1905,華紙,造紙工業,12,5.097019906573204,5.076166453286564,2.924339211585705,5.203005816137305,79713.10559456679,116108.09371363389,0.34890577680638785,19530.40595509046,33.33333333333333,58.333333333333336
6906,現觀科,數位雲端,12,5.100911758604227,5.577881872629511,3.8609105917895596,5.74388254592759,1480.0210452394188,1906.7258158777333,0.1995876147826743,147.59165115234555,66.66666666666666,100.0
2812,台中銀,金融保險,12,5.105773596273904,5.179676666666606,3.5898947006149067,5.18275095099132,87412.68204670389,114679.77148197379,0.5916710808802127,-15606.756752932968,58.333333333333336,58.333333333333336
3646,艾恩特,電子零組件業,12,5.114446479841009,5.169301126378132,2.4350266075948186,4.9491733420186375,2836.8513391670785,4394.405945945695,0.29126678199381345,-1272.2447401860652,58.333333333333336,66.66666666666666
3152,璟德,通信網路業,12,5.131345412524561,4.855210103756083,3.374485839346027,5.032481616046891,6097.590582066467,8084.494793189447,0.11812565998035453,4547.720514624388,25.0,50.0
2332,友訊,電子工業,12,5.133756154789911,5.145114618455081,4.287860138888449,5.128797727078152,57190.6938401392,66764.58886885943,0.40223278690178454,-7858.888622436643,58.333333333333336,83.33333333333334
2633,台灣高鐵,航運業,12,5.136632546368794,5.16537992637453,3.288391022002113,5.198046102629719,233924.1980820025,322894.4599382014,0.28373626732115537,10179.777342258642,58.333333333333336,83.33333333333334
8110,華東,電子工業,12,5.142433531378055,5.115333914299028,4.705539673468633,5.043662397539174,31349.303293986897,37564.220207801656,0.2400983502903984,-6993.264133842556,50.0,58.333333333333336
6741,91APP*-KY,數位雲端類,12,5.149766201569843,4.813578535097752,3.095523464230219,4.687448533080716,7752.908644385879,11733.43952699503,0.4988389151272444,-2771.7553644405757,50.0,91.66666666666666
1218,泰山,食品工業,12,5.153703177563038,5.140271898653007,4.3820382234888084,5.0846400050442035,43451.777682842694,58271.951276952415,0.5536964543754405,-6610.038209115261,66.66666666666666,66.66666666666666
2832,台產,金融保險,12,5.16209081962421,5.256009787111958,4.462380520685006,5.219826487639779,31418.80336735943,37652.40482204861,0.3815186784213738,-6766.595761081825,58.333333333333336,83.33333333333334
4175,杏一,生技醫療業,12,5.173581439591696,5.030640886605787,4.131730937856122,5.017393908340326,34547.193647374836,46071.92563397378,0.7103783209462092,-1063.2390993062581,41.66666666666667,91.66666666666666
2395,研華,電子工業,12,5.181079901346408,5.242929183700597,6.28265000193067,5.170734394368118,306039.317598467,370735.5521631173,0.4476974058373651,-58062.85531794489,50.0,58.333333333333336
1215,卜蜂,食品工業,12,5.189825267777525,5.190244721347929,4.973833736650455,5.161018693076149,122962.6252162495,134677.0004497133,0.653926652893943,-21534.57118233344,58.333333333333336,41.66666666666667
3218,大學光,生技醫療業,12,5.206596907801021,5.118378175566442,4.571725658650491,5.106396433805075,18240.81763977464,24679.812434890795,0.3990954190351403,-710.5836859772049,50.0,100.0
9939,宏全,其他,12,5.210566162769138,5.221243822982332,5.299294811253414,5.359506166787436,125387.35072201549,143569.2416357178,0.6257534498281901,63002.070892771044,41.66666666666667,66.66666666666666
3038,全台,電子工業,12,5.217104961664966,5.187012088186771,4.150097813761045,5.335274168273182,13088.581628488238,15687.074007481684,0.2481921438793798,5244.058419577576,50.0,58.333333333333336
6449,鈺邦,電子工業,12,5.221845492310717,5.510473357360234,2.7825426173975036,5.5405755549939695,19471.687437822507,28018.224705512774,0.41651953941204384,-1140.0997925386255,50.0,83.33333333333334
8464,億豐,居家生活,12,5.228314929133202,5.164884086962275,4.189597989060936,5.2096188840601885,130572.80406906498,166007.00050565848,0.4860705448388101,26908.240176834126,33.33333333333333,75.0
3484,崧騰,電子零組件業,12,5.236542567804289,5.04923285107725,3.3659476577709464,5.276523612662749,20203.60671617514,27180.172400901756,0.1668349767052337,16590.11791179277,25.0,75.0
3605,宏致,電子零組件業,12,5.242249756117573,5.221032708702588,5.4827549085000395,5.256615842717075,47440.425028995734,61784.407434736066,0.34420080403515535,19016.163285358198,41.66666666666667,83.33333333333334
6931,青松健康,生技醫療業,12,5.249639831112886,5.308113139411469,4.182016755822765,5.144053004476298,4907.083333333333,6156.206008303057,1.4872442643880233,-2821.4166666666665,66.66666666666666,8.333333333333332
2618,長榮航,航運業,12,5.259280542173861,5.3690758704214945,3.9414219595510143,5.37363156504001,965662.5353729647,1227775.4873507584,0.2524501526301078,5024.956507375154,50.0,75.0
3289,宜特,其他電子類,12,5.266795598021491,5.183099081916695,5.216446618571303,5.197089828146703,21254.0526889001,25556.226099403753,0.5914691035918614,-934.960484810872,50.0,83.33333333333334
1216,統一,食品工業,12,5.270614154927116,5.297181558279782,3.2462919606268277,5.387098169143309,2955337.2185117346,4414394.581541359,0.7916990703662533,217134.9190688239,50.0,83.33333333333334
5285,界霖,半導體業,12,5.306777197099352,5.481489227598773,3.267328832413235,5.382688337993461,23652.40325838709,30988.20392823058,0.3287406237392293,-6557.330293091174,58.333333333333336,66.66666666666666
6925,意藍,數位雲端類,9,5.350363689964082,5.452955640579055,3.647304433255557,5.210791655868558,988.1111111111111,1353.8566722105,1.1928410630890436,-776.1111111111111,66.66666666666666,0.0
3413,京鼎,電子工業,12,5.353230259412833,5.178670972697043,5.0863429740603205,5.26050007548986,92975.38939723065,108279.41867333837,0.36581082217088023,37521.25304423863,25.0,66.66666666666666
1232,大統益,食品工業,12,5.375887375951489,5.341965286551797,4.565980862925674,5.373906683272964,96376.53900570673,111626.4932112256,0.4633460832364837,3574.9394778670007,50.0,50.0
7751,竑騰,半導體業,6,5.391588454533301,5.555202188410217,5.273725897175954,5.411111073657866,9477.666666666666,10121.469442065547,0.9099885174174276,-7044.666666666667,83.33333333333334,0.0
2301,光寶科,電腦及週邊設備業,12,5.402798575984668,5.408710768511769,4.744166407554846,5.345652155433658,747785.0974829885,893578.9884583778,0.5048581955415435,-113221.62144584784,50.0,66.66666666666666
2614,東森,其他,12,5.4131676243783255,5.461875862803265,3.882144858937367,5.468310088095627,24690.039450309163,30468.27182300174,0.4671520341104378,851.1229195659398,50.0,75.0
8415,大國鋼,鋼鐵工業,12,5.421376319915451,5.422846888340497,4.282941390464111,5.418821788564936,104583.57632150418,130486.86955167235,0.3313705602081399,-10565.635458358467,50.0,66.66666666666666
1432,大魯閣,運動休閒,12,5.4734298975227444,5.360667274335417,3.4280186173856184,5.460848786552338,6028.850757565447,7736.469725294777,0.2884525746075903,548.3188116069941,58.333333333333336,75.0
6271,同欣電,電子工業,12,5.476669078937695,5.502623187537956,5.017244903678383,5.464743078193707,52683.07378273151,60874.96807400134,0.3038452798419975,1654.3427470609313,41.66666666666667,41.66666666666667
5434,崇越,電子通路業,12,5.509463819810235,5.51656408724903,4.402902868835353,5.65964479147665,310290.84904960287,410439.5052025333,0.5053264411969695,57301.480511110196,58.333333333333336,75.0
4904,遠傳,電子工業,12,5.516321055972659,5.383835292279135,4.070708390825295,5.365143503681099,507253.65666590026,645313.8091810881,0.9082469319930953,-72210.13465426909,50.0,58.333333333333336
8421,旭源,其他,12,5.535790128534393,5.588866719481234,4.816724886797987,5.391570951201677,5409.288097780501,7472.327749734963,0.43913060374223223,-2361.7705685427864,50.0,50.0
2880,華南金,金融保險,12,5.549109024644665,5.558435198248112,2.281907384218579,5.448244558189536,321372.9959988545,472249.8218207733,0.5969905771934972,-39503.76507310934,33.33333333333333,83.33333333333334
2106,建大,橡膠工業,12,5.563088222768655,5.565127140374082,4.083533972268597,5.508999423293607,157418.5637265722,196243.2669080309,0.49274211607292767,-13243.67475289832,50.0,66.66666666666666
2330,台積電,電子工業,12,5.58606664906947,5.688726789302242,4.66082062920193,5.771010847694311,17731359.19442899,22113586.58564106,0.44489905698602455,1235078.3824122448,50.0,83.33333333333334
4747,強生,生技醫療業,12,5.592745199667544,5.638946077430463,4.980239487080647,5.681872290284251,2655.4913482541465,3154.72994467536,0.40523056297566296,-177.90276688500308,58.333333333333336,83.33333333333334
1219,福壽,食品工業,12,5.601525306217668,5.567317547593706,5.4953163967516625,5.552463243165294,67256.2073291841,73744.03636600234,0.4689415502196494,-3210.451898661869,50.0,66.66666666666666
1201,味全,食品工業,12,5.611565066361851,5.590193996298638,3.4990957030271357,5.799636103778438,102140.22962578427,142982.2428242273,0.8198302475197051,30858.270689158177,50.0,91.66666666666666
8240,華宏,光電業,12,5.6226054521284485,5.514354282998945,3.5312459809900396,5.794922100302407,33438.028206189534,47409.54564437781,0.3631830906881656,16319.685108263686,50.0,41.66666666666667
3653,健策,電子零組件業,12,5.6267388571622705,5.740914114682927,4.9105717157591755,5.718747417785135,95071.14746440468,123222.12242224092,0.48712362540527576,23573.36569005699,16.666666666666664,83.33333333333334
5009,榮剛,鋼鐵工業,12,5.639316106973688,5.94500567673552,3.4095788940168035,6.028341463960759,54327.59706550465,79327.43339788927,0.3028437158735026,5077.606546243934,50.0,50.0
6504,南六,其他,12,5.6435940665274895,5.471752432578378,4.903412273898103,5.653444940681677,31108.661540468325,40736.42180685556,0.22198927498896023,16456.330258644037,41.66666666666667,58.333333333333336
8111,立碁,光電業,12,5.643781798577581,5.774292036083481,4.879262143357614,5.78006959416872,4011.872885215876,5236.051769886235,0.3015026054869679,201.8859294218746,50.0,66.66666666666666
2327,國巨*,電子零組件業,12,5.647712609010449,5.641449880769101,6.291124266638434,5.608006598574646,625625.4395659672,769522.4249455084,0.35615265895991577,-248997.32266516113,83.33333333333334,58.333333333333336
8261,富鼎,電子工業,12,5.655406048205858,5.685194400676371,4.28261781986251,5.777090596273093,14629.555176326867,19733.245170643684,0.22231888348218723,2996.8879504302677,41.66666666666667,66.66666666666666
2852,第一保,金融保險,12,5.655673057699887,5.67651887265482,4.8519226955603605,5.715381924944837,35638.08321236254,42497.42199620848,0.6180605965766099,884.7377351542527,50.0,41.66666666666667
9910,豐泰,運動休閒,12,5.665256354464952,5.716657600798494,3.8543977388015986,5.9340819472860815,394264.18247914437,557493.7690435157,0.37366574369054434,19948.897344653185,58.333333333333336,75.0
6474,華豫寧,電子通路業,3,5.71075804823524,5.689582360181609,5.939573983945389,5.736890647391438,17745.666666666668,17967.987282942962,1.2853254542265522,5216.333333333333,33.33333333333333,0.0
4911,德英,生技醫療業,12,5.75776175030497,5.692834892881258,4.9957668142308185,5.936267364920727,1483.2570044960632,1904.237051280547,0.31803535303676717,975.3209088284126,33.33333333333333,66.66666666666666
6239,力成,電子工業,12,5.769404625566864,5.843808713013012,5.606503649865939,5.718103017982426,360247.9711654831,382565.59677207563,0.41921490187969873,-273878.79938845284,83.33333333333334,33.33333333333333
4923,力士,半導體業,12,5.771276238263947,6.292916894764235,5.1944794283601725,6.024534442358812,4322.469479600761,5402.555436941467,0.1974744410867791,-3142.305649924965,83.33333333333334,25.0
2369,菱生,電子工業,12,5.77198873343731,5.883293727335142,4.292017758444004,5.697246796336416,26733.802757281253,36033.57169517822,0.26595782579652677,-20086.02865329554,91.66666666666666,66.66666666666666
5481,新華,其他,12,5.774556021456771,5.633593418531065,3.6935616189828386,5.786088121267219,463.7834668633006,641.8008862488197,0.7964837043568349,58.80699118247063,41.66666666666667,66.66666666666666
6803,崑鼎,綠能環保類,12,5.775753629808192,5.727536587812795,3.3899950797065324,5.8629197569837945,46343.47272234288,62603.556734401674,0.7303629750451925,9893.063235098865,41.66666666666667,75.0
3675,德微,半導體業,12,5.785557549020988,5.496132722037384,1.8024978131139353,6.051090583422212,12711.988476325254,23286.055779446397,0.3481459644633295,10803.967062562277,33.33333333333333,66.66666666666666
5904,寶雅,居家生活類,12,5.812860885040537,5.739142952155749,5.061314985605518,5.819171109666362,122650.59447028808,158927.71186916862,0.7086688653032768,-1469.4185636873397,50.0,50.0
3005,神基,電腦及週邊設備業,12,5.815655101060912,5.842992107549813,4.051630201128691,5.619017059489708,191179.21265371257,300826.18779956945,0.6805012220483202,-44808.023627791124,50.0,83.33333333333334
9904,寶成,運動休閒,12,5.836440751752081,5.641236115660489,4.248863201111748,5.9164231810750225,1222735.2178218744,1870674.7378952587,0.3871748934509056,406673.43532941863,33.33333333333333,91.66666666666666
3034,聯詠,電子工業,12,5.8375071447343645,5.7705239142953415,5.8127345522616976,5.727494195172737,489684.8519261868,636582.5148977581,0.19115465117626726,47114.53146149273,41.66666666666667,41.66666666666667
5452,佶優,其他電子類,12,5.855684459459064,5.488222590776095,3.3501736322215843,5.73006206265365,23930.152415196582,34613.07076220778,0.2612758254875769,13765.690356185849,41.66666666666667,75.0
6902,GOGOLOOK,數位雲端,12,5.866451488617269,6.169155921999591,5.771593389543623,6.105231036544134,5124.267155954003,5804.966446170857,0.5590926998538069,-1489.4982177468264,66.66666666666666,50.0
4927,泰鼎-KY,電子零組件業,12,5.877749292956616,5.748444413712747,5.635253689043868,5.894783263134731,56858.54493289933,65544.01122585707,0.28741686307640646,26707.362207182538,41.66666666666667,50.0
1513,中興電,電機機械,12,5.882342372224969,5.873928552721722,4.539363956463589,5.993887659644287,134542.75336171288,167140.71711700218,0.43658143140842237,19637.679945491585,50.0,83.33333333333334
4106,雃博,生技醫療業,12,5.902564364844471,5.860709716292821,5.147083129219917,5.849114518630646,11826.432068242393,14456.857469020966,0.4107232766601416,-1726.956484272511,50.0,58.333333333333336
1717,長興,化學生技醫療,12,5.916272920840011,5.747002481656182,4.44762400123411,5.91557309321511,200584.85859700837,269368.84701395995,0.3697232409784668,50631.894178931136,41.66666666666667,66.66666666666666
1476,儒鴻,紡織纖維,12,5.936018530520656,5.887882529875343,3.8379293646082893,6.12510170713116,187923.22158822135,260333.2486159968,0.28699341592546884,73491.41274297606,50.0,83.33333333333334
3010,華立,電子通路業,12,5.9399837362468775,5.919487176272311,4.008396069260808,6.142332033693787,387035.77729098214,526076.2599683299,0.5050882702838608,108651.41031458562,50.0,83.33333333333334
6916,華凌,電子工業,12,5.9527808716913055,6.085794954485487,6.103477205256234,6.035590587651499,10070.27971543437,12183.774506190222,0.5098072169490103,-4196.662120987222,83.33333333333334,75.0
9930,中聯資源,綠能環保,12,5.9640535984247975,5.879263543708155,5.5954715101035415,5.996824924057811,69537.80838016394,84655.02983713747,0.6746818979845632,20379.943054215313,50.0,66.66666666666666
6118,建達,電子通路業,12,5.968047933670258,6.106550463396809,3.8890466366336764,6.28432236425535,49866.59644770881,62335.8623292111,0.5314313039136735,5625.652779665727,58.333333333333336,58.333333333333336
2355,敬鵬,電子零組件業,12,5.9915723686488365,5.998124949424203,6.546218873899219,5.995153548164009,78653.69221754612,90109.3497913126,0.46296405400914264,-1203.5017696223222,41.66666666666667,58.333333333333336
1907,永豐餘,造紙工業,12,6.01090785558796,5.862363922914597,5.099776342752002,6.120344012436312,368859.23533090815,504298.90643034707,0.5343769853529151,147847.6890463164,50.0,66.66666666666666
8289,泰藝,電子零組件業,12,6.013074301960618,5.853558233809219,5.352757339738404,5.934456000686582,8658.531352003443,10066.29861490002,0.2209398240313176,1914.8839313343062,41.66666666666667,83.33333333333334
9935,慶豐富,居家生活,12,6.0159881508927855,5.947935893483891,4.831873526087711,5.932619807862177,24773.57349923316,33862.43242872775,0.24916315939261668,7335.829857133416,41.66666666666667,66.66666666666666
1737,臺鹽,食品工業,12,6.020074553320037,5.944388995506053,6.457951966563535,5.9148259660404605,16585.99268624154,18939.493030696634,0.3753412275731114,-1807.8719265363663,58.333333333333336,75.0
2732,六角,觀光餐旅,12,6.031611416905756,6.171847098432304,5.768232763972811,6.0242662209719775,21614.108616824964,25320.977179092,0.48239982832358425,-11141.096899205737,58.333333333333336,66.66666666666666
6834,天二科技,電子零組件業,12,6.034360517991637,5.8245045583590125,4.031514973266705,6.121271142106286,7195.386567554523,9554.281024164977,0.28619950509286196,6083.113321666806,16.666666666666664,83.33333333333334
4138,曜亞,生技醫療業,12,6.05122460533984,6.026214871584429,4.87272885698193,6.070357613320225,6992.996861417563,9199.502869506136,0.4250705969978073,282.4334651323018,58.333333333333336,58.333333333333336
1402,遠東新,紡織纖維,12,6.055466707113499,5.939794873283467,6.620362739778675,6.0120668453187145,1280553.162694649,1486252.6680973226,0.5798154292513195,285879.13793030503,50.0,83.33333333333334
6781,AES-KY,電子零組件業,12,6.072833248280741,6.29580590216043,6.097011531231319,6.173645475744375,80975.21926090788,93584.85558601787,0.2674837096670263,-8015.4256763618805,41.66666666666667,58.333333333333336
9918,欣天然,油電燃氣業,12,6.109795231963102,5.735654464490123,4.9714280304553835,5.69255258491932,10442.770363542853,15486.08847107092,0.6971617800817835,-139.88265788218146,33.33333333333333,83.33333333333334
1231,聯華食,食品工業,12,6.116335474274398,6.124380417934603,2.8581640751244306,6.651801571476064,65583.07482286317,108160.67188044921,0.8391633378291686,20101.341624700523,50.0,91.66666666666666
9911,櫻花,居家生活,12,6.119937105460471,6.038184965582428,5.886403371168096,5.961293837744351,52399.946986208066,63534.11443236649,0.6848517923509793,-16183.641040013152,66.66666666666666,83.33333333333334
2012,春雨,鋼鐵工業,12,6.121138439118296,5.932608753443012,7.1709570586242455,6.1483459855446645,42376.99337947621,50276.88066804794,0.2420638133847827,33338.036927244415,8.333333333333332,75.0
2504,國產,建材營造,12,6.13491731818505,6.173253885138913,5.117212247167599,6.121804750882389,115197.00402366767,144314.60417016706,0.6276370857621344,6286.8846003877115,41.66666666666667,75.0
6411,晶焱,半導體業,12,6.135574451716542,6.2798421738634795,6.536077172011866,6.323820303074361,12558.396047347613,14408.959137820286,0.18516188585004015,2816.4578875421284,41.66666666666667,50.0
2010,春源,鋼鐵工業,12,6.141639311816601,6.434760992298534,2.8697007338094256,6.747508592829667,124076.76504287495,195633.82251775384,0.3786676049098679,47089.492819765095,33.33333333333333,50.0
2449,京元電子,電子工業,12,6.141684423001288,6.466166538567494,4.661868351260652,6.121412175121957,178792.34609033246,235420.56186316555,0.45712521410720014,-135175.68242794936,75.0,66.66666666666666
3265,台星科,半導體業,12,6.152233013464434,6.175114205020444,7.091718531752256,6.123057999691278,23828.54180354315,27151.273895037473,0.4331136847127468,-4370.243324877029,50.0,50.0
8044,網家,數位雲端類,12,6.1545839271437774,5.707112321046835,3.9166055561786846,5.6836810377514135,189083.30715818531,266544.4761194323,0.5639353304573106,-28664.426729810348,58.333333333333336,91.66666666666666
1326,台化,塑膠工業,12,6.172623015806238,5.873691142321075,3.1682048356610135,6.086469055237412,1476460.1713329821,2043645.9639714567,0.28352442707310344,678542.9849284204,50.0,75.0
4968,立積,電子工業,12,6.185137148882736,6.535599532345635,4.764312801665012,6.706655855370261,19388.667969064732,26726.132288258275,0.136285778581126,1578.6477409375536,58.333333333333336,66.66666666666666
2377,微星,電腦及週邊設備業,12,6.215126555851313,6.383650262096895,4.642172174602083,6.236770076238506,1192249.2136600586,1483524.7117577752,0.4224320436249623,-314981.5700549145,58.333333333333336,75.0
2617,台航,航運業,12,6.2298975673752945,6.271359468013917,8.171642502566767,6.215001605140936,22322.953388675236,25649.904038193836,0.5091079088801104,-4757.586159110782,50.0,58.333333333333336
2849,安泰銀,金融保險,12,6.2356507347157395,6.198962656084551,5.350432062760014,6.06511653185406,29953.208122987668,37532.09058162309,0.6225579156781089,-8670.080202950174,58.333333333333336,91.66666666666666
2323,中環,電子工業,12,6.25600446008257,6.414134054643885,4.537985403416131,6.39529681572767,37435.50319549599,45162.39888027697,0.4211872427389765,-464.59550579283194,41.66666666666667,75.0
8182,加高,電子零組件業,12,6.265839985267046,6.154266530299768,6.644891207639963,6.139523693095139,14991.345899817316,17632.234936508514,0.3726958245407,851.8233321920901,41.66666666666667,66.66666666666666
6412,群電,電子零組件業,12,6.284642029420835,6.216541209873514,4.913383956979868,6.486511699518389,180430.7476526443,232654.04792844213,0.5819336279581576,102852.96352797614,33.33333333333333,75.0
1504,東元,電機機械,12,6.302713686158419,6.393063117128338,5.477931350050922,6.349834745195445,310252.46254589775,363251.5373005918,0.762324127894486,-63757.697382289996,58.333333333333336,58.333333333333336
6279,胡連,電子零組件業,12,6.31609612498662,6.20898760956686,5.2214106030380485,6.3949204033249964,51704.09448389765,66623.90014948622,0.5512304720633983,12883.578915738772,58.333333333333336,50.0
4535,至興,電機機械,12,6.3199977544439,6.1901152472552186,4.748073657828751,6.455849047013366,13265.264486723709,17311.889105019814,0.3399406633766213,5905.082511059937,50.0,83.33333333333334
8917,欣泰,油電燃氣業,12,6.325235155402785,6.156434710543988,6.682489079783735,6.250849492379223,16327.535076783759,20131.35285431788,0.7334759074935709,5878.56095129211,25.0,83.33333333333334
3158,嘉實,資訊服務業,3,6.326609267785738,6.492848147554725,5.852723630480006,6.2671780477562296,6128.333333333333,6483.043549650632,1.7204554664472334,-6128.333333333333,100.0,0.0
6790,永豐實,造紙工業,12,6.357547785153472,6.412706835719456,5.841864833576183,6.452155331632454,56397.25011666526,64572.715652042156,0.7826126699434747,11231.542913667965,33.33333333333333,75.0
8074,鉅橡,電子零組件業,12,6.366729181546129,6.461635197301424,6.019564306970793,6.339303104146217,6937.6921489395345,8731.9964963119,0.5280646299105642,-1461.123054434749,41.66666666666667,91.66666666666666
1788,杏昌,生技醫療業,12,6.379184466433719,6.352969612205149,5.066035756798611,6.335375464524519,22743.036563807163,28443.177787681532,0.4785290873139496,-959.3317277500901,50.0,66.66666666666666
8213,志超,電子零組件業,12,6.38062515328943,6.55160243318392,5.10791298649762,6.417392784285168,97666.9637307459,128423.87784846516,0.28521341120250143,-44614.90213301068,75.0,83.33333333333334
5244,弘凱,電子工業,12,6.382637541389398,6.779126634903678,5.454270730224509,6.588189005085915,4477.292582533835,6448.928559369745,0.24009066669502688,-579.7324120275553,50.0,83.33333333333334
6230,尼得科超眾,電子工業,12,6.392059698204804,6.401187802562822,5.34195540074268,6.250319384134986,48439.71021269715,58957.03571717401,0.30706436251872765,-15144.044707654248,50.0,50.0
8463,潤泰材,其他,12,6.402634062660091,6.493609620585674,4.267392186882152,6.558051823978679,38531.47863135927,48740.4215949767,0.48550559185288233,7067.647658037759,33.33333333333333,66.66666666666666
1722,台肥,化學生技醫療,12,6.414217721205956,6.483697485051422,5.392255688660671,6.580631620358086,64609.89127792703,74451.92570414777,0.20686887464653192,12204.702185860971,33.33333333333333,83.33333333333334
3533,嘉澤,電子零組件業,12,6.418169474727706,6.258727049290382,3.4868102836821504,6.1703636582299195,181056.46460952645,252036.5544824227,0.4785094952588029,-16127.857820992242,50.0,66.66666666666666
2948,寶陞,居家生活類,12,6.42008521701182,6.449145162358998,5.741163458468174,6.539910696395583,11452.522515076676,13100.53174799351,0.8665329960260144,2489.8066350625136,33.33333333333333,58.333333333333336
2611,志信,航運業,12,6.427796136832684,6.231411103650586,7.479744786491019,6.384032775791139,3600.1657642657406,4577.858443275031,0.23574059932076571,1057.39837245808,33.33333333333333,50.0
6792,詠業,通信網路業,12,6.431468827057898,6.347504346760595,5.989604245341278,6.3920061160283055,7053.970694828833,8319.316499197292,0.3244632928860118,654.0341088993433,50.0,75.0
2383,台光電,電子零組件業,12,6.433706204299108,6.586294601007754,6.640435863850172,6.576526197642164,505271.04169472476,554537.225509962,0.5217586383326908,-59029.1864419058,58.333333333333336,66.66666666666666
3481,群創,電子工業,12,6.436011587289975,6.470021987588402,6.5805020789978395,6.338109713430453,1216137.7975879293,1548760.4328157501,0.2553082444237142,-306742.96876083873,41.66666666666667,75.0
6542,隆中,文化創意業,12,6.437908097214839,6.562883009499688,4.639440004194494,6.242901053142025,4742.662042285985,6292.669088129361,0.4591676724676988,-3638.506207286795,75.0,50.0
1203,味王,食品工業,12,6.4514584725625035,6.22470383033351,5.749349576268094,6.487101879040627,30217.884191543024,36829.90557320685,0.7675882313999057,22279.013929478646,16.666666666666664,66.66666666666666
1434,福懋,紡織纖維,12,6.462714592327645,6.315469985680545,5.322310824945628,6.439863730747482,148611.58693254847,187993.72194863163,0.2838222863784163,36951.06353014583,41.66666666666667,50.0
2207,和泰車,汽車工業,12,6.475631705938286,6.582318485183379,4.976968409070675,6.684993790891529,1492581.5621903958,1970230.762409204,0.6081391218231547,33781.05287448844,58.333333333333336,83.33333333333334
1240,茂生農經,農業科技業,12,6.494690982919722,6.4297187040823784,4.077157684309868,6.366872822276654,14850.29494869046,19330.624686380906,0.39303307891154743,-1645.6489905205235,50.0,83.33333333333334
3362,先進光,光電業,12,6.513973838212103,6.380825792402741,7.1321595929987645,6.395382495979709,23436.148781088526,27517.118842259842,0.45490279677168033,-480.42298785313324,50.0,66.66666666666666
6526,達發,半導體業,12,6.515986223327936,6.274294514425908,5.5060243099840855,6.576930355565263,113628.99860556162,149901.84815538305,0.6219156450047664,81050.83918856388,25.0,75.0
3303,岱稜,其他電子類,12,6.561506692732287,6.623933945878218,7.26278296908518,6.727923328464046,16444.344182803023,18780.92123482369,0.42468030791559835,3654.462960997376,50.0,66.66666666666666
2066,世德,電機機械,12,6.565104954627128,6.617765765192803,5.046118796316546,6.603007410621651,13975.05138218204,17328.087372037124,0.4912086898724492,-1168.4381335340538,58.333333333333336,91.66666666666666
3042,晶技,電子零組件業,12,6.578720557813593,6.591454563375356,6.219612166417608,6.587818752029078,73182.2411940987,81189.95618904848,0.342240623676338,2207.9708893280963,41.66666666666667,91.66666666666666
5478,智冠,文化創意業,12,6.580696925132348,6.576989340934038,6.794381416244516,6.515992169065014,35706.13215519225,45993.35026088964,0.4200325758550378,-11768.583907555663,58.333333333333336,58.333333333333336
2337,旺宏,電子工業,12,6.585616938828625,6.506185337971239,5.536912203176376,6.298969085117317,158493.76534093052,196378.9593376174,0.20803135821532462,-90609.36632495333,66.66666666666666,66.66666666666666
6689,伊雲谷,數位雲端,12,6.585715966377179,6.416676719022692,4.829775785742703,6.707378289528114,68465.97579382268,89874.65420890148,0.426231352290053,40445.23052819242,50.0,58.333333333333336
2428,興勤,電子零組件業,12,6.618375442923654,6.649613964573087,5.491553351413647,6.638955512362273,44330.30339579355,54073.21691655165,0.6555852477580488,8818.930523871435,33.33333333333333,58.333333333333336
4426,利勤,紡織纖維,12,6.633898305156894,6.711044621930186,6.74153622759783,6.542488027516148,4870.320666719635,6057.01909232669,0.09799439214252902,-1381.9086340298345,50.0,75.0
2329,華泰,電子工業,12,6.644989300363677,7.080627185036141,5.080596839263409,6.814681909928985,108996.15915894222,136715.8667226611,0.5179928839487763,-53102.28619216095,58.333333333333336,58.333333333333336
2228,劍麟,汽車工業,12,6.652719206032351,6.656681044031214,6.108350252702566,6.631531910443305,27472.093501080977,31525.53419600166,0.4714404710860003,-2012.059116560534,50.0,75.0
2027,大成鋼,鋼鐵工業,12,6.6640933857271865,6.922600032391747,6.85227014891418,6.836119404577936,565795.4508500032,681026.2323835021,0.33578035370404974,-197683.0025879366,75.0,41.66666666666667
1731,美吾華,生技醫療業,12,6.666283853455693,6.517630230309152,4.436654844212564,6.662542882229629,8799.844666463821,11335.889900146121,0.5833306560177414,225.48385322194977,58.333333333333336,83.33333333333334
3624,光頡,電子零組件業,12,6.679308292797911,6.9432700748358185,5.902461200119951,6.810686409520121,14891.295195183184,19651.76894156263,0.3064584133417714,-2420.1773845713374,50.0,58.333333333333336
2892,第一金,金融保險,12,6.687001736281129,6.6765196190216844,5.115129762150783,6.694609554001247,432246.45483286487,536034.2646864329,0.7377970463849026,-49218.64694940912,66.66666666666666,75.0
3444,利機,電子通路業,12,6.68834915387536,6.572800087659887,5.016702456378842,6.570626192567673,7106.582773715775,8790.991718433286,0.4292690533719372,-186.63482175853883,50.0,50.0
3004,豐達科,鋼鐵工業,12,6.6929338600174475,6.926394070295696,6.983244642227833,6.982907934755903,22616.75094488119,25375.567788216227,0.3714708708899266,-4169.124013346896,75.0,58.333333333333336
3372,典範,半導體業,12,6.710623157615286,7.165281313422904,5.49392111343686,6.770363149278151,6146.215012572124,8313.239886829879,0.1761041431745827,-4783.231331290223,66.66666666666666,91.66666666666666
4555,氣立,電機機械,12,6.732236889963445,6.768421541915201,4.354970362871717,6.808305604955094,8954.879288987468,12337.739423430356,0.3159638891613465,822.8336481343891,33.33333333333333,66.66666666666666
5608,四維航,航運業,12,6.741348197013614,6.733779413231044,4.964270752203617,6.99977870686437,17886.515810467357,24248.203199934553,0.11439312134766892,5859.3199890913775,41.66666666666667,58.333333333333336
6277,宏正,電腦及週邊設備業,12,6.744827413982661,6.666390196773227,6.327816045731664,6.655303559581966,27655.42239728729,30183.576912117034,0.7293261349071627,-1216.8951114173299,41.66666666666667,91.66666666666666
2752,豆府,觀光餐旅,12,6.744918370369149,6.660552926881172,6.069559071560554,6.874010778308169,22889.762950001164,30526.924443319363,0.45439741287837004,3605.5363714194536,50.0,66.66666666666666
3048,益登,電子通路業,12,6.7459426005189185,6.9289699416562645,5.718182435290074,7.112257371484966,649704.7000707212,849437.7505148776,0.5949000963695077,38486.62060396047,50.0,75.0
2845,遠東銀,金融保險,12,6.746059175040128,6.803692875011618,7.601903523164346,6.691857613253265,72343.91782259737,85676.82188505771,0.497353033246053,-22056.717642241583,50.0,75.0
1702,南僑,食品工業,12,6.753096569996023,6.834055123808948,6.292466773094928,6.8928953413760805,130361.84371816892,147390.39604732714,0.9468812494091576,29309.831737617787,33.33333333333333,66.66666666666666
3665,貿聯-KY,電子工業,12,6.762771896961873,7.009830111951644,6.050501544914859,6.872339754747063,401271.80379320774,500031.2187453647,0.5374763284798495,-169749.7757771054,66.66666666666666,75.0
2375,凱美,電子零組件業,12,6.769446164702625,6.7491793165257095,6.187396518958063,6.807527942986093,31283.25231778577,36649.161631653515,0.2842636713546247,-361.30369584177,58.333333333333336,58.333333333333336
2908,特力,貿易百貨,12,6.774333845165785,6.550048954694719,6.074400740932854,6.704522882290746,191988.2397953273,246891.98556323125,0.4996746259995141,49903.172503400165,41.66666666666667,66.66666666666666
1307,三芳,塑膠工業,12,6.776255031588168,6.760212440457601,5.2830681057852145,6.797833768610066,61070.67660007437,69589.21845953613,0.4164639804576538,148.79892962605422,50.0,75.0
2486,一詮,電子工業,12,6.789237382298155,7.209226538717963,5.781948025915297,7.08552634148817,34204.4212130243,42669.01981981085,0.4433239252277972,-664.9731195715625,33.33333333333333,41.66666666666667
6491,晶碩,生技醫療業,12,6.789997921169783,6.873345244450109,6.961175916071579,6.800105917376971,39831.31039688655,46324.21303794448,0.5284585915980765,-9179.155717332169,58.333333333333336,66.66666666666666
1708,東鹼,化學工業,12,6.790328094401191,7.015205328943621,4.626800898021981,7.0678021154453,34837.33691699917,49902.145591520144,0.25866766962666304,764.7894810040403,41.66666666666667,58.333333333333336
8046,南電,電子零組件業,12,6.800629127379766,7.388940377018622,5.552468377281154,6.992603295619734,227668.00493994672,275540.2274387312,0.21627760882315794,-189623.8534452638,83.33333333333334,58.333333333333336
5609,中菲行,航運業,12,6.801240750644025,6.6760947025772,6.522216221956059,6.985778019983122,166094.761007761,209650.8563739409,0.1666512005703637,109191.89353774539,25.0,66.66666666666666
6121,新普,電腦及週邊設備業,12,6.805874730562941,7.053721109786783,5.80881844616666,6.829013400044885,465916.7594664329,543592.7880692189,0.545092142543227,-200864.36246216166,58.333333333333336,66.66666666666666
3217,優群,電子零組件業,12,6.814235940458276,6.977148051432577,5.437114526849668,7.021652667836276,23556.87610999371,27955.79871850238,0.48274844287399854,-206.27386344747597,58.333333333333336,91.66666666666666
6290,良維,電子零組件業,12,6.814886752707201,6.959529702186969,5.489983509106315,6.845890516337809,57667.821580589276,68314.08929913407,0.6985139197112651,-12296.78230043494,50.0,66.66666666666666
1712,興農,化學生技醫療,12,6.82284304063802,6.896662527687914,5.219191298291515,7.020388556856556,105813.5509497986,125532.06841624643,0.5569174857373458,-18964.295587371977,75.0,83.33333333333334
2250,IKKA-KY,汽車工業,12,6.82993816197804,6.968975827886188,6.0479414698747345,6.988281520935503,19160.127974869425,22916.07704740598,0.49002353511489566,128.10734171138515,50.0,83.33333333333334
6414,樺漢,電腦及週邊設備業,12,6.838591462121436,6.545152823470403,5.429055470186235,6.772784286092952,811513.6513407477,1121399.1373904985,0.7160403607835178,165187.15387598347,41.66666666666667,83.33333333333334
7713,威力德生醫,生技醫療業,12,6.853240782475435,7.193830040223364,5.95585736885923,6.910620541950463,6335.25,7974.435721938784,1.7753166885808318,-3152.25,58.333333333333336,8.333333333333332
4919,新唐,半導體業,12,6.873220169445772,6.652502329315389,4.936532298497309,6.6250273797669585,174650.9186773094,233222.22679114155,0.2480716917964073,-25579.492731444265,50.0,83.33333333333334
6683,雍智科技,半導體業,12,6.8830244990446054,6.998807237537401,4.950501179827834,7.205954559972665,12251.594325125674,15448.98637564495,0.562816232656564,4631.470298129207,33.33333333333333,33.33333333333333
8438,昶昕,綠能環保,12,6.887920718511668,7.090223660581348,7.07789483615059,7.099206006261054,22051.144366459423,26264.616427075583,0.37489797433967964,-3998.7731362996033,66.66666666666666,58.333333333333336
2397,友通,電腦及週邊設備業,12,6.893389128618134,6.753318742505704,6.455641115839364,6.952848238947966,64109.07036727893,70980.62893850233,0.21203377321104314,29990.668425270193,41.66666666666667,66.66666666666666
3015,全漢,電子零組件業,12,6.912824226225232,6.913789717425701,5.118621319880005,7.12535547839971,75235.11759400253,97281.84057125576,0.44767511962356576,11272.134804831401,58.333333333333336,75.0
6269,台郡,電子工業,12,6.939818227785523,7.161993169333016,7.013025184837773,6.955687893949037,129253.2701479543,165294.1435775859,0.20711948905224478,-53748.201844966,58.333333333333336,66.66666666666666
5309,系統電,電子零組件業,12,6.948159157501184,6.979483441522197,6.212152611475197,6.762677801898896,19650.96322335642,24632.768226715267,0.40925411122725225,-10706.883323566886,58.333333333333336,58.333333333333336
6165,浪凡,數位雲端,12,6.966595614728035,6.9433087731255405,8.321756178184021,6.896228322493922,18698.841902615764,20560.01952599404,0.3279460592513523,-2478.556036789067,50.0,75.0
2731,雄獅,觀光餐旅,12,6.966985511858753,7.027037868187872,4.174178511597006,6.801874275861573,174336.50989901563,243136.84606035353,0.1950466511316785,-11510.281256804863,25.0,66.66666666666666
1527,鑽全,電機機械,12,6.967398944511542,6.839740895823285,4.795602614638167,7.052941202578096,16817.785642780433,21686.53724238036,0.26092003956838244,6056.892861317581,33.33333333333333,83.33333333333334
5425,台半,半導體業,12,6.969903215630844,6.9439527893558495,6.778589897176471,7.003870940246899,104351.41033026123,118890.72499723684,0.6280214849861573,16993.006422029477,41.66666666666667,66.66666666666666
8215,明基材,電子工業,12,6.970097472064657,6.80163701034739,5.515717786314767,7.326186798809499,103656.8733040886,158333.25691009552,0.7087856861942757,73190.0579466904,25.0,58.333333333333336
4129,聯合,生技醫療業,12,6.970517453002569,7.043962733868455,6.916396137426273,7.067959368833979,32850.99156085407,37725.054735726444,0.6313267773258453,-2285.1655567926064,58.333333333333336,58.333333333333336
2645,長榮航太,航運業,12,6.972659777011951,6.977780573436262,7.249772623428474,7.217904118130436,105631.04840253288,132303.26731839328,0.5148589612581781,24421.281292172323,41.66666666666667,66.66666666666666
2745,五福,觀光餐旅,12,7.0025314345391845,7.134168352880045,4.152713201650945,6.978027124279719,51119.03967465081,67398.67860468868,0.22998342554301346,-1484.7254464068003,41.66666666666667,91.66666666666666
1726,永記,化學工業,12,7.005644664073977,6.834582792650521,5.805427171212141,6.945043191644117,57219.28584417896,68149.7161995198,0.7960452489545847,19414.00847953225,33.33333333333333,66.66666666666666
2601,益航,航運業,12,7.020832255888256,6.888984686545306,5.450670611537613,7.185516653853923,24645.94710315077,31676.14066310433,0.25661444090914787,8032.437943137144,50.0,83.33333333333334
2904,匯僑,其他,12,7.030829126208794,6.95765593579286,5.608099452443137,7.306276855624015,2775.7596209786884,3561.315912701835,0.4636283583900577,1662.2946202288742,16.666666666666664,58.333333333333336
3583,辛耘,電子工業,12,7.035361149037159,7.013151158525964,6.357763519676237,7.138359471141313,66669.17526821796,73913.47203336198,0.5200688093302511,5457.474351996828,58.333333333333336,66.66666666666666
2340,台亞,電子工業,12,7.0486021831128784,7.185675492517619,5.7006936257208904,7.450566230689276,25411.884913140417,35299.53918415807,0.3187425340715132,8564.709170145463,33.33333333333333,83.33333333333334
6799,來頡,電子工業,12,7.061085616546646,7.129867093233062,6.255467996686489,6.833822337677857,5688.0869395992195,7542.141623537858,0.28611676928129587,-2408.509115614499,50.0,58.333333333333336
7747,昕奇雲端,數位雲端類,7,7.067681014530465,7.002429951778046,5.664716063628122,6.787829582608708,8847.0,11540.359891639924,1.5676343546315064,-2759.285714285714,42.857142857142854,0.0
5469,瀚宇博,電子零組件業,12,7.078000831660986,7.4240839994895795,4.630115900321531,7.049190229136084,337539.266254001,446850.7080386818,0.589953166654713,-199195.0713813428,75.0,66.66666666666666
3645,達邁,電子零組件業,12,7.084380076863985,6.922275417607366,8.320516934580684,7.20527071593501,14010.743056113517,17046.49631283347,0.274919474493296,8131.9401495913335,41.66666666666667,66.66666666666666
5536,聖暉*,其他電子類,12,7.0864517753495155,7.73970163206106,5.397799082764936,7.903550654327184,244966.30744774363,322462.0720978063,0.4794890926199735,18113.514095665538,58.333333333333336,83.33333333333334
1802,台玻,玻璃陶瓷,12,7.100497213999008,7.1932518783317505,6.23167687356039,7.360677059261825,246192.10207691984,320517.65246784216,0.3539777582713079,17596.553891698597,50.0,58.333333333333336
6274,台燿,電子零組件業,12,7.100863645803492,7.193836829481287,5.879815299984547,7.051734242399581,179950.54806808906,208181.1692204001,0.5249725368864335,-80256.5563250365,66.66666666666666,50.0
2313,華通,電子零組件業,12,7.1139416665810975,7.26007953611932,6.79600612966934,7.177834344322724,450524.0701914628,542105.3950251613,0.6344478648894419,-58427.97733358806,50.0,75.0
2420,新巨,電子零組件業,12,7.114359409419737,7.1017545491164045,6.0703755837162285,7.4683340496772015,12871.01446914581,18210.16021841882,0.5204191345142745,3406.0359971156067,50.0,75.0
9934,成霖,居家生活,12,7.123831004760675,7.1214805756547666,6.093614451485345,7.090236367612533,103236.07151666588,126473.93694857121,0.6317813171765517,-505.75263493719586,50.0,66.66666666666666
5299,杰力,半導體業,12,7.130788040895307,6.935597190051326,5.920374951042288,7.182320765557318,8814.979156657533,10913.400467083498,0.18015565430518254,4725.361761340778,33.33333333333333,50.0
3105,穩懋,半導體業,12,7.146999483142805,7.2662657062966085,6.9147014320206726,6.931576188263579,99092.82621879825,125451.87410029028,0.2661690060159066,-81043.75721002738,83.33333333333334,66.66666666666666
6223,旺矽,半導體業,12,7.174866682298302,7.072978087623562,5.923421452210356,6.984121172556892,79981.51543003075,93832.40563571618,0.7826244874884477,-17466.677953774022,50.0,75.0
6771,平和環保-創,綠能環保,12,7.196352703756816,7.0817000753067445,5.540657708035273,7.345322948393765,3706.2775634100085,4486.579767523288,0.9542748414124772,1806.1995364956795,33.33333333333333,58.333333333333336
6128,上福,電腦及週邊設備業,12,7.19716545405822,7.324352246781986,6.459696815630288,7.40204778178256,31491.69524817565,36869.08136269361,0.4168355251109231,3182.2759619140465,58.333333333333336,58.333333333333336
3019,亞光,電子工業,12,7.2007334661321085,6.996140456758804,5.083114485359726,7.3200100394475225,158680.28316088903,216854.187948262,0.5260391434775862,35964.91209163517,58.333333333333336,75.0
6435,大中,半導體業,12,7.203937008049934,7.235304937368999,4.4506778320752876,6.791501476352596,20420.11775443566,33376.44510244857,0.3585496419517548,-8542.269791550227,41.66666666666667,58.333333333333336
2702,華園,觀光餐旅,12,7.2136721067275795,7.072262850268627,6.267821371641769,7.0313891893674745,8469.163645756138,10615.495891726756,0.26928324520541874,-665.0056467833007,58.333333333333336,91.66666666666666
3715,定穎投控,電子工業,12,7.225468363829444,7.341972927984207,7.711868113670953,7.318942024062554,117440.61923006918,134355.3850160043,0.7645574827074451,-42690.67747915656,75.0,66.66666666666666
5203,訊連,電子工業,12,7.233648460161183,7.300708521749775,7.547028600709099,7.066180880875876,14824.934528233118,18091.148526283094,0.8712390352626823,-5874.74114088175,41.66666666666667,50.0
2368,金像電,電子零組件業,12,7.240079748805705,7.514656769043375,5.320016860424403,7.242339397479842,360364.1757445785,440100.2214632617,0.696423158568717,-163986.4083076804,58.333333333333336,41.66666666666667
1903,士紙,造紙工業,12,7.240176240541846,7.211761800674695,7.713283657623422,7.142380609648667,924.8842468876172,1129.8183150482328,0.14763627533604975,-42.31334138651331,41.66666666666667,50.0
4120,友華,生技醫療業,12,7.242704610575249,7.122031223398631,6.814740218778316,7.1302966209712535,27725.381064228,34894.55400021592,0.5760520442834234,-3656.5884262497952,58.333333333333336,58.333333333333336
2701,萬企,觀光餐旅,12,7.244184997059393,7.34569803751023,3.765694404756882,6.969032555425956,1578.8701201090946,2525.8898285500527,0.3362170619511648,-624.6429713337693,66.66666666666666,75.0
2450,神腦,電子工業,12,7.246637521873694,6.989470164684731,6.047804053043778,6.918376923267595,200036.067415374,259230.87414981428,0.9032942534104125,-46031.844562621634,50.0,75.0
3014,聯陽,電子工業,12,7.260844785143636,6.9911286827901415,5.465164443057645,6.943538783988844,42034.00462453851,55414.42743416756,0.3285468869932568,6592.653687127943,25.0,83.33333333333334
2606,裕民,航運業,12,7.262442199794131,7.504859030009259,6.242694531614088,7.349907926272774,94225.13409296481,118183.6801389543,0.3990393011450401,-34789.45478685546,66.66666666666666,75.0
8403,盛弘,生技醫療業,12,7.270737456735151,7.273379498632544,6.32437614465029,7.169142403074526,26399.962880135005,34574.404957715335,0.5214566102912899,-415.07927269550174,41.66666666666667,66.66666666666666
1720,生達,生技醫療業,12,7.284340125923228,7.264557639126661,7.970249140665555,7.256037319565854,42627.83701123397,49813.21061164929,0.7271657435292073,538.0580199844311,41.66666666666667,33.33333333333333
5392,能率,光電業,12,7.286316213308802,7.332857176309189,6.878800447357411,7.49742239982087,52724.245586196,71360.70511932182,0.5187426487229275,8056.642287553055,50.0,83.33333333333334
3071,協禧,電腦及週邊設備業,12,7.286845172852656,7.313939640169047,4.857151126398578,7.328279494744542,14163.720291538666,18018.821743773457,0.5235499963841314,-523.3193068635277,41.66666666666667,66.66666666666666
2023,燁輝,鋼鐵工業,12,7.301275721649275,7.4410064483454095,3.8622942329940346,7.570777609364714,410935.5110588697,548369.954612828,0.311309034886938,50110.935708264275,41.66666666666667,66.66666666666666
6288,聯嘉,汽車工業,7,7.314180099932152,7.333904887150841,6.041019271914263,7.40666945595901,33918.632511823365,41402.98021811904,0.4798663744439109,6841.984975834052,28.57142857142857,57.14285714285714
7738,東聯互動,數位雲端類,4,7.337563214571283,7.256124814650009,6.97604006116052,7.584830819699192,3533.0,4267.461247627212,1.2575178451881335,2218.5,25.0,0.0
2476,鉅祥,電子零組件業,12,7.343240216648303,7.434597541464655,7.016771451676099,7.492738776219465,45564.87897670488,55527.78556412698,0.5894826188287747,-7355.1241292718,58.333333333333336,58.333333333333336
3376,新日興,電子工業,12,7.343951677584472,7.50912876348771,7.110989425554565,7.609631995170613,65624.95243484117,78198.67629127917,0.2526604182750652,35538.01412161439,16.666666666666664,50.0
6409,旭隼,電子工業,12,7.350700167240517,7.27920508696117,6.279462761622343,7.389563385562729,125705.19951841667,152861.28517825154,0.3806159008705203,8708.5307690541,66.66666666666666,75.0
3090,日電貿,電子零組件業,12,7.356687381783381,7.3917984164811585,5.542492205152239,7.125706995931688,96420.6990451207,133102.09332328525,0.7707588997673837,-25388.25891270993,41.66666666666667,66.66666666666666
3305,昇貿,電子工業,12,7.360577681355422,7.071953288104901,4.249212381604273,7.190102196022373,64962.851556182526,93767.36134211298,0.35136964530719106,-5925.225408999987,58.333333333333336,83.33333333333334
3236,千如,電子零組件業,12,7.383233821235982,7.627373219519994,7.156259183454275,7.35448739777256,12721.324179379299,16048.216266192678,0.27703642808677903,-6699.236679132057,66.66666666666666,58.333333333333336
6505,台塑化,油電燃氣業,12,7.384477536843932,7.429421300967164,6.680122171053865,7.542466928188786,3853150.6323348284,4772318.707989498,0.25666431589368083,-954.6847306266427,58.333333333333336,83.33333333333334
8401,白紗科,其他,12,7.386680073071942,7.6478300027871535,3.039719131393522,8.337706893303578,9503.20398110943,17235.815398325973,0.6996278787501091,1529.8674875040185,50.0,75.0
3454,晶睿,電子工業,12,7.3896972300340344,7.491273881124945,3.6800348706863635,8.351794241894215,45966.349212816574,77796.56664163896,0.23324786867968697,29240.577305586456,33.33333333333333,58.333333333333336
5493,三聯,其他電子類,12,7.393519512859524,7.595363725101458,4.873625717654971,7.662422816274071,33585.395095542466,39641.620646412586,0.7744636534618531,-3802.0064341479497,66.66666666666666,83.33333333333334
1217,愛之味,食品工業,12,7.3974434145669195,8.017057541829422,4.455630794310148,8.314460278252312,31044.25898243982,41055.86666395819,1.0074957423904387,5128.3974242011855,50.0,83.33333333333334
2483,百容,電子零組件業,12,7.4233736393224445,7.4147106737101325,6.319797120347206,7.47691256947087,10897.357848907863,12622.663204638377,0.4604013981985253,360.55306569262876,50.0,58.333333333333336
2439,美律,電子工業,12,7.4246962692379865,7.33400713627036,6.72679078599121,7.5469490886702335,287041.1089225591,373538.370884305,0.4261869523130206,-14778.232296929616,66.66666666666666,91.66666666666666
2816,旺旺保,金融保險,12,7.434709722041302,7.330711193965077,6.413727534427324,7.48696366425934,68627.54405328947,90225.0406775451,0.6910937789674146,6189.915096238197,50.0,75.0
6690,安碁資訊,數位雲端類,12,7.438813392312412,7.60309964841054,6.905685055300282,7.732849488469494,15075.728584273262,17589.084097550527,0.6043718455961469,-2557.4441080824763,58.333333333333336,91.66666666666666
2308,台達電,電子零組件業,12,7.440885585672913,7.431253006152773,7.881703106858595,7.230460133235163,3440697.540229077,4429693.173785428,0.9771598021345694,-1307308.2002082143,58.333333333333336,66.66666666666666
4749,新應材,半導體業,12,7.447752564857025,7.421119888936242,6.599849952947845,7.143547701664733,26450.916666666668,33757.50566293862,2.0420890117234167,-9839.25,58.333333333333336,8.333333333333332
6761,穩得,電子零組件業,12,7.448252213213802,7.661659778717879,7.524921600860752,7.800782304816564,12250.556275821311,15970.079615421571,0.5869135844459225,4704.748594889257,25.0,75.0
2201,裕隆,汽車工業,12,7.452838104973565,7.2675479810088195,5.6023927012537005,7.45481447104485,452608.1688826284,570359.2586051946,0.6344963115664239,86562.36878374552,41.66666666666667,66.66666666666666
1714,和桐,化學生技醫療,12,7.463070571562751,7.600152708091638,5.624860648201219,7.24333450082984,148919.83912964552,213424.0796973994,0.4456580541528527,-84445.56591998471,58.333333333333336,66.66666666666666
6417,韋僑,通信網路業,12,7.474457791915132,7.3408479408591285,5.046114409187256,7.486090903717186,10013.070178931534,12566.266019338304,0.6225345476072223,1600.0956701605476,41.66666666666667,58.333333333333336
3357,臺慶科,電子零組件業,12,7.477189228707613,7.657961985331961,5.30407401123357,7.867843966772001,41279.87313312725,51517.52386248644,0.4103551453491467,1103.0098065323302,75.0,58.333333333333336
6968,萬達寵物,居家生活類,12,7.484030556444618,7.699131172085876,6.465621999412679,7.597999461287495,20031.076387937454,25252.945573793288,1.1506772346204437,-8011.195870959258,66.66666666666666,41.66666666666667
3479,安勤,電腦及週邊設備業,12,7.48647735885805,7.545952310878357,5.619578369612785,7.521606634682574,52990.409717601106,66464.8546172319,0.3845767103734128,-1987.3925403178243,50.0,66.66666666666666
1582,信錦,電子零組件業,12,7.491575056719083,7.3414322180493246,6.565099887074139,7.594014782622629,54183.67812885228,68408.5548117668,0.34786444695856256,17864.612360393483,50.0,66.66666666666666
4976,佳凌,電子工業,12,7.4986889903023695,7.492264830325392,8.573514221524759,7.649488665015348,6375.479113167454,7224.247297915719,0.18293448974165857,2291.5680757433547,41.66666666666667,50.0
1301,台塑,塑膠工業,12,7.5364690641856065,7.284294568463266,5.861312534295106,7.59316315695628,1101652.1768457454,1476948.5193909237,0.2791565239273242,541301.6222674287,25.0,66.66666666666666
4114,健喬,生技醫療業,12,7.537723912509013,7.6126825803984,5.938097751049797,7.499450691280028,38872.94046224189,50383.377505396114,0.6163966796455695,-4620.17149506163,50.0,58.333333333333336
2421,建準,電子零組件業,12,7.551667413554722,7.948471446611065,5.423547815616969,7.740487986331361,117540.50761130544,146461.28905879744,0.6466528124070919,-25129.108977931424,50.0,75.0
8921,沈氏,其他,12,7.561581447137325,7.29934197594299,5.8245386645196735,7.320989154695311,3987.839426227028,5454.686973537016,0.6857864381620465,-221.40223235724747,50.0,66.66666666666666
1587,吉茂,汽車工業,12,7.561771774439838,7.866637860811204,7.240421751574158,7.714360852125673,16711.00520191727,19247.195125099137,0.5117170318615237,-5503.428357402823,58.333333333333336,75.0
8016,矽創,電子工業,12,7.572405454827871,7.76548920454036,5.017176954269131,7.448095056069269,119908.61127422356,165867.21260897533,0.3315749783042659,-43047.62779293456,50.0,41.66666666666667
5284,jpp-KY,其他,12,7.589181835648507,7.856298356802275,6.613691245766128,7.697175730869728,23728.75333233958,26889.408683989466,0.6969187222223746,-6612.62585695825,66.66666666666666,58.333333333333336
8039,台虹,電子零組件業,12,7.593325063750693,7.435118680901147,6.946567160312231,7.285714635520161,67134.10555363262,83906.69613863266,0.5552974092188957,-21521.529031165934,58.333333333333336,66.66666666666666
8131,福懋科,半導體業,12,7.5963659880404215,7.733149795591318,8.562411638571177,7.465838513166776,62804.272509562106,82298.52317718988,0.6658297962310756,-27735.05820231997,66.66666666666666,41.66666666666667
7705,三商餐飲,觀光餐旅,12,7.6069944937205465,7.7673599438627114,5.016322993964267,7.704225391316412,41416.52874838256,58896.47221613496,0.9414571882100186,-12341.69541504923,66.66666666666666,16.666666666666664
2351,順德,電子工業,12,7.612589526184789,7.459138032899386,6.101389836290927,7.601678594377479,64992.6797383654,76023.58135896624,0.6154104861141396,12665.723839841987,50.0,33.33333333333333
2373,震旦行,其他電子業,12,7.613953136745397,7.532505199292087,8.614164538251707,7.654895300340861,68080.94874736642,77141.74537911193,0.5069729450493021,12388.085927135611,50.0,66.66666666666666
5498,凱崴,電子零組件業,12,7.615913117151043,7.988966088336334,7.494412193592506,7.667324951973217,8928.103214264846,10212.803086456404,0.4625318834248253,-5758.168980366067,75.0,50.0
4584,君帆,電機機械,12,7.6297043758580205,7.669559093202554,5.312867224063787,7.94729719945426,8322.39251996821,10240.75495917903,0.44969167656207293,3316.8008388185867,33.33333333333333,66.66666666666666
6546,正基,通信網路業,12,7.6324754168424676,7.700901769781289,5.73275278990502,7.626350226890032,14880.350397430242,18301.230517131866,0.19733878856630152,-1154.4322206794775,50.0,25.0
6830,汎銓,電子工業,12,7.6386580189702915,8.191270181085903,4.744028113024733,7.985656042429516,13868.282814212973,18191.238344866444,0.9621453625292952,-3421.437437484545,58.333333333333336,75.0
2436,偉詮電,電子工業,12,7.645882682454848,7.819110670901182,5.2467666155575206,7.743027933589422,22737.84201816529,27938.72444325497,0.38689069965117634,-1529.5005565471608,50.0,75.0
2344,華邦電,半導體業,12,7.654356995819982,7.508991343768943,5.798547908268482,7.176584579077113,570288.9587194397,714476.6439657136,0.3845623783867295,-401092.7458336389,66.66666666666666,50.0
5230,雷笛克光學,光電業,12,7.655893469531351,7.797477284096074,3.5089866410048893,8.864384324797458,8408.238120782198,14892.775122007903,0.7278618661629784,3112.3536646248044,66.66666666666666,50.0
8103,瀚荃,電子零組件業,12,7.671831657993156,7.6562379778579315,6.9330461077949765,7.897840120879168,21452.039614010944,29663.22420995615,0.39761702189945985,2808.5014446972127,58.333333333333336,91.66666666666666
2801,彰銀,金融保險,12,7.67562429508956,7.655444172812856,7.3138887679140785,7.634132533927201,289819.35634724546,344698.0728139613,0.704589781809415,-4827.955258337199,41.66666666666667,50.0
2103,台橡,橡膠工業,12,7.690612479635961,7.457134246938647,6.244865163767728,7.758964393493032,233749.42421492786,270023.6248895381,0.5532647112679159,119850.0517877796,41.66666666666667,50.0
7556,意德士,半導體業,12,7.705536061645023,7.944821180960826,6.03509691595662,8.007841390318857,4801.44152433199,6221.9254850882635,0.7054466389283748,-192.48753873699692,50.0,41.66666666666667
1104,環泥,水泥工業,12,7.706743679836155,7.670867917108339,6.256475942847029,7.639158860756233,50877.44277172795,64403.74012683009,0.7520171198202333,-2744.7765869034242,50.0,66.66666666666666
2379,瑞昱,電子工業,12,7.7461649741741665,7.419024177715058,5.6005985056222425,7.4610000804164205,792086.5007453213,1114920.2642243924,0.4709040772205424,184432.46832871655,33.33333333333333,50.0
6936,永鴻生技,化學生技醫療,10,7.75779318043127,7.754497262295637,8.49613654523339,7.69002486630737,9229.4,10120.920541136562,1.0990434923774361,-1551.8,60.0,0.0
2426,鼎元,電子工業,12,7.766157508291055,7.595403384966502,4.840349457780074,7.5769127599797415,15117.20742596603,19455.523152617912,0.3872512630693805,468.83362861598044,50.0,41.66666666666667
5340,建榮,電子零組件業,12,7.782744284077587,7.8982167015743805,7.598534810521038,8.038523045122075,14773.847276439512,17222.28781259599,0.6059792301807637,2213.3105614791857,50.0,41.66666666666667
4107,邦特,生技醫療業,12,7.792945026588126,7.982047866704768,5.619967588273471,7.6491353906283726,13867.86388673549,17565.527031186997,1.0482316842497645,-5753.166321893407,50.0,41.66666666666667
1336,台翰,電子零組件業,12,7.805930111148424,7.614314441051201,7.433389511340516,7.930513529659976,16231.911270792405,19048.391194833017,0.4317472529314376,8630.805602192027,41.66666666666667,58.333333333333336
2462,良得電,電子零組件業,12,7.812587775720569,7.9028596503759205,5.887040098956101,7.917053461989744,26446.273690775066,32645.3496872019,0.48973542890276334,6900.607282962718,25.0,58.333333333333336
6174,安碁,電子零組件業,12,7.814714220577364,7.822525333326166,6.356328849569298,7.8626960373977,3965.856758491554,4578.742267011423,0.3376416433523586,-397.7722454567344,58.333333333333336,66.66666666666666
8040,九暘,半導體業,12,7.82330656679909,7.75596188223934,5.6649649401688675,7.662000538541147,4310.081248002344,5583.934722730736,0.1772304724357983,389.6009851213839,41.66666666666667,66.66666666666666
1614,三洋電,電器電纜,12,7.826629004926226,7.65794596995793,6.0891381493644205,7.944242050648382,34911.487428137276,41347.46135671861,0.6222377669289948,15892.820997958295,41.66666666666667,66.66666666666666
6158,禾昌,電子零組件業,12,7.836524623289812,7.871833536593852,7.325941884262474,7.911079414849056,11861.174287133063,14215.937503474066,0.43892395853915184,2033.7786210132483,25.0,66.66666666666666
1457,宜進,紡織纖維,12,7.842921694824071,7.709973067666128,5.990798779289239,8.202467451526717,19450.82487771228,27395.980496435885,0.21688173985426476,9083.95281390145,41.66666666666667,83.33333333333334
5291,邑昇,電子零組件業,12,7.856688468633427,7.920785946495952,7.34871727270448,7.829564469351731,7087.243683457812,8780.272068511698,0.30552878570367253,-1141.1144633264157,58.333333333333336,66.66666666666666
6693,廣閎科,半導體業,12,7.86100205120744,8.190151608621447,6.496347346000872,8.338898458515535,9261.35440577449,11603.833877627072,0.400052148458671,-910.7568555420972,75.0,41.66666666666667
1227,佳格,食品工業,12,7.86126002914189,7.86762507740818,5.277519095920469,8.142535108678967,182618.68858632213,239133.12509574613,0.5131966485716585,27048.180544082443,50.0,83.33333333333334
2401,凌陽,電子工業,12,7.864216484450616,8.231353662419417,7.494207528895639,8.097795683475855,41307.70802298631,51102.17793237651,0.32305073551828656,1326.6105501985342,41.66666666666667,41.66666666666667
3008,大立光,電子工業,12,7.86772101273589,8.621281060166046,6.927524633522474,9.219728181026644,400803.9412570614,544945.5864849286,0.5126022982611477,82891.4187766704,58.333333333333336,83.33333333333334
3501,維熹,電子零組件業,12,7.87303337079113,8.07923563943343,7.3636160820135315,8.030119482882125,36346.21940362008,42672.43894728445,0.5127856540704193,1904.7053894290682,33.33333333333333,50.0
8071,能率網通,電子零組件業,12,7.882758035030083,7.584622174922926,5.8085232384096805,7.918523074555646,12934.35783212882,17141.375232261154,0.4405416052261894,4612.097523932392,50.0,66.66666666666666
9942,茂順,其他,12,7.900766529813033,8.156833679530752,6.943595508484128,8.0067540385011,26427.471484734862,31550.929940808015,0.45741212420420646,-5215.847983293876,50.0,58.333333333333336
4430,耀億,其他,12,7.902727707821596,8.046796747696371,6.314352270944995,8.176332451565854,13419.444109278425,15700.76617137936,0.43655317900030083,4719.866920287852,33.33333333333333,66.66666666666666
3026,禾伸堂,電子零組件業,12,7.907005732134753,7.781547868941274,6.576383391557876,7.807106019815062,88383.97635091534,108066.17348295743,0.5891204534174808,1131.3762129510385,50.0,66.66666666666666
5321,美而快,數位雲端類,12,7.9073552999175885,7.65467743267895,6.944842357132597,8.082765781300795,18880.715133287973,25093.62371398509,0.3979634917520733,11160.668083464572,33.33333333333333,75.0
1102,亞泥,水泥工業,12,7.917364790169648,7.878798533250436,6.62012306075946,7.977886447586021,468709.26235640957,568698.9496878524,0.49146406003416115,136217.53348956653,33.33333333333333,66.66666666666666
6176,瑞儀,電子工業,12,7.91817353068475,7.686287383137426,7.821476595770266,7.9908943858426795,321895.1792802135,393458.22819565854,0.32223341950818934,206433.1735394443,33.33333333333333,58.333333333333336
1810,和成,玻璃陶瓷,12,7.936660395881684,7.927344060219539,5.032827966821113,8.348553748480754,30252.737224977256,41244.59572298041,0.541438103308117,8695.584311377048,50.0,83.33333333333334
2461,光群雷,電子工業,12,7.959947471205074,7.915198986714837,6.477203767392957,7.789974017601564,34909.41096129934,44163.32474749981,0.7136478613840405,-4344.51824498082,41.66666666666667,83.33333333333334
6116,彩晶,電子工業,12,7.962364208287827,7.966098026799849,6.7079323876457595,8.077810988375685,75887.91312606183,91808.11135565626,0.1401051464543476,663.1763332445504,58.333333333333336,41.66666666666667
1608,華榮,電器電纜,12,7.965241108027763,7.8173364934523635,6.166686928871469,7.640055114719265,75214.65001165013,104286.30061398513,0.49426415633111914,-189.31163125932412,41.66666666666667,91.66666666666666
6914,阜爾運通,其他,12,7.972524865005873,8.40720897416699,6.6376820370494745,8.049735397822365,37724.838288873085,46067.34117980628,1.768954267701892,-19331.812697160658,58.333333333333336,58.333333333333336
6126,信音,電子零組件業,12,7.976827087475789,8.037850935747997,8.280400635764911,7.928204957318939,25922.700474880356,31732.836129192023,0.6425315711823766,-3640.1746168493314,50.0,66.66666666666666
2884,玉山金,金融保險,12,7.9832640951446345,8.446130403254505,6.115489903204316,8.06128318569928,610531.7173672841,818399.5187093624,0.8376331695251916,-273916.07896445785,66.66666666666666,58.333333333333336
6202,盛群,電子工業,12,7.98843287147431,8.024806459353941,6.388234750184722,7.987853531542266,20355.339113858474,27237.231611036415,0.139172808664367,6295.577561388452,25.0,41.66666666666667
5457,宣德,電子零組件業,12,7.990555271086104,7.86294075428365,6.582777858601791,8.182289996406865,161924.680537681,203946.48470443906,0.4349174953712098,68647.15759285609,41.66666666666667,75.0
4583,台灣精銳,電機機械,12,8.009574178682334,8.160515758258137,7.30055791364905,8.403513567245003,20010.699625375564,24079.979383920487,0.5852151298372755,1103.2939166427434,58.333333333333336,83.33333333333334
4552,力達-KY,電機機械,12,8.021378241987863,8.213729251594122,5.906971963005337,7.827279914406943,22883.16726084132,31698.90486214176,0.30121435303020766,-4122.220636715802,41.66666666666667,33.33333333333333
8042,金山電,電子零組件業,12,8.040220274849796,8.075121692099684,6.969748500063236,8.021910450894845,25232.073873509,30584.050690780252,0.6260462099292884,-4005.2180260382397,66.66666666666666,66.66666666666666
4760,勤凱,其他電子類,12,8.0437079066206,8.132280873180346,4.894024501234251,8.062798390157134,12778.770627651262,16784.824435174374,0.28450685934901593,-1450.74560661174,50.0,66.66666666666666
4566,時碩工業,電機機械,12,8.050935581095606,7.999323652928624,5.7631495168331215,8.126317719072324,33386.686416651755,43966.36397247445,0.5332101535102106,3091.3776413361047,58.333333333333336,50.0
6446,藥華藥,生技醫療業,12,8.054189012714776,7.976841258700343,7.840396955372656,7.897931355361114,104937.87427470474,126239.20154710568,0.5365478616424039,-25090.648527323636,58.333333333333336,58.333333333333336
6958,日盛台駿,其他,12,8.069866214495772,7.872904532429385,7.461162453902443,8.033571502962287,72965.1345045051,84680.9268739278,1.1432371818511655,16821.87708978621,50.0,8.333333333333332
8163,達方,電腦及週邊設備業,12,8.114913339475189,8.176965973420014,6.660566529875352,8.119538263330114,169663.68673294506,212271.7918093953,0.5050413738597823,-1325.1149090203107,50.0,66.66666666666666
2409,友達,電子工業,12,8.124009929145366,8.02796036063011,9.303095522914473,8.13955388470506,1904997.3416231622,2159754.414528239,0.32501423479402686,196294.02285291316,50.0,75.0
4576,大銀微系統,電機機械,12,8.138981101083106,8.556627373843922,7.516058855866681,8.20598772387808,18410.23281848072,22112.439529853138,0.3787306366065987,-7457.225404050951,50.0,75.0
2387,精元,電腦及週邊設備業,12,8.140180392090715,7.974921432688076,6.138113520075835,8.336227893724281,128022.23149552174,161416.88444027293,0.31120493467765814,52492.26413793204,41.66666666666667,58.333333333333336
2328,廣宇,電子零組件業,12,8.160077929619625,8.337964923902529,4.380699954660715,8.403852059346633,148192.21725157253,207368.6953288275,0.4669839671713854,3322.006871919924,66.66666666666666,58.333333333333336
5211,蒙恬,資訊服務業,12,8.165763093671961,8.997102281218131,6.8778298715252415,8.36851128181773,1487.8292548773436,1886.4434378198273,0.6548692696144042,-1295.1527981774616,91.66666666666666,50.0
2707,晶華,觀光餐旅,12,8.16633400474715,7.990897371302489,6.734286210028979,7.998249549944668,46499.94967754409,59977.73818244141,0.4969628650408475,-9068.424019437623,58.333333333333336,75.0
1264,德麥,食品工業,12,8.186075453597226,8.173919554937275,8.28358299696138,8.465015106269698,45699.8031225973,54679.9256227552,0.8509343675514436,13672.90983586656,50.0,75.0
6584,南俊國際,電子零組件業,12,8.190532519166712,9.57275279673035,5.767173146940483,9.673130464768317,16605.7859488843,23177.901018790948,0.3399238567919293,-5603.925233819865,66.66666666666666,58.333333333333336
6217,中探針,電子零組件業,12,8.190546330683501,8.880417000496312,6.180551421240628,8.958658655200443,25246.93588610481,32513.3541940109,0.5392123880769704,1671.9904287943064,50.0,75.0
2371,大同,電機機械,12,8.207953388458568,8.631444056008748,5.539431691926852,8.218093572491703,344457.5779252531,456004.44116522546,0.5110661006071137,-136269.51652827777,50.0,75.0
4966,譜瑞-KY,半導體業,12,8.213733433321119,8.256013223556122,6.060465626489694,8.376729617592138,113108.31140800624,148004.09052106168,0.2948814121811972,-10249.654005127455,58.333333333333336,66.66666666666666
2233,宇隆,汽車工業,12,8.215837527898364,8.245169444796028,7.69121001423107,8.241470364808883,22421.972281481616,27239.132476440325,0.5882355003601553,3579.162732351928,41.66666666666667,66.66666666666666
6577,勁豐,電腦及週邊設備業,12,8.227786184718648,8.240379643994466,6.806622520627659,7.932666576395449,14241.86592697328,20560.69584343205,0.3638175963949987,-2817.558542134541,41.66666666666667,58.333333333333336
6752,叡揚,資訊服務業,12,8.264867575377593,8.548669750888479,6.082532924387511,8.530109193898845,13907.499290777261,17020.345704207313,0.9527629517549857,-1206.8110384014556,50.0,66.66666666666666
2022,聚亨,鋼鐵工業,12,8.267807534965996,8.327334459653501,8.273556499958904,8.125989642319748,64332.99548198376,79920.12879692171,0.3480540528694636,-18789.966812257906,50.0,66.66666666666666
1586,和勤,電機機械,12,8.275185188296982,8.137016042596212,5.763120687059306,8.220543409115947,15841.75247694478,22501.394890084663,0.47725495797504175,424.56915382893686,50.0,66.66666666666666
1563,巧新,汽車工業,12,8.275441150474784,8.302366290359782,7.360610437073517,8.518387115681387,48117.21465558864,54404.90961904276,0.9219027315142861,10105.032206770062,50.0,58.333333333333336
2886,兆豐金,金融保險,12,8.276153990845893,8.423692594783232,5.701169720418024,8.541729006159256,565590.1015856508,717872.0580007065,0.505214532312006,-103750.68063189695,66.66666666666666,83.33333333333334
5876,上海商銀,金融保險,12,8.287385682336506,8.114611460179685,6.070188883248067,8.45862080332946,371152.3426652074,459963.2694849966,0.8793037296110519,137299.8147757496,50.0,91.66666666666666
3567,逸昌,半導體業,12,8.28987540280601,8.688580987226405,6.9440158605756395,8.624089888419347,1941.5993510092046,2299.1441269450083,0.3241140030063716,-390.5156155332288,58.333333333333336,41.66666666666667
2115,六暉-KY,汽車工業,12,8.29745294000241,8.157059503387714,6.378633231319383,8.456951255703,20596.760518423867,27095.498072277795,0.42964806323392096,586.1026993350897,66.66666666666666,83.33333333333334
7788,松川精密,電子零組件業,4,8.299857787172064,8.329830040494254,7.4038612143345865,8.044125296683124,45274.5,51379.925267559505,2.0673109428949714,-19792.0,50.0,0.0
4551,智伸科,汽車工業,12,8.302645478445212,8.22371091047806,7.409909743540541,8.265673170059271,54125.630842236314,63865.407219176835,0.41064516461822803,12.58350440467863,41.66666666666667,66.66666666666666
1304,台聚,塑膠工業,12,8.329683252854718,8.007982920002092,7.205641863935108,8.169849700712538,306581.1140004991,365392.50906830624,0.3172649693013742,100428.76582840255,41.66666666666667,41.66666666666667
1233,天仁,食品工業,12,8.330810178214039,8.320082894444834,6.064008661847292,8.527575316126875,15032.43323329291,18811.800833503654,0.7332222028219353,253.02683518257496,58.333333333333336,58.333333333333336
3138,耀登,電子工業,12,8.332458313773122,8.307077945300202,5.961404691241149,8.098636072859387,12100.319582393451,16166.648123647552,0.5923173816890334,-6149.930115140093,75.0,75.0
3346,麗清,汽車工業,12,8.347476740484694,8.682853204222752,5.283296495930266,8.847461827656247,59425.65213435745,81247.67575091832,0.45029497928402534,16397.83754210075,41.66666666666667,66.66666666666666
2478,大毅,電子零組件業,12,8.35002217204939,8.677516849819183,5.77834407129185,8.860066310202786,37873.8009423719,50918.22206201319,0.4830371424987432,10277.661760916622,41.66666666666667,16.666666666666664
6415,矽力*-KY,電子工業,12,8.398501682520612,8.75234156709203,5.781162381207301,9.39582637042628,131378.55967732976,193094.48533871814,0.29925312362993667,17514.529953576974,50.0,66.66666666666666
7708,全家餐飲,觀光餐旅,12,8.413087060348623,8.78483940289952,7.36253678404313,8.501509769360432,19091.909607825615,23250.990068769104,1.2947805622675477,-11532.909607825617,75.0,25.0
2937,集雅社,居家生活類,12,8.423405335905887,8.34039097145202,7.048743881539872,8.439915457924847,36470.88827791619,46618.2030741431,0.8391520854000735,-5658.324106605612,75.0,83.33333333333334
2317,鴻海,電子工業,12,8.424166917949496,8.915629475186927,7.969148816418725,8.724977078218782,56861797.21519652,67281338.77178952,0.7107360296948011,-17949040.521941707,58.333333333333336,75.0
6556,勝品,光電業,12,8.431037275837367,8.34500025194631,4.595711175407253,8.137953928050823,9799.050358350341,14341.58393940139,0.32869187722929377,-1035.497043069657,50.0,75.0
6997,博弘,數位雲端類,12,8.444791716264449,8.517141782390974,6.130042373564578,8.011746919691715,31333.583333333332,42679.616281272574,2.5843335471360733,-23146.416666666668,66.66666666666666,8.333333333333332
6285,啟碁,通信網路業,12,8.44683758271707,8.42981742169061,8.022768095049987,8.500160778623606,776058.5807320586,885482.9758474523,0.7352822594676702,-8418.00952952526,58.333333333333336,50.0
5520,力泰,建材營造,12,8.457289405922113,8.47081934684759,6.353986502750433,8.63459433869837,29502.288552018785,37448.79129233938,0.6877172574310199,3563.6669370367113,50.0,66.66666666666666
6840,東研信超,其他電子類,12,8.464433808903982,8.71453776380449,8.54269504509718,8.483109363127816,6412.803181217313,7540.743007393479,0.5134948797490902,-2543.2182152748624,66.66666666666666,50.0
6246,臺龍,光電業,12,8.479209687831528,8.632199861436794,7.628522365751572,8.571691717500178,11308.743158685129,13351.710683896761,0.31784323664066955,127.86170610334375,41.66666666666667,75.0
2484,希華,電子零組件業,12,8.479210609276796,8.379015626051068,5.442737033152707,8.497832537566175,17028.028471646914,22859.030468495435,0.4101445229697939,-1619.9335487834833,58.333333333333336,75.0
3588,通嘉,電子工業,12,8.490415880258304,8.606824490618491,8.352355955291344,8.627399000369657,9542.399633862009,11842.19653346155,0.21820085607219908,-1845.6079501506185,75.0,66.66666666666666
6605,帝寶,汽車工業,12,8.499009773726387,8.589206847076278,5.700275516360962,8.722146063229397,137533.3133861282,162609.7191522725,0.9007618145869278,17960.543317726173,41.66666666666667,58.333333333333336
2480,敦陽科,電子工業,12,8.502278679931115,8.249557008180924,7.962523568104538,8.165980927808066,59476.0679872767,73172.2324570285,1.0237410807787053,7474.503682372287,25.0,91.66666666666666
4961,天鈺,電子工業,12,8.504467817888713,8.292092444268324,8.317684215783627,8.779839434781945,127384.8870029541,164174.61560732155,0.2683128831882731,87426.39450043386,33.33333333333333,50.0
2727,王品,觀光餐旅,12,8.513069982615189,8.435909123372141,10.72841246336653,8.382426571959485,165763.76033063856,206441.34651369305,0.6885126469171939,-29151.53067475866,58.333333333333336,75.0
6188,廣明,電腦及週邊設備業,12,8.529483028302142,8.367117642870852,7.539991514430803,8.296067621911416,68177.11030415718,84267.66490749927,0.4582568526228046,-8257.053339933898,58.333333333333336,75.0
1773,勝一,化學生技醫療,12,8.530306061151114,8.537659434494378,5.896855760800471,8.733469969787507,81759.72786265341,106338.5404859941,0.5717837744610318,11773.404292738289,33.33333333333333,66.66666666666666
2338,光罩,電子工業,12,8.532053052863345,8.297558389234194,6.740844598619485,8.68184275224853,42930.94464741881,58018.261215193605,0.44478633452737276,20374.79239663573,25.0,58.333333333333336
3597,映興,電子零組件業,12,8.535151870337247,8.289114795811379,5.835441231356723,8.943791942768446,6120.2586759033775,8497.96839637924,0.2875818422159187,4555.652706426442,33.33333333333333,58.333333333333336
2890,永豐金,金融保險,12,8.535870915033076,8.622941086317553,8.536967633985643,8.609696653288635,529132.1649874565,644579.5028042124,0.9296009896757567,-125236.69569011808,75.0,58.333333333333336
2754,亞洲藏壽司,觀光餐旅,12,8.538921743848096,8.704088303046552,6.14006058007183,8.666236823950928,40617.16021664344,55823.774392126965,0.5311735391342874,3641.8595698539625,50.0,66.66666666666666
3095,及成,通信網路業,12,8.565127841291929,8.601537622101581,8.436043530748544,8.623510745569043,4405.259376972472,5360.386681466883,0.509546043088242,-146.15311600845294,50.0,66.66666666666666
6282,康舒,電子零組件業,12,8.566122341850853,8.9562833275393,6.943115043793788,8.920710834719559,226799.33203607504,315073.8007701669,0.6115785506871253,-57293.1668872913,58.333333333333336,83.33333333333334
6190,萬泰科,通信網路業,12,8.581818625017306,8.379572764883676,8.670649972076966,8.700334285905852,61705.3927624686,77590.07954638575,0.3874204449151603,20413.014338005247,50.0,58.333333333333336
1711,永光,化學生技醫療,12,8.583923082395707,8.262958896295581,9.182034567880187,8.412901792408052,54140.04754951667,62964.85621367853,0.49770261953656875,10036.868820707537,41.66666666666667,58.333333333333336
6194,育富,電子零組件業,12,8.591514900332978,8.604650793581627,7.512398588103228,8.817327396217198,9853.615598787643,11113.162651094011,0.44433957632124227,3931.0200078942908,33.33333333333333,66.66666666666666
8374,羅昇,電機機械,12,8.593879428574372,8.13286221663672,7.6268623190473255,8.51837555893162,33844.97456777445,41740.68544124248,0.5649685227033087,19155.81379574671,41.66666666666667,50.0
1313,聯成,塑膠工業,12,8.599535611049925,8.438213484249633,4.927922633710597,9.141185352453435,432067.9081281962,693852.9565849946,0.3010442481528257,126495.06925313687,41.66666666666667,66.66666666666666
2616,山隆,油電燃氣業,12,8.61294485546937,8.935691777603422,10.84296242209965,8.688019388002095,58760.43102780886,68910.41343733337,0.22737372369894515,-29711.582723058982,83.33333333333334,41.66666666666667
5274,信驊,半導體業,12,8.632450027917873,8.422787728096367,7.2470003445249604,8.674221722909415,65353.94120615033,79000.75294903101,0.4306855609623573,28252.47635130913,25.0,75.0
4580,捷流閥業,電機機械,12,8.637781524930155,8.444436060537127,6.612466444167314,8.84306961648341,16333.533794902696,21487.983681185142,0.7224014082512179,7201.5038977749455,41.66666666666667,66.66666666666666
8077,洛碁,觀光餐旅,12,8.64277851280218,8.526784040617413,8.331261288142535,8.620953072421024,7788.69193785164,9154.414290967869,0.29914661991061625,-538.4518296398104,50.0,91.66666666666666
4130,健亞,生技醫療業,12,8.64639629196586,8.582387620461713,7.001615140041123,8.627328153739917,3547.9478437847847,4274.267260266127,0.5451572105372188,-168.76768180849044,50.0,50.0
5306,桂盟,運動休閒,12,8.649878349407262,8.01252773338043,7.4987820849953035,8.3446178615098,33775.20882385836,42616.93152861373,0.2849136857014582,14328.566781672629,50.0,75.0
2013,中鋼構,鋼鐵工業,12,8.652474420990607,8.395422884889824,7.138936681179894,8.861885826926809,151045.38071979096,194452.998371267,0.5627871674723864,73811.69743202369,33.33333333333333,66.66666666666666
3168,眾福科,光電業,12,8.659423529526748,8.693751326790407,11.134082696898345,8.710661919894823,24782.31038873103,30562.4324288227,0.7067673954233556,-1712.8457877292142,41.66666666666667,91.66666666666666
8109,博大,電子零組件業,12,8.664290351276247,9.138125079756655,6.157943766948638,8.591185149706202,12581.64706683094,16072.495889386191,0.5422367747883305,-8947.502869312428,75.0,50.0
2474,可成,電子工業,12,8.673274661517276,8.413859467797556,3.9968751099621698,9.123050476718097,134689.334893705,193332.77007492384,0.08350537069105614,85128.17315693556,33.33333333333333,58.333333333333336
8454,富邦媒,數位雲端,12,8.674997575771535,7.4669383828798965,3.741220638444616,7.460321910665106,785563.8343699841,1369465.6813951575,0.847731788912751,21058.15730617459,41.66666666666667,91.66666666666666
1440,南紡,紡織纖維,12,8.701563326231057,8.65652690110882,7.52089150735777,8.67621537728769,104568.9561490862,122709.93026183378,0.35080741165109397,2613.1134075193454,50.0,58.333333333333336
1604,聲寶,電器電纜,12,8.702776187152523,8.754555400466824,7.558888453384408,9.183856043831941,65631.76179369258,82803.36004195304,1.020315614072555,24259.04363705436,50.0,58.333333333333336
3050,鈺德,光電業,12,8.705558150073381,8.65582965172798,6.9116714224280615,8.68222443838229,9141.068205794385,11367.109248603289,1.0394760789612925,218.36415123864813,50.0,50.0
5016,松和,鋼鐵工業,12,8.715266722474702,8.682956777965067,7.7881986719453735,8.77212119325758,14876.633472762223,16805.326139965673,0.3861269806469673,2889.6208535928185,33.33333333333333,58.333333333333336
6112,邁達特,電子工業,12,8.752533310022391,8.786652974179928,9.1307415010201,8.592351111207357,159288.666589094,182135.74575147856,0.8632646967826644,-32734.0785531221,50.0,41.66666666666667
2472,立隆電,電子零組件業,12,8.75357324711609,8.92168323265904,10.053462712640297,8.898400878947752,82374.27554173137,92981.79883894057,0.6447102935906451,-1274.433253976109,50.0,75.0
1558,伸興,電機機械,12,8.768601464257927,8.6350651661317,7.553906328835712,8.689587620246302,59217.135104762914,71380.76226851105,0.38576374373254024,11766.983320081219,25.0,75.0
2347,聯強,電子通路業,12,8.780866530434409,8.438967086900538,7.575733645320174,8.87884438182784,2999423.621116262,4345501.493160763,0.7634452172489912,-295814.29783669394,58.333333333333336,66.66666666666666
7722,LINEPAY,數位雲端,12,8.79075881467366,8.985244263841114,6.855078201300896,8.366334111323441,57667.407126788596,80013.86090110157,2.4638326762223763,-39393.92620654474,66.66666666666666,8.333333333333332
2834,臺企銀,金融保險,12,8.817669488690676,8.658762546660084,7.102271341246638,8.650840632526128,258024.98860853896,314858.4629142517,0.9661119892776009,-21456.20431008089,58.333333333333336,75.0
4572,駐龍,電機機械,12,8.826543004974587,8.919817090534405,7.875452197334642,9.133489894899311,4934.515644193563,5660.585373766776,0.25797981736935854,445.08946375989217,50.0,83.33333333333334
4956,光鋐,光電業,12,8.849939399846203,8.972158615904306,7.3854526350795435,9.528359955422776,9948.976499165603,13114.008607702643,0.38476307591769765,4102.2889440948775,25.0,58.333333333333336
2006,東和鋼鐵,鋼鐵工業,12,8.869806326136894,9.062803451174911,7.14952767356094,9.079731360710975,428677.8358317646,485009.63569141924,0.6370718285023552,13621.453692737463,50.0,50.0
3338,泰碩,電子零組件業,12,8.893077734357751,9.284720044767553,6.666305297175615,8.917255171692725,26834.906528813186,36100.88433576894,0.40660734890323585,-3113.5266303640406,41.66666666666667,58.333333333333336
2756,聯發國際,觀光餐旅,12,8.909047619359868,10.313617297848527,8.916645891781421,9.687605694511209,8700.278936812869,10526.303676216736,0.6918840252989954,-5063.71730125165,66.66666666666666,58.333333333333336
1815,富喬,電子零組件業,12,8.9092910526508,8.760438039709177,9.093170731681798,9.052988563836621,44359.01120391544,54659.937744760835,0.37403259147583773,12760.935700282862,50.0,41.66666666666667
2342,茂矽,電子工業,12,8.91816935687997,8.58330479469095,8.550919646250085,9.150837090072484,15140.160594749,17992.09077548005,0.4192052038227299,13950.847751130483,16.666666666666664,41.66666666666667
6655,科定,其他,12,8.927353589859905,10.328374686498513,5.112854153325612,10.417273722243976,19341.78854341205,29707.197613103763,0.7478584989341254,-4491.528901133913,75.0,58.333333333333336
1536,和大,汽車工業,12,8.929413840521669,8.868149802451475,5.840359924797733,9.020566466465958,35440.44170940768,48561.09972227363,0.3427921900070583,-5625.659243458674,66.66666666666666,66.66666666666666
8349,恒耀,鋼鐵工業,12,8.936063589499854,8.607749779771078,7.634660666205886,8.917195245819494,85013.72499548462,107495.8963797133,0.7028316507099365,27218.579248804104,33.33333333333333,66.66666666666666
4305,世坤,塑膠工業,12,8.937651045144083,9.171839711336451,6.527412781296602,9.321816210561513,8045.740503221543,9674.231746110298,0.44692710795621243,979.7263571620437,50.0,75.0
9944,新麗,其他,12,8.948501496949163,8.638930415040107,7.659219126367957,8.44849212921227,16966.91811955917,21593.236442002053,0.5128078183497676,-1085.2226803174078,41.66666666666667,75.0
2067,嘉鋼,電機機械,12,8.952671524018204,9.106706391238689,5.948856312159705,9.851481008056988,7621.364505039077,11160.820752565782,0.3747040728493441,1913.2935019037025,58.333333333333336,75.0
4569,六方科-KY,汽車工業,12,8.956287141931373,8.896041281123022,6.754541537603914,9.079020483146921,13565.625392381118,17329.211814427363,0.6449766014026855,212.04247488411661,58.333333333333336,66.66666666666666
7736,虎山,汽車工業,11,8.964920555913157,9.07984841720023,8.325575109616192,9.144746282048475,12509.454545454546,15865.024258641168,1.0942335825735765,1258.3636363636363,45.45454545454545,0.0
4771,望隼,生技醫療業,12,8.989631372439552,9.468712559462896,7.054422167745719,9.329094111790253,26125.681677302782,34551.80864031113,0.8665698508418084,-5457.420900705988,50.0,58.333333333333336
6115,鎰勝,電子零組件業,12,8.99269477642499,9.13886233806954,5.855136818809008,9.342067946448118,56160.62286821814,64511.962157215465,0.6056983594529118,2180.4423411317644,58.333333333333336,66.66666666666666
6962,奕力-KY,半導體業,12,8.995300647016691,8.788751952668463,6.764844030904897,9.135507062177572,143063.28543279902,181578.72660047322,1.0864380791979582,29059.21456720098,58.333333333333336,25.0
6861,睿生光電,化學生技醫療,12,8.999690909094383,9.068959886194435,8.63747150684352,8.989715330750386,17202.841675052096,21746.946833038608,0.9316542627342161,-1317.9499983186445,33.33333333333333,66.66666666666666
8481,政伸,其他,12,9.000512567202993,8.899835633744289,7.864869072678873,9.128607590439913,8845.111217303094,10746.917551531493,0.3928642344545663,1206.3398446891454,58.333333333333336,75.0
7610,聯友金屬-創,綠能環保,6,9.002063432447475,8.757146016470339,5.75879274625311,8.13043870436874,13262.5,18335.31075547944,2.957783393837637,-13262.5,100.0,0.0
4139,馬光-KY,生技醫療業,12,9.002435902445487,9.188134349763166,8.505556054898658,9.07385171792021,8194.60981876946,10320.45939561567,0.8291257728862959,-1230.5284301582553,41.66666666666667,50.0
2464,盟立,電子工業,12,9.007307167679729,8.979166004870999,8.731403236140585,9.04581594716996,50147.90493075256,56939.77077083131,0.3386724893823463,11751.129857310312,41.66666666666667,50.0
1730,花仙子,化學生技醫療,12,9.023828675770789,8.386085257724675,3.564835671745339,8.575877970374206,18135.69983998818,30192.104122841694,0.46591443066777644,-1943.025000961381,58.333333333333336,75.0
7782,光速火箭,居家生活類,4,9.044260740839308,9.110117945394624,8.392381973033277,9.000869603028057,5437.5,6131.760065429828,1.792234779215392,539.0,25.0,0.0
1339,昭輝,汽車工業,12,9.048628798730661,8.60941681094722,6.82163458109336,9.043214613144952,12516.304651172215,16699.910237349148,0.4553876924500846,6698.2588972662115,33.33333333333333,66.66666666666666
3122,笙泉,半導體業,12,9.064626115930437,9.084541929920825,8.191496198173784,9.032580021250986,2448.7634220880277,2995.500854582978,0.16116150114956646,87.03000486836238,41.66666666666667,58.333333333333336
3040,遠見,其他,12,9.067405453504085,9.07585662137949,8.325452847237369,9.088312672770343,997.0216789824641,1157.194881501754,0.5028932501707956,-56.286436260632705,58.333333333333336,91.66666666666666
4960,誠美材,光電業,12,9.07168217983033,9.07942922499222,8.6741360110821,9.15576856624187,65340.219690171274,73427.88304894164,0.31674553315101434,-2522.0893894529727,58.333333333333336,66.66666666666666
5015,華祺,鋼鐵工業,12,9.072263819771477,9.159701778702518,7.547052028640658,9.702773929334885,11300.479855886,13774.882730508181,0.26592554581498307,6845.951246985419,33.33333333333333,50.0
8091,翔名,半導體業,12,9.074281951941627,9.223020504800312,8.781611280545972,9.065992400418626,16172.02649481621,21336.952713229653,0.7206819041064098,-3273.0384078327647,50.0,58.333333333333336
6233,旺玖,半導體業,12,9.07697075633347,8.752104729007963,8.512484208991996,9.03930029843157,2931.1278324929067,3508.417785899908,0.5799102071679524,1120.7176926745624,33.33333333333333,66.66666666666666
6757,台灣虎航,航運業,12,9.087219882082051,8.819779570686388,7.215508789069014,8.58245465589927,127969.46391522081,163520.8172274083,0.3258138193388655,-18353.391735357425,33.33333333333333,66.66666666666666
6510,精測,半導體業,12,9.090218860545663,8.679990020284674,9.852476211610998,9.126595742783156,36406.42501385637,44596.05075009612,0.4803576765203404,25150.971509371102,16.666666666666664,58.333333333333336
5328,華容,電子零組件業,12,9.098355060073946,9.109480251896128,9.021353949784675,9.431681613156705,6700.301616890255,8161.5020505034745,0.4658733596077955,1380.4107579918302,50.0,58.333333333333336
1220,台榮,食品工業,12,9.098470257001123,9.520051246278667,5.169627233860027,10.082943837717732,25915.95378504669,39598.12139916166,0.7918783840403596,2766.104684321666,50.0,58.333333333333336
9927,泰銘,其他,12,9.09886431050109,9.320258266113209,5.6770104017808505,8.981936287934824,61024.25557528179,81076.54863973765,0.4933960187992459,-23678.823955910444,58.333333333333336,33.33333333333333
2646,星宇航空,航運業,12,9.102075761239147,9.141081371305509,6.801841973817238,8.972693360138384,334146.77354476467,418417.93152467924,0.8661834320904395,-161766.59115847247,75.0,41.66666666666667
3705,永信,生技醫療業,12,9.110938379155776,8.970820672765505,8.290995583531705,8.935271327339333,63546.77560327083,82723.72676462219,0.9048631378133449,1533.8624495767388,50.0,50.0
3438,類比科,半導體業,12,9.123804119919582,9.26496772243396,10.768399366939796,9.328114759473966,7685.170289460762,8835.477291781617,0.31823109713242065,799.1576648546046,50.0,66.66666666666666
4943,康控-KY,電子零組件業,12,9.131442201218777,9.168485474641356,7.885780688936409,8.80034714712839,12862.313589046571,16453.65284541582,0.16021747043477488,-5010.129561198947,58.333333333333336,75.0
6134,萬旭,電子零組件業,12,9.137043777503115,9.065857246361908,9.900522685467015,9.235776796826505,14539.57979385886,17620.29678876793,0.48723061272536317,772.713110645971,50.0,58.333333333333336
3687,歐買尬,數位雲端類,12,9.142112127578443,9.137807344118066,7.367368134100946,9.204896865329049,13938.117478693506,16623.708100151587,0.9450843717301104,-1320.4034959665478,50.0,58.333333333333336
2065,世豐,鋼鐵工業,12,9.15266729758907,8.869652967723713,5.432493195408451,8.555541448069654,15807.38863632013,22425.54387365858,0.4064354376699251,-4125.09367447523,58.333333333333336,41.66666666666667
2414,精技,電子通路業,12,9.17332333178685,9.299192908900846,10.419035111810237,9.168880617679624,217117.0909247085,252694.48126313463,0.9005013022167145,22414.42284837592,25.0,25.0
8255,朋程,電機機械,12,9.17454427935674,9.039996445935271,6.677961843979465,9.368723448667536,61973.779016179964,78599.30712890315,0.698456436169892,12125.913932017438,58.333333333333336,50.0
6712,長聖,生技醫療業,12,9.182063366362097,9.59773798601493,6.664868669306954,10.79429252374558,7895.74045764896,12637.015217834261,0.5024436250032988,1323.2192809160485,50.0,91.66666666666666
6175,立敦,電子零組件業,12,9.194054679756487,9.434386144776637,8.797619191116365,9.369213166365252,31927.89487961326,34597.39783458345,0.6446477026159607,-2385.163402908069,50.0,66.66666666666666
5880,合庫金,金融保險,12,9.199140574584431,9.061138300231882,7.383493437188199,8.906552131110539,565907.5630166623,705499.4318119419,0.9941967486421611,-184158.22232272048,75.0,66.66666666666666
3528,安馳,電子通路業,12,9.204902598585035,9.858777079429453,9.608837141887742,9.323124118049124,68724.63124226974,78437.70044852901,0.6902455934578375,-57059.78937686548,83.33333333333334,50.0
4190,佐登-KY,生技醫療業,12,9.236436526815366,9.269261028959038,6.799598614803398,9.006399908447204,17441.301640133355,22702.54592532777,0.40944337345538256,-5935.105848100994,58.333333333333336,58.333333333333336
1506,正道,電機機械,12,9.241796370186062,9.436342097197375,9.682997691791762,9.674739739471717,8252.885651091277,9588.884772896572,0.5903503724508701,1544.2249476742447,41.66666666666667,58.333333333333336
2514,龍邦,其他,12,9.246228331880662,8.817768008458378,6.968410114919381,9.131719606467932,166531.39135056545,213064.39756758456,0.4024715634628029,15941.156266911557,75.0,58.333333333333336
8155,博智,電子零組件業,12,9.248301534816743,9.590313405680435,8.183808479202236,9.391876920584865,38209.79708541827,44181.15012756349,0.610052748507718,-10886.175179645928,66.66666666666666,50.0
6789,采鈺,電子工業,12,9.251272010466495,8.859722280964819,5.837126428226512,9.532656633031424,68907.85286937274,94439.15546600833,0.3415301926386837,39203.99527323627,33.33333333333333,58.333333333333336
3552,同致,其他電子類,12,9.275659531125221,9.779608629191294,10.20247299757002,9.709754999470888,65401.13714042503,82407.60033780652,0.4604538372900541,-13873.50850925873,58.333333333333336,91.66666666666666
2739,寒舍,觀光餐旅,12,9.285944483630267,9.293950039922247,8.435603808251594,9.39993868285713,40006.26318104494,49747.36091925792,0.42719209900075045,-4476.464528768454,58.333333333333336,83.33333333333334
6763,綠界科技*,數位雲端類,12,9.287568945177,9.339950845409312,7.301349585000438,9.397681628503346,13515.680529983314,15912.607863011855,0.8739389092187052,-1358.5915089710845,50.0,50.0
3252,海灣,觀光餐旅,12,9.29077018826628,9.239447759951165,10.040755647812963,9.23400214250935,3856.8774282549803,4700.20164718617,0.4161619505383509,-344.15181368340865,58.333333333333336,83.33333333333334
8367,建新國際,航運業,12,9.303701704033216,9.321648149740213,7.594907043376953,9.367570128460827,25156.170494348862,28954.68018584972,0.7200584108173076,-1747.904222034066,58.333333333333336,33.33333333333333
4958,臻鼎-KY,電子工業,12,9.30860298615581,9.467016891743363,8.428363465096872,9.320746673414957,1415851.08080833,1646740.6117698213,0.6032500153773827,-170613.76578136315,41.66666666666667,75.0
1725,元禎,化學工業,12,9.322034453014027,9.142325669998884,6.694677439352295,9.357977754588472,62120.841267130665,75767.16410282472,0.36305177635329633,15448.587974012577,50.0,66.66666666666666
1319,東陽,汽車工業,12,9.331449103260782,9.379819933062599,5.063053888196091,9.501929928911164,195128.05035605037,263816.82784568396,0.7560341195978758,-161.33427141666957,50.0,33.33333333333333
6506,雙邦,紡織纖維,12,9.33198512626741,9.454540282769269,8.705492314996683,9.42798260437937,14584.671817635275,16789.624968558186,0.39478374500020563,1278.2839939557769,33.33333333333333,83.33333333333334
2204,中華,汽車工業,12,9.34303278572613,9.881191215420976,9.455793580445942,9.32280753715477,249865.14037166513,304779.7428949977,0.39207482852568537,-147718.16382193114,66.66666666666666,75.0
5471,松翰,電子工業,12,9.355558729793813,9.588808948548477,6.608912315526069,10.158869470764607,20860.182855408562,29087.896656756457,0.18019683952208523,4312.490800039729,50.0,66.66666666666666
1414,東和,紡織纖維,12,9.359552004974349,9.048785982871472,7.725121410010441,8.967827558578028,3650.5138681268163,4396.835136019321,0.28500907814479176,-310.71323560186346,41.66666666666667,58.333333333333336
4560,強信-KY,電機機械,12,9.369860370926803,9.046969870724954,5.816735789811635,9.521811218957339,13415.360051810256,17614.92986819279,0.3583838763663705,4676.0142071999435,50.0,75.0
8105,凌巨,電子工業,12,9.380727740207123,9.102396806680352,6.858865744005402,9.820721285012455,67193.44924852312,93397.88243319056,0.4876576477620312,30049.381719754612,50.0,25.0
3171,炎洲流通,居家生活類,12,9.38211726520706,9.14915297843203,5.077558300930662,8.436976306547844,14944.0943882466,23661.018893271288,0.8855132859058584,-7582.215316540704,58.333333333333336,50.0
2607,榮運,航運業,12,9.42319020277275,9.173965676330214,10.0265310742781,9.451356219769275,134246.2306511001,150011.32383554513,0.3880291299703615,53183.95337250462,33.33333333333333,41.66666666666667
6438,迅得,電子工業,12,9.470162709949522,9.812470526497385,10.373850940827579,9.609274577023303,51535.41802179977,58154.82434126378,0.5434053577699237,-17028.221801268315,66.66666666666666,66.66666666666666
8354,冠好,其他,12,9.510816949523317,9.51139579991922,8.015634910153233,9.590242857384888,5105.089511272466,6147.717885179987,0.6539573213283756,686.5545734556381,41.66666666666667,33.33333333333333
6191,精成科,電子零組件業,12,9.543049127614323,10.397019539804482,5.22074004525705,9.22046794933258,268097.2053243403,441439.74434218556,1.029912547849199,-227795.5461410147,75.0,83.33333333333334
3141,晶宏,半導體業,12,9.558648943296793,9.43711640192594,8.389966418054842,9.650223357538573,12857.31479700616,15736.578453348568,0.2166648407393296,1497.3751938511766,50.0,50.0
1597,直得,電機機械,12,9.561311271245494,9.836053846873684,8.515861935759544,9.519673118031148,9069.828000865904,10331.299573899341,0.35028648626816167,-3263.9658983288136,58.333333333333336,16.666666666666664
5388,中磊,通信網路業,12,9.561387813050356,9.657877561730611,8.555931386276661,9.48804391406377,430242.14160598646,527561.4146255297,0.4910913836415148,-186879.26084831884,66.66666666666666,66.66666666666666
3531,先益,光電業,12,9.562321283322467,9.620116035514691,10.435501012558666,9.90419355244347,10340.184245316472,12418.848899979457,0.35481392818929874,3235.14143900126,33.33333333333333,66.66666666666666
9912,偉聯,電腦及週邊設備業,12,9.570225605513452,9.794179110657412,8.17229904368525,9.286279874385635,4038.4119002625484,5467.56976929045,0.5111702468215087,-1902.2738579720183,58.333333333333336,83.33333333333334
6743,安普新,其他電子業,12,9.575274413504774,9.827291591486977,6.198138995277815,10.821578993259097,44214.30038868362,63789.75798759631,0.2241608692094775,10596.241559471348,66.66666666666666,83.33333333333334
6881,潤德,其他,12,9.583195030295999,10.931570621838576,4.811447960328844,9.777419437244523,19681.5267234497,29680.334666403287,2.1109545045238787,-10520.697840865032,41.66666666666667,50.0
6835,圓裕,電子零組件業,12,9.58432022776644,9.652593340050847,6.2765882808597055,10.190698789692647,19006.609535148968,22396.998787861936,0.5405255725205131,5198.698995911694,58.333333333333336,66.66666666666666
1786,科妍,生技醫療業,12,9.616166071337695,9.64449039137915,9.25815329486063,10.062365914204642,7104.920328751308,8905.998928972645,0.6469327664866185,1209.22911655969,58.333333333333336,91.66666666666666
3694,海華,電子工業,12,9.62679274314649,10.260785487608032,9.239690525682535,10.399571260355494,91512.74106667854,112843.59235287567,0.6736667501206219,-10187.896945439521,58.333333333333336,66.66666666666666
4729,熒茂,光電業,12,9.635335677163726,9.327389874187327,6.367397005519643,9.828717874717945,8623.416665455195,11704.372057350785,0.4378849826069211,2742.177115012375,33.33333333333333,41.66666666666667
6281,全國電,電子工業,12,9.638853613545944,9.641175193239965,8.046507501963038,9.870310509335285,151242.40865045824,182806.54188604603,1.0101247525643344,20011.72612871934,41.66666666666667,66.66666666666666
3290,東浦,電子零組件業,12,9.651346170246192,9.819700298244262,7.789754110474637,9.871656536476085,18703.83435341708,20672.9681667374,0.6536694778228443,-2718.4316096111556,66.66666666666666,50.0
7723,築間,觀光餐旅,10,9.683392713802792,9.580113778009796,9.315651760680199,9.71608284021215,38759.9,45441.3025990673,1.1719112431781662,3115.3,50.0,0.0
3526,凡甲,電子零組件業,12,9.689133284612627,10.009448941891959,11.197974679999737,10.023014297573734,31703.716129248132,37591.31701619404,0.618941766244687,-309.6421131276996,50.0,66.66666666666666
4557,永新-KY,汽車工業,12,9.689575200813122,9.703699079264535,9.651001587535927,10.17964316452386,32239.146533499417,38970.65464932778,0.5554446672405478,13708.466885459895,33.33333333333333,58.333333333333336
2069,運錩,鋼鐵工業,12,9.691301304439122,9.646220006472882,9.910473778148642,9.799935366448752,81512.46922849397,97688.30671664004,0.318170337870813,14064.56242471291,41.66666666666667,41.66666666666667
1451,年興,紡織纖維,12,9.694197654126727,9.667651360828145,6.9203821035719075,9.461452627862805,50581.18082349371,63460.86050835278,0.38418651617029614,-9959.074219003349,58.333333333333336,75.0
6151,晉倫,其他電子類,12,9.699340313383951,9.598293066217469,6.138173164651632,9.585663883624127,13803.705077611909,18072.405925865536,0.3858314864686328,-92.5257858322863,50.0,75.0
3321,同泰,電子零組件業,12,9.70893997537722,9.69276516457882,8.055234659086375,10.368121760106757,17354.964838702854,22498.3603700255,0.45666619798228236,5713.847038196928,41.66666666666667,50.0
4915,致伸,電子零組件業,12,9.714162601480657,10.19546879631575,7.944023486355461,9.681885790014562,487179.06476542004,612960.4075460685,0.48181728503972204,-168593.6971932879,58.333333333333336,41.66666666666667
8908,欣雄,油電燃氣業,12,9.721012420427794,9.429621693214003,9.090118039091141,9.969986217572256,83605.77794382501,103572.79215677592,0.7851190563074207,52086.40821635513,16.666666666666664,58.333333333333336
4737,華廣,生技醫療業,12,9.725417295420748,9.9578826470944,8.765181051136395,9.803535082675644,14900.846736265376,18214.793548360503,0.34428956106792846,1374.0579070313058,25.0,58.333333333333336
4440,宜新實業,紡織纖維,12,9.728656203629894,9.34967482425695,8.113277010026927,9.334618501250254,8668.532644333847,11013.881970543029,0.2544518622110126,-1111.1271406050546,41.66666666666667,83.33333333333334
3483,力致,電腦及週邊設備業,12,9.732849094266104,9.575442538647387,5.5908785710942155,9.801699704012302,73021.30052209225,98758.44030038475,0.6272553998646521,12715.775213636836,33.33333333333333,75.0
8477,創業家,數位雲端類,12,9.738899096908858,9.607008955624757,8.366309509337096,10.133510458052191,3366.558871317949,3847.1187049751306,0.04143105669980824,2108.305131235876,25.0,58.333333333333336
8411,福貞-KY,其他,12,9.741120310284035,9.437224858982468,7.946364360378006,9.731264089743064,74575.76852026295,97016.46333825463,0.7511966023274131,416.1381631021116,66.66666666666666,91.66666666666666
7712,博盛半導體,半導體業,12,9.742300774176298,9.516539789498683,7.6833811917450365,9.875841014454153,10688.083333333334,12405.652794190235,1.1444925581645056,3104.9166666666665,50.0,16.666666666666664
4581,光隆精密-KY,汽車工業,12,9.743576163105452,9.898142845509339,8.631392916959681,9.482159199353985,8828.857352559915,11525.897838732772,0.862405123754704,-3041.818124321966,58.333333333333336,66.66666666666666
5228,鈺鎧,電子零組件業,12,9.762583503288216,10.310653594765645,5.8720826854826855,9.720771213314794,4406.7325675492675,6072.8958568914,0.3887175584773497,-2152.2206620202696,66.66666666666666,50.0
6456,GIS-KY,光電業,12,9.768246262334051,9.534311278846992,6.646764324867791,10.044496410412556,543637.9399421507,690834.4664357391,0.2630073536515828,190264.8255156312,41.66666666666667,75.0
3611,鼎翰,電腦及週邊設備業,12,9.773987008372998,9.871257087830605,7.783318797156302,9.89738400005526,93999.93540486779,116323.90324896049,1.0348566638597954,5340.7625228739535,41.66666666666667,41.66666666666667
6642,富致,電子零組件業,12,9.778383723515534,9.420133342569805,8.738432029128049,9.619562025523793,4413.171993443928,5622.13486465877,0.4851525127136709,866.9575042352541,33.33333333333333,58.333333333333336
2227,裕日車,汽車工業,12,9.778667454762905,9.511243427294461,8.311997070414892,9.523556884311263,123309.59147349706,162393.04028586007,0.23453335751203064,-33283.93985743079,58.333333333333336,83.33333333333334
1323,永裕,塑膠工業,12,9.795404765694354,9.9901397628339,10.532594248214505,9.80280395360734,16492.637283721848,19384.478859305895,0.39919171220561606,-3542.268636465628,50.0,58.333333333333336
5344,立衛,半導體業,12,9.79714778608831,10.215789851225265,8.663235842445252,10.199965337855941,2777.736326050688,3113.0524453391918,0.32779761605354024,-669.6279530037197,66.66666666666666,33.33333333333333
1904,正隆,造紙工業,12,9.820246707461465,9.765813796528116,8.767555194139561,10.113715211288447,351731.33441004547,439079.300416934,0.9600830486666828,104641.02203446634,33.33333333333333,66.66666666666666
3128,昇銳,光電業,12,9.826365530206196,8.955886836315187,7.172905303383257,9.560725077047987,8989.388468895,12172.76768923346,0.5181988520513819,7353.167968198646,8.333333333333332,50.0
3543,州巧,光電業,12,9.833767851522232,9.853752244858955,9.650841924550642,9.904438409735844,26747.9878678517,31216.74669754277,0.7727532803530438,-1376.7981954725012,50.0,25.0
8341,日友,綠能環保,12,9.86072920117746,9.777284811716617,8.311504400027356,10.006678319959763,32791.44409479893,39442.413444581536,0.7790773093542511,4980.222379533389,50.0,50.0
1611,中電,電器電纜,12,9.881477289776681,9.759476274023216,9.954154120515428,9.811045934093698,8769.61346513101,10715.601301214918,0.38198409407938866,1199.9383194193615,50.0,41.66666666666667
6266,泰詠,電子零組件業,12,9.883288098235052,10.020789269675767,8.29645396775976,10.45398203095833,28007.93717079854,36324.557595011276,0.4339727595354932,1470.0452846636083,75.0,58.333333333333336
1609,大亞,電器電纜,12,9.91228985732072,10.10912536762256,8.629356755410745,10.188676954766107,258110.38613965444,285914.2280877298,0.7967285779551455,10407.159039285927,50.0,16.666666666666664
6570,維田,電腦及週邊設備業,12,9.919271495219439,10.371296991557193,4.62804074804834,10.782436570299135,7570.991427500769,10929.02002627961,0.42572535761471914,310.2867413709998,58.333333333333336,83.33333333333334
5907,大洋-KY,貿易百貨,12,9.93663722419593,9.872024677675723,9.085210240681599,10.124141545022908,22551.9103059804,26941.117618943532,0.26610829528333063,3462.4949748216,50.0,100.0
5450,南良,其他,12,9.940455729470292,9.984152535771955,9.307298742005864,10.22851958597102,20128.29626719467,24871.210692942404,0.4789320750997281,2680.985495266364,41.66666666666667,25.0
9924,福興,居家生活,12,9.952043366644807,9.409848031745243,6.200786270323073,10.0052306189474,61232.82461248903,91029.90033382371,0.5345336512405561,4055.195113482109,58.333333333333336,66.66666666666666
2239,英利-KY,汽車工業,12,9.953186761603824,9.569110108462713,8.460775698375683,9.680720160030845,158948.35324785233,207461.88285338567,0.4341802088971074,-7562.380502840892,58.333333333333336,91.66666666666666
9905,大華,其他,12,9.96684592014421,10.116216627379982,8.8098345405241,10.014105470867529,67948.77272366476,86440.49540959565,0.8741220257301398,4432.050277824611,33.33333333333333,83.33333333333334
4973,廣穎,半導體業,12,9.97625086760235,9.702872305446766,7.2653587861666065,10.128714064248802,35402.18107360513,44646.46639713776,0.8069199372528172,6213.641346486339,58.333333333333336,50.0
4939,亞電,電子零組件業,12,9.98898525615763,10.268530448304954,11.913714133934834,10.244260286442351,11799.905041555206,14043.444026014438,0.5171619712993138,-492.206433721128,58.333333333333336,50.0
6213,聯茂,電子零組件業,12,10.001805429692299,10.081151834045317,12.089818456597706,10.15078357672305,275868.8221857436,330185.0189479162,0.6430897259819508,-2567.1203178492724,66.66666666666666,50.0
1435,中福,其他,12,10.011486578986881,10.270362059680265,1.2955900930065232,10.011536366005428,49.90726059624961,82.16753981921487,0.1700846311288772,-0.5366381409434856,41.66666666666667,58.333333333333336
1321,大洋,塑膠工業,12,10.018068764303155,9.599594250998592,7.870359005218177,9.827555939148334,29719.435828369005,35904.989541922536,0.2895383771392864,12519.82453392972,25.0,58.333333333333336
5315,光聯,光電業,12,10.022624048772268,10.028305223857814,10.42941144551186,10.261497402006754,16733.54760278908,19194.171584838186,0.5432889729479521,6971.9188655746475,25.0,50.0
6951,青新-創,綠能環保,12,10.039493623557458,10.559005660194508,9.018270843855545,10.017452319457336,7241.971992863801,9231.192755761114,1.264470794385453,-4410.213851833636,75.0,58.333333333333336
8931,大汽電,油電燃氣業,12,10.040552247263415,9.980131249548672,9.111951955227015,10.349018700192342,20706.34641721767,24559.41467728188,0.4614568063707649,6829.779882753464,33.33333333333333,66.66666666666666
2357,華碩,電腦及週邊設備業,12,10.042095147245258,10.45007981674222,8.10420755785693,10.498378645769213,6183492.624316881,7470872.3047392005,0.8063215693661029,-958927.0135193709,50.0,91.66666666666666
2913,農林,貿易百貨,12,10.044257389705615,9.774572562423877,9.541315935357208,10.245858220050632,3956.215360228265,4764.698164581405,0.7724834279630223,1626.3267008294831,41.66666666666667,66.66666666666666
1464,得力,紡織纖維,12,10.047841875284739,10.108611027659686,10.647206658830779,10.081895851730717,104732.36519438513,129625.08343160887,0.5166624009065498,14631.1624412703,33.33333333333333,75.0
8443,阿瘦,貿易百貨,12,10.048941630614932,9.714798301164192,5.937490094303456,10.455525479877585,9362.15508898858,14136.121498385324,0.48264809295920763,3397.2994659344586,25.0,75.0
3494,誠研,電腦及週邊設備業,12,10.063225559930645,10.712700791370093,5.7802733337165,10.167805412938698,7877.132369397812,11136.148492630382,0.44792083751133854,-441.24473723182683,33.33333333333333,58.333333333333336
6155,鈞寶,電子零組件業,12,10.068291991285754,9.828640420686433,10.865980548757062,10.096181120782926,5300.5278310023195,6695.912029542939,0.4740138965046714,273.1273950081583,41.66666666666667,50.0
2109,華豐,橡膠工業,12,10.070845757184033,10.010837955442579,7.4670414436829295,10.131922178763308,37682.18427811306,45242.68215103487,0.6618756812308065,10350.963586578917,41.66666666666667,50.0
2302,麗正,半導體業,12,10.080777216803098,10.21724194119291,6.967737946091984,10.72452638332475,7105.082994061075,8999.26867993747,0.40421216293069934,1450.846546602647,41.66666666666667,75.0
5269,祥碩,電子工業,12,10.083527896669002,10.829095210860556,5.5349640572030765,9.968962997623722,112721.76686010318,154378.18998064747,0.6203653732067657,-81626.7716818404,66.66666666666666,50.0
1419,新紡,紡織纖維,12,10.08550141756775,10.620904671511632,7.4772631832713445,11.012251287092328,39780.51218801694,46457.56955650868,0.7912566757936221,1702.5490058279054,50.0,91.66666666666666
1444,力麗,紡織纖維,12,10.116942644951576,9.46492445932593,9.684464293931157,10.18231655020026,59972.797598425,82253.05060577996,0.2564229210189977,41583.81558739721,33.33333333333333,66.66666666666666
6117,迎廣,電腦及週邊設備業,12,10.122464747838139,11.153218465032223,5.57102887010409,11.055154589562315,27170.3318483318,39538.87257084595,0.730519835132335,-4302.803334853418,33.33333333333333,66.66666666666666
5483,中美晶,半導體業,12,10.128369713933305,10.164781885993941,8.623563802495973,10.175878841727474,659787.037119425,852628.9088677607,1.0207220811483382,-117219.595631178,58.333333333333336,75.0
5243,乙盛-KY,電子工業,12,10.136646005881465,9.95437386135432,7.248877316275196,10.482659780111387,101372.52515200817,126617.97698150619,0.4931892226901666,44642.37643553968,33.33333333333333,66.66666666666666
7767,仁大資訊,資訊服務業,3,10.136964187220762,10.519913821574061,9.979328959956266,10.063634652587583,22605.666666666668,23755.665576868185,0.7392941210594118,-13734.333333333334,66.66666666666666,0.0
6275,元山,電子零組件業,12,10.15563802697266,9.978662318812665,9.22576651838586,10.206475897774519,36213.803453684646,41256.992165310956,0.7846743410069367,2602.633908379668,58.333333333333336,58.333333333333336
2906,高林,貿易百貨,12,10.166929477560894,10.420520835663496,7.243442577175004,10.47749646055717,75101.18480658281,89720.53644145608,0.6978363571863339,-11716.89342447964,58.333333333333336,41.66666666666667
6597,立誠,電子零組件業,10,10.17450066907075,10.222198742822433,6.8449333247213655,10.900994391292034,6379.3,8437.778659102169,3.502330929328856,548.5,70.0,0.0
5353,台林,通信網路業,12,10.202297549844038,10.584531048018905,11.019238801669582,10.550169770630491,15568.416995964757,18843.895137634758,0.502750657849362,-2091.299769138099,50.0,58.333333333333336
9921,巨大,運動休閒,12,10.202694325014585,9.836368352868604,8.821970969346996,9.917441838424546,512390.97408274404,635517.0272529935,0.49210103564548674,16706.500134624697,50.0,58.333333333333336
4133,亞諾法,生技醫療業,12,10.20388121828118,10.151453404563197,8.91815119526323,10.186716776427748,2987.1777234174674,3668.762185816637,0.5260129182442072,178.74446847090135,50.0,75.0
3162,精確,電機機械,12,10.206071800073982,11.291126941717145,7.323532655599882,10.487806011799687,66073.24982263579,95450.48943505663,0.7036678901106693,-7055.81960806726,50.0,58.333333333333336
5007,三星,鋼鐵工業,12,10.221899046338052,10.519302121845573,11.83653801817395,10.477807274562178,52945.43348290463,57270.02768430299,0.5156702054420109,-6479.301656567918,58.333333333333336,66.66666666666666
6924,榮惠-KY創,電子零組件業,12,10.242962380418476,9.889066797093315,9.256887613764727,10.454542422216823,14457.25,17854.80296026814,0.7928639552712645,7314.416666666667,33.33333333333333,16.666666666666664
6224,聚鼎,電子零組件業,12,10.261790886603222,10.09297611381643,7.926320990110143,10.536657101452324,24392.48217327359,30092.50888770866,0.5266105633131523,9091.854336467832,33.33333333333333,75.0
2454,聯發科,電子工業,12,10.269461951915316,10.285466959919919,7.81787076110656,10.197149145255347,5100205.746621885,6086080.736361793,0.5218027111137785,-1061676.1042506546,58.333333333333336,75.0
1455,集盛,紡織纖維,12,10.276040770100249,8.908429393467076,5.941680165760112,9.620344383134821,53112.96697189016,76071.07522568054,0.21102886899469211,40784.66653324158,8.333333333333332,58.333333333333336
6791,虎門科技,資訊服務業,12,10.282339449308191,9.855230701600194,9.05902163342582,9.521095346973919,6903.022883444431,10016.890563885454,1.0101816266883077,-2036.2481822935672,41.66666666666667,91.66666666666666
1735,日勝化,化學生技醫療,12,10.283677572859034,10.176329413797713,9.9273216329761,10.464722421420642,19740.290376920882,24866.023212905013,0.37233676416890876,4546.918752993915,41.66666666666667,50.0
2015,豐興,鋼鐵工業,12,10.29555741147545,10.049201987454152,5.661090411908713,11.20203370393526,249116.91820684922,403290.16144547245,0.48018660743037794,122946.64554393811,50.0,66.66666666666666
6996,力領科技,半導體業,12,10.297491120567136,10.400102642899837,7.818008197848063,10.738805314440466,23085.130125152416,30394.354615768563,0.9465492941780435,-2881.7967918190843,58.333333333333336,16.666666666666664
2415,錩新,電子零組件業,12,10.312849024228942,10.559638570266198,10.755913156501911,10.230728748975409,20311.43975656707,23315.599894026967,0.42171790874008125,-7566.423311479067,58.333333333333336,58.333333333333336
1909,榮成,造紙工業,12,10.340787329613853,10.434879787229933,7.739683143863954,11.197092002199343,385366.1660615659,505146.48746068176,0.5549247600644135,98488.46818166284,58.333333333333336,50.0
6805,富世達,電子零組件業,12,10.349286959929522,10.761686300434654,8.857715714983252,11.012384770330746,107062.76989206491,131371.55223628503,1.027598422644353,1007.409311382265,58.333333333333336,66.66666666666666
1593,祺驊,運動休閒類,12,10.350109491276044,10.651724004133989,12.567875252582617,10.563793106339144,10834.796493661257,12417.050485781278,0.4407313727788004,-1985.6671894770188,58.333333333333336,50.0
1537,廣隆,電機機械,12,10.354269401600982,10.099772076926444,8.967637492329146,10.637399042940144,57225.59647222358,70228.0891121271,0.45493346995744405,22730.202197566934,41.66666666666667,50.0
3689,湧德,電子零組件業,12,10.366667025025242,10.257231147709911,9.161126650322792,9.98172914703606,53617.80999236812,76526.15607014947,0.6562499706186783,-18509.79319159918,50.0,66.66666666666666
5258,虹堡,電子工業,12,10.373832241453975,10.137218957633227,8.024792945931438,9.98903803751009,68211.06778209253,82297.51610865937,0.7457872552280959,-15047.608937833278,50.0,83.33333333333334
4767,誠泰科技,化學工業,12,10.386547274540371,10.47122166814402,8.068312276215652,10.718314878071038,8532.254300528803,11006.743961945453,0.6379964085688189,1837.6670285642056,33.33333333333333,75.0
8435,鉅邁,其他,12,10.4106861932443,10.162090448520823,8.170244430063933,10.554060040454088,5360.262782749453,6508.444131886964,0.8525870173653852,1205.4144415953317,41.66666666666667,50.0
6197,佳必琪,電子零組件業,12,10.415829721270233,9.993713371236462,7.040198756594332,10.314887304415537,65861.8432058734,95783.92733912579,0.9958410686352702,-2345.6406367623226,41.66666666666667,66.66666666666666
1569,濱川,電腦及週邊設備業,12,10.42487419492691,10.277528316721565,12.634030284809516,10.531920115982459,28311.482405800194,33490.24293597854,0.3071044253864111,6244.390625814616,50.0,58.333333333333336
3594,磐儀,電腦及週邊設備業,12,10.436064633819669,10.39382923694075,5.493756049106119,11.381891618546199,17576.82880214391,26443.00532262892,0.8255584866230546,7537.4059469042295,50.0,50.0
6237,驊訊,半導體業,12,10.44698981635217,11.218853663675983,5.262517551151084,11.6786211253168,4363.2810608728005,6426.940034853001,0.11104119621613544,39.79226893830037,41.66666666666667,66.66666666666666
3017,奇鋐,電腦及週邊設備業,12,10.449100372199986,11.025148853664785,9.113672637137267,10.30401036516062,1215921.4245399737,1418426.7499699125,1.2788015369460692,-983795.3510664315,83.33333333333334,58.333333333333336
2345,智邦,電子工業,12,10.450717427921342,11.111234752506123,8.66694469477282,10.246791856138216,2162196.4968448062,2868020.9407265084,1.2426974328461164,-1744924.912556396,75.0,50.0
3679,新至陞,電子零組件業,12,10.469443455155456,10.464859049816523,10.475056660490619,10.51531429488271,39009.10269122817,45386.03080464438,0.4400275181201918,9377.083747893159,33.33333333333333,58.333333333333336
8032,光菱,電子通路業,12,10.470039041524563,10.463826060395899,8.749981349008639,10.257967368157654,31750.86454518011,41368.57445316582,0.47957581292553947,-1496.1607802743117,41.66666666666667,50.0
6183,關貿,電子工業,12,10.48561333843357,9.750286556438457,8.82564210870985,9.710079930265243,24058.147553646402,33076.478492395596,0.8397235885219367,-1023.9659025756094,33.33333333333333,91.66666666666666
1590,亞德客-KY,電機機械,12,10.494509103373852,10.944648212147207,5.446785020411528,10.867549913140442,300229.10278538236,392284.8258866523,0.8023622028451252,-34994.594328147105,41.66666666666667,66.66666666666666
6235,華孚,電腦及週邊設備業,12,10.496213083868264,10.910103251396803,7.492750969289958,10.057307339561282,57869.541317583724,79377.43492811407,0.6774792880331516,-34047.51680045673,66.66666666666666,41.66666666666667
9958,世紀鋼,鋼鐵工業,12,10.499678678033222,11.172689033759536,6.412552694435184,10.688967665758627,126558.17443656932,174970.07020057307,0.3884829889451244,-46349.73636498515,58.333333333333336,58.333333333333336
2736,富野,觀光餐旅,12,10.539682381031884,10.817902732932417,9.51830660968003,10.735918373459203,4603.812311652585,5616.782526564169,0.2413622617584363,247.1034248609843,41.66666666666667,66.66666666666666
2417,圓剛,電腦及週邊設備業,12,10.547074022492312,10.253280633065826,10.369149520630682,9.916996882204808,29634.175405595113,39192.161677336364,0.1954724966156743,-10240.726544700103,58.333333333333336,83.33333333333334
8489,三貝德,其他,12,10.55142836039418,9.566379888960313,4.6618324845789285,8.81179480257151,12750.020694992549,20561.375400754892,1.4729225744620251,-8294.518031128348,58.333333333333336,41.66666666666667
2467,志聖,電子零組件業,12,10.564618377376837,10.488878614161482,8.176383237886093,10.61568276813263,53722.44024165298,69030.50640679443,0.48169987335855424,-810.6460730012914,41.66666666666667,58.333333333333336
4935,茂林-KY,電子工業,12,10.56743719384998,10.013118819110028,5.880042285269084,10.795150541527871,47120.757237829734,63692.87467331342,0.17892437619344448,33433.471316627074,16.666666666666664,66.66666666666666
6144,得利影,文化創意業,12,10.568980019055047,10.471114883874854,10.389035284103628,10.307541826717596,1521.2549465260374,1937.266857810616,0.3139290176029947,-293.6598496573808,50.0,50.0
6558,興能高,電子工業,12,10.585568059410447,10.777434580477074,8.083836412441718,11.228727908074031,9463.074422390562,11581.816143734994,0.28122969553757843,2329.202155099652,50.0,58.333333333333336
2911,麗嬰房,貿易百貨,12,10.61243247380576,10.314512531716796,8.11485995232339,10.892627888469123,20546.88969902244,26284.0599302554,0.43594126543326067,7103.784687489347,33.33333333333333,66.66666666666666
3332,幸康,電子零組件業,12,10.618305124124229,10.550571389406626,4.149283870495945,10.603161706528255,14160.536319181658,21401.01851276592,0.48868304805822976,749.6431397746528,33.33333333333333,66.66666666666666
6123,上奇,資訊服務業,12,10.65001183107757,10.402538952659288,9.663369140353453,10.550692549047035,44892.8173713441,49659.714052643634,0.6095242447738434,10388.482622188094,33.33333333333333,66.66666666666666
6776,展碁國際,電子通路業,12,10.66443543932028,10.114446052185839,7.404360712951136,9.678065199654938,260393.33349426312,417958.3733269705,0.860926141404961,-59759.105349150916,50.0,50.0
6205,富邦上証,ETF,12,10.680506125155494,10.604712419046137,9.235209807415549,10.981513728404085,12140.549113307794,15659.237600491473,0.3933900712437097,2492.902138366518,41.66666666666667,83.33333333333334
9919,康那香,其他,12,10.69784924061696,10.082253876978744,7.562117537707152,10.841628254109265,23765.887214361912,31658.845168159347,0.3868786442303663,11292.400523053368,50.0,66.66666666666666
7750,新代,電機機械,5,10.709728467224057,10.508870110372811,8.25651105481504,9.774344245831418,123713.0,161158.4946386631,3.0852732674646433,-104904.6,80.0,0.0
3167,大量,電機機械,12,10.712484054441216,11.593152542060103,10.49431997096617,11.236412067071626,45331.10821203427,49452.44016869193,0.3538863064032131,-15460.281429339006,66.66666666666666,50.0
2704,國賓,觀光餐旅,12,10.728095589480152,10.11733783903291,7.657175367938068,10.153029363026826,12132.448002541394,16606.875987288935,0.28538086820390124,-41.15607011868148,41.66666666666667,75.0
2489,瑞軒,電子工業,12,10.740382893250356,10.518627074949908,9.40345033902195,10.708146214421667,220399.42341072005,256285.10589012387,0.53327854208886,45243.18318520896,33.33333333333333,58.333333333333336
5223,安力-KY,電腦及週邊設備業,12,10.7441685130695,10.510198988723122,6.131177420542904,10.391197407414099,17550.294847991157,23780.40048134468,0.3756489731847326,-26.70571844587418,33.33333333333333,66.66666666666666
6272,驊陞,電子零組件業,2,10.759639175009124,10.535121472925171,11.359221954956647,11.359221954956647,33463.5,38524.51801775072,3.655467445742905,33463.5,0.0,0.0
2734,易飛網,觀光餐旅,12,10.78123429456775,11.433999838650543,9.7878112482658,10.7536440493158,14763.750368085779,18686.629169381562,0.23178200131893675,-8105.1691674999665,50.0,50.0
5289,宜鼎,電腦及週邊設備業,12,10.787109747661676,10.862769426013806,10.800064089384101,10.14488503981567,128198.1652784642,155388.92198577698,0.7748454119808899,-128198.1652784642,100.0,33.33333333333333
1752,南光,生技醫療業,12,10.795732315919668,10.688257952729547,12.363215126333579,10.77408876350999,19452.27228055266,21768.333230010525,0.7661379908067448,4280.091042741978,33.33333333333333,58.333333333333336
2453,凌群,電子工業,12,10.824757266448255,10.979059820659646,8.399236097866577,11.563126690064426,67048.9073336227,82949.38793691304,1.7254187633877747,-9001.508788746045,66.66666666666666,83.33333333333334
2705,六福,觀光餐旅,12,10.845045824852239,11.00668895306585,9.902803730250906,11.475393719234402,20537.93205634855,24481.68926336911,0.4107053767131846,189.24578163348147,58.333333333333336,75.0
1565,精華,生技醫療業,12,10.849518377494501,10.29588511043115,8.624891669301643,10.721761691849586,37221.60544044605,46625.3585629174,0.5845126547125342,14910.985846102374,33.33333333333333,33.33333333333333
1521,大億,汽車工業,12,10.85895996116173,11.374141106046514,9.948247180591993,10.768971340921361,32847.98286804889,41716.91100648183,0.3812732848280039,-12562.597146179316,50.0,50.0
1338,廣華-KY,汽車工業,12,10.878496997309199,10.84164436041306,12.597938667696635,11.076631105944431,47918.27441439573,56386.80620831488,0.44662966684660194,5965.323991962689,50.0,41.66666666666667
1310,台苯,塑膠工業,12,10.891958611211864,10.306644584734649,10.882133552710245,11.088564198392879,78721.02272817797,95853.73541086706,0.2721117395310719,65235.735320972926,25.0,50.0
2034,允強,鋼鐵工業,12,10.900272242649432,10.678719784022332,10.167281137018628,11.420478510604454,113937.07583241728,142348.72044425242,0.3722263007311268,62556.46002956674,33.33333333333333,58.333333333333336
8162,微矽電子-創,電子工業,12,10.915933158575532,11.510425031720397,8.391622010459207,11.014625377282849,11596.114050297338,14694.827530855566,1.2577342445213295,-605.1117723276196,33.33333333333333,50.0
2324,仁寶,電腦及週邊設備業,12,10.921149895290272,10.802492700188136,10.728371901729059,10.813673803072888,6894094.456887931,8189830.687352367,0.4927568433817238,-157198.5134210276,41.66666666666667,66.66666666666666
6552,易華電,電子工業,12,10.925459671607934,10.441077812118662,7.743126641913733,11.17147397836417,13101.337801606465,17576.83453839654,0.282184682467545,5880.864727431351,50.0,50.0
6730,常廣,生技醫療業,3,10.929191042969538,11.138410233356304,13.8466065648324,11.001669842356602,4514.666666666667,4950.920991761701,2.420933064021891,-1064.0,66.66666666666666,0.0
3545,敦泰,半導體業,12,10.931390970630646,10.243940664564722,7.649181829275453,11.00884250424326,108877.21885601472,144496.2977544008,0.25247100892367896,63936.93636348214,33.33333333333333,58.333333333333336
1817,凱撒衛,玻璃陶瓷,12,10.93252548419291,10.35297054500981,4.740170547750503,11.017315783122296,23853.814010529062,35115.78006192352,0.7854157596020749,9507.769386968712,41.66666666666667,58.333333333333336
5489,彩富,其他電子類,12,10.952186014197457,10.618337356233637,6.29704679326378,10.454150418806048,15404.669462765933,22003.145517275378,0.43476194336443896,-786.9966693433016,58.333333333333336,75.0
6291,沛亨,半導體業,12,10.955349294902847,11.264762914410378,12.297494097741502,10.912993640590903,19435.37393445338,22066.7994791642,0.46356292883451894,-7562.695477848344,66.66666666666666,66.66666666666666
3163,波若威,通信網路業,12,10.958983396560193,11.835886368572247,8.069325143446521,10.801976591891956,20325.726962947992,27810.603940919504,0.28700809067784,-14715.019041811755,75.0,58.333333333333336
1234,黑松,食品工業,12,10.95912818589068,11.154740615077916,8.64491247269688,10.987481560280827,86861.60250363528,103226.89039441622,1.0349773974179743,2867.954043838234,41.66666666666667,66.66666666666666
2471,資通,電子工業,12,10.964259993097407,10.10444299981475,5.546973736969408,9.885208399101302,9138.162491247034,15298.946524544215,0.8846682964616704,-2832.334157154337,50.0,66.66666666666666
3356,奇偶,電子工業,12,10.966498820079131,10.795932815821182,9.945363943062851,10.7825230040572,9309.579652102393,11454.67637831044,0.6036255097832592,211.1163877788034,41.66666666666667,58.333333333333336
8938,明安,運動休閒類,12,10.985518933661016,11.334703525680005,9.88463571328147,11.380955735970415,141041.74101780352,163713.441413729,0.37049454391977393,14677.718487760963,33.33333333333333,91.66666666666666
6732,昇佳電子,半導體業,12,10.996873898070461,10.881662569947864,9.61922961033802,10.864026647979658,41805.20262345608,52334.49331469397,0.3796374732936881,-1472.7784248499568,41.66666666666667,58.333333333333336
3558,神準,通信網路業,12,11.008634657688631,11.164355762701108,8.096763466723667,11.134502609101391,137935.14653858327,167132.6888982012,0.43516976604162966,12506.188756633288,33.33333333333333,58.333333333333336
1453,大將,建材營造,12,11.00979704244349,10.75673638993386,5.889231521505931,9.823930379174179,13.53287553133679,26.85402191446203,0.0006444427060618331,-3.7201760002346966,41.66666666666667,16.666666666666664
6104,創惟,半導體業,12,11.010019163249396,10.993055623438924,11.730983983699222,11.093199400062735,37215.33277433806,40752.67194897067,0.45444003054963855,5291.644964438378,41.66666666666667,41.66666666666667
5209,新鼎,其他,12,11.029154075026517,11.072697141699324,10.43186743283048,10.712774691984253,49120.37806663447,54432.29108549902,0.3328883713671493,-26832.913863895392,75.0,66.66666666666666
2108,南帝,橡膠工業,12,11.052123493784118,10.297905667207061,6.641815723169699,11.274680273137522,87923.59352720168,124841.45179147705,0.1650654912725964,54295.15060553558,33.33333333333333,66.66666666666666
3268,海德威,半導體業,12,11.05956113313573,11.11054188021907,7.330284541778687,10.715704707155957,8511.87141420564,11236.568558837305,0.319244866435623,-758.6302955526547,33.33333333333333,66.66666666666666
2024,志聯,鋼鐵工業,12,11.066305344340826,11.002627399542817,7.303800662276028,11.448085882832268,9119.548573927748,12608.797861902773,0.345120824252638,2332.282340899223,41.66666666666667,58.333333333333336
3011,今皓,電子零組件業,12,11.071298124630252,10.442336572171017,8.418970967208377,11.28853277124165,6962.28731257321,9192.401550872695,0.2991700350887444,5299.593748637292,16.666666666666664,66.66666666666666
1110,東泥,水泥工業,12,11.074752578002341,11.122317694081252,9.438564176683183,11.772854441407524,26316.89763526504,36584.33243242999,0.6685708703595191,7582.118921746944,33.33333333333333,75.0
6133,金橋,電子零組件業,12,11.078022206380739,11.26896934649732,11.501602579104985,11.056017131017324,13056.104619866912,16013.761765616171,0.5499117820291962,-3800.158366285805,66.66666666666666,58.333333333333336
3206,志豐,電子零組件業,12,11.078401126988242,10.996092633937954,9.997728463449853,11.177749424265105,29453.803492288887,36170.72145292582,0.5552298876435261,4711.100618424098,33.33333333333333,83.33333333333334
8442,威宏-KY,其他,12,11.084247550617127,11.042484577133099,9.345835980749651,11.0110897366187,74927.43514575604,91097.4733578352,0.49365816898181675,-9205.94001049496,58.333333333333336,58.333333333333336
8440,綠電,綠能環保類,12,11.091193293050639,10.925063162299102,10.99044652905474,11.432535056551261,8436.28511183203,10256.74703789686,0.9571193226350455,4424.007598591864,33.33333333333333,58.333333333333336
2949,欣新網,數位雲端類,12,11.091341997199905,10.115335524568401,5.3104566824442205,10.483742718201128,52833.34880568181,80009.07710610214,0.592566552709902,-1963.5728775866253,58.333333333333336,91.66666666666666
6641,基士德-KY,綠能環保,12,11.10508435700081,11.331666260316918,9.103695109366793,11.053216654849018,16306.159869839104,20100.596112244333,0.5373683729328765,-1942.6985437626208,41.66666666666667,66.66666666666666
1409,新纖,紡織纖維,12,11.118522083935524,10.49904738456615,9.272386220125691,11.020363536991917,364422.30127420794,465607.0449310142,0.5221579880970727,211170.345105999,16.666666666666664,58.333333333333336
3296,勝德,電子零組件業,12,11.119535811838128,10.919785896624001,12.244836904971198,11.406445514433534,14800.213360914668,18559.255188762232,0.27922976670447724,2622.197320277941,50.0,75.0
6189,豐藝,電子通路業,12,11.128362560362756,10.397329621950513,9.701469523092326,10.851516629754588,275332.42865539243,330211.8714213219,0.501389820795068,98728.90533402015,50.0,66.66666666666666
3031,佰鴻,電子工業,12,11.154240837996953,11.084709920287098,6.774541836167049,10.829044317490279,10574.954635276279,15202.730632556204,0.4264355044045664,-876.9776950250671,41.66666666666667,83.33333333333334
4942,嘉彰,電子工業,12,11.154748304802627,11.24029263827911,10.454356388306536,11.275181834620117,56528.72277615294,62389.538898675775,0.5569921336859456,-685.6133499157635,50.0,41.66666666666667
4529,淳紳,其他,12,11.171412515819123,10.565270791155886,7.524089774440708,11.717594184723083,49.256619684332485,73.93318251570491,0.18203676412528194,28.93702425050688,50.0,41.66666666666667
8085,福華,其他電子類,12,11.174710726023985,11.473146435153431,10.23836002217109,11.248007238920366,6131.647585699805,7652.640665074853,0.40529596628579717,-1684.373007437857,66.66666666666666,50.0
9938,百和,其他,12,11.17623600421532,11.340860283284284,11.205049251933923,11.558728610851553,146952.04299562564,163168.83450648264,0.48858981056993894,14720.093115503783,41.66666666666667,75.0
6509,聚和,化學工業,12,11.189852548554034,10.963412909492966,10.216679496378243,11.177821169244496,45478.74054042281,51529.766278891075,0.7223201304865211,-2190.732776062641,66.66666666666666,50.0
4979,華星光,通信網路業,12,11.193986806656913,11.834926547296735,8.852512477783215,11.754484482843358,40903.25689435195,55482.99948343341,0.7172174235716057,-6842.203861795089,41.66666666666667,75.0
4528,江興鍛,電機機械,12,11.195421786372837,11.413278885875073,8.835613143542407,11.704301216802548,14765.221965730145,18843.87899414687,0.43592721244149385,-2144.5868737187643,66.66666666666666,58.333333333333336
4949,有成精密,電子工業,12,11.198866741919627,10.935709990556054,8.35712827927931,11.00645845510653,22224.001731116277,26561.250252602997,0.8361167581928167,2340.9911496144537,41.66666666666667,50.0
4933,友輝,光電業,12,11.21944814987305,10.988665839409204,7.428618258236627,11.791284146604665,28230.63722183407,35927.7451805026,0.5543663177615198,12134.225727605086,41.66666666666667,58.333333333333336
4137,麗豐-KY,生技醫療業,12,11.234745617854843,13.128985973520912,5.497858519396742,14.53324328988202,36308.404076343206,56772.829771101744,0.3684770185269905,-5213.498009135452,66.66666666666666,83.33333333333334
8107,大億金茂,電機機械,12,11.241634389287576,10.780155941131696,9.708519687673332,11.533194043484919,8879.186186321476,10748.89083413027,0.32469635899044696,5390.232824450878,25.0,75.0
2017,官田鋼,鋼鐵工業,12,11.250571354604547,11.061862701990927,10.140364998592958,11.579003833816072,25634.4080805142,28846.251952770126,0.3928059492481985,11494.184679697331,33.33333333333333,66.66666666666666
4746,台耀,生技醫療業,12,11.257583058774765,10.94801678969457,9.613452619589403,11.326497944463927,45512.11926473776,53179.39348857052,0.8600793005708306,3289.1726246021913,58.333333333333336,66.66666666666666
2459,敦吉,電子工業,12,11.305387706163996,11.607162292450989,9.85846865003222,11.316817486142899,46239.85535881944,56038.84197681171,0.4867422036831332,-19132.703960325107,58.333333333333336,66.66666666666666
3207,耀勝,電子零組件業,12,11.312529205196075,11.286567700359509,6.893862982559648,11.78935243254034,18111.293267765217,24066.02859546232,0.726175783491108,673.787649976172,58.333333333333336,75.0
6209,今國光,電子工業,12,11.33190222953923,11.891491294767329,10.553680381191551,11.199316590082105,34488.81441413609,41701.06160084782,0.6380230472353413,-17544.471397263118,66.66666666666666,66.66666666666666
6129,普誠,半導體業,12,11.34395044562182,12.42755690934574,7.423688603021549,12.932123010881986,10549.231090569707,15014.155061034418,0.322772842943147,-3156.486743439175,83.33333333333334,66.66666666666666
2603,長榮,航運業,12,11.370929026082331,10.739530164988933,8.94334536462541,11.508609030726765,3589777.7702305927,4626481.856130348,0.2070017932864209,2478164.0081192157,25.0,41.66666666666667
6492,生華科,生技醫療業,12,11.373418702597759,8.985447924902179,0.600627345916188,8.370968616068534,10.141298343149668,25.549233297965685,0.7789809535134683,-3.442774641628455,50.0,58.333333333333336
4764,雙鍵,化學生技醫療,12,11.37637026525931,10.943149602372024,7.356659310667589,10.966255614403554,27018.651852585554,36279.515356532924,0.5268893598375838,2805.149976885184,41.66666666666667,83.33333333333334
2356,英業達,電腦及週邊設備業,12,11.37755309839663,11.142441490136791,6.424991255828086,12.43951236751496,6553181.291426343,9323929.256731978,0.9485628034797259,3433698.549613452,41.66666666666667,50.0
3540,曜越,電腦及週邊設備業,12,11.379027696628933,11.62905293962001,10.841730793592419,11.476019845777085,48720.4639509326,61841.86225878206,0.434978807308325,-8314.874956143254,58.333333333333336,83.33333333333334
8433,弘帆,居家生活類,12,11.38244710628721,11.535319197230091,7.5895301692034405,11.55854457359628,33064.794716073004,46345.17270696104,0.7012051580377409,-13501.54129522248,75.0,58.333333333333336
5371,中光電,光電業,12,11.382588206717651,11.302345218263138,9.453913692765948,11.11912436455568,375404.06690851273,453629.93382831465,0.6411428406501206,-89593.71520436039,58.333333333333336,83.33333333333334
2009,第一銅,鋼鐵工業,12,11.436223751314309,11.726427217329901,9.850861482550572,12.646735759643466,27687.374077339264,35287.97321972056,0.5331389090114679,8171.13197661613,41.66666666666667,66.66666666666666
2910,統領,貿易百貨,12,11.459717426775047,10.406500649948942,8.265604999074855,11.617863692673131,4950.10134061166,7721.476935915606,0.17993186066181613,3047.369901720538,41.66666666666667,66.66666666666666
1568,倉佑,汽車工業,12,11.46775225141537,11.698037696284247,10.339076298228216,11.631873321541859,10059.110903612762,12486.871134213772,0.3791244079360789,-2728.785894318428,58.333333333333336,66.66666666666666
1785,光洋科,其他電子類,12,11.46887579688992,11.711664940867351,11.126338460968705,11.821673031349901,378076.22155574244,449980.9953058614,0.7328198774961002,-32631.90778337516,66.66666666666666,66.66666666666666
6243,迅杰,半導體業,12,11.470450170151295,11.618939165545683,12.707439025626183,12.106931490402014,6002.715983043577,7133.375845064287,0.4251598089286955,2179.034854624142,33.33333333333333,50.0
1342,八貫,其他,12,11.472368984967327,11.03774655058399,8.474168467849067,10.706484745850723,27333.31107929164,36217.58895712882,0.7560323074138352,-6648.503746615354,41.66666666666667,75.0
1612,宏泰,電器電纜,12,11.478740773094911,11.474474545796674,9.489659485348339,11.570232281892814,72224.81088135183,90070.34007302056,0.681693638523837,-1095.6607007074733,50.0,58.333333333333336
1734,杏輝,生技醫療業,12,11.501688782199203,11.29808766731051,8.363743624069953,11.181689530600703,32311.5792789444,41042.82466515741,1.0171320047874681,-327.03873837369855,41.66666666666667,58.333333333333336
6261,久元,半導體業,12,11.5117666609775,11.346873614278302,8.113810868661082,10.75421754836754,40020.19632622184,55912.95069726708,0.4718058368958458,-16045.654012867051,58.333333333333336,83.33333333333334
3003,健和興,電子零組件業,12,11.513198720289578,11.327476448133382,6.924885456790389,11.853419289751587,42180.01387862411,54550.87245099248,0.7597326014771214,3162.2876444805734,50.0,75.0
5464,霖宏,電子零組件業,12,11.517712811701436,11.930893876647588,6.647628118497802,11.460257760452992,9347.862100822973,13872.88163762535,0.2909347729234533,-1926.6558310803623,41.66666666666667,58.333333333333336
4722,國精化,化學生技醫療,12,11.532110803443116,11.397664453667629,10.832134925955037,11.851980589534069,35820.4563620225,45089.617091996544,0.4532703427214129,9355.540736627469,41.66666666666667,41.66666666666667
2636,台驊控股,航運業,12,11.54953701963822,10.96628233797782,9.749851501174927,11.76615543765841,200121.53245585688,247697.47753344866,0.18482146958273857,138679.05800250208,25.0,58.333333333333336
2751,王座,觀光餐旅,12,11.554513286835668,11.83276768508666,5.489696107589428,10.728432268898013,17055.674835264563,26935.666375877965,2.090344432028202,-10538.333202469063,66.66666666666666,25.0
2367,燿華,電子零組件業,12,11.555759947916803,11.496668270014904,8.547686770532723,12.096060596197022,156448.5323666677,177349.6553382067,0.45217812446428235,64111.52101932208,41.66666666666667,75.0
3114,好德,電子零組件業,12,11.575279970087953,11.178734569479314,8.665868802943546,11.580753816528338,29073.090521137972,35828.12579505499,0.5700012837493741,5063.049117281102,50.0,58.333333333333336
1325,恆大,塑膠工業,12,11.587911287283822,11.728472938534585,6.991075209944225,11.545032156541053,2809.151110856083,4067.7303442478383,0.024461046566567488,-188.43777186945923,50.0,58.333333333333336
4510,高鋒,電機機械,12,11.592810416225497,11.278566372640013,8.594669371904343,10.200996080689201,15851.545250730094,25009.78441866691,0.4771303264346482,-12481.923762120257,75.0,66.66666666666666
6108,競國,電子工業,12,11.59996888024111,11.68456783058257,11.908609448259519,11.658627571722024,40368.800367468015,46782.93119401019,0.40395267732744883,-5642.820357593916,50.0,75.0
3260,威剛,半導體業,12,11.60473867931309,12.029779173183773,11.42713848159487,11.467326586867078,512959.5349106647,605863.2303602535,0.7944818923276098,-316481.38284377666,75.0,41.66666666666667
6561,是方,通信網路業,12,11.60593752166999,10.700551970710496,6.353695141102082,11.152976847317115,38141.617668611834,54856.7796748986,1.492172987999563,6453.59846616209,58.333333333333336,50.0
6708,天擎,半導體業,12,11.614635346167505,12.455403259524989,10.368245143898939,11.788025341969309,2719.905626502718,3507.244871130391,0.500368698316407,67.84777832262519,33.33333333333333,58.333333333333336
1605,華新,電器電纜,12,11.615931323356003,11.557958348732765,11.788172956581317,11.727020657532277,1686944.4092715017,1980530.4156609005,0.7646715054839163,54436.31124984737,50.0,41.66666666666667
6754,匯僑設計,居家生活,12,11.61684289076365,11.857230193500166,8.160120850501562,12.684335060448717,34210.63424305805,46663.78910949466,0.3853221399066933,8059.373717326486,41.66666666666667,58.333333333333336
6206,元大上證50,ETF,12,11.628071795916336,11.456311963230311,13.11407064975845,11.73940879482795,48766.45673172254,55845.02607091307,0.3898429311038662,15058.163772866596,33.33333333333333,66.66666666666666
6127,九豪,電子零組件業,12,11.636440492763166,11.64442772636627,9.865124655439836,12.002964142180318,9576.965072151477,12231.686560436547,0.6234832068921848,648.5023092178308,41.66666666666667,66.66666666666666
8299,群聯,半導體業,12,11.636499433703172,12.34216524047022,11.341712577777571,11.628579039932202,704629.7114767131,851736.217385252,0.593822901877752,-571492.4611961956,83.33333333333334,58.333333333333336
8930,青鋼,鋼鐵工業,12,11.64551628161472,12.164232799893306,5.490179095171506,13.102370754876787,13793.64821492137,22062.422808200263,0.774440509150445,2988.2270203930493,41.66666666666667,75.0
2413,環科,電子零組件業,12,11.660369377376245,11.706423167208225,8.301132503323783,11.674990451540229,32500.937848586327,37408.630702836235,0.39628424599996487,-1347.3943541292272,50.0,50.0
3717,聯嘉投控,汽車工業,4,11.668901598578692,11.787678930731609,10.272352783482981,12.051827344006105,59325.25,61119.285959916124,1.1143515738278758,6354.25,50.0,0.0
3058,立德,電子零組件業,12,11.688267915467913,11.652897880119523,10.253192478144637,11.527250300328994,30646.61899391034,36213.42771301927,0.6319622210745622,-3557.844268547519,50.0,41.66666666666667
4999,鑫禾,電子零組件業,12,11.713176345464317,11.903999456043612,9.732159284693623,12.041473139242328,19066.620606324224,22313.44190868237,0.411238893850088,-1262.3801407979288,50.0,91.66666666666666
6982,大井泵浦,電機機械,12,11.717143116794318,11.888716242403857,10.170025020313387,12.32625202628136,15794.25,19175.86820502964,1.038887329331902,-810.75,66.66666666666666,25.0
2457,飛宏,電子零組件業,12,11.71743480280511,11.323100190185182,11.726585272847165,11.951703375734409,95649.09806584103,122217.31484713031,0.5061044867338959,41250.1903911452,33.33333333333333,75.0
1584,精剛,其他,12,11.726722020576457,11.988239019379208,11.891195690864595,11.735128976110882,25347.47577603797,28344.804433384423,0.5264662638635006,-1664.5364896964118,50.0,16.666666666666664
2637,慧洋-KY,航運業,12,11.734984855127127,12.008998888968708,10.577374458920472,11.993990502423783,164662.48131162458,176134.96851499187,0.3403388701821744,-46375.04811706877,66.66666666666666,41.66666666666667
1580,新麥,電機機械,12,11.738536379344847,11.39264723618643,9.433301489988848,11.88052285669426,47772.145424974035,58972.13819238694,0.7641672844569986,17889.355062996783,33.33333333333333,66.66666666666666
3550,聯穎,電子零組件業,12,11.740875918948015,12.34020172141141,8.615433225256416,12.824624394941504,34546.17719077386,45387.05743047702,0.510948450207784,5121.044006532051,41.66666666666667,66.66666666666666
3059,華晶科,電子工業,12,11.760132152316189,12.363880809684941,11.09826401395024,12.01282110383668,85038.93660936676,99339.51773989401,0.31562189288977355,-5590.644675828177,41.66666666666667,50.0
2248,華勝-KY,汽車工業,11,11.765353435702739,11.44594597077327,10.339237369613052,11.070316909429113,20306.454545454544,26580.562756543466,1.2263874572255893,-7510.454545454545,54.54545454545454,0.0
2597,潤弘,建材營造,12,11.787426386748464,12.040640001701082,11.895694037786733,12.019378131859616,304222.8860039404,360562.35205524514,0.8964706514888867,-57939.801969296146,58.333333333333336,83.33333333333334
2643,捷迅,航運業,12,11.80579908571459,13.094870716035484,7.2302282919658944,12.459386186621986,82628.00074764404,103486.24427174559,0.701689920279473,-15492.561937364711,50.0,41.66666666666667
2491,吉祥全,電子工業,12,11.819706610208105,11.866670306939424,7.98117828749147,11.756583185032934,1771.7050725816352,2571.8601767944133,0.7234114851956625,-230.525012692141,50.0,41.66666666666667
3297,杭特,光電業,12,11.820857596512619,12.765668672994499,9.080412592316774,13.289097281644322,1985.125869755683,2647.811456470295,0.4362419537645071,-646.86695625454,75.0,83.33333333333334
5013,強新,鋼鐵工業,12,11.832423201847321,11.694198873759321,11.858550115370917,11.95021473358963,76257.916582551,86152.58512272696,0.5940538720063712,12989.69657829382,41.66666666666667,66.66666666666666
3178,公準,半導體業,12,11.83468555949345,11.928338741648993,11.17586728287522,11.787524890442597,12393.687069658155,15209.496613355199,0.6118320340803047,279.15135093519103,41.66666666666667,41.66666666666667
6488,環球晶,半導體業,12,11.836223579318164,11.926327420175301,9.107705960396741,12.143609187537761,597708.9521780501,783046.3478061592,1.0427427661760753,-31637.51321381571,50.0,66.66666666666666
6988,威力暘-創,汽車工業,12,11.849459104599157,11.639820693134151,12.176100332603959,11.727331259469482,7820.534388993651,8488.990054988793,1.03763404291955,1428.6647566343206,33.33333333333333,25.0
3504,揚明光,電子工業,12,11.854860770101372,12.265668657905042,9.350176759882235,12.024596608820987,26560.094384715278,32408.722353941692,0.31523961123720573,-3942.318715070816,58.333333333333336,58.333333333333336
4728,雙美,生技醫療業,12,11.860784012733383,11.804633492106642,7.472316781293658,11.139305794254103,20026.56809799326,28210.22615584863,0.6233653360454069,-5225.048529706772,50.0,58.333333333333336
1589,永冠-KY,電機機械,12,11.871815053509554,12.98302347589705,9.857839523113265,13.173408884872801,78427.43620880664,99574.61370565892,0.5854824722874269,9502.432235231172,33.33333333333333,41.66666666666667
1309,台達化,塑膠工業,12,11.87823959595004,11.120948389003,10.241346049440203,11.966034165968473,143375.16261015335,181521.44138447157,0.4492887943967763,96878.62323295366,33.33333333333333,58.333333333333336
6196,帆宣,其他電子業,12,11.885185229979076,11.471938581318552,7.245066808335999,11.698913108689018,510740.8169434417,712662.6269209345,0.6864376784664552,48831.45602210037,41.66666666666667,58.333333333333336
1718,中纖,化學生技醫療,12,11.891509674733495,11.970966517701646,9.642882408745917,12.679264528586257,453948.57133746956,568897.394708365,0.8822269892089826,169445.99986781646,41.66666666666667,66.66666666666666
3419,譁裕,通信網路業,12,11.896791416447952,11.361650935668361,7.133130886858444,12.345157153926728,17431.595171079116,25100.2232210909,0.5367762245361377,4681.534094641754,33.33333333333333,75.0
4938,和碩,電腦及週邊設備業,12,11.901871926265688,11.93955433317328,9.548181905220199,11.782921683204846,11079995.142828941,15034338.74270852,0.6428682921352816,-212145.69849679372,41.66666666666667,58.333333333333336
8431,匯鑽科,其他電子類,12,11.903321030350487,11.223802337012943,9.063943949903445,12.228799632432487,10372.811851136405,13906.737671294162,0.47292532367597023,6371.604049463691,25.0,91.66666666666666
3591,艾笛森,電子工業,12,11.915386685202254,11.367141300650545,11.501162774337597,11.781097538045778,22915.512801158504,25197.34612909641,0.7156256992859084,10296.196431985845,25.0,41.66666666666667
3092,鴻碩,電子零組件業,12,11.919190653929828,11.772418272210732,9.746091287614524,11.719364364103125,16280.223861025188,19932.59002181043,0.2533406531592539,-1259.5374051326496,58.333333333333336,41.66666666666667
6612,奈米醫材,生技醫療業,12,11.939222995679962,11.708200304498103,12.065046408389255,11.791680445444525,11241.81318309231,13296.59512243341,0.8394492341180088,1858.9587886865484,33.33333333333333,66.66666666666666
4163,鐿鈦,生技醫療業,12,11.983844368301835,11.907629215585576,10.1101541727837,11.664911048187404,24019.10941548066,29611.43717079783,0.7573783142777376,-2101.417748677537,41.66666666666667,50.0
5288,豐祥-KY,電機機械,12,11.99230672240847,11.654711969990368,8.746334424041361,12.156123631328008,68007.06226262791,85356.10536998037,0.647212080984239,20584.932955156804,41.66666666666667,58.333333333333336
1806,冠軍,玻璃陶瓷,12,11.993467832532415,12.457144564598002,8.787243264312433,13.292079073064764,32556.89808847045,40325.22632649474,0.5864391588158925,10939.381597420763,50.0,33.33333333333333
1736,喬山,運動休閒,12,12.017222382547613,11.125957264204215,6.346220675333794,11.804038294530738,544220.2046707912,807972.326440849,1.1992868124651677,-62220.01981933442,58.333333333333336,83.33333333333334
8086,宏捷科,半導體業,12,12.021815011032531,12.61080087099986,10.50855707020785,12.078765618922706,41240.155159163136,48623.659167531645,0.289848865592322,-31842.298182474784,91.66666666666666,16.666666666666664
6153,嘉聯益,電子零組件業,12,12.025592784058418,11.749313249679886,11.240264852933214,11.860231423200284,54228.59893219851,59044.72042499099,0.17703341357399313,5948.49954771998,41.66666666666667,50.0
1101,台泥,水泥工業,12,12.031944782222102,11.679698638689436,10.183631786084629,12.47490660780522,1510633.4579167266,1806823.4419026878,0.8745475913330275,915029.0690115859,25.0,66.66666666666666
5220,萬達光電,光電業,12,12.040178180650718,11.94399468347162,12.110326042165365,12.093525604194644,6842.433260063804,7977.986863340057,0.3909422121677353,-134.33390161979455,58.333333333333336,83.33333333333334
3673,TPK-KY,電子工業,12,12.044765587414574,11.648265479093684,12.093557903087628,11.709464140462005,630701.1244080829,746690.3332150988,0.4076399741688676,9372.91543278622,50.0,66.66666666666666
6109,亞元,通信網路業,12,12.048379327941399,12.154770814430998,10.166928838576807,11.529387466585977,7808.474319909968,10309.174203748013,0.3542865909386177,-3768.9930949836075,58.333333333333336,83.33333333333334
2497,怡利電,汽車工業,12,12.072000146028373,12.04176407297386,12.419716410916628,12.200061092733126,44941.119023628096,53889.54155592526,0.6760084788070734,7964.34856513616,41.66666666666667,75.0
1454,台富,紡織纖維,12,12.072816544950523,11.715374830039947,9.873386892955335,12.295871514643835,15463.27591867125,18198.868435261546,0.5274486182734169,4456.146719026007,41.66666666666667,75.0
8422,可寧衛*,綠能環保,12,12.101691344909696,11.137489696935448,7.51749387415738,12.199265625391439,48292.19261683085,63972.221436934145,0.4955602189827699,34086.416546760935,41.66666666666667,33.33333333333333
4153,鈺緯,生技醫療業,12,12.102155220356638,11.998599147511769,10.76648797153187,12.487987883908614,8762.363784712217,11172.05852714337,0.6643140978696885,-146.65482767304943,58.333333333333336,83.33333333333334
5902,德記,居家生活類,12,12.10584166275632,12.327606482499128,9.68848773607115,12.573700952808153,23052.1454582483,28842.80939449613,0.8426058710215741,1910.6907160150392,33.33333333333333,66.66666666666666
2885,元大金,金融保險,12,12.115406410113257,13.019079666632411,17.4308137799557,12.905514197689087,1296606.2916343536,1594174.4594623179,0.7390165235605936,-15826.056829014715,50.0,58.333333333333336
3617,碩天,電子工業,12,12.11969516695744,12.079921425374817,10.407116619932319,12.394729680797447,119949.40074781766,141336.38280224163,0.9300199453493371,15493.59118425071,41.66666666666667,58.333333333333336
4995,晶達,光電業,12,12.124638248864974,11.904542137281597,8.186047089432677,11.547852002414434,13032.11690246648,17821.167873479022,0.5120535789337723,-2132.01857306276,41.66666666666667,66.66666666666666
2312,金寶,電子工業,12,12.129400219955157,11.589451647720118,8.071189426461824,11.34769334274483,1649209.3591861792,2441106.5371207716,0.8212162019588719,12880.276967610233,25.0,66.66666666666666
1109,信大,水泥工業,12,12.139839898968239,12.360794812039067,9.966283685205903,11.614582302097004,44831.80152182826,65907.16593584053,0.359502880148502,-8161.5185461066385,50.0,66.66666666666666
8924,大田,運動休閒類,12,12.167571576426255,12.847189499119205,11.051427617208354,12.081737820093196,46969.47273182322,59256.083617376404,0.2615151244337747,-25474.379058358387,58.333333333333336,75.0
1522,堤維西,汽車工業,12,12.169649326945114,12.96916621669216,10.762643770397668,11.946499207422406,247729.5396628148,334142.44440672477,1.2769988387283844,-144513.96870481613,50.0,58.333333333333336
8121,越峰,電子零組件業,12,12.175996862947496,12.1907670096012,11.361923850735812,12.195286551993629,31140.30476360522,36618.416102449446,0.778075979215175,-7050.385139211961,58.333333333333336,66.66666666666666
5603,陸海,航運業,12,12.17942300270328,11.709644051941671,8.624398810714965,12.28877434173315,13769.263984361152,17160.270918831655,0.5629044444435017,5000.213589032385,50.0,66.66666666666666
6248,沛波,鋼鐵工業,12,12.185298925029382,11.732224385955725,11.694298983800385,12.36529579741678,77969.74729028084,97710.16830966326,0.5399969608845337,25361.283562377717,41.66666666666667,33.33333333333333
3234,光環,通信網路業,12,12.188498529215202,12.206996483729366,7.197171114163356,11.665814005007814,6940.090434206705,9531.491786889022,0.34291451452337407,-2335.67772584754,66.66666666666666,41.66666666666667
2482,連宇,電子工業,12,12.194548230010916,13.207192186259345,8.421656713845604,12.692596890204753,5035.383017259633,6362.898307266732,0.12587499028309587,-1170.931229013582,58.333333333333336,50.0
2038,海光,鋼鐵工業,12,12.204320292918167,12.162873122650286,10.861831467355218,12.662474000734672,90750.35952278296,113631.94050645325,0.6245371010976168,16845.130711521226,50.0,58.333333333333336
8932,智通*,數位雲端類,12,12.21701731267367,11.587402252420798,10.412637712392725,11.617144901275951,23106.411353979096,28301.215369822505,0.8008026631353692,6334.555438030031,16.666666666666664,66.66666666666666
5487,通泰,半導體業,12,12.222132466820808,12.191178982782592,11.89184975600371,12.943797490818737,1672.2219790000338,2101.0334291209288,0.19742534218811705,599.4685296795441,41.66666666666667,75.0
6651,全宇昕,半導體業,12,12.230340729415836,12.186880080887715,10.281779980176593,12.31887112140983,15309.971100934568,18963.93791618645,0.6100668645815416,4036.8992843605192,33.33333333333333,33.33333333333333
2903,遠百,貿易百貨,12,12.23743826643517,12.03563392679446,7.564250934231135,12.545860794828615,347519.15940910444,451498.011770621,1.2886613967005338,-3253.1881142493417,58.333333333333336,100.0
1315,達新,塑膠工業,12,12.246179538850567,12.213672039197537,11.967430082630704,12.458212542997995,23324.02252394671,26346.183303098314,0.5795200399393604,5409.495353729147,33.33333333333333,75.0
5538,東明-KY,鋼鐵工業,12,12.250055909199938,11.969224319630383,9.160388235503858,12.911620826583828,129928.46215958217,174914.98903633057,0.5764614087746608,34555.43794096773,58.333333333333336,66.66666666666666
6719,力智,電子工業,12,12.267635772081107,12.840695441648514,12.248471809436877,12.420343364126147,46834.59267735588,58376.67848833726,0.3312236015907121,-6929.6580951432115,58.333333333333336,58.333333333333336
6292,迅德,電子零組件業,12,12.282072328865636,12.302880943822153,9.746216819637663,12.300056764022804,10251.92765338634,13878.366748820976,0.40653430065509766,-2709.0510587567496,58.333333333333336,91.66666666666666
1526,日馳,電機機械,12,12.285695066598254,12.354387076689276,9.805468222442158,12.877815186477596,7893.958365379043,9274.064445460279,0.17254324017567357,935.4314229587817,58.333333333333336,75.0
2455,全新,電子工業,12,12.303318859287009,12.545869281382396,13.151284165824856,12.117537561982978,34655.814265822475,39607.642725738624,0.4667751271251581,-15622.555450679683,66.66666666666666,41.66666666666667
4745,合富-KY,生技醫療業,12,12.305585185919462,12.119588220040272,6.593682610264204,13.114819987427751,30799.587633911888,42997.37906460832,0.3956499878618285,9882.329547769636,41.66666666666667,91.66666666666666
1305,華夏,塑膠工業,12,12.308509862453631,12.570388307434824,10.872860559186934,12.633612610828788,94578.30258453025,110499.779725604,0.259578452861607,-7151.145756999555,50.0,58.333333333333336
5347,世界,半導體業,12,12.320479544589823,12.06511537937371,13.722874600268787,12.138226169234938,498889.5333905437,564879.9261721662,0.5921006718208764,-18432.729184147553,50.0,91.66666666666666
6579,研揚,電腦及週邊設備業,12,12.328869873150605,12.938118753110276,10.12066115089164,12.26920591776277,88617.68717757116,109592.0731536833,0.8162317850744838,-29662.818727964896,58.333333333333336,41.66666666666667
1474,弘裕,紡織纖維,12,12.336142597077353,12.427120703201663,10.68675808598933,12.738855816126208,29981.822648649788,36883.74169460798,0.5765851738207007,4705.642384943974,50.0,50.0
2405,輔信,電腦及週邊設備業,12,12.359410546424792,12.451223078614868,13.313955788309684,12.154723558292584,17937.573008833904,20582.823177173635,0.4312407413799471,-3052.178925925023,41.66666666666667,50.0
2423,固緯,電子工業,12,12.362300889794067,13.672555075855739,10.787889870933917,14.117992109013281,30320.94327897605,38934.790619147934,0.9646837019904853,-4453.301104050336,66.66666666666666,41.66666666666667
1796,金穎生技,食品工業,12,12.37306330892134,12.432467991209533,7.776211551262236,12.336169160733577,6981.480350286685,9434.84069146857,0.5303696682946446,-1299.229538731285,75.0,58.333333333333336
2615,萬海,航運業,12,12.3883555394592,11.693258882887632,8.654084942464658,12.575743507491477,1449180.8184772823,1776035.3882367874,0.18421388211628065,895405.6203980193,33.33333333333333,66.66666666666666
3704,合勤控,電子工業,12,12.390148654705582,12.012224131113006,12.80493663230661,12.248313995671367,261176.032241595,309401.1704087611,0.5062874828121547,77387.21531589878,33.33333333333333,75.0
1413,宏洲,紡織纖維,12,12.391451863552875,12.250958207074625,10.685070244790108,13.137071789519576,21881.001246229735,27600.840068258505,0.2769585134903548,6043.37492013129,41.66666666666667,66.66666666666666
3537,堡達,電子零組件業,12,12.395089202328078,12.332867659379865,11.90192751302422,11.960061759849964,30203.485711988902,39960.550069675926,0.7218985057935727,-12342.374792101073,66.66666666666666,66.66666666666666
8183,精星,其他電子類,12,12.407845903025857,12.29331069691731,9.883224941366779,13.211735269809497,75365.41111305285,94179.35183985883,0.6895878029309405,31716.11928554387,41.66666666666667,66.66666666666666
1460,宏遠,紡織纖維,12,12.427347624654296,12.501608438234072,10.21203177147338,13.089945991911616,77558.65192442361,88483.27937447124,0.5333878652530157,15737.517742296908,58.333333333333336,50.0
5488,松普,電子零組件業,12,12.44496863781789,11.992005762066299,8.678194758574598,13.059235766592279,7991.515869160361,11268.293157126376,0.3316604656555187,2331.1056801533955,50.0,66.66666666666666
1416,廣豐,其他,12,12.461307501351309,12.951793526388059,14.670221875896566,13.012124001816957,3739.9602982659794,4351.636984811765,0.5343882568657333,97.34898220192736,41.66666666666667,33.33333333333333
9914,美利達,運動休閒,12,12.471448475129938,11.482551869418241,3.4417320502788575,12.545085026757393,277851.59804202075,436962.69676419767,0.47792495903229937,101596.16564641484,50.0,75.0
6208,富邦台50,ETF,12,12.483826282793936,12.56611053757748,10.907550082978673,12.990520720127515,39049.95998157359,45261.71969871501,0.8062739670370261,5959.629644834252,41.66666666666667,91.66666666666666
2546,根基,建材營造,12,12.48917944692772,12.3931116418938,10.493458643008296,12.494433985961361,223709.55433182,274826.3058482065,0.6165760094766458,-32460.236071776308,66.66666666666666,66.66666666666666
9929,秋雨,其他,12,12.495966968269991,12.171754228521182,8.34147897098069,11.773927930602952,6767.721990262765,8697.186714009613,0.48459431390291025,-1449.8034386270986,50.0,58.333333333333336
8271,宇瞻,電子工業,12,12.500611972302814,12.265529062093279,11.183630758568139,12.313032120399026,115876.54778129623,136275.33090726385,1.005845548587536,-20783.694080980826,66.66666666666666,16.666666666666664
5426,振發,電腦及週邊設備業,12,12.503822531245905,12.548926846470673,11.457589147905692,13.484452587977492,18310.06630229893,21700.120770175745,0.523483564327262,9674.73170971526,33.33333333333333,58.333333333333336
3088,艾訊,電腦及週邊設備業,12,12.510964427572787,12.633979189615005,6.5375824127096225,13.366256268412172,73175.84900159652,97677.52959244471,0.8183832934791243,4360.808058756894,41.66666666666667,91.66666666666666
1617,榮星,電器電纜,12,12.514127374428636,12.82933164930531,10.93332501233793,13.030881697921581,35072.37494743962,41995.44281442728,0.46641730311963636,-1957.0256870583398,50.0,50.0
3702,大聯大,電子通路業,12,12.520372400623431,12.274595894584909,9.138426432600186,12.494497423746738,10424492.53743222,12466098.284784723,0.9240496963339478,1455730.244999202,41.66666666666667,83.33333333333334
2399,映泰,電腦及週邊設備業,12,12.52228823126013,14.11593042635791,10.237305819297118,15.094606622854478,18096.42830880269,23124.08446873912,0.41831802326939954,-2482.9267945135493,58.333333333333336,83.33333333333334
8043,蜜望實,電子零組件業,12,12.536078263838013,11.808597754997702,9.001517044766235,11.298287293141945,56686.641579683834,81992.945866376,0.7316368837833725,-23669.727639248566,58.333333333333336,58.333333333333336
5215,科嘉-KY,電腦及週邊設備業,12,12.536713718101128,12.816287430041887,12.41450971504682,12.594525528588782,27095.19191573613,33984.78173655334,0.33459248729770513,-1221.3519696927226,50.0,75.0
1503,士電,電機機械,12,12.541071159818562,12.344313691305402,8.468925800191327,12.658738470800968,388542.5338521758,495565.8270734751,1.494727922593792,7698.426619096,50.0,83.33333333333334
7805,威聯通,數位雲端類,2,12.550724506552905,12.396629688570057,12.919407127814042,12.919407127814042,69357.5,72067.0729702546,1.7864489172793379,19575.5,50.0,0.0
4160,訊聯基因,生技醫療業,12,12.555538525227227,11.704209919657906,8.372876049550625,11.600128863513065,6310.340422137808,10274.546196017762,0.9866318333940661,-1029.150756050547,66.66666666666666,83.33333333333334
2390,云辰,電子工業,12,12.560633311480688,12.185120912219878,11.146978110374354,11.92684813573215,7108.753225799052,9564.645192577651,1.018252868880689,475.8864412986574,25.0,75.0
6899,創為精密,光電業,12,12.566577867236894,12.876497618926091,7.15265188312458,11.891502751445373,12511.955142107305,18368.29768749592,0.7645343350031304,-3286.1409544893104,50.0,66.66666666666666
2007,燁興,鋼鐵工業,12,12.570715770654708,12.27880583028624,12.396375243028789,13.519131808929727,55344.97509190025,71834.8822966525,0.41181043800800304,41388.73876257829,41.66666666666667,41.66666666666667
2331,精英,電腦及週邊設備業,12,12.587352420208322,13.489154284541735,10.907458552276909,13.36590011682672,210965.2223611714,238890.41613421444,0.3737463698316845,-55706.88947085229,50.0,50.0
3441,聯一光,光電業,12,12.595132483667545,13.344048066972288,12.772702478324014,13.333397918703916,4465.866620677738,5369.803333710055,0.429763855829067,-707.9778396881026,58.333333333333336,75.0
3406,玉晶光,電子工業,12,12.607666185412345,13.989867601993685,8.903588227781524,13.388519323303742,262519.74608865543,337847.23809559,0.820303212487549,-142518.0129482807,58.333333333333336,66.66666666666666
9802,富邦旗艦50,ETF,12,12.6078897276846,13.149019010015781,13.062511998562943,13.307672569634176,181707.3547873126,198985.91835317676,0.3974803203367734,20738.41865610116,41.66666666666667,83.33333333333334
9943,好樂迪,觀光餐旅,12,12.634013486292508,11.841597974506673,8.837874053562686,12.493810726100403,25412.612728591062,34847.763123471894,0.40904797039355434,3309.28490217567,58.333333333333336,91.66666666666666
3630,新鉅科,光電業,12,12.640222990947436,13.064192646966022,10.605774310797065,12.65601518436997,23916.73445747819,29116.8457112036,0.4086943236078496,-6539.723055713327,58.333333333333336,58.333333333333336
6829,千附精密,半導體業,12,12.67088734893855,12.738778060972702,11.621168132030334,12.585140000568487,19234.459791052675,23089.55311198838,0.6407972493576797,2547.8088311497027,41.66666666666667,50.0
2706,第一店,觀光餐旅,12,12.676586118888336,11.624035782631182,5.0531100464225736,11.064931306817959,3981.662880833998,7054.362255686556,0.7181667298487584,-1085.3350388061526,66.66666666666666,58.333333333333336
6590,普鴻,資訊服務業,12,12.686745526579765,12.70755532991911,13.191992594073692,12.762420150055151,7017.134101342718,7370.217464247919,0.8226834288967387,195.48742773267077,50.0,41.66666666666667
2033,佳大,鋼鐵工業,12,12.69166718523753,12.952791200092694,9.722793550250763,13.208477667053046,7432.398949514912,8697.315981044987,0.6500133642710056,-980.5648030144257,66.66666666666666,66.66666666666666
6201,元大富櫃50,上櫃ETF,12,12.693161937871553,13.018379134193436,9.79221366734913,13.581197101088332,35191.81262801878,42729.44633441385,0.5046040548619288,12123.319553251904,25.0,91.66666666666666
8404,百和興業-KY,其他,12,12.704583861097973,12.774778512732091,13.130670012228412,12.84426345124012,80216.04374686025,84965.06982705057,0.3764470487642601,817.3924956538103,50.0,75.0
8905,裕國,其他,12,12.72788443760296,11.919564110025247,6.2197979709811255,12.276880848465744,22282.74971119296,30517.593388558395,0.3573789237122634,4097.728646522936,41.66666666666667,66.66666666666666
4401,東隆興,紡織纖維,12,12.748196795930472,13.083761314897716,9.12445571787556,13.719112944669366,41379.53133237067,50163.96302051229,0.4079233743829152,13772.182790828956,41.66666666666667,41.66666666666667
1813,寶利徠,生技醫療業,12,12.752027912667147,12.472835905369312,9.717379227675206,12.174104645243268,3233.914278652388,4039.870692892045,0.39295912436680164,-275.9328784106413,41.66666666666667,50.0
1583,程泰,電機機械,12,12.76435560943411,12.702385300533672,12.96970955903115,12.571094462412248,41347.05591445253,51668.947599661034,0.42656275642361813,-4122.725055174298,41.66666666666667,83.33333333333334
3051,力特,光電業,12,12.802128600354765,12.735476182542591,11.567458924584063,13.222049809096873,20008.233420684457,23826.880650004467,0.4544174745304694,5565.502342769035,41.66666666666667,58.333333333333336
6967,汎瑋材料,電子零組件業,12,12.808977898340585,13.026803087974573,12.480452893289549,12.704778137847624,15105.072579804122,17023.972321222685,1.1058883105194663,-3871.891627905272,58.333333333333336,33.33333333333333
2641,正德,航運業,12,12.828658246560853,11.662036060690413,6.247582235992474,10.776598228170803,25312.78149481324,44985.061461172554,0.8937134243618496,-10256.860049421106,58.333333333333336,75.0
6242,立康,生技醫療業,12,12.835134131675566,14.221197879720442,10.851321064149625,13.989918634541981,6302.147122158691,7719.577472086382,0.3913795189849572,-996.1112973041105,50.0,66.66666666666666
4166,友霖,生技醫療業,6,12.836954384909404,12.41420653494889,7.516103596526527,11.9073941805437,16215.833333333334,22330.059400577808,4.335155265424118,-3827.5,66.66666666666666,0.0
2062,橋椿,居家生活,12,12.837761636694406,12.667914401730238,10.366420871115922,13.283173518603217,67273.58322901862,90383.43897448409,0.4074054174120727,6357.874774415143,50.0,50.0
6955,邦睿生技-創,生技醫療業,12,12.840505014366121,14.026477210454416,11.92538858385627,13.11780208289933,3277.6138078628696,3871.148141127927,1.3509382158246426,-1842.6138078628694,66.66666666666666,16.666666666666664
3312,弘憶股,電子通路業,12,12.84823722978172,12.545198706590973,12.493991869614057,12.497521118816884,225011.1571914385,275604.22071161517,0.8530290268346867,-14970.666530764449,50.0,41.66666666666667
6918,愛派司,生技醫療業,9,12.860435587580374,12.99480468216425,12.19114069901421,12.740692019729764,9138.111111111111,10628.398337577597,0.8691437855076974,-950.7777777777778,44.44444444444444,0.0
4543,萬在,電機機械,12,12.869183194451786,14.026622158726312,10.832215795661277,13.674320634077572,8606.555817911507,10702.758779210237,0.7258743138981462,-3249.9288121789527,58.333333333333336,58.333333333333336
9907,統一實,其他,12,12.87962500297465,12.717570187656586,14.757956311960674,13.167405670232716,489838.81041990296,567455.995099433,0.7051879235218088,182267.02917078405,25.0,58.333333333333336
3006,晶豪科,電子工業,12,12.883118200860826,11.521950796463683,5.780107885702661,10.373127968209088,156479.14812661134,286768.5330726967,0.37804466269218046,-114801.31073149065,66.66666666666666,58.333333333333336
6884,海柏特,資訊服務業,2,12.90537598779393,13.819043604662243,12.717165596375303,12.717165596375303,16747.5,19723.688765035815,0.2329750423323272,-10418.5,50.0,0.0
4438,廣越,紡織纖維,12,12.920125506958463,13.306189652001551,12.396833719954428,13.18548083957764,209175.08774071408,274937.0867028723,0.6222284391232847,-27912.449009339394,50.0,75.0
5403,中菲,資訊服務業,12,12.929144224882341,12.030115875278113,9.721718482001046,12.686342156235073,36687.405649633656,50280.466081918385,0.39208948664181903,5155.202360629092,41.66666666666667,83.33333333333334
2064,晉椿,鋼鐵工業,12,12.935885080348438,12.870016252977637,11.447198061748907,13.508740468247634,17042.58661728549,20763.839006434606,0.319450843057085,3619.802803536895,50.0,58.333333333333336
6023,元大期,金融業,12,12.938777636233104,13.14701800086547,9.047402905550797,13.29968927431312,39494.57285007595,51133.6266301993,0.5726473839516603,-4239.763733294611,58.333333333333336,66.66666666666666
4532,瑞智,電機機械,12,12.94095718802721,12.229778200948626,11.199883609005509,12.906269907585028,219715.21617460062,276232.3486205441,0.6311144026631468,69904.94549023261,41.66666666666667,50.0
8423,保綠-KY,綠能環保類,12,12.944595936765305,12.575236878016183,11.126112389971462,12.903122234981629,4069.964344294782,5300.878336464025,0.7417607287624209,-96.80839252484505,58.333333333333336,41.66666666666667
2838,聯邦銀,金融保險,12,12.952642760139573,13.075862639627037,8.928744621117797,13.334150851797483,218923.35518874088,292036.98563879315,1.105312806103109,-27222.921650239965,41.66666666666667,50.0
3322,建舜電,電子零組件業,12,12.952869635430982,13.053247498701673,11.617802271434472,13.30253710242455,32429.570797385106,37663.90246323727,0.5179719322922111,2616.7406501920705,50.0,66.66666666666666
5263,智崴,文化創意業,12,12.993399657289661,12.518194433958765,7.111778100842864,15.54336432419994,14649.646655938277,25659.996078974567,0.42058055082387513,10073.72968555564,41.66666666666667,100.0
4502,健信,電機機械,12,12.999567329609278,13.018101372206539,9.71284668035798,13.21052245580521,10148.545554770468,13553.655026193148,0.30499402163425643,-498.7323599661983,58.333333333333336,66.66666666666666
2321,東訊,電子工業,12,13.002390524352517,13.073407614171975,7.923889647514416,13.214739404580541,7936.962565177011,10971.617544559103,0.44114668444714783,-994.0014944579228,58.333333333333336,58.333333333333336
8935,邦泰,其他,12,13.008429352396133,12.859059909560083,13.163287209483244,13.180007123988988,5617.896182630349,6476.109408451087,0.2729328183707741,562.3323998976188,58.333333333333336,33.33333333333333
1535,中宇,電機機械,12,13.025230116857783,12.742173662439733,10.578251171312267,12.901672768727545,123371.23491321834,154354.20240517982,1.0983158473872499,30499.687801121636,25.0,66.66666666666666
3548,兆利,電子零組件業,12,13.07522701975748,12.463862986546616,9.263797357063124,13.69488099109493,102481.80974509887,131071.66983328864,0.6057723404438692,61815.63306200802,41.66666666666667,75.0
2316,楠梓電,電子零組件業,12,13.100493512862196,13.219446601062627,10.23165365589006,12.70517078839192,40906.21457436671,50989.860618246705,0.54711341363126,-8402.15869620174,41.66666666666667,50.0
3492,長盛,電子零組件業,12,13.10384258205822,13.255500614715595,12.232883954243217,13.701144527669406,9307.375469446675,11273.526682283185,0.7474963108553729,2210.369862386578,50.0,66.66666666666666
3701,大眾控,電腦及週邊設備業,12,13.109771842454004,13.354039380103528,12.62599693175429,14.253742472338486,105875.97039937107,132261.9776247306,0.5531276633159813,26407.590378525278,41.66666666666667,83.33333333333334
9105,泰金寶-DR,存託憑證,12,13.141090956046847,12.455558807335938,7.438540886965164,12.381126191908326,1441961.1130106181,2308933.6321353964,0.8990986202685214,40502.9284025142,25.0,58.333333333333336
5703,亞都,觀光餐旅,12,13.142904020408583,13.362586501810473,7.650390541620733,13.98196279037415,4938.314756628321,6613.802271918306,0.32181179173593794,-421.6082741402391,66.66666666666666,83.33333333333334
4545,銘鈺,電子零組件業,12,13.154287257781958,13.51826820274931,12.896537293509711,13.86272042734129,26173.315556835772,31398.669264355496,0.6993170642669829,4449.964479207466,50.0,58.333333333333336
3311,閎暉,電子工業,12,13.160175193946932,12.982587724338753,13.75321306962492,13.653605225604101,25717.97626882893,28206.735825787535,0.9737567797714034,8618.32110253029,50.0,75.0
2073,雄順,鋼鐵工業,12,13.183892552837431,12.856981845055108,9.222236546317555,13.183994304919302,6125.708902864747,7640.3618857891815,0.6688704505848708,2033.8092368829457,33.33333333333333,75.0
6005,群益證,金融保險,12,13.205112118486923,13.426026901239716,12.698647015350033,13.205679516217797,211497.1692744433,240007.46178774518,0.6588331973247271,-48654.773215163405,50.0,58.333333333333336
1616,億泰,電器電纜,12,13.209329690023312,13.106815736653587,11.03425405174078,13.391877525165693,57324.51704801942,65190.92392855182,1.0002767895907816,8531.217655053644,41.66666666666667,50.0
4706,大恭,化學工業,12,13.216491995295415,13.316243620596646,12.335829805143295,13.580380547709506,12242.513631445448,13774.13615468074,0.5503362309077325,-904.8724131852238,58.333333333333336,58.333333333333336
8410,森田,電腦及週邊設備業,12,13.24180276386745,14.00650532120343,12.271088384442672,15.442933985804771,12355.131650798887,17689.41657068571,0.6476062931875015,2883.5487176411593,50.0,66.66666666666666
1268,漢來美食,觀光餐旅,12,13.24559774944459,12.00215000699575,5.66639929481594,12.99710407493725,68733.23902955664,110571.66111843658,0.6995246638284173,7985.481775664132,41.66666666666667,75.0
4155,訊映,生技醫療業,12,13.25083387080738,13.386836236321544,9.938779884792764,15.511190537423472,17203.071750560626,25233.495945825627,0.4971573094124169,10311.796663503968,33.33333333333333,58.333333333333336
2029,盛餘,鋼鐵工業,12,13.260028849708828,13.424921574429053,9.029434815876604,15.048222933227592,146643.65355109362,194185.6288295114,0.5656152415571416,75552.91140836658,41.66666666666667,75.0
4971,IET-KY,半導體業,12,13.269730488738709,13.12266843596074,14.947814470395318,13.300635771836758,11941.706919534481,13586.500418688183,0.7561045606300567,1638.2761227191706,50.0,66.66666666666666
6141,柏承,電子零組件業,12,13.283881666079703,13.7122695053375,11.099937980642766,13.620252549730107,19864.329196906994,24124.613927300416,0.32778947574233874,-2616.2751600876436,66.66666666666666,58.333333333333336
6187,萬潤,半導體業,12,13.292069344768095,13.221069966925672,14.473906552203333,14.951683428947812,59440.04060888112,74215.43581552195,0.4652755636857621,59440.04060888112,0.0,75.0
3615,安可,光電業,12,13.295902279551722,13.147661587848594,14.360343993587588,13.62461216357493,10278.075939569035,12131.575111942633,0.49126807451036375,2811.3654279283605,25.0,41.66666666666667
6485,點序,半導體業,12,13.315776179559247,13.724800924205732,10.398449012561597,13.76606346576442,16361.637919351779,21103.238082038926,0.39054638667782676,-2535.747478888017,50.0,41.66666666666667
7753,星亞,光電業,6,13.318417042387626,13.104768746799278,12.109207317833553,13.625132657258668,9861.333333333334,11520.823017475792,3.101211017423609,1116.0,50.0,0.0
2432,倚天酷碁-創,電子工業,12,13.320273777108852,13.642463693662735,11.63240560602545,14.177537241827437,36333.39997543168,43267.92260088112,0.7672175530168365,-8845.925280097515,58.333333333333336,91.66666666666666
4420,光明,紡織纖維,12,13.357615801821634,13.321076842825367,12.432663650525086,13.340562186316534,11412.42413202786,13705.834796766227,0.5820721517223323,933.4565519877384,33.33333333333333,58.333333333333336
2404,漢唐,電子工業,12,13.35789827127365,13.524958195238689,13.477142332304275,12.73684722340561,735551.7443863865,862389.1773130939,0.4497848028310509,-382255.8089297828,66.66666666666666,41.66666666666667
7757,金色三麥,觀光餐旅,4,13.368109177848703,13.116495347072876,12.65061261944867,12.763867814244955,26293.5,32020.679607091413,1.342536324672487,-215.0,25.0,0.0
4439,冠星-KY,紡織纖維,12,13.391683621567783,13.703253857780496,12.732772970845144,13.56432502594581,77892.40415249481,96562.79404655607,0.5061986488452949,-2873.332926963509,41.66666666666667,66.66666666666666
2061,風青,電器電纜,12,13.393217242806552,13.365541122968875,7.526561274153315,13.669421295117482,13448.475424947499,17625.478208022272,0.7115811401023379,2537.08447091668,41.66666666666667,58.333333333333336
1477,聚陽,紡織纖維,12,13.393607757429663,13.541532377287705,10.294026929049064,14.05702680479131,384263.2315956857,447328.2759131838,1.1254207534597023,19701.37240907573,50.0,75.0
8102,傑霖科技,半導體業,2,13.39929108401823,14.251273774723055,13.29375036976426,13.29375036976426,5160.0,5241.198431656638,1.43338835180382,-5160.0,100.0,0.0
6910,德鴻,數位雲端類,2,13.409133122827498,13.486587934406186,12.007380040045543,12.007380040045543,5053.5,6885.311503483339,25.809018567639257,-5053.5,100.0,0.0
6591,動力-KY,電腦及週邊設備業,12,13.45892124509494,14.360013670676567,10.78960662639071,13.081432706753462,19659.995835327685,28511.116629292723,0.48120788161834643,-5090.558553912649,41.66666666666667,83.33333333333334
4513,福裕,電機機械,12,13.464708605940096,13.4986152797567,10.604422372426702,13.527534678552602,11311.948552841384,14000.546818941357,0.38521265199010674,-52.71585752290108,58.333333333333336,75.0
6843,進典,電機機械,12,13.469509816699352,13.83336562039095,12.377905870454272,13.196423555502717,9264.553343756092,10993.139467600493,0.6396719183354396,-3353.0828801770263,58.333333333333336,33.33333333333333
2748,雲品,觀光餐旅,12,13.469787106391195,12.619233542032443,8.832230719070568,13.61679549885831,27219.184543465894,41602.84590315591,0.645511192847984,1502.3824399585162,58.333333333333336,75.0
4916,事欣科,電腦及週邊設備業,12,13.477981207017958,14.10269133539232,12.531496689909522,13.5834362273386,40490.88809165352,44875.8445262708,0.30976970261418596,-17891.577577891057,66.66666666666666,66.66666666666666
3081,聯亞,通信網路業,12,13.479885671058984,15.879144973831202,13.494329614252077,14.001965536271507,24744.82392807791,31550.124884379566,0.3955676236283268,-22954.73581828824,75.0,41.66666666666667
1709,和益,化學生技醫療,12,13.515720010029936,13.4210290463234,11.443717429131816,13.611475025444209,101499.63329292228,126152.81641071565,0.7286496132089025,16130.328905738366,33.33333333333333,75.0
1308,亞聚,塑膠工業,12,13.519321691794007,13.485041977723947,14.029065826712909,13.44378836021878,64715.75366746282,80970.66227662188,0.36952977226745815,-2821.9751999748696,50.0,75.0
1809,中釉,玻璃陶瓷,12,13.522477414949039,13.36129179119018,12.858082436232626,13.848006117571579,28144.084331647493,34778.20604577646,0.7556009224414589,3495.4844027956256,58.333333333333336,50.0
2221,大甲,其他,12,13.524894152944322,13.320049682716718,12.127076788301558,13.283585341884068,15359.658752242494,18996.42856893636,0.5084585438276754,598.8484986827838,33.33333333333333,58.333333333333336
2897,王道銀行,金融保險,12,13.535464684506957,13.42759786575534,10.006583417028713,13.437125731637654,112417.33559516504,138291.38608566346,0.558177730978031,-16559.84557144371,50.0,66.66666666666666
2360,致茂,電子工業,12,13.54465386542052,13.14837597379627,10.344797091313811,13.373961686638037,319551.5126511826,393897.2634737383,0.931707088102001,-66488.0272872962,75.0,75.0
3131,弘塑,半導體業,12,13.549012555914844,12.81831688942722,12.030849484019054,12.092193887024788,73554.14545870373,116706.62207159837,1.110901549101838,-40084.57603316897,66.66666666666666,75.0
5283,禾聯碩,電器電纜,12,13.550150275053305,13.016834312448932,11.664465867222768,13.150072238791441,73046.48885651423,86301.32402833183,0.9568950880818923,987.430078719015,50.0,75.0
4568,科際精密,電機機械,12,13.578713664634945,13.45568054913252,7.486899662744097,13.661983707035489,13752.521199542272,19529.197635051096,0.6091913805287736,-325.31937975756347,41.66666666666667,66.66666666666666
3033,威健,電子通路業,12,13.582859432291722,13.28670889931616,11.457427733143838,13.476684932236818,1230566.078287293,1393368.8074930676,1.1147228264125213,213143.9373483872,33.33333333333333,58.333333333333336
6747,亨泰光,生技醫療業,10,13.590591351268522,13.015609724152998,10.620827670337244,13.047024603350584,8850.08436321525,11262.199152871284,1.1493988534125148,126.05257169988981,50.0,90.0
6156,松上,電子零組件業,12,13.618048319572566,13.50393206698527,12.955974070276657,13.918779659656522,56119.21678392737,59081.76098454349,0.806086221615541,15615.460444236835,41.66666666666667,50.0
3078,僑威,電子零組件業,12,13.622319741393365,13.844613345409359,12.842490229372677,14.631534182970654,113630.44389963534,133307.82984117817,0.3927966547860635,30522.1870699486,33.33333333333333,58.333333333333336
5356,協益,電腦及週邊設備業,12,13.624624478054601,13.80704579624358,9.562051674994047,14.101248917002831,38091.986254380885,44271.714774567874,0.4955916368912603,6330.128796552041,41.66666666666667,58.333333333333336
6668,中揚光,電子工業,12,13.628906142845363,14.35124695007572,11.892218557022446,13.363083444638113,13244.275696650695,16248.20757394093,0.4859760491481937,-6335.041218933031,58.333333333333336,66.66666666666666
1784,訊聯,生技醫療業,12,13.644826734286845,13.108104923909256,8.989572329311974,13.57851583363265,14060.925725548921,18579.739264598502,1.3632502802620896,1091.9168876337123,41.66666666666667,75.0
8049,晶采,光電業,12,13.66015466966664,13.783403008538498,13.164178166264367,13.353911223443879,14917.219019680488,17245.709179882342,0.3645683525033913,-2982.862770756059,41.66666666666667,25.0
3169,亞信,半導體業,12,13.672749190851482,13.667643523063614,13.173388418168654,13.460934144070006,10591.435645285874,12417.649128839581,0.39527040960450677,-555.9161803929716,41.66666666666667,41.66666666666667
8929,富堡,其他,12,13.706931219809674,13.686514792071916,5.999558811656882,13.598157035783629,8236.255098687287,11334.580203808748,0.4384216866871013,117.27203129196157,41.66666666666667,41.66666666666667
5225,東科-KY,電子工業,12,13.722273408115573,13.178557619805547,9.692463201626374,14.027150795151444,126238.3057929717,161544.8283060346,0.6429532305778006,29634.67903316209,41.66666666666667,66.66666666666666
5878,台名,金融業,12,13.73146516305244,13.373353211875937,10.806983275823136,13.701584635767505,10099.32098411053,12704.093680622662,0.8598115430909777,-903.6751518194493,58.333333333333336,83.33333333333334
6684,安格,半導體業,12,13.733167930936649,13.695228868588686,13.654020391945092,13.363421045584687,3627.9253052353615,4548.823535765226,0.23501572226667458,-824.5472347370302,58.333333333333336,58.333333333333336
3716,中化控股,生技醫療業,12,13.753901750219958,22.760891887098488,6.4060514796041526,14.709579812468329,98204.89865866344,195748.5910679219,0.7810981573572812,-39150.76367241973,50.0,33.33333333333333
3294,英濟,電子零組件業,12,13.768148824022411,13.888618446444065,7.309901135049578,15.305700856923218,40948.287408904485,58041.92069737658,0.440074067166686,9984.462077280803,50.0,83.33333333333334
2609,陽明,航運業,12,13.777812095962524,12.691540851938935,12.627999937825832,13.61062231901957,1880139.194588188,2332785.463682463,0.17662767612544247,1296525.5043712133,16.666666666666664,41.66666666666667
4562,穎漢,電機機械,12,13.836715284434288,13.93839089243358,14.653555357020814,15.390595688142664,8272.268702202968,10231.907001091618,0.5733794881394249,4122.849186380005,41.66666666666667,66.66666666666666
6496,科懋,生技醫療業,12,13.842405368400296,12.55997036314061,10.224422483899954,12.526161878438339,10361.767144529464,15131.01106680131,0.5071108511301351,-1531.2755108327462,66.66666666666666,75.0
4571,鈞興-KY,電機機械,12,13.847196519082472,13.778603687497052,12.098173250491365,15.184744552766801,35362.993549093684,47076.02522300143,0.657613336397565,11966.30692613405,58.333333333333336,83.33333333333334
1525,江申,汽車工業,12,13.854841474794192,13.794060866164479,10.356447166100603,14.845037333058139,14382.01819291011,19000.198569148477,0.5679141140001626,1590.5580220859895,50.0,75.0
3060,銘異,電腦及週邊設備業,12,13.860679546519217,14.025169774492355,11.919583216834285,13.893457163476008,44107.38514953572,52902.02745924926,0.4937166972998179,4842.802485457141,25.0,41.66666666666667
2729,瓦城,觀光餐旅,12,13.866791959498237,13.054990853484801,10.653078887995383,13.433302524449402,70534.61597930435,98470.37684320039,0.8329532425623075,1050.9472624206828,41.66666666666667,75.0
4912,聯德控股-KY,電子零組件業,12,13.876553671685777,13.418812623604357,10.014449022375583,13.682973147835984,73112.38125256258,87918.4826702345,0.6002679524787043,5902.741113831954,41.66666666666667,33.33333333333333
3002,歐格,電腦及週邊設備業,12,13.898636663777433,13.69308829978049,10.283519314244133,14.356480454297257,7994.854857118594,9544.99179630868,0.5276207167203065,-751.1018476645871,66.66666666666666,58.333333333333336
6180,橘子,文化創意業,12,13.90512572528447,13.756848043183338,12.003560953350744,13.75551094848286,103114.60698871932,118758.63306545644,0.6722979888229461,4788.131474544095,41.66666666666667,83.33333333333334
3511,矽瑪,電子零組件業,12,13.939248719039199,13.806129239318407,12.452749533568824,14.40217719732775,20354.265220150028,22492.001303371588,0.191982856555759,3682.4812900585034,50.0,75.0
6114,久威,電子零組件業,12,13.955021525513184,14.703855342825737,14.180837566548183,14.411552469702935,10168.989298087645,11441.076090567074,0.28138836949445384,-584.0953948678422,41.66666666666667,50.0
5543,桓鼎-KY,建材營造,12,13.96059598746207,14.078780378314832,12.707133720148917,14.527043375601,36678.96468360884,42459.82844367385,0.5002807207909883,-1462.1094772885965,58.333333333333336,50.0
1541,錩泰,電機機械,12,13.98353128893782,15.011789641966045,13.338587691186865,14.40629688096279,42294.41394238022,55667.959505325445,0.34213178885189094,-7263.739668619247,41.66666666666667,66.66666666666666
6241,鑫永洋,通信網路業,12,14.015226347245182,12.991036193784952,10.630850007036868,13.539540777602593,7935.152532638567,9738.206280882436,0.30128395165419614,3191.480501185632,33.33333333333333,58.333333333333336
8342,益張,其他,12,14.018018609294385,13.696867683309884,10.748896998211487,14.821818626417887,19179.569878058323,23764.845016288746,0.6712191248295335,5100.770280009991,58.333333333333336,50.0
6645,金萬林-創,生技醫療業,12,14.021687759795615,14.002069578338453,12.040250710761882,14.648000752053477,6416.639806857068,8093.032339352826,0.804535993907905,193.19778438500907,58.333333333333336,41.66666666666667
6971,惠民實業,綠能環保類,5,14.021869033745753,14.262344579340718,17.039355992844367,14.259711060342237,28275.8,29170.84551739973,0.9198861922284134,-3906.2,60.0,0.0
1776,展宇,化學生技醫療,12,14.022342419004477,13.573543195973794,10.887495540527084,14.306389107790674,12527.408808429062,16085.16583130533,0.5935454099871519,4601.211318018087,25.0,58.333333333333336
6432,今展科,電子零組件業,12,14.02645419299676,13.737963104569841,11.663185024787778,13.827468458514518,13149.531965562428,16903.47840532956,0.6700566619020338,-710.6517333461197,41.66666666666667,66.66666666666666
6944,兆聯實業,綠能環保,9,14.031814191432249,13.667708726150796,10.146500055840272,13.11720914878243,216294.44444444444,271796.79183945904,2.139467412448672,-87662.66666666667,55.55555555555556,0.0
3380,明泰,電子工業,12,14.042796520888318,13.795875342357697,12.973122684184421,13.792976494084282,262854.4695576396,330719.1263500869,0.3472249602304567,-88672.38686319237,66.66666666666666,75.0
6226,光鼎,電子工業,12,14.051803044940442,13.119171332410964,11.542596285402997,14.00944930202084,7134.170664931487,8884.8610601361,0.35492757809055836,3206.1876490679183,41.66666666666667,83.33333333333334
1466,聚隆,紡織纖維,12,14.057022568411783,13.569555276137546,11.794831503105897,14.508644984101013,30527.729625303662,37800.6307449072,0.45846034913657485,9349.8416372325,50.0,41.66666666666667
6953,家碩,半導體業,12,14.07900972693272,13.920296539245996,5.744545216839052,14.496226981290917,15537.818052296958,27647.977330027745,1.1375024440834316,-3002.123349592561,41.66666666666667,58.333333333333336
3021,鴻名,電子零組件業,12,14.080685063409465,14.88925976660878,13.696058328898083,14.736417914071179,39186.05370749132,44333.99362599023,0.7698918449708096,-14031.113818646845,66.66666666666666,58.333333333333336
3224,三顧,電子通路業,12,14.08403561786942,14.154213596385453,12.096666167214497,14.441147462061885,17773.32527457762,19856.13309212194,0.4982351366295786,1488.0098195675976,50.0,33.33333333333333
6894,衛司特,綠能環保類,12,14.09203452465404,14.228609389599423,12.154564321617189,13.819855027708963,16191.054810463364,20429.188561975625,0.7966491758706978,-795.811332807008,41.66666666666667,50.0
4741,泓瀚,化學工業,12,14.09412717322924,14.670306311617997,13.813516129794579,14.755325214522582,5695.190143476404,6580.466471980873,0.481965620919014,-632.6472709202753,58.333333333333336,58.333333333333336
4755,三福化,化學生技醫療,12,14.098408429115711,13.298738866782484,12.10483576539307,14.25378280791644,56751.204600246296,82418.98551761503,0.6645662488456076,14808.541925384276,41.66666666666667,50.0
6756,威鋒電子,電子工業,12,14.125721706631788,14.923869200110614,14.982161529515281,14.623951850627185,18247.01872888917,21838.600025576874,0.2619253443466053,-5665.387475644893,66.66666666666666,33.33333333333333
2495,普安,電腦及週邊設備業,12,14.165912198618887,14.585076637155531,13.196762398103063,14.286863896496783,13884.0577655737,18678.652792362962,0.6392753535259753,-168.94642817131535,33.33333333333333,75.0
6767,台微醫,生技醫療業,12,14.166353853281938,13.790424033787879,13.211549702695658,14.471549691539245,3680.5840052109356,4181.423130657669,0.7696556328460344,1833.6625841119585,16.666666666666664,50.0
6245,立端,通信網路業,12,14.172164176009842,14.143554374478121,10.512328711444747,14.827015505614064,84889.0194883044,97698.07461597826,0.6372586083783681,6950.124537276181,58.333333333333336,66.66666666666666
2726,雅茗-KY,觀光餐旅,12,14.187004550941898,14.156750490367884,16.61756665921203,14.412798205311264,6717.570299878574,7846.967399504211,0.19458796174192475,557.2648838390851,41.66666666666667,66.66666666666666
3437,榮創,電子工業,12,14.201970357780997,14.26595922239294,12.051209837852777,15.038184730363376,18938.682521359904,22525.70584764708,0.1821349047629289,5438.9200170689255,41.66666666666667,58.333333333333336
4414,如興,紡織纖維,12,14.212821656831185,13.747060233236713,12.281453710013563,14.394908999721027,166149.73283517192,196573.43531748716,0.6455093131019133,62945.40276744856,33.33333333333333,83.33333333333334
2247,汎德永業,汽車工業,12,14.230976891032693,13.442522300543377,11.898310646591526,13.488479609929657,610131.9656249013,734371.4841086816,0.8738584804139884,150825.46429724,33.33333333333333,66.66666666666666
8066,來思達,居家生活類,12,14.231733484616473,14.801619538178088,9.749449038221938,15.836328192465214,52594.592649524275,68517.4834044624,0.4722613367514504,13891.32895255425,33.33333333333333,75.0
6287,元隆,半導體業,5,14.238058898444454,14.575803977857243,14.018457226052226,14.101477130852663,13133.527241338725,16448.776103454933,0.430113036563205,-2797.403493962367,60.0,40.0
8906,花王,其他,12,14.245139128929788,15.16674342293479,9.338647627564567,16.502600157857298,2393.0171803703665,3206.3110850733997,0.8163978819805088,639.6909505492991,41.66666666666667,66.66666666666666
6527,明達醫,生技醫療業,12,14.245341025409724,14.57843890467753,13.320650528125816,15.199618037942555,11266.272212353395,14339.906661330562,0.788439878380146,-817.8316244835727,50.0,58.333333333333336
5236,凌陽創新,電子工業,12,14.256376267486596,14.405298524935986,15.359446826882989,14.806372004195092,23757.633273461484,29182.370618464243,0.4620121369791214,4082.83915168877,33.33333333333333,66.66666666666666
1598,岱宇,運動休閒,12,14.275037112922394,14.337610024281048,15.194190434160983,15.15841622651817,72943.16753695963,93914.38187288323,0.22235103969735373,21040.20304294913,33.33333333333333,58.333333333333336
1710,東聯,化學生技醫療,12,14.287392447113442,13.501724070736246,12.616092792550887,14.183552839307136,264956.3353944937,315078.59543529816,0.5529975968296541,93999.64469342056,33.33333333333333,58.333333333333336
3706,神達,電腦及週邊設備業,12,14.30311745886328,14.18046444227992,6.376383713328591,15.82757666319047,1258400.5866310706,1901121.6973286127,0.9482046154602731,214888.52820859323,58.333333333333336,58.333333333333336
3323,加百裕,電腦及週邊設備業,12,14.307664343872803,13.752378004067323,15.327324956856025,13.964340199447737,58991.16778079028,66244.56436063786,0.22727900672968848,6912.050069419279,41.66666666666667,66.66666666666666
6195,詩肯,居家生活類,12,14.348168549420723,14.409153937695738,13.223520815837238,15.9139452612734,26387.908088153647,36728.158280097145,0.9877167436695554,87.10185308725825,50.0,66.66666666666666
1777,生泰,生技醫療業,12,14.361221495748577,14.354122783587526,12.850862013241798,14.922977197155621,15560.850230342194,19047.26861205424,0.7164775464509415,1060.0970785266716,50.0,83.33333333333334
3231,緯創,電腦及週邊設備業,12,14.362662431170056,14.510431861547405,7.960429230019892,12.822769122727859,26170238.765816767,38885629.27628766,1.7665918215915166,-21311681.30054722,75.0,83.33333333333334
5905,南仁湖,觀光餐旅,12,14.374630063370908,14.288760323632403,9.923375922289779,13.835761621128938,12920.04926840002,15871.855616182076,0.5515762335148339,-4847.151771986383,58.333333333333336,50.0
7547,碩網,數位雲端類,7,14.377450405741602,14.742437662956217,12.30606588759679,14.711070565936565,4730.571428571428,5053.716708663889,0.9827976687285983,-739.1428571428571,57.14285714285714,0.0
6753,龍德造船,航運業,12,14.395639633556911,14.580311405716012,13.682141322230196,15.37807538633999,62936.93272136461,74097.8239916072,0.4790491243320836,24787.68302191656,41.66666666666667,75.0
4952,凌通,電子工業,12,14.404590161209608,14.163371787145207,14.597316741388171,14.29967804730287,25541.23496019586,30915.2917340477,0.42629643345151375,1286.1454076231857,58.333333333333336,58.333333333333336
3324,雙鴻,其他電子類,12,14.40893487100291,14.748660881585693,13.199476585841904,14.546694493419935,279529.93839031603,316819.27278285753,1.1888029532056366,-117772.48271334649,75.0,50.0
1341,富林-KY,塑膠工業,12,14.445271962016912,14.191051178806871,10.205778500166879,14.734256158053824,30897.47370862337,35057.00880415843,0.6474456703569703,4560.385823634252,50.0,75.0
8429,金麗-KY,貿易百貨,12,14.446674358097972,18.684276104531623,3.839540167851039,13.455290599323725,1810.4451916615392,4052.4632502726113,0.1321031707928996,-1145.4987685749963,58.333333333333336,91.66666666666666
3094,聯傑,半導體業,12,14.476577358353618,14.35692829020034,15.332365689352589,14.27986096496616,2265.041484931403,2671.838305123223,0.526597342824039,-58.193417729369834,41.66666666666667,75.0
2374,佳能,光電業,12,14.48289362332765,15.557620373279759,12.682634203220417,15.107258566041093,119582.35606909175,133854.7266970494,0.888647050677037,-47647.94112980875,66.66666666666666,41.66666666666667
3607,谷崧,電子零組件業,12,14.493691735889303,13.786192326326322,13.011807109723533,14.564592311581382,33969.66247444923,42202.29166259027,0.4888895162976485,14443.049316776653,25.0,50.0
1471,首利,電子零組件業,12,14.501190823840638,13.839393281742932,12.34199380349836,15.350835623389028,2207.0933277142317,2983.9789567914772,0.08821881657091885,1200.4296487942872,41.66666666666667,66.66666666666666
6120,達運,電子工業,12,14.524198259890683,14.456091800045348,13.4863263545623,15.131368710652662,207036.5881014435,245511.6066634011,0.4574751100694923,16208.786047851434,58.333333333333336,75.0
2353,宏碁,電子工業,12,14.531940173012202,14.478468871094213,13.027823885492696,14.560375120588787,3338012.015976505,3988497.1309141433,0.9043110010884368,-556559.639881378,58.333333333333336,100.0
4126,太醫,生技醫療業,12,14.543761576413464,14.260028712210419,11.421330985792762,15.5060339593759,29159.066339981568,36395.027730034446,1.0272068724902819,10880.820324690749,33.33333333333333,66.66666666666666
3211,順達,電腦及週邊設備業,12,14.564457360946466,15.537971731721525,8.34193285542384,14.867059968004096,160433.38429900873,207405.69955674163,0.570787368025318,-84870.729902751,66.66666666666666,66.66666666666666
6691,洋基工程,電子工業,12,14.580337336240198,13.940065290220097,6.8516954523222,14.068750860536616,271584.31062809326,372595.19241183787,0.8018272431900906,-13157.165651419336,50.0,75.0
2030,彰源,鋼鐵工業,12,14.586052193838706,14.002346741343134,14.916371252107963,14.290438679375194,123365.29233783076,151756.16739037566,0.49944277497685047,25050.42732590566,41.66666666666667,50.0
1519,華城,電機機械,12,14.592035986577034,13.814901610363014,11.872984667954,14.118754943583376,296985.10553851846,409574.99460652354,0.9055720510821855,-49980.37530134977,50.0,91.66666666666666
6720,久昌,半導體業,12,14.612030093310677,14.409517875423402,13.170421120840178,16.29548627307054,5307.247626883115,6722.424627239308,1.9753268384826226,4166.580960216449,25.0,33.33333333333333
3686,達能,半導體業,12,14.617016439061489,15.180821264279611,14.20167401640321,15.706729937169687,1045.2993880983847,1207.1929265059728,0.14015507607046293,8.820380154105655,66.66666666666666,58.333333333333336
4558,寶緯,電機機械,12,14.635702715009757,14.30930181976707,9.382688013528137,16.579481241476852,18738.07798960806,26853.298197702064,0.4623887414861976,10187.591222634217,33.33333333333333,58.333333333333336
5276,達輝-KY,其他,12,14.63960801633852,14.363974752560784,13.214177480304045,15.345317623382563,11169.593927899148,12392.020622373015,0.5830450796847572,4769.199095159307,33.33333333333333,58.333333333333336
1733,五鼎,生技醫療業,12,14.644601754483958,14.581135201470172,9.799793514789082,15.149934768682227,23735.323720423443,30372.076196273058,0.6614931312525658,5064.959544122641,41.66666666666667,58.333333333333336
3118,進階,生技醫療業,12,14.649212741825115,14.950411597083013,9.087833152576055,15.682428184708765,8992.089634282656,11655.007012218448,0.8501707789676126,-240.7893636049133,58.333333333333336,75.0
3430,奇鈦科,化學工業,12,14.654590272396122,14.700074280171126,11.058464582392439,15.1656668317842,20893.879778137252,25573.80984117691,1.0806583178219655,404.69093214679623,50.0,91.66666666666666
4554,橙的,其他電子類,12,14.655068781014455,13.820383677830996,12.386140914065406,15.333559385790544,6021.645636545664,8617.283604092243,0.7131337231594567,980.1255049390196,58.333333333333336,58.333333333333336
6788,華景電,半導體業,12,14.660454765598832,14.911918494541235,13.535587020438278,15.820347291345719,31550.227151037176,39541.121371989124,0.7012319494866079,5892.936093535941,50.0,33.33333333333333
2362,藍天,電腦及週邊設備業,12,14.667327845476205,14.238602480916217,12.50197728187025,15.370896218841553,249303.92042941708,330807.02490811894,0.5843850830095749,74136.87541203828,33.33333333333333,50.0
3623,富晶通,光電業,12,14.67083018485533,14.984838785144886,13.879514082660316,14.244126622020067,3610.3690515746894,4416.1188391219475,0.40239906189173286,-1320.0371724919498,50.0,58.333333333333336
8234,新漢,電腦及週邊設備業,12,14.680069236737687,14.36563717386711,14.607177491950813,14.986876696464662,69756.66736539292,78630.65753453199,0.606261946888001,20064.51182009157,33.33333333333333,75.0
6244,茂迪,光電業,12,14.683410737950698,14.997993553852115,13.398225427086748,15.032881365674369,37473.9608104705,42664.107997524356,0.297597971951836,658.4488065987389,50.0,41.66666666666667
3625,西勝,電腦及週邊設備業,12,14.6959023402261,15.37520588002971,10.82014757526652,14.023561562824069,4926.397122246443,7111.743542384498,0.09079966297085733,-2326.1239339465305,75.0,66.66666666666666
6143,振曜,通信網路業,12,14.702459169138349,14.512496074331802,8.670910846219055,16.162331896194193,104430.23200501518,144731.38869018175,0.9787922786457495,28036.147635610774,33.33333333333333,75.0
3541,西柏,其他電子類,12,14.710382027829361,14.411820768862238,13.88100482000803,14.407118590364872,13248.672658982405,15917.29132612806,0.3309882064337881,227.04294994980592,41.66666666666667,50.0
4556,旭然,其他,12,14.717067825111569,14.361694719775636,8.096950207673437,14.857583537218764,8276.86668061956,11249.720023498876,0.8326512760367358,773.8653226883229,33.33333333333333,58.333333333333336
1517,利奇,電機機械,12,14.719802287941807,14.806409980064391,10.940642537071064,15.572669259162364,24793.92457529202,32614.444129335807,0.20888805346529116,5338.491081576802,41.66666666666667,75.0
2032,新鋼,鋼鐵工業,12,14.723184696160393,15.074315808648766,12.749827875446925,15.757891425122061,37315.15091454255,46991.753150794466,0.8056523639831071,6006.74326361222,58.333333333333336,58.333333333333336
4127,天良,生技醫療業,12,14.731632515576676,16.059528119472148,11.189950957706966,14.644507894360451,6311.596082252811,8292.660966727923,0.6840298188394053,-3326.3839337463837,66.66666666666666,83.33333333333334
6762,達亞,生技醫療業,12,14.732463959345795,14.058141283915731,13.78868877313344,14.756350380547698,8522.165656029769,9600.551028118056,0.623257260092293,4676.955086051598,25.0,16.666666666666664
6870,騰雲,數位雲端類,12,14.785921953681052,15.127334562231162,11.707240864463623,15.95565451017977,9910.818661527988,12053.38056761659,0.8998015005239409,-684.1378759066289,66.66666666666666,75.0
3257,虹冠電,電子工業,12,14.786166478523974,17.000665414478185,19.61769020725178,15.754937843864028,13003.336777181345,15843.114387155867,0.33939229180867553,-7579.777908421132,75.0,58.333333333333336
6538,倉和,電子零組件業,12,14.789019268816292,14.304138443444037,11.168685529513741,14.802827156328831,17955.915206675167,21929.133169258446,0.37635886103364413,412.1985096061241,58.333333333333336,50.0
3030,德律,電子工業,12,14.792683335535726,15.039493895344256,7.753672295650056,14.46346526341421,104380.08284326275,148298.25651058447,0.7044597579955211,-21002.959169991896,41.66666666666667,50.0
4536,拓凱,運動休閒,12,14.807606559923695,14.213744653087618,7.947917219225631,16.060258858414063,113557.74545559549,165071.98538040562,0.6632472746620182,60659.4778883748,41.66666666666667,66.66666666666666
3520,華盈,電子零組件業,12,14.834594656494026,14.063247170901159,11.536464803459822,15.11764488408915,14936.223992053225,19115.136493662867,0.6499824881592895,4029.7680309725606,50.0,58.333333333333336
3426,台興,電機機械,12,14.843266965238744,15.5726719487544,9.942396272384354,17.23876865279813,7599.616622921722,9200.46565263268,0.7699278367588764,4822.834983504566,25.0,50.0
2028,威致,鋼鐵工業,12,14.845643170977318,15.216787133868728,13.656099535038962,15.347985176039117,105324.11035409394,126987.65530903792,0.40580807185039164,-10104.318197398447,50.0,58.333333333333336
3022,威強電,電腦及週邊設備業,12,14.849373305688735,14.922522942604774,12.998757759161943,15.601843975086135,80595.50571916906,103563.2132568362,0.6664112058387119,9892.102496143276,58.333333333333336,58.333333333333336
6742,澤米,電子工業,12,14.849502940821866,14.39314365507218,12.426195670033335,16.126773104711532,6629.993698432362,9012.923057028049,1.0752792581766464,3463.434637522599,41.66666666666667,41.66666666666667
8279,生展,生技醫療業,12,14.861978237338091,15.099222774222484,16.110862791722667,15.410169506754107,26460.315593684194,29262.932911943684,1.2066042083482056,1036.0676658043037,41.66666666666667,75.0
4306,炎洲,塑膠工業,12,14.86602255599421,15.10562271332114,13.619320655512784,15.067306056519389,164484.6729784734,188985.8893181893,0.6020358190343905,-36671.816855093064,66.66666666666666,50.0
1472,三洋實業,建材營造,12,14.868749958354197,14.820883664735781,15.379827178741781,14.948667526640683,45140.756654815494,53387.988076985464,0.9580922688266743,-10.131881550922117,50.0,41.66666666666667
8436,大江,生技醫療業,12,14.877558911947578,14.600166940094148,15.132540340514034,14.407310227880163,86653.13927995994,113982.23231295562,1.0240545816100275,-7553.063391783503,41.66666666666667,83.33333333333334
6470,宇智,通信網路業,12,14.881855022747786,14.984491391031362,14.603203725981494,15.93626849824916,24241.50010220455,26594.80383676919,0.5406412246718517,12262.301939726582,25.0,41.66666666666667
1213,大飲,食品工業,12,14.906695770557457,14.273601184336185,13.339127006275021,14.919132612905276,3693.941323176515,4534.717240769592,0.8011557585993105,275.8733401339423,50.0,75.0
8444,綠河-KY,其他,12,14.919298958862004,15.670017463880928,14.827646956307,15.792693238759329,40523.600908074855,46506.081744622425,0.30779023362440655,5406.772879740078,41.66666666666667,41.66666666666667
3049,精金,光電業,12,14.96505058422187,14.464742338692899,7.576374851762098,15.320891248501095,18510.857198771915,23828.43066609075,0.21932457828279758,4870.530016319328,50.0,58.333333333333336
1475,業旺,紡織纖維,12,15.015725221722557,13.914139612921298,10.404988041727288,15.206400708031492,18396.80355679347,25761.126092484832,0.5490168643028862,8566.807590582986,41.66666666666667,58.333333333333336
8083,瑞穎,電機機械,12,15.019940033221191,14.979219488379393,12.515993903707507,15.375725060844431,17915.496589442268,22705.217270334164,0.3975506717896739,-3625.613471968742,66.66666666666666,58.333333333333336
8446,華研,文化創意業,12,15.02005933813033,14.461492385776367,12.93109518486671,14.93850441825064,13579.297696268526,17771.57176976957,0.5368189393782137,1198.7650185162577,58.333333333333336,58.333333333333336
4906,正文,電子工業,12,15.04455896488179,14.368305892770419,11.806849900588388,14.834743829532258,206796.53985620904,256852.5045395013,0.42296658955243904,95638.33425631402,25.0,50.0
6862,三集瑞-KY,電子零組件業,12,15.065165827514562,13.898889134060946,13.254641823367109,14.6439542908971,28444.514490320533,35710.19962451392,1.034618918009523,8394.867248769317,41.66666666666667,33.33333333333333
1524,耿鼎,汽車工業,12,15.067781448094482,14.65235766195098,11.454604963585592,16.357571611718896,33024.94811019103,44802.075342750584,0.8759417908922048,13762.507943483213,50.0,83.33333333333334
1473,台南,紡織纖維,12,15.078541471692677,16.268433051868293,13.146713668938641,17.142240436043853,83899.22883336512,97459.28077623904,0.6813565421503848,26327.34595345575,25.0,66.66666666666666
1452,宏益,紡織纖維,12,15.079166117971193,14.014453910343752,9.281001182366715,15.289050289619452,17041.40543893102,21882.89273256921,0.34933918677977654,8732.527262294547,33.33333333333333,66.66666666666666
6426,統新,通信網路業,12,15.095117049100711,16.613818536275,12.665217989120336,15.558756326693354,6130.0012409977235,7661.790456664735,0.41487303334557296,-1264.1721631979344,50.0,66.66666666666666
3450,聯鈞,半導體業,12,15.102441999744636,13.95805241579447,6.376230102770912,15.839240638732246,108040.2774802965,166241.98492126967,0.9301108820490476,37427.20113764415,33.33333333333333,66.66666666666666
6907,雅特力-KY,半導體業,1,15.117901916285392,16.354100340683072,15.117901916285392,15.117901916285392,24914.0,24914.0,,-24914.0,100.0,0.0
2382,廣達,電腦及週邊設備業,12,15.129025259244916,14.792583620824987,12.854080711357078,14.513141536376557,26774459.405379057,34316042.88378539,1.1645291059707519,-7808330.628518026,66.66666666666666,50.0
8466,美吉吉-KY,其他,12,15.144452892459928,14.68489602505176,13.474650245627211,15.370184147354715,39920.29825018277,50482.94635539899,0.48663380717691135,21013.554305637062,33.33333333333333,50.0
2743,山富,觀光餐旅,12,15.176353911684853,14.931500652646621,10.606476865287517,14.866122713850627,84971.91232002137,109132.19600742003,0.4366928326694175,-11366.031799303231,58.333333333333336,75.0
6952,大武山,其他,12,15.18067595323887,17.805843765771133,11.189426519596728,16.231131411415248,22251.96131789048,29821.741171266247,1.9288238840091871,-14501.644564093578,66.66666666666666,41.66666666666667
6477,安集,電子工業,12,15.185339355264022,17.01471902730861,12.658776067802194,17.267261972163926,10828.412405249519,13640.150918741096,0.09582442219036615,-2841.869377963225,66.66666666666666,75.0
6472,保瑞,化學生技醫療,12,15.208542888843818,13.817154777163354,7.478731942217938,15.986197677894129,250579.53931795535,379092.6262385904,0.53524489401716,160837.0656654781,33.33333333333333,58.333333333333336
3232,昱捷,電子通路業,12,15.219497190205264,14.874166054794893,13.122673516776523,15.639176112962794,11320.731277904706,13212.248205203561,0.3680735165334496,1843.961973298232,58.333333333333336,75.0
9931,欣高,油電燃氣業,12,15.220485834331166,14.373482694344858,9.180270432726564,15.236062719147164,19889.661589990745,27609.965900345607,0.8702752129200008,4251.742555255118,58.333333333333336,58.333333333333336
3374,精材,半導體業,12,15.288590550363127,15.912284008987992,13.862169793162032,16.611792847334375,92222.62557114854,113076.41188201692,0.7103351788464543,-8857.926612272839,75.0,41.66666666666667
6733,博晟生醫,生技醫療業,12,15.304449270583733,14.44093238616765,6.8436407563056925,15.368369209395846,2835.6211145614798,3796.997903445119,0.7867927386187841,639.2577901554602,50.0,66.66666666666666
6220,岳豐,電子零組件業,12,15.320378976416581,15.42252463236685,11.689230449233262,15.640425080257256,106666.69595428016,126201.46914412682,0.7905239588522915,-9630.05788663216,58.333333333333336,25.0
2349,錸德,電子工業,12,15.330968221020255,15.59850453637516,12.655927660064531,15.441343013217534,95788.11940945788,121073.63938789167,1.2435549803676467,-16187.89154196276,58.333333333333336,66.66666666666666
6568,宏觀,半導體業,12,15.341068653171645,15.694482596573508,15.126685232341133,16.353454129164756,14539.344405356895,17315.9828454812,0.5820560186258695,298.8898148711839,50.0,83.33333333333334
5521,工信,建材營造,12,15.398300139244379,15.849469826424519,14.575409378356301,15.727660920197032,115979.8811615376,136876.31376226354,0.45954208043877304,6551.832039014892,33.33333333333333,58.333333333333336
5011,久陽,鋼鐵工業,12,15.401632195975026,16.042890848716134,11.551483385910494,15.417370873055699,64975.07110025579,85913.03863167133,0.5647008821900089,-4775.7614350818185,33.33333333333333,50.0
4736,泰博,生技醫療業,12,15.40227222124515,15.488598948545365,14.321147898842101,16.08039000681884,53960.64138058154,60519.58656641684,0.25882017528308576,6376.3586226435045,41.66666666666667,66.66666666666666
9928,中視,其他,12,15.414647234320055,15.192235898728176,14.915961330345995,14.601002637719004,11302.700165789647,14605.11153804181,1.271897781400085,-5123.72255410579,50.0,66.66666666666666
3032,偉訓,電子零組件業,12,15.43400501625147,16.193820219649652,13.366108761360465,14.946554191932337,143243.33495927192,185933.65596483494,0.8676402446414784,-45279.20811886325,41.66666666666667,66.66666666666666
8996,高力,電機機械,12,15.437081896479432,16.56275296433039,12.81939899334376,15.668277724709483,84654.68015071347,101895.96053082097,1.1323844393249576,-53464.02393521481,75.0,41.66666666666667
1531,高林股,電機機械,12,15.453670545624451,14.13313009919446,10.560248640550848,15.108647083271512,19205.628583220245,23626.442512751106,0.29338219740966004,6774.3439567834785,50.0,50.0
2867,三商壽,金融保險,9,15.489745935016272,15.598344678353296,13.603946707917796,16.669273123084064,1833130.4200379357,1980858.7386418006,0.8855434691191784,550116.8644823802,44.44444444444444,33.33333333333333
3508,位速,其他電子類,12,15.505753284992648,16.47429219880819,15.894946748793037,16.997715810013037,10697.961892681402,12194.662447183011,0.43371219794165405,-578.3354261805792,41.66666666666667,66.66666666666666
1512,瑞利,汽車工業,12,15.52821913925392,14.877984002526576,8.003929905723805,14.97023225303379,14852.120477930805,20995.460509576635,0.4164595798880583,-3233.270561212236,58.333333333333336,100.0
5245,智晶,光電業,12,15.550979210331798,14.560319309380034,12.470966270859272,15.692315631361407,10053.435917343326,12799.655919632465,0.543399488267858,2016.0226671190267,58.333333333333336,25.0
1727,中華化,化學生技醫療,12,15.586996469513705,15.524649878344313,19.816209753447936,15.52492945771489,25579.27436124251,29662.763978811407,0.6960359482738032,-18.96314171270448,41.66666666666667,33.33333333333333
6585,鼎基,其他,12,15.599174420123575,15.608863827075684,12.515062793503503,16.30694161787684,37042.78752573871,43646.510032686405,0.9906265299557244,1205.3443439329324,58.333333333333336,50.0
2305,全友,電腦及週邊設備業,12,15.606202505045516,15.929331842282455,16.602481398131612,15.718136450653075,9706.862880606997,10899.942499725583,0.8643828509660301,-1903.621689331956,58.333333333333336,50.0
8383,千附,半導體業,12,15.610215115635862,14.773595747383098,13.919720249115214,15.19928963830082,43686.63094600515,49675.397367884885,0.6142912520919631,10574.113175104225,41.66666666666667,58.333333333333336
3416,融程電,電腦及週邊設備業,12,15.62135803773946,15.929803921521824,15.037476834252919,15.6970924423073,47392.81802940077,55834.73012342654,1.1456434398206643,-2964.4058802179766,33.33333333333333,66.66666666666666
6494,九齊,半導體業,12,15.628537840786565,14.92534375522277,12.68680708298623,15.655105860486628,15463.487457406327,20938.588719482697,0.32745068142367223,1039.5627021417142,58.333333333333336,50.0
4173,久裕,生技醫療業,12,15.630956411597321,15.502780591744477,14.267644854881233,15.00831742234355,20150.89494815387,25270.14001952082,1.0585572328043804,-4833.5696692760475,58.333333333333336,66.66666666666666
5355,佳總,電子零組件業,12,15.664310854831934,16.153824009906028,13.558998373636765,15.605581410524074,6033.318183216584,7264.807807414787,0.529255137413601,-845.7214699595133,50.0,41.66666666666667
6670,復盛應用,運動休閒,12,15.689447680565818,15.879570911863757,13.200075565204553,16.865843251263893,390201.07453188003,475631.92628662306,0.6399703478729895,21269.891648381716,50.0,91.66666666666666
5278,尚凡*,數位雲端類,12,15.722566094772757,15.01130380583144,10.288336731820102,14.925504099160522,34493.908083121314,45106.06114519295,1.3235707150974536,-2823.2223873526723,41.66666666666667,50.0
2104,國際中橡,橡膠工業,12,15.7228598515556,15.313028683207994,16.63795995759283,15.602353424083054,200916.56927773435,225660.2214343925,0.4206425827537492,8457.321187547166,41.66666666666667,100.0
6728,上洋,居家生活類,12,15.72427148287848,15.619623461694326,13.412213601355456,15.556191639159152,62049.29873095496,73344.29315677949,1.205978631913883,-13007.8796235979,58.333333333333336,75.0
4534,慶騰,電機機械,12,15.742159412903552,14.950720316153168,12.030952576072455,14.731815198770459,10749.021934920273,14253.358183580129,0.5096034312429991,518.4503087267907,33.33333333333333,58.333333333333336
8112,至上,電子通路業,12,15.773889668023319,15.832897893987393,11.37036619992213,15.569908650012234,2977689.903148793,3927180.4820474116,0.6072468966279341,-1003006.1343459035,66.66666666666666,66.66666666666666
6965,中傑-KY,運動休閒,12,15.77954463654665,14.72691032074819,11.146392708794938,15.831810241271482,284862.5833333333,369828.1463232844,0.9559491479110452,113825.91666666667,41.66666666666667,0.0
4994,傳奇,資訊服務業,12,15.799178444828177,15.900906817552787,14.152435597849117,16.181848066886307,15604.861715938829,19162.992857603065,0.3575322055885101,263.8118471802154,50.0,58.333333333333336
6166,凌華,電腦及週邊設備業,12,15.817083309033139,15.880445575692361,17.76109701864511,16.257561059552835,155550.6936974818,184700.83753729417,1.126928865399337,21807.08931893516,41.66666666666667,50.0
6671,三能-KY,居家生活,12,15.818045882010429,15.290560872315837,12.740402966249384,16.163063874548776,26337.48138980912,33020.573821725746,1.2999699701563905,4428.3605231976335,33.33333333333333,75.0
5511,德昌,建材營造,12,15.842274793297637,16.462148855908264,11.666229362624499,16.355355822950568,146325.99615957978,206643.67208761675,1.0408603777777874,-43920.39233782736,58.333333333333336,75.0
3652,精聯,電腦及週邊設備業,12,15.873025890644854,15.183058183210163,10.044189186659269,16.74122720158572,32440.97285478214,43010.88484651886,1.2181622116906257,12330.936069785026,41.66666666666667,75.0
6913,鴻呈,電子零組件業,12,15.888606766882502,15.902871310015687,13.544701523695817,15.546928497850141,34856.84922136728,38696.76069196629,2.0948101873907343,-7655.5874699892765,50.0,8.333333333333332
4564,元翎,電機機械,12,15.902095134514948,15.946755928598675,13.174848050804917,17.150516741888108,14603.649311543966,18077.43364719518,0.3180364203650839,5367.094432271078,41.66666666666667,66.66666666666666
6263,普萊德,通信網路業,12,15.913812562575144,16.26439032652801,13.355833611266629,16.899389938403107,24988.478515237057,29274.96359247164,1.187130793631939,3784.8212180131413,50.0,50.0
3564,其陽,通信網路業,12,15.914883597686366,16.614888329885368,11.157652599033979,17.965025150372004,33116.167236573725,39937.882227363894,0.7264155903407924,1883.5679881702574,58.333333333333336,83.33333333333334
3149,正達,電子工業,12,15.922851007414002,16.552829926851985,11.871576903598585,16.290427442491186,30300.389324558473,38536.371843508554,0.8258218228289502,-5928.129754879083,50.0,41.66666666666667
3229,晟鈦,電子零組件業,12,15.934007107780483,16.758261229137293,14.779709835340405,16.466264677345567,13817.22737686887,15948.26755281238,0.7246582551244143,-4295.444545946778,75.0,33.33333333333333
1514,亞力,電機機械,12,16.017789951567284,16.911849723153736,12.206059838674435,15.91552560803934,140883.81745925368,187064.26114764914,1.280569012053272,-52684.56219025716,50.0,75.0
6739,竹陞科技,其他電子類,12,16.022671401113712,20.15061067400687,5.563495101166303,15.891131106781097,10757.034080756372,17657.39451428561,4.3207353192249816,-10757.034080756372,100.0,33.33333333333333
3669,圓展,電子工業,12,16.036396716134725,15.630188778542298,11.505018278392342,15.02322705627533,33815.05438982997,42921.0609110721,0.38207383648949267,-8832.004681701155,50.0,66.66666666666666
6192,巨路,其他電子業,12,16.070809961233422,16.177536674234965,9.731809134248653,16.28894683955978,98531.01976687,127717.39673789115,1.1998411693850934,-9869.405216727924,50.0,66.66666666666666
6606,建德工業,電機機械,12,16.110774809463827,15.862627974636956,15.519783827852601,16.11606614383752,10945.499297801629,13201.657715150452,0.7759530476698022,-770.3590335275712,50.0,66.66666666666666
3230,錦明,光電業,12,16.12155091393265,16.36714637633708,19.130102700131005,15.727351996062644,5423.034469557473,6663.665366904637,0.22974967998675722,-1169.6962783751003,50.0,58.333333333333336
8426,紅木-KY,其他,12,16.127597125813253,15.329226121465503,8.79885441163159,16.146514950388116,36376.57481779954,48066.72011739566,0.6143688483466518,7943.6218507683325,50.0,50.0
3527,聚積,半導體業,12,16.138153768184463,15.313788213693295,13.798497268899071,15.795771646895455,19485.206859705922,23539.518980505418,0.277560917040931,3073.5058939466544,41.66666666666667,50.0
6532,瑞耘,半導體業,12,16.14331751215291,16.35684799177245,18.036834154199262,16.854906759542075,9079.24391859748,10461.844978396466,0.7916769818750858,2042.8335736832742,41.66666666666667,50.0
8072,陞泰,電子通路業,12,16.16607363771282,17.044874193512296,8.999784012795335,15.654650550029507,17299.544419093025,22610.87163837419,0.6557061932720711,-8254.783739070135,58.333333333333336,50.0
8488,吉源-KY,其他,12,16.18708684574434,14.49169676415095,10.102693429448498,16.617102894228246,41571.460609416004,68492.04716032307,0.5031291147115491,11474.735130455412,41.66666666666667,83.33333333333334
3581,博磊,半導體業,12,16.19605156264197,16.206408912742802,12.372991852146578,15.583142061965805,21198.188591054306,29438.35456461064,1.1030733316906463,-8794.325663613103,58.333333333333336,50.0
2516,新建,建材營造,12,16.224285181191316,16.556599641339307,13.977463903947424,17.329899804420133,139839.57465994044,170531.34686127564,0.8979382587882143,16337.703149866467,50.0,58.333333333333336
8210,勤誠,電腦及週邊設備業,12,16.23282994370618,18.368169611665756,13.432280089276388,16.976909209293513,297620.022488742,331763.55246023287,1.1600114152223184,-132087.7420218625,66.66666666666666,41.66666666666667
1707,葡萄王,化學生技醫療,12,16.24597172901618,15.593947765173976,11.607841969640914,16.520019388133154,138789.43124915365,175881.9577443213,1.8081013924524905,33879.492463894305,41.66666666666667,66.66666666666666
3632,研勤,通信網路業,12,16.250895013802747,15.829715060745157,8.484621916747976,16.411508870385727,3577.526197988582,5027.520138928781,0.29103468192894827,-191.17896800051463,58.333333333333336,66.66666666666666
6270,倍微,電子通路業,12,16.25342254831787,15.246600768600324,13.725067307815653,14.925068277661271,37516.122836989736,49362.20770460608,0.5867007218567999,-4673.29413331813,50.0,66.66666666666666
2634,漢翔,航運業,12,16.277123165420598,15.277327474711402,9.552399467558722,17.708496188185887,480882.23873875214,767121.2068649933,0.8496466450641588,65572.8145272504,41.66666666666667,66.66666666666666
1314,中石化,塑膠工業,12,16.277547356393836,17.615416585894163,15.579061824927154,19.264875073487456,261104.66460047747,307115.3673519287,0.27965021398667417,89433.06881943055,41.66666666666667,58.333333333333336
2543,皇昌,建材營造,12,16.279718568628866,16.944084054908352,16.493432354350155,16.52272750465178,160599.2337494738,187181.90328330392,1.0517758746879284,-20678.39964345084,50.0,75.0
8011,台通,電子工業,12,16.313734647102095,17.442214295452587,18.11091990948157,17.63006625924219,28214.971131192637,31932.91503354929,0.6035424564981582,-6280.027009231985,66.66666666666666,75.0
6573,虹揚-KY,電子工業,12,16.32992724177552,16.08906819954653,14.527264634396476,16.748164957324523,11338.58972241792,12482.591717556965,0.30876018023516766,3229.2876890837283,41.66666666666667,58.333333333333336
8390,金益鼎,綠能環保類,12,16.352797397357403,16.22363131012364,13.910418543490605,16.625361011641235,63161.875934754265,72495.35713065117,0.9437753243378862,4476.963478677692,50.0,41.66666666666667
3628,盈正,其他電子類,12,16.360431605262775,15.398847992630978,9.315216679760239,15.853131604468654,45744.91199852709,64037.264956887804,0.9684689041798545,1868.6773548110843,41.66666666666667,91.66666666666666
7704,明遠精密,半導體業,12,16.360664190035955,15.55973803005707,13.250156189382192,15.676287115086899,9149.333333333334,11586.04148677767,0.9871184442771557,811.6666666666666,41.66666666666667,16.666666666666664
4549,桓達,電機機械,12,16.366210471288305,16.429118253761963,16.574422960427963,17.134772027910934,16799.98324132108,19078.785556644092,0.8264938897143482,3651.2168472971825,41.66666666666667,50.0
1603,華電,電器電纜,12,16.3732821765305,15.42981697680993,14.97454031976478,15.662977706096381,75349.92644280424,92290.51482215853,0.7892355176633021,6758.394310063765,41.66666666666667,58.333333333333336
3354,律勝,電子零組件業,12,16.38428141345207,16.319102642380415,15.930691205139885,15.877448375478325,1347.0473499748061,1608.1254102703792,0.21055369044420436,-101.16582368848897,41.66666666666667,58.333333333333336
6661,威健生技,生技醫療業,12,16.38693721458799,15.705048804298317,10.166713908814016,16.031370806836133,5133.754313710174,7389.511367028832,0.6400071922521181,449.5093229645951,41.66666666666667,75.0
6890,來億-KY,運動休閒,12,16.429964563087314,16.62150454410737,10.455069821658508,16.19168688727007,542115.7035479386,730885.2250781942,1.0924868304426145,-115281.4383651951,50.0,41.66666666666667
3530,晶相光,電子工業,12,16.431683492877237,17.534572745786132,16.178481245978844,16.393295357443684,25268.4100931638,29091.026325451945,0.28030796677461906,-12335.980079798324,66.66666666666666,58.333333333333336
3443,創意,電子工業,12,16.46875973064576,17.78742851459829,10.164112257890789,16.656759215459992,468549.6363760524,642834.0147963759,1.071066953304398,-263764.70311349706,66.66666666666666,58.333333333333336
7718,友鋮,電機機械,11,16.48302466423193,16.725844512819,14.039742270832207,17.05844142158911,33246.545454545456,39893.91162935654,0.5737476209182384,-1136.3636363636363,54.54545454545454,0.0
2031,新光鋼,鋼鐵工業,12,16.491306810591844,16.028709934721466,10.447467096733911,16.283908804128085,230852.10165596832,348484.24655916065,0.8712365504935843,40988.28594490036,33.33333333333333,75.0
2477,美隆電,其他電子業,12,16.501768940648308,16.2756436231107,12.148734381618217,17.098368432544916,34360.230814752016,43756.8642843412,0.4789061568041453,1698.6095075562444,50.0,66.66666666666666
6482,弘煜科,文化創意業,12,16.531416178120782,16.844910547163675,16.972093950236555,17.981173270580918,6835.506394590421,7755.279923984138,0.6328155167558402,2586.8286708393953,33.33333333333333,66.66666666666666
3363,上詮,通信網路業,12,16.532579765820373,17.580509097893547,19.84390496635403,17.533964853653934,26066.28476787796,32385.529353239683,0.7542791260236027,566.7976507076904,41.66666666666667,66.66666666666666
2241,艾姆勒,汽車工業,12,16.547537114928264,17.574897415941273,16.33886623068863,16.82621783874982,10797.047333662495,12304.202364523586,0.4807773555305881,-6503.626892066789,66.66666666666666,25.0
6856,鑫傳,文化創意業,12,16.556574058160145,15.493440558758861,15.472526787905155,16.936321445990508,10534.547956000895,13755.77346746,1.397184964394068,4406.146054165924,41.66666666666667,41.66666666666667
5515,建國,建材營造,12,16.58994709709326,16.011027075313166,12.442024324802276,18.08548685812638,98096.48160971566,127446.17110998307,0.8662764923882541,41869.94591069327,41.66666666666667,50.0
5465,富驊,電腦及週邊設備業,12,16.613909260736044,16.980803682152654,15.936311470052747,17.909654069787983,75518.48300990253,89366.2979907431,0.6701896149141273,9017.479741382756,50.0,58.333333333333336
6667,信紘科,其他電子類,12,16.624965239253246,16.664598276677264,17.369461549142805,16.11629978915281,87809.8106713763,113907.84243142893,1.3304366791182523,-15920.49808679815,58.333333333333336,75.0
6204,永豐臺灣加權,ETF,12,16.656425621649714,18.026105297057914,15.031215262064412,17.635690574061755,5377.3743280480785,6638.826709852301,0.47843687558871467,-1270.1230544894677,66.66666666666666,66.66666666666666
6669,緯穎,電腦及週邊設備業,12,16.688136521090886,17.67317471292244,13.953744337785952,15.62094153629063,13220665.91906012,16328900.93746621,1.4395323980977501,-12903958.715029329,91.66666666666666,50.0
3276,宇環,電子零組件業,12,16.726422971806983,17.110633725997296,20.708413353580458,17.287250550686238,7040.388386492326,8113.526772184003,0.1367094602861912,-17.255788069391503,50.0,50.0
7744,崴寶,電子零組件業,3,16.729398185177168,17.14465087066425,15.033377186571165,16.23237704454435,35557.666666666664,37725.88665182923,1.650283320368359,-20211.666666666668,66.66666666666666,0.0
3518,柏騰,電子工業,12,16.745016175495774,16.97281726566091,15.666776026718713,17.40507164074962,4465.267875898142,5106.923256564874,0.3125939575446553,373.8921658282149,50.0,41.66666666666667
2364,倫飛,電腦及週邊設備業,12,16.751769880929952,16.732956021916703,20.30946204749521,17.70392912021809,21058.398640768824,25846.66195400676,1.2412691338720023,2961.8610269672063,58.333333333333336,50.0
6531,愛普*,半導體業,12,16.778905603690326,15.522592758209186,15.72199638500721,15.119698862404999,78910.45198582478,99977.9243970415,0.6192629325025675,-30502.62418767724,66.66666666666666,83.33333333333334
3287,廣寰科,電腦及週邊設備業,12,16.781916901359292,17.680115123868497,15.267576253239593,17.42444706836108,13157.792021856998,14661.655617642862,0.6575672836970722,-3036.868716402288,66.66666666666666,58.333333333333336
2460,建通,電子零組件業,12,16.7820197814442,16.788754389967817,14.307348981731662,18.222994007196345,44357.29769020885,58655.585008603775,0.5730213976090728,3312.501427787511,66.66666666666666,58.333333333333336
5222,全訊,電子工業,12,16.783552556744635,18.194971979820806,10.437931342186427,19.829710294136063,13347.595704740279,17978.0229921552,0.7315826231551066,3687.5543026300566,33.33333333333333,83.33333333333334
6923,中台,綠能環保,12,16.800710346186367,15.206699148458053,9.348076349131023,16.872903106848202,16177.796008917598,21056.41515920614,1.4446619228381083,9060.370657749068,41.66666666666667,33.33333333333333
1783,和康生,生技醫療業,12,16.810288621176035,17.79129686552634,13.036654417468851,17.81595497451893,11368.854228796758,13802.3250205164,1.2793510873132017,-1351.8901175656276,41.66666666666667,66.66666666666666
6136,富爾特,電子工業,12,16.826366156755423,16.363022010551976,11.268934765131418,15.023081410819755,8927.368784184562,12058.061894758235,0.9332473564925102,-3873.0430566038613,41.66666666666667,75.0
8455,大拓-KY,其他電子類,12,16.85880418224651,16.6453544018662,11.347669763842367,16.705787291460418,16254.823473414042,19685.908434973873,0.4472938461242238,-452.16635452494785,50.0,50.0
1723,中碳,化學生技醫療,12,16.86076630006372,17.135367829443382,16.262149796399765,17.51852743995114,82309.93348022741,93489.71249779695,0.4101318683268822,11714.31618529141,41.66666666666667,58.333333333333336
6125,廣運,電機機械,12,16.861723716466553,19.083544429025036,15.663777912361422,17.30585513840992,46874.383508244005,62349.02039485574,0.4237601282593324,-15623.816978178109,41.66666666666667,50.0
6807,峰源-KY,居家生活,12,16.86546962896861,16.61536643306598,15.075877303104528,17.901286612812832,59920.28700746879,68519.0589095465,0.719727659629796,23806.766778605506,33.33333333333333,66.66666666666666
1515,力山,電機機械,12,16.89333074141327,17.603225851671098,17.133078188125932,16.143165704768712,76291.56270580353,102050.43025437294,0.13847396865112413,-63758.08323328866,83.33333333333334,66.66666666666666
6569,醫揚,生技醫療業,12,16.947666880051543,16.921716171019156,16.67766892543321,17.937716062061117,18547.625494918542,21167.438816669834,0.6724960986073499,2502.147404061241,58.333333333333336,75.0
8068,全達,電子通路業,12,17.020675841192514,16.36956165603059,13.818451106950125,16.95706807532564,11856.91483669846,14933.614653631994,0.21821343958453532,-823.8547814493583,66.66666666666666,66.66666666666666
6695,芯鼎,電子工業,12,17.05756640834471,16.613995499883945,16.652468686681576,17.721474009788672,16000.63694976765,18945.105372179438,0.833065325152687,3605.7018844341655,50.0,33.33333333333333
3390,旭軟,電子零組件業,12,17.08706150604891,17.613037907508232,13.997674049147069,16.853634093721247,11281.162790651926,13961.791886637053,0.6098116203202263,-1150.9083467044318,41.66666666666667,25.0
1256,鮮活果汁-KY,食品工業,12,17.092848746222607,18.058773001052057,17.197687266393576,17.578594287086066,58610.666148766235,73503.34506876185,0.6818585655551673,-19822.56973394797,58.333333333333336,75.0
2008,高興昌,鋼鐵工業,12,17.095810943601215,17.340204799124557,14.03738083847917,17.686790579487962,25907.23409458832,30769.78043857388,0.5656154178878154,3851.672588472091,33.33333333333333,41.66666666666667
2916,滿心,居家生活類,12,17.122048017727742,15.149759725235793,7.53353758013834,16.882559652246243,27941.27040290303,43386.91983308077,1.1515799807025175,1578.1420358836742,66.66666666666666,83.33333333333334
8499,鼎炫-KY,其他電子業,12,17.17302931179962,16.020323943283216,10.613040988489635,14.03316454480078,41756.89338195549,70694.97909410563,1.0239835372198767,-23531.08640117146,41.66666666666667,50.0
5460,同協,電子零組件業,12,17.18171103613942,16.83246373608307,15.019405367760335,16.95888340087103,3338.649861894901,3992.043779056086,0.3058633500201743,433.2804635440577,41.66666666666667,25.0
2451,創見,電子工業,12,17.182341615603562,15.386565110292905,13.67151129239986,13.735176572841548,245212.81980663573,388119.30590154947,1.1836536006634626,-228207.39797490486,83.33333333333334,33.33333333333333
4735,豪展,生技醫療業,12,17.265071498890386,17.43111161367887,16.57393343720623,17.813686678236255,13475.028615894385,15978.107108386608,0.15899223159338582,-434.86989113718056,50.0,66.66666666666666
1459,聯發,紡織纖維,12,17.267013893830153,16.734826733651964,10.644483242315934,17.72262616361761,17182.405525750382,22375.19107806859,0.2686846738191197,3382.822683013959,58.333333333333336,50.0
4930,燦星網,電器電纜,12,17.329197285816086,16.92467173698926,12.521167008616807,19.14520082413043,87138.72771290487,115100.95808469762,0.47891232677602047,21788.079005797965,50.0,66.66666666666666
1470,大統新創,紡織纖維,12,17.331495509715843,16.325185892593638,11.223610172619066,16.410598519390458,11607.92798967436,15132.25028922825,0.5738161799951647,1417.8227874198117,33.33333333333333,75.0
3339,泰谷,光電業,12,17.369431523561545,16.383341755823764,12.12056377370695,15.46179867158773,11851.6118388404,15817.237136618991,0.7898082223975914,-3605.341806307231,50.0,33.33333333333333
8936,國統,其他,12,17.396304220349997,17.621009772355748,19.304099176053256,17.599512798346893,91472.53650235536,104643.43543307521,0.9409671265950471,1306.5990229743427,41.66666666666667,75.0
6214,精誠,電子工業,12,17.41179879004594,17.012766804181283,15.245821183531511,17.117826372830176,637989.419473316,754598.6387857425,1.6281342089549844,-96679.64011574734,58.333333333333336,58.333333333333336
8048,德勝,通信網路業,12,17.424708687012327,17.86321162554684,18.11818888861699,17.52948052605078,14675.249382698079,16354.358518999888,0.39800462342568266,-2823.173971269121,50.0,58.333333333333336
3029,零壹,電子工業,12,17.433930009510384,16.68082928434067,13.063759938474357,17.70014206730751,361651.5507171596,431308.96358425065,1.4546533307648426,83441.29231599918,41.66666666666667,50.0
6768,志強-KY,運動休閒,12,17.436856475567957,17.651995399957855,16.943864953254785,17.792241929494566,296048.31107555906,328985.8340347455,0.667449449217516,20872.565447767924,41.66666666666667,58.333333333333336
1528,恩德,電機機械,12,17.481422438253126,17.478444295371208,17.992933276989177,18.440853685984383,40838.83169712018,48549.94830566011,0.8027952244519382,1592.2669109177102,58.333333333333336,58.333333333333336
2547,日勝生,建材營造,12,17.525795762784778,16.5003560590087,6.0668008108657965,16.351773838961055,89931.47404674914,137511.84940512828,0.5785703517882279,-28356.76166953052,58.333333333333336,75.0
6142,友勁,電子工業,12,17.532862246125156,17.49619701164539,17.97123963195876,17.8379836891046,26355.836849931486,28962.64523871019,0.22659738255300146,978.9693210091924,50.0,50.0
6276,安鈦克,電腦及週邊設備業,12,17.60215378274792,16.615045291214972,15.61585164680975,17.36786735540001,21108.07743088822,25923.007369434603,0.6995489209560358,4945.246028148015,41.66666666666667,58.333333333333336
3013,晟銘電,電腦及週邊設備業,12,17.61225076575791,18.605513912677775,14.877836741585067,19.135250092887055,154559.09520127976,182637.75312100857,1.0448291009733566,11295.870101567029,41.66666666666667,66.66666666666666
1324,地球,塑膠工業,12,17.615865793791837,17.34026098898779,15.532544388763137,18.41276983878915,10774.729632884615,12680.703868340424,0.9155652498044388,2281.5003224164298,41.66666666666667,58.333333333333336
2630,亞航,航運業,12,17.63000776294278,18.150195560882846,19.283646472969792,18.541174961500538,80129.98667494673,95342.220225273,1.2737006941695765,-1873.1271361112351,50.0,75.0
6516,勤崴國際,資訊服務業,12,17.652966798590146,17.4757313696383,13.470473085106615,17.735062207500437,8046.295820825716,10306.145888324148,0.6902806368265989,-1634.2395611762847,66.66666666666666,75.0
8928,鉅明,運動休閒類,12,17.653346696741814,18.20125129324457,11.935273544222213,18.13421624499195,50350.875448447005,63928.455234804904,0.7970706911686221,170.5422527685781,50.0,66.66666666666666
4804,大略-KY,觀光餐旅,12,17.654100038125048,17.958303013135936,13.786416121052127,18.18727019326161,1906.8929038680453,2342.648737052112,1.2444481189431535,-232.60709613195453,66.66666666666666,25.0
5439,高技,電子零組件業,12,17.668565376882043,19.55694974945674,20.614054632949223,17.47770809193413,141990.30420476262,163016.56249411457,1.9772758721867179,-118730.17115784547,83.33333333333334,41.66666666666667
8941,關中,居家生活類,12,17.690067442618357,17.65781807073822,13.273738108192944,18.149376180703843,43973.12937065718,55719.24473649805,0.8718479385286417,-609.1422804513641,41.66666666666667,66.66666666666666
2440,太空梭,電子零組件業,12,17.72919096302675,17.385063455395777,11.819109278637937,19.382018380408752,51801.01718683934,70897.50948464336,0.6439948250829831,17838.639693786623,58.333333333333336,41.66666666666667
4987,科誠,電腦及週邊設備業,12,17.735475983591268,18.778101683420292,12.59218865658137,19.999153534674473,19841.47507926281,24206.644898566312,1.1550583368373395,1528.7985344577282,58.333333333333336,66.66666666666666
8088,品安,半導體業,12,17.777767343722942,17.162502745118484,16.76666840877077,15.560191756691873,24829.06690890661,35597.42539671048,0.8535486849934101,-15114.363035730776,58.333333333333336,66.66666666666666
8147,正淩,電子零組件業,12,17.832176876894852,18.1692766050664,18.0069126252814,17.684793575521223,24238.5498815407,27238.38989172339,1.2538387179797177,-6584.987756917285,66.66666666666666,58.333333333333336
2211,長榮鋼,鋼鐵工業,12,17.8354996001021,17.096234952965617,15.048764524868579,18.05962139614293,227601.6492139226,266268.3662819354,0.7694388095595818,50910.35583995564,50.0,50.0
6122,擎邦,電機機械,12,17.86632858862166,18.383738694038776,13.982551055265576,18.352884065926748,62348.84152885655,79281.77986045937,0.5705929311279215,-15889.274449986833,66.66666666666666,83.33333333333334
8467,波力-KY,運動休閒,12,17.877791589873294,18.116268773634836,20.89691616325147,19.237222395571074,36241.94849994909,40341.27164646457,0.7682153550270282,13410.747729418332,33.33333333333333,75.0
3490,單井,光電業,12,17.930294660399657,19.69896305972343,15.788426933273794,21.112892495026244,3808.693424113227,4550.14770477852,0.3284607062403806,435.71905108943037,41.66666666666667,75.0
6703,軒郁,生技醫療業,12,17.94841346295591,17.189849704015035,18.138833943462007,16.86360267743777,49160.8390881372,62300.367995187546,1.0281096574397905,-10143.107968140439,50.0,83.33333333333334
3663,鑫科,其他電子類,12,17.98362855250413,17.45279734481718,16.792487226795487,17.94572115453839,85646.56640422996,103247.95366593415,1.0312043203574914,13468.367952443834,50.0,50.0
4763,材料*-KY,化學生技醫療,12,18.040022735923916,17.589040341520437,12.969498083217989,19.28302224478742,198912.31239010536,259099.3540200876,0.8547864480659423,66617.80353670816,25.0,66.66666666666666
2380,虹光,電腦及週邊設備業,12,18.045859497887314,18.013126337232887,14.900832828489818,18.81316275506352,44049.973110775434,54752.413395058094,0.5951219952279866,-7249.501678059106,66.66666666666666,58.333333333333336
1337,再生-KY,塑膠工業,12,18.06402913607824,18.29474142254632,19.351749205395837,18.685549011991963,9997.296071640687,11882.26189877362,0.4107592839850167,1655.7600151744955,41.66666666666667,50.0
8222,寶一,電機機械,12,18.073990477169083,18.933366051841503,14.532856261018342,18.32199419721628,14474.479965347206,17431.330854290463,0.8183593060629472,-2294.1631967612025,41.66666666666667,75.0
4716,大立,化學工業,12,18.09819751305388,18.777423426300622,12.029147183030037,18.68307292770035,8041.888819431709,10951.524097003336,0.5901383533321518,496.2529253738806,41.66666666666667,58.333333333333336
3447,展達,通信網路業,12,18.12656636015243,18.055576978661236,16.134953564662837,19.34519000120707,55210.04687447195,63805.61885413221,0.2889249110700141,12252.477604764732,50.0,50.0
6854,錼創科技-KY創,電子工業,12,18.170003104477047,21.042822997642027,14.01971343927248,25.05725255100973,20468.796188909215,25772.288540380854,0.3155673659711016,5768.957278099177,50.0,66.66666666666666
6666,羅麗芬-KY,生技醫療業,12,18.17164583458597,18.453074301746888,20.971402224852078,18.576041916067464,16852.58120649157,19361.443971088855,0.7186668519531386,-1666.0950668942417,58.333333333333336,83.33333333333334
3563,牧德,電子工業,12,18.18287099916662,18.6882863288798,17.61461534385002,18.14639526105838,48370.8462040005,55206.84079918176,0.8409291128408242,-19932.58383187776,66.66666666666666,50.0
4739,康普,化學生技醫療,12,18.215898785680725,21.088171261275885,18.929666167880843,19.770291807104865,93980.51242926418,116850.99786541442,0.5522093805188757,-57915.570502597075,58.333333333333336,50.0
2235,謚源,電機機械,12,18.224871587969478,18.294109132123886,21.606011538221917,18.763929214986604,8442.504701803971,10219.47522951121,0.5997361593313906,453.91271091791833,50.0,75.0
6662,樂斯科,生技醫療業,12,18.23420525133491,17.051534687077243,15.082903297964334,18.716446713189164,3991.2244067805273,5363.840798529831,0.6506452868519353,1243.5102955469222,58.333333333333336,41.66666666666667
6629,泰金-KY,居家生活類,12,18.253293887230566,17.839012582822924,17.905054328264054,16.9300166791083,26480.37287484841,32313.26794118317,0.9947655761303117,-12060.07856354091,66.66666666666666,58.333333333333336
6418,詠昇,電子零組件業,12,18.31113022265637,17.283190821688713,13.036301825456292,17.269979160407786,11938.124459963046,15672.790412471546,0.945676081179847,-1788.1800397499817,50.0,41.66666666666667
6161,捷波,電腦及週邊設備業,12,18.374850865265937,18.307418735974178,16.946937274516955,17.882061150876442,21536.85645166378,27410.60244856777,0.6391579791772958,-6919.962799821672,75.0,75.0
3191,雲嘉南,電子零組件業,12,18.43659077629144,18.534816078016707,13.579014255338267,18.909644851675367,2626.031171046718,3470.78638074248,0.5208164112621272,433.131775277574,41.66666666666667,41.66666666666667
9960,邁達康,運動休閒類,12,18.438573394286745,18.534231131124024,15.539903414460476,19.601922046887918,10441.333879805383,12997.701892340769,0.5424705628188838,-598.0105312977661,50.0,58.333333333333336
8942,森鉅,其他,12,18.460792373169816,21.65176565706036,19.08063064991467,26.672840049949365,52992.212178974216,62715.230937433415,0.4145543519064292,46645.1204624086,16.666666666666664,41.66666666666667
6698,旭暉應材,電子工業,12,18.49854428702718,19.122507320824113,14.353531921467273,21.068671234312273,17830.376867379757,22795.90231312827,0.69143017663012,978.7020319925917,66.66666666666666,33.33333333333333
2941,米斯特,居家生活類,12,18.51239455852239,18.28958894516576,12.341236892836063,18.18024508212869,14303.200553760224,20727.318957383115,1.0069809454435554,-3124.672137934358,50.0,58.333333333333336
2070,精湛,電機機械,12,18.525172513173807,18.631415195389476,15.252318275083333,17.83597196099007,10729.31679031744,14472.619318285871,0.7298261770507564,-3614.6299425244083,66.66666666666666,58.333333333333336
6416,瑞祺電通,電子工業,12,18.565584617468673,18.38287744809772,18.626318637275944,18.319558410029344,66670.12829640704,88924.99135745846,0.9175295740253254,-8223.719423182827,50.0,91.66666666666666
2605,新興,航運業,12,18.5683483660147,19.509957906314067,21.566489040932304,18.953170545556016,69677.51061273924,80883.46444976232,0.9755206041704979,-15878.649958892172,50.0,41.66666666666667
7717,萊德光電-KY,通信網路業,3,18.58847296365285,19.161664914718717,18.57888398233641,18.432279961525598,11409.666666666666,11732.277769754119,1.3293628085202422,-5239.0,66.66666666666666,0.0
8249,菱光,電子零組件業,12,18.60865798538015,18.192732316567746,13.340177322870888,19.085584952008876,57696.81089391563,71932.30091461045,0.5708611576021394,15970.645703114018,41.66666666666667,41.66666666666667
6259,百徽,電子零組件業,12,18.61059890644113,18.861687351771366,18.1805089019433,18.17535357075194,7080.27828329615,8557.15710060594,0.5004983873381609,144.91809959263023,33.33333333333333,33.33333333333333
2719,燦星旅,觀光餐旅,12,18.61823953253314,17.309887140044562,18.46012761644241,17.713120775240785,30470.005726158925,37030.51021588282,0.47567610944911515,7993.604491639954,50.0,58.333333333333336
4711,永純,化學工業,12,18.62525545327608,19.33990596844716,16.51760037862813,19.279800362883755,11315.277277159128,13129.409369846222,0.4891646435002715,-766.7478786548812,41.66666666666667,58.333333333333336
6716,應廣,半導體業,12,18.631768192698175,18.760824917997677,12.047121712002903,23.910513903194648,16798.153778960772,25186.46885664273,0.7166837510120042,3273.658330946347,50.0,83.33333333333334
6855,數泓科,其他電子類,12,18.632884465190326,17.478046249463144,13.899094328798277,18.10876881234892,9723.788141811665,12510.069797738937,0.9880545901761976,1338.1133760080404,33.33333333333333,58.333333333333336
3546,宇峻,文化創意業,12,18.64002746180537,17.059327620837532,8.68966972312802,16.999894927644043,22101.014560776082,35195.00873185503,0.8321821243768847,-4732.135369215214,58.333333333333336,50.0
7791,皇家可口,食品工業,4,18.660776576043364,16.49232613264449,20.611205344571438,18.131539471776595,34839.25,37416.13002102168,0.6550131047531443,34839.25,0.0,0.0
6167,久正,光電業,12,18.667413081414143,18.072931350896617,12.849533288863265,18.46753045438113,18850.384841967138,24342.697111561847,0.47549139747091224,-1906.2755063999684,75.0,58.333333333333336
4540,全球傳動,電機機械,12,18.694574332131406,19.134609113953417,12.77344293462541,22.042589742519848,39871.32077121156,55219.56091647672,0.7000550313315316,3588.0266079791836,66.66666666666666,58.333333333333336
3516,亞帝歐,光電業,12,18.70423973791305,18.528631692965217,16.561495417769972,19.712714962883517,16282.009518120414,20472.921922673184,0.7532952816118726,415.3582527996835,66.66666666666666,50.0
7765,中華資安,數位雲端,6,18.721203449679052,18.507226570832866,14.053921388677521,18.154639078674176,33278.0,40397.48570558981,1.716026195664083,-12649.666666666666,66.66666666666666,0.0
9933,中鼎,其他,12,18.731042960380176,17.71144824094325,16.96333052004536,19.64020590099885,1433896.459322653,2039851.884125458,0.9703645352400239,159026.6508460239,58.333333333333336,83.33333333333334
4905,台聯電,生技醫療業,12,18.74499831938581,18.941656892360857,15.174312560729275,20.92695346783864,11356.469781816699,13412.86428943543,1.0700202793856581,3257.7996431389524,50.0,66.66666666666666
6574,霈方,生技醫療業,12,18.767954205377112,19.049645773162993,17.18361685307826,18.545654616825093,9662.44662321084,10899.482195046177,0.779542306553195,-2421.1687243578417,50.0,41.66666666666667
3272,東碩,電腦及週邊設備業,12,18.779658455305373,18.80726145241053,19.61845210788008,19.562013302961393,45721.081673009496,50546.30448367381,0.2805493220275459,4339.255937808026,50.0,50.0
2376,技嘉,電腦及週邊設備業,12,18.780896842505726,17.946469606077876,16.353172342387566,17.39362076270826,5273293.1256502,7316669.168447309,1.1804615365361222,-1819818.092724247,75.0,41.66666666666667
2722,夏都,觀光餐旅,12,18.78677416783022,19.52193639026574,15.368360332533168,20.19642698348576,8909.956417641419,11113.24930338894,0.46755496290861426,-821.5256177262157,66.66666666666666,50.0
6534,正瀚-創,生技醫療業,12,18.814625703718914,23.27205771301606,22.394169422267282,23.44961305733921,28522.70602630707,33775.23382078481,0.6484071259220588,4819.70112956623,33.33333333333333,75.0
5475,德宏,電子零組件業,12,18.852423467305158,19.307419127600078,14.531374308279526,19.90845175353678,13733.456343933567,16942.913380321224,0.24986490700015862,-1436.5335322220901,66.66666666666666,66.66666666666666
3684,榮昌,通信網路業,12,18.856305867893767,18.505935613748278,14.406627221678036,19.55505895599149,18066.8237683815,21599.675233626098,0.8382712372597753,4240.956072350178,41.66666666666667,66.66666666666666
4561,健椿,電機機械,12,18.89731126545941,19.163914496039958,20.23256480655703,19.747432174743803,14597.354069079223,17604.5889816256,0.5238436850319526,33.296513059221375,50.0,66.66666666666666
6499,益安,生技醫療業,12,18.96549949313729,18.87865385363736,12.857879359333529,20.431455007426493,6628.837187424256,8658.803233002865,0.2878482129526377,965.3029441583482,50.0,41.66666666666667
8933,愛地雅,運動休閒類,12,18.984103444734565,22.28533907268372,15.878209279151614,27.996789593751714,34723.57048938473,42285.81336263043,0.3634807504270598,15886.647563038297,41.66666666666667,66.66666666666666
4974,亞泰,電子零組件業,12,18.984177249639114,17.600852614942973,19.848273634476605,18.600483732257835,58743.15098739872,68030.35478261582,0.8782816172058294,22173.303527542925,33.33333333333333,58.333333333333336
6185,幃翔,電子零組件業,12,18.986059251400334,18.51612368179291,16.23116659802385,19.14231344731934,8334.041460414477,10027.25279884279,0.5173930816328621,-457.03425555042213,58.333333333333336,50.0
4754,國碳科,化學工業,12,19.03092793905427,18.802132208845048,12.904165607686041,21.30186414554214,9877.099177689013,12778.027944196603,0.8385651841419944,1935.2254162743382,58.333333333333336,83.33333333333334
8069,元太,光電業,12,19.06782244994749,18.64424063500386,14.231850068057772,21.224300308497547,573874.9408227731,689662.2859705964,0.9792958157386198,319951.71628091956,33.33333333333333,41.66666666666667
1295,生合,食品工業,9,19.09176290524558,19.34526021957956,19.13665515540207,19.343392951544587,17075.333333333332,18447.458204918697,1.0245517058846882,-1208.888888888889,44.44444444444444,0.0
9962,有益,鋼鐵工業,12,19.11227826639863,18.203828097174792,16.16703938256764,19.152739562229115,30689.38155728405,40349.98442327195,0.4491487032160761,630.6772113696255,66.66666666666666,50.0
4577,達航科技,其他電子類,12,19.138137470639478,19.041520528504496,14.764081633902437,20.05711716208176,11904.862465163395,14342.884280727532,0.304532506808392,2658.0925821472733,41.66666666666667,58.333333333333336
1294,漢田生技,食品工業,12,19.151841060751682,20.64616196148518,22.523451159345438,20.690178030891683,12425.44316246733,14306.866393379689,1.0610725137583568,-2358.9431624673293,58.333333333333336,33.33333333333333
4105,東洋,生技醫療業,12,19.161963326142796,17.812768589471414,12.986650655923748,18.125264909062945,103049.89301234992,140987.25143520028,1.5988909777913476,3143.735740626182,41.66666666666667,66.66666666666666
6111,光聚晶電,文化創意業,12,19.176371749984092,21.849272316321773,14.879270654923046,21.326255637772544,123267.13985646919,177483.65889843568,1.3852829480158337,-66537.54517101833,75.0,100.0
1539,巨庭,電機機械,12,19.181917327298574,20.098772371033327,19.151520081137598,20.561545375227265,20813.675079538545,25183.451161722944,0.3049593260985923,-317.9412514264095,58.333333333333336,58.333333333333336
3580,友威科,其他電子類,12,19.285968810312333,19.66245340478407,20.513187067914906,20.38216183385564,6944.041643278358,7896.5143070599015,0.27606492880032013,522.7702667903653,50.0,58.333333333333336
8047,星雲,其他電子類,12,19.3255346941763,20.190846869216962,20.736210950412875,21.502826213931968,7434.823079870036,8986.266742389587,0.6342207506694696,443.5451559170806,66.66666666666666,41.66666666666667
6922,宸曜,電腦及週邊設備業,12,19.33202553084292,19.476933132116873,17.90188257353321,21.51029334729147,26467.18617389408,30685.383411405477,0.9339480287361638,10634.602443875901,41.66666666666667,50.0
2231,為升,汽車工業,12,19.373241630814935,17.750447771644662,13.623431462834912,18.880387423440755,59097.57311939215,82154.68452649385,0.8372200602928147,15127.430062096033,41.66666666666667,50.0
6863,永道-KY,電子工業,12,19.38568008944916,17.606427669817858,12.239034496852621,19.800344478123787,63855.073217039266,80008.53494382309,0.4473723456745034,28750.599604065545,41.66666666666667,66.66666666666666
7714,創泓科技,數位雲端類,12,19.41109887911992,19.383720807792674,15.016851118138813,20.75090842823154,29196.25,37857.359364902004,0.5214112477238352,1326.4166666666667,58.333333333333336,16.666666666666664
3043,科風,電子工業,12,19.4195346162987,19.366911577152347,22.301437682603108,21.439470927384175,13815.57478029133,16065.321554164155,0.4456453915317647,7332.517771947154,33.33333333333333,58.333333333333336
4541,晟田,其他,12,19.452243618059708,20.216584729139516,18.782110217334083,20.582955595319543,26649.73585877195,32523.08589076364,0.8160552040961605,-1733.6897625808572,50.0,41.66666666666667
6221,晉泰,資訊服務業,12,19.485684900238727,18.574703856623728,17.84731530196359,20.915668180969835,85224.44261974962,109618.80783916349,0.7739058441466033,20753.909051132567,41.66666666666667,58.333333333333336
6462,神盾,半導體業,12,19.48937138054589,18.364328123981267,11.576549076453539,19.89702167091087,86600.56697745678,116504.61657711008,0.7390763819132514,1956.6424522051336,58.333333333333336,50.0
3150,鈺寶-創,電子工業,12,19.4960730567597,18.881522699863563,14.169561035419942,20.303484040893537,4903.506074688273,6902.556833636527,1.0913866288783058,1400.7291303829843,33.33333333333333,58.333333333333336
3709,鑫聯大投控,電腦及週邊設備業,12,19.527420392901895,19.657689540125155,18.397941305750205,21.470799113578284,667019.9202526391,780533.5142526029,1.740477394891646,154177.83758125931,50.0,58.333333333333336
5546,永固-KY,建材營造,12,19.56002500648205,17.81447183219185,16.951293241732042,18.85846976630832,31777.738226197584,39545.581496163344,0.3116936139916136,10568.182008100875,25.0,50.0
1229,聯華,食品工業,12,19.577129296900175,18.096699986352817,12.210768830227318,17.345844584215666,218940.43394929718,349236.9480612692,1.2577034092191492,-68195.73907470187,50.0,75.0
8916,光隆,其他,12,19.57741380598207,19.547107794567275,18.956332242988346,18.836093325555325,139286.3655621728,162984.79986879535,0.87632310116366,-19417.007103756743,41.66666666666667,50.0
2468,華經,電子工業,12,19.587113884448797,19.927594445574545,17.27395081295128,20.06727262258703,43976.384157353,54833.47780171965,0.8361422183897504,1343.3377559991761,50.0,75.0
6616,特昇-KY,居家生活類,12,19.633365690285043,20.381080678341686,14.65962090134864,20.86991994071435,16815.56868527726,20039.427076816606,0.4982224114864923,2060.6042730094664,33.33333333333333,66.66666666666666
6603,富強鑫,電機機械,12,19.692852264178505,19.8342853653821,10.276993431142362,18.909583804562597,83267.66467496102,106332.87368587499,1.0541993111275296,-21878.81149547616,50.0,66.66666666666666
5906,台南-KY,貿易百貨,12,19.702815385098813,17.874100536686164,7.676472781309437,18.102087570521626,27612.26433625442,42090.0497108445,0.7335534952129853,-5018.865006850195,66.66666666666666,75.0
5272,笙科,半導體業,12,19.723021385567687,19.759383149354118,14.830222793158063,20.352317890421933,5609.342333013533,7171.855586788021,0.46716646645809057,352.818536580593,41.66666666666667,75.0
6215,和椿,電子工業,12,19.734936978323205,18.691463440002533,13.622307173618378,21.184979602080144,41055.3787934849,55820.04167440152,0.8638024613060996,10833.442037204406,41.66666666666667,66.66666666666666
5292,華懋,綠能環保,12,19.74239483537903,19.896857393913212,19.653089545307513,19.654548427121274,47073.157521637004,54098.978368986536,0.9811833357746441,-284.8118507097897,41.66666666666667,75.0
7721,微程式,數位雲端,7,19.767449361372726,20.171857584062508,23.474960406313144,19.833240696458677,8755.285714285714,9713.161755356197,0.831429046244691,-2553.5714285714284,57.14285714285714,0.0
6811,宏碁資訊,數位雲端類,12,19.770302694908334,18.408450461140706,12.739283957253612,17.467401289439263,159143.44045424028,238497.07706344692,1.8241392708170163,-33925.87607453482,25.0,91.66666666666666
3373,熱映,其他電子類,12,19.79812468541069,19.019435146560095,16.614199210901347,20.25927866464387,6394.431307768421,7489.132272234671,0.09516122957185358,1446.1676355891468,41.66666666666667,66.66666666666666
2488,漢平,電子工業,12,19.798952373820942,18.928144453369423,15.73555360550955,21.25844130709076,47557.529078346306,59095.33349583861,0.76378812445571,21681.360028957788,25.0,58.333333333333336
3306,鼎天,通信網路業,12,19.85131322586927,19.03398308457211,12.370785896885849,18.254492413635322,17913.84159778545,25781.579429687394,0.6347999906536099,-1841.6658443054464,50.0,91.66666666666666
1437,勤益控,其他,12,19.859772269303416,17.034592484545634,12.273621344132108,17.914951596944576,15338.165518269312,23783.554582688063,1.3856563331013996,-823.6765447510188,58.333333333333336,58.333333333333336
6821,聯寶,電子零組件業,12,19.877679778905826,18.862948756237955,14.931538734795726,19.025893318787492,9642.97719067705,12069.216388775523,1.0916669148956373,726.7875138615049,33.33333333333333,58.333333333333336
2851,中再保,金融保險,12,19.87982542503097,21.11968183078021,22.532289130684813,20.870425530167825,379346.5139965384,438834.1869662429,1.7875648264820316,-59157.701150462344,58.333333333333336,66.66666666666666
1441,大東,紡織纖維,12,19.899736577982182,18.19081910042322,11.861570122628093,21.260729792185384,25141.144778370726,35609.666216365105,0.6970995389159357,8022.610673356462,58.333333333333336,58.333333333333336
7732,金興精密,汽車工業,12,19.943661043451673,19.377519571803777,16.613699558712536,21.03072452165019,18154.0,22316.469292131915,1.2138069459361978,6230.166666666667,33.33333333333333,8.333333333333332
7703,銳澤,其他電子類,12,19.950812541363117,19.158739531024036,16.265856179167372,19.536730128710712,42635.1856630811,52331.87784778775,1.5694319049102778,-4983.481003585567,58.333333333333336,0.0
8064,東捷,光電業,12,19.975730242539655,18.51879111975345,16.12675536213377,16.834093991721204,47786.67432964559,83568.9523039965,0.4636880297095171,-31817.596970178205,75.0,66.66666666666666
4506,崇友,電機機械,12,19.989393219745864,19.782900563302267,20.556998927574096,21.102493301616995,100293.76541326423,115675.39066227242,1.3483250147747574,27447.047735954406,33.33333333333333,66.66666666666666
3680,家登,半導體業,12,20.057026272020828,20.51448123340198,18.92842903644619,19.76270964407588,122749.6192097442,157011.62289792835,1.0718244572295392,-38008.403988650956,58.333333333333336,58.333333333333336
5474,聰泰,電腦及週邊設備業,12,20.06570973717202,19.993444554268645,17.295714472280157,20.087043029334552,24546.16534296038,28428.7487442847,0.39870586216087306,-4814.6697631861825,66.66666666666666,58.333333333333336
5351,鈺創,半導體業,12,20.068879199452848,19.7467061491443,16.28937692984167,18.198581306209224,67511.3584215734,84801.01358346934,0.48187912224711577,-48398.339980445395,66.66666666666666,33.33333333333333
2809,京城銀,金融保險,8,20.107689330275424,21.160901627057854,21.74058412319154,19.64522866492876,151248.15404645703,177369.62008837896,0.7164082629623469,-61506.86664442836,50.0,75.0
4590,富田-創,電機機械,1,20.135156909020253,22.3892079886178,20.135156909020253,20.135156909020253,21244.0,21244.0,,-21244.0,100.0,0.0
5302,太欣,半導體業,12,20.16964475648636,23.803707421716425,17.84916021713338,30.346074528809908,326.63058879399955,414.9035650413321,0.2428502072105121,-67.58735297870821,83.33333333333334,50.0
2365,昆盈,電腦及週邊設備業,12,20.172740147605282,19.824943620734,18.42931415455043,20.392160880192677,16097.560857303592,18008.620875823915,0.5753181920818161,558.0047436605,50.0,83.33333333333334
6160,欣技,電腦及週邊設備業,12,20.282040604964585,19.050590415378608,17.19845199280383,20.093698769473175,20139.72828671975,24037.099398219594,0.7142850364411358,6301.309467578204,33.33333333333333,58.333333333333336
3661,世芯-KY,電子工業,12,20.30703464851239,19.189523128114352,16.887381865360574,22.264357480930787,525297.3801417007,638253.6450682224,0.6382868268838622,525297.3801417007,0.0,33.33333333333333
3205,佰研,生技醫療業,12,20.31398074019944,26.152606561129893,8.267442132014867,38.65892100068764,5858.552045473519,8079.05447761443,0.8870502733864178,3683.2366468435844,41.66666666666667,50.0
9949,琉園,文化創意業,12,20.316972952666763,19.423543547342863,14.591792009917048,19.55405647639269,2381.6910159979493,2999.3358423623463,0.6359119567801735,-38.05607339268545,41.66666666666667,83.33333333333334
4148,全宇生技-KY,生技醫療業,12,20.348164677513296,21.61804474943719,21.816217004172213,22.673493812370722,50073.272342541655,60598.55620749373,0.6446268892642512,1009.9020807664516,58.333333333333336,66.66666666666666
4161,聿新科,生技醫療業,12,20.35251505265091,20.39083743108798,19.28552148219288,20.40468984727215,14199.118691203223,17300.292534464967,0.9139730855384735,-105.66885811779139,50.0,58.333333333333336
1626,艾美特-KY,電器電纜,12,20.353074109955145,21.648495837917096,17.475167524303092,22.535150556118808,132193.21634415866,155951.2430662822,1.0587524175495469,33076.95971091504,25.0,91.66666666666666
4433,興采,紡織纖維,12,20.395726287234762,20.119779538190265,21.682310614663177,20.203518062591538,61358.621937587064,71693.10366008659,1.0075254911940166,-18865.11367160064,66.66666666666666,83.33333333333334
6796,晉弘,生技醫療業,12,20.416760517090946,20.51822653045799,17.18827905550046,22.260855263229438,11252.850684698553,15090.004443636353,1.3756963692463107,2997.827021904966,58.333333333333336,58.333333333333336
4167,松瑞藥,生技醫療業,12,20.489641852969108,21.235504409558505,18.808921699304747,20.580969079461784,20518.498098578708,25414.82127776465,0.5958371159472132,-4306.506028877587,66.66666666666666,58.333333333333336
3036,文曄,電子通路業,12,20.50414480500182,20.93230732197451,18.70821971889306,21.90013975992378,20127362.46835135,23618586.21507545,1.6339593765083704,407377.03924120404,50.0,50.0
2406,國碩,電子工業,12,20.51539179629243,19.962088937522452,12.874917005555512,17.411506324093647,108817.5018196567,159255.92361387025,0.504277363701939,-88959.5381316521,75.0,58.333333333333336
4406,新昕纖,紡織纖維,12,20.53358187140199,19.767825890636257,20.5250589377788,21.635866054532226,8201.112599437954,10074.798013351061,0.5992367315323613,1955.0992708398223,41.66666666666667,66.66666666666666
8024,佑華,半導體業,12,20.54864726300436,20.13381431915535,15.597544773569322,22.7072250628493,2633.3433944994467,3596.800750059346,0.2717527865943007,1006.4831782396687,33.33333333333333,75.0
6024,群益期,金融保險,12,20.551539271554482,19.524375670941904,20.361942699428422,20.420453304786335,49677.745894531465,61687.74528151276,1.0046376573142286,6217.2776226068745,41.66666666666667,75.0
3086,華義*,文化創意業,12,20.58542156328182,20.06169845294304,19.365887936094563,20.48960744350691,2735.8882983500007,3341.480991986015,0.47914781530741823,-411.1796517372054,58.333333333333336,58.333333333333336
9955,佳龍,綠能環保,12,20.62412454865969,21.561527557035454,17.301188525001898,20.183444947871067,25901.425538170733,31962.87024732947,0.3648553486291228,-10040.076339763576,58.333333333333336,50.0
4585,達明,電子工業,5,20.664861240006914,21.66132512491958,29.079315910953774,20.427916699922726,33712.2,39129.66278157786,0.9806412103800886,-16757.0,80.0,0.0
2014,中鴻,鋼鐵工業,12,20.681256652847836,20.57502829402825,18.099891415587518,22.067753338552343,327824.7001750036,383751.1979100348,0.3030333233708367,72317.55185368664,41.66666666666667,41.66666666666667
6113,亞矽,電子通路業,12,20.690515328886935,20.960299522493433,19.295917498584902,19.84344088512816,11058.59766459906,13513.24416355509,0.1887880235511429,-3089.2091283564655,58.333333333333336,33.33333333333333
1236,宏亞,食品工業,12,20.698459648793687,21.52026731750409,15.179192011246151,24.095835298603856,31280.75412883595,38367.894622945314,0.97264100994314,2400.876234317151,50.0,91.66666666666666
6643,M31,半導體業,12,20.81233068404567,21.750192376954733,19.42901639940328,20.259786424529377,30909.242135712488,39164.10344874781,1.4069708970814563,-15514.849879562671,66.66666666666666,66.66666666666666
4972,湯石照明,光電業,12,20.83698925113667,19.390935946377205,21.252063232333356,19.351945582607957,16198.883813726161,21941.917882798778,0.6373478885624991,1560.9624207058623,33.33333333333333,83.33333333333334
4714,永捷,化學工業,12,20.844677807610484,20.677995554754858,14.164205215671688,20.575840254478997,26557.509172082933,33999.96782605571,0.7043696655111958,-6995.984300630315,66.66666666666666,33.33333333333333
6203,元大MSCI台灣,ETF,12,20.84535340501868,22.878952916341202,16.526076566506205,22.41661866626444,48433.04951325146,60401.24861771243,0.3670560021578774,-10500.673624049261,58.333333333333336,58.333333333333336
4417,金洲,紡織纖維,12,20.89220342229044,20.58188351780462,24.899375515640163,22.068487478058675,60780.17273172146,76148.38133244506,0.9447190001224895,19387.56280996431,41.66666666666667,58.333333333333336
8033,雷虎,其他,12,20.913852688534423,19.981993873116856,17.369091764914984,21.948932620475677,24809.092608195107,31973.826960079714,1.2054763978915697,6732.469387847094,41.66666666666667,75.0
8482,商億-KY,居家生活,12,20.929746062090423,20.54405138126392,22.84447956201428,22.006404608831954,59736.28589401435,69979.84155519014,0.7659637010709267,12425.33774404563,50.0,75.0
4123,晟德,生技醫療業,12,20.964579129991485,21.452414239756408,20.58536062189053,20.97086250769556,26488.571025918154,31481.84332908444,0.7130115999637853,-5025.132115661409,50.0,66.66666666666666
8054,安國,半導體業,12,21.006662744035882,22.89629987746887,16.64081827115124,23.540344213698724,50428.68211109397,64275.05296145224,1.4745464125126262,-14618.423769072162,66.66666666666666,66.66666666666666
2392,正崴,電子零組件業,12,21.030848878718615,20.068060617098617,12.164184778895667,19.330995156880494,1655489.922921432,2328423.595292788,1.5714324470737264,2275.068324126769,25.0,66.66666666666666
4441,振大環球,紡織纖維,6,21.03767486404636,21.92963124565045,23.117238288841165,22.331047253444144,142162.33333333334,153825.20657443197,2.1332274709412795,9925.333333333334,50.0,0.0
5438,東友,電腦及週邊設備業,12,21.06131157036195,20.40762991789218,15.487054583582955,23.104619376850355,22774.122733821638,29552.37593273759,0.5538563025121374,6085.905924096448,41.66666666666667,58.333333333333336
6231,系微,資訊服務業,12,21.09216074122739,21.212234288769324,20.98712935738376,22.168930785943093,29696.233141994424,33068.83580378526,1.7833965322969643,-1882.7710226524057,58.333333333333336,100.0
7642,昶瑞機電,電機機械,9,21.102294585830116,21.200544466413156,21.263924893154908,22.977582282391566,13542.444444444445,15885.891896060899,0.8713901264369528,4700.0,44.44444444444444,0.0
7402,邑錡,光電業,12,21.105835522294786,22.015412593827012,20.664323231647984,24.66583991207354,9161.497966143841,10850.234753477262,0.7192596269753372,1400.7818341867885,58.333333333333336,66.66666666666666
8416,實威,資訊服務業,12,21.141415547481017,21.17474484565495,14.546152291269143,23.71040537993657,29870.5827021119,39189.282788602315,1.9436663726319112,819.4697761139845,58.333333333333336,66.66666666666666
5301,寶得利,觀光餐旅,12,21.165591513028026,22.36891204487926,15.859007927001665,23.379970653421108,4114.890836012416,5338.399573629152,0.130533476878954,496.2363021583671,41.66666666666667,83.33333333333334
5490,同亨,電腦及週邊設備業,12,21.227697916284885,21.51620314609163,19.43298333581164,21.506104871169317,27183.606189901726,29594.294286933895,0.5075876265896762,2798.140471456787,33.33333333333333,50.0
4977,眾達-KY,電子工業,12,21.22834040387589,21.30957014738597,16.831280188212748,23.650009855028355,19016.61268804707,23247.497912729228,0.20649283922848796,10131.884349526936,25.0,58.333333333333336
6236,中湛,數位雲端類,12,21.243087384062175,19.38607402567776,18.047874667576245,21.947919676956516,639.8594945807728,835.6681834365439,0.3251671995705942,396.0952255939499,41.66666666666667,33.33333333333333
1713,國化,化學生技醫療,12,21.280351309064983,21.321618910443004,25.507281160830054,22.178008607909007,8158.19508047797,9266.806729350421,0.6431961490125926,817.6330328347282,50.0,58.333333333333336
2354,鴻準,其他電子業,12,21.333006578491695,22.8153455512787,24.75013270116675,21.91008148155398,2776353.8838434713,3386789.040743828,1.0018617577385867,-488417.7382482216,66.66666666666666,58.333333333333336
5706,鳳凰,觀光餐旅,12,21.33820343609759,20.936530468728208,15.905947951276772,23.98848938240007,55859.89579213653,77535.35346768907,0.5607082722614459,20986.983378713336,33.33333333333333,83.33333333333334
6442,光聖,電子工業,12,21.419413167218824,21.638638575094113,21.912946043738604,21.809023645569983,187942.6595400436,213905.7969226223,1.5718070248094058,6792.528787942312,50.0,91.66666666666666
4108,懷特,生技醫療業,12,21.531935150534377,20.912134054871764,19.841967851352354,21.51185219982776,2414.752697294554,2913.720497906688,0.5537507670461992,117.54609156533934,50.0,66.66666666666666
4304,勝昱,塑膠工業,12,21.5558025048841,21.469623254013527,18.97810625321097,21.498507818571714,6284.163104248862,7778.158480996465,0.47980431857014677,364.17337747203993,41.66666666666667,58.333333333333336
3622,洋華,電子工業,12,21.609053226928964,23.760522100300825,18.403792226434966,20.924784269922167,31074.412789287595,40319.788231312974,0.7789492861853274,-13573.80061038575,58.333333333333336,58.333333333333336
4989,榮科,電子零組件業,12,21.625718092257195,22.635554935785105,21.464162725666938,21.087652599315344,48091.92066510432,54253.880523046704,0.6425383985635732,-23607.654178828438,58.333333333333336,58.333333333333336
1540,喬福,電機機械,12,21.627682870891757,21.73107497935334,14.949356728319929,20.96000573654515,8929.331311559785,11608.91229847794,0.4518651586994989,-1322.9299366066318,33.33333333333333,100.0
6150,撼訊,電腦及週邊設備業,12,21.63030962591035,22.191691485554212,18.84413243647615,21.104472851726577,136457.1335333402,173512.35037789497,0.5368473960665088,-23299.336435848487,41.66666666666667,66.66666666666666
7770,君曜,半導體業,3,21.69271406559542,21.03245059391552,14.040883336336515,23.70233598997057,9198.0,10293.418512169155,2.012646655978255,4522.666666666667,33.33333333333333,0.0
2929,淘帝-KY,貿易百貨,12,21.695426722847746,22.304754010156618,22.883667289810543,23.071013297488683,31875.66220162094,38040.12731251914,0.32320197635682363,3239.6879938015904,33.33333333333333,91.66666666666666
2444,兆勁,電子工業,12,21.731658961384166,22.50116449475001,18.09731004789501,22.314016910124305,20574.665438280073,30162.118055215138,0.7084009095591247,-30.473447974309238,50.0,50.0
2359,所羅門,電子工業,12,21.76507574066995,21.938788569967517,23.951606420130073,22.44117441238478,76968.29078080908,91057.50249806119,0.8568305403581195,-2705.4931828220747,58.333333333333336,66.66666666666666
3556,禾瑞亞,半導體業,12,21.76557399039736,21.861400598062506,17.76209698466829,21.638424365720425,17547.91361445146,23527.607214855412,0.5984007575734999,-1290.5802499040371,50.0,50.0
4945,陞達科技,半導體業,8,21.824438959813786,21.6665503784976,20.2773948345826,21.5418215158162,11834.302025959025,13658.422863247268,0.8943149983905826,-3075.0887855145074,62.5,62.5
1445,大宇,紡織纖維,12,21.842534951032068,22.469105446156302,23.900957577336843,21.977280590695777,14017.301187925155,16316.592751526314,0.45913659116487615,-2162.0993864130487,58.333333333333336,50.0
6895,宏碩系統,半導體業,12,21.848022269276562,24.371723082052046,22.664651503551553,24.810796398161603,15489.70158836035,17774.454555461405,1.2323785873047193,-6414.261960162888,75.0,33.33333333333333
5014,建錩,鋼鐵工業,12,21.856031125030636,21.48174522741188,20.416390974288067,23.458924664821463,272344.9075779307,323977.06659399107,0.9488582195792977,39950.025518942624,58.333333333333336,33.33333333333333
2520,冠德,建材營造,12,21.87689443834189,22.292112238652205,14.431849524074943,21.865862843123978,417006.2045675095,554758.8972038246,0.4182471785231298,-124329.10645390976,66.66666666666666,58.333333333333336
7799,禾榮科,生技醫療業,5,21.894150417827298,23.863805346389093,26.69683257918552,21.46677663789737,314.4,393.33853103910377,1.302870158158738,-170.4,60.0,0.0
3685,元創精密,電機機械,12,21.978312740059454,20.066594833084427,15.860342063965977,20.973305512482774,21908.604858152234,28109.13609179432,0.7660715116731757,-1394.2633910410295,66.66666666666666,50.0
8067,志旭,電子通路業,12,21.99286190915257,19.48689048685074,14.286428147596105,20.67576271705016,1963.4677290943685,2589.5532190279628,0.41502545935949736,449.2697831583254,33.33333333333333,75.0
8472,夠麻吉,數位雲端類,12,22.08764059175044,24.466862983189884,16.459804656647712,24.150471378095748,9190.004621009604,12656.061603643719,1.1550872659138427,-2391.421462101742,58.333333333333336,66.66666666666666
1760,寶齡富錦,生技醫療業,12,22.10267400495122,21.408324032615848,24.09019334695271,21.674523882818946,38005.40060035359,45917.20999908242,1.1778483683244843,-5382.548046144115,41.66666666666667,100.0
6593,台灣銘板,資訊服務業,12,22.14986803539711,22.725550152627235,19.545625883579895,25.644561588680403,7715.795780790406,9495.14490073212,0.6920955423456155,1377.2930400866305,41.66666666666667,58.333333333333336
4523,永彰,電機機械,12,22.16607967760316,20.513150771643208,17.98365357707415,24.061437219659467,10605.54553907988,13636.994630298894,0.6641854798324122,6177.374910150208,50.0,66.66666666666666
2434,統懋,半導體業,12,22.191160136409778,23.788209464552587,20.349808724201164,23.288922385959975,842.3579461446683,1030.6979881930988,0.3126368536121446,-48.348673083255356,50.0,75.0
6229,研通,半導體業,12,22.19294917607966,22.72795971754168,17.622566635391195,23.642553722410124,39803.62766515259,46036.240660124065,0.8808405695223159,4932.681529166115,41.66666666666667,41.66666666666667
6751,智聯服務,資訊服務業,12,22.207853829898507,22.27611898265787,23.521504808187007,24.275277557459063,32576.497211084683,36322.369900390164,1.1875792125657896,10208.660294388319,41.66666666666667,75.0
8450,霹靂,文化創意業,12,22.253733754564646,22.281961318201425,19.800016504210816,23.738313310685278,4352.12562082395,5270.875321997207,0.7043488521138666,-147.82888565137742,58.333333333333336,58.333333333333336
3557,嘉威,居家生活,12,22.259511500627635,23.70662884761839,15.01699452412017,26.499088820285866,80189.53773874562,109261.03792196911,0.6167484652796026,-1970.5255880481054,66.66666666666666,66.66666666666666
3135,凌航,電子工業,7,22.28571748153785,22.151227079933985,19.489462232812468,20.455672794804762,165084.2857142857,207990.61348394686,1.9738239655162548,-89346.0,71.42857142857143,0.0
4807,日成-KY,貿易百貨,12,22.3558437073166,21.202737088002387,21.470474350059405,21.564922470812146,39612.747951998674,47884.95863983667,0.9121134007338879,3680.4580926933363,41.66666666666667,75.0
3691,碩禾,光電業,12,22.3593108542237,21.705558269345275,13.938731927855336,18.74067391066605,108180.69968356867,159531.77870608677,0.46611033752537256,-89181.10931981135,66.66666666666666,58.333333333333336
6841,長佳智能,生技醫療業,12,22.364333643977623,21.657040176362568,16.534421563437256,21.14797088890271,6976.94525607759,10241.646308517531,0.5701712430962914,-672.9678096411062,25.0,75.0
3522,御嵿,觀光餐旅,12,22.383885633886806,20.084599659937094,15.531467274625507,21.51299527185978,21296.40185684047,32261.51408941028,0.7591811211652447,1303.591724065897,41.66666666666667,66.66666666666666
6164,華興,電子工業,12,22.47605334061507,22.334752570098637,21.424434904027546,23.346981431855323,13713.501725153978,15897.560461007017,0.9051858961139782,3563.043998145386,41.66666666666667,66.66666666666666
3360,尚立,電子通路業,12,22.501868213663546,22.017201265763923,15.275923969163216,22.59881352492343,137700.5763162078,171336.7196474361,0.4019974003908551,-27778.500986086132,66.66666666666666,33.33333333333333
1316,上曜,建材營造,12,22.507630524566732,25.181617229069424,18.653394825041616,21.763895386027528,84085.90050591221,101301.18758346376,0.7759160644075739,-84085.90050591221,100.0,25.0
4931,新盛力,電腦及週邊設備業,12,22.541960908826105,22.714206808390085,22.924310384157693,22.47134427913837,46049.03708899618,55193.07090429554,0.6965258976674026,-6028.084246510679,50.0,41.66666666666667
8926,台汽電,油電燃氣業,12,22.596011452984545,22.929462457296438,17.18775694777287,28.53416244139815,143414.1920007281,210848.7926001116,0.49868235494865815,48791.13200066165,58.333333333333336,83.33333333333334
8084,巨虹,電子通路業,12,22.599565282575238,21.442653785096493,21.455460111784884,22.85308802219543,10673.379190567839,12905.246817300389,0.2715568747136761,1465.497652588337,33.33333333333333,50.0
2102,泰豐,橡膠工業,12,22.608237389578736,22.73867919190787,20.420182773978045,22.85267588772494,5008.704272078572,6341.758423390631,0.04125287592970069,102.953544161423,41.66666666666667,75.0
1410,南染,紡織纖維,12,22.665533543596514,22.847868593320054,21.775423891654768,24.34221023530681,3579.6054884294367,4534.437839963585,0.4767294754235181,738.0593391717902,33.33333333333333,66.66666666666666
2887,台新新光金,金融保險,12,22.673822450387785,22.15501012961185,18.350605041770308,19.853214875097784,2850532.4575482868,3760788.4384114803,2.142616615578705,-2211291.827563242,66.66666666666666,41.66666666666667
6451,訊芯-KY,電子工業,12,22.71200353396365,22.595429579410332,21.094977586462385,23.174594387785206,142554.35064797237,161974.08404799935,1.2676558486401754,850.2766117165156,50.0,50.0
6210,慶生,電子零組件業,12,22.728505550966204,24.658911406386053,26.228153887535193,24.09401376095817,6181.433773853693,7086.738021635641,0.4077558652792894,-1656.4359361560726,58.333333333333336,41.66666666666667
5348,正能量智能,運動休閒類,12,22.740658719678112,24.05142554997666,14.245742119232649,24.87567507434655,5076.0182350150835,6522.7967379543325,0.7517301423455874,609.7561468463961,33.33333333333333,41.66666666666667
2740,華軒,觀光餐旅,12,22.774348126198916,20.87048625059574,18.41745842735142,24.830988274345675,2433.382161414039,3124.388407716026,0.5111882311291083,2317.564922461636,8.333333333333332,50.0
6823,濾能,半導體業,12,22.77971300767934,23.279075205479252,17.222910295686788,23.164782359733625,12057.70073994231,15416.573292276385,0.4097880258514368,-18.307683647370748,41.66666666666667,50.0
6515,穎崴,電子工業,12,22.87271092851386,23.232446405512434,18.520637232972064,23.042237345096076,149762.48665049134,175713.06184809885,0.9924130621068629,-30101.012349195993,58.333333333333336,50.0
2515,中工,建材營造,12,22.934267791072354,21.0152849831207,22.78792012158143,22.167874688797752,395968.4088611588,527739.5352137915,1.2604465667308513,88293.5110664052,41.66666666666667,58.333333333333336
6782,視陽,生技醫療業,12,23.072333367930113,22.799580426663344,18.80985864741683,23.081791907036177,81098.3481218841,90890.96301526374,1.1320129234800829,-1945.8276863767726,50.0,33.33333333333333
3325,旭品,電腦及週邊設備業,12,23.15261965934481,25.052686042967366,19.761999152981986,26.29508338962227,24448.799777123513,29672.37644093811,0.44702555299765195,-2888.0595011118785,50.0,66.66666666666666
6928,攸泰科技,電腦及週邊設備業,12,23.2105810216386,22.791564722285017,22.56650185409354,22.46488556612036,38040.26610583308,47567.56001033193,0.5257891434219317,-830.6033693613741,41.66666666666667,66.66666666666666
4442,竣邦-KY,紡織纖維,12,23.2219822805702,22.057669762242924,17.790137905366322,23.720786808884778,32327.534400952678,40824.92908661005,0.7613277599579101,1428.7611431489884,66.66666666666666,83.33333333333334
2535,達欣工,建材營造,12,23.224618780020272,23.061500244931942,22.931486799388196,21.495515478228686,427185.8769462505,601132.8849762582,1.3305023561350062,-110383.86634658382,58.333333333333336,66.66666666666666
1467,南緯,紡織纖維,12,23.227212476551635,22.789405016612776,22.2846037144251,24.06957891503255,99681.55665618186,124805.31109856794,0.5776391961520997,11668.121837062796,50.0,50.0
6921,嘉雨思-創,電子工業,2,23.26423463383724,25.557633879916043,22.54270887324541,22.54270887324541,3855.0,4083.886506748198,2.0753889110490626,-3855.0,100.0,0.0
6139,亞翔,電子工業,12,23.264758208034404,23.088983453687206,21.218835364091575,20.062603767447033,1487758.778750234,1855150.138753261,1.00574980659523,-1177144.1786496367,75.0,58.333333333333336
3064,泰偉,文化創意業,12,23.269555293364995,19.781527528033465,14.469692438043454,23.2174820100375,1593.6348855621793,2294.3356377821838,0.13908147495375947,787.1215863903353,41.66666666666667,66.66666666666666
6613,朋億*,其他電子類,12,23.323544935093963,23.310870810353034,19.38657507525076,23.98547767055076,173275.31890437496,198438.13140370444,1.0417567032145418,10556.925110876648,50.0,58.333333333333336
8432,東生華,生技醫療業,12,23.33147773031701,21.473631714993143,15.41457977344089,22.625732084849503,26137.885086210084,37701.1268435114,1.608814542240454,1179.2668388114264,41.66666666666667,66.66666666666666
9950,萬國通,塑膠工業,12,23.366596180509973,23.399302639468612,25.642947835107332,23.608348020191258,41572.32909561161,47995.79745010429,0.4860171117922218,-3762.912040056319,50.0,50.0
9945,潤泰新,其他,12,23.367850908710967,22.374914059593,23.21586466076051,22.490071427158966,755514.4585754887,1057878.2053064622,1.0796398761374508,-244143.23360668137,66.66666666666666,58.333333333333336
3491,昇達科,通信網路業,12,23.55115664916382,24.651745420056383,25.317488719498915,24.98717755641301,48126.08207786679,52279.72261396147,1.2012883983852232,-4177.208269521939,50.0,25.0
3577,泓格,電腦及週邊設備業,12,23.555299716524495,23.85704512772024,25.392268305677803,22.847208000365114,23004.164591407112,26677.28630523421,1.095906130505287,-5099.173251189072,58.333333333333336,41.66666666666667
6124,業強,電子零組件業,12,23.560385124656374,23.066192132768517,19.692082632872182,24.59784140809035,35591.0638481682,42955.90901751118,0.8706027812130457,7426.769872719458,41.66666666666667,41.66666666666667
2063,世鎧,鋼鐵工業,12,23.59932810846165,22.891617499144104,23.268863154804702,24.646292984029806,19180.688243967074,21681.92926857673,0.8536768591230218,2968.4419822847035,50.0,91.66666666666666
7631,聚賢研發-創,電子工業,11,23.599541154381004,20.22584733434795,8.718441868024705,17.198134641074912,22555.454545454544,44555.48295409587,2.185366436856766,-18157.272727272728,72.72727272727273,0.0
6216,居易,電子工業,12,23.60617834150108,22.577158887047286,19.6318244217777,24.838150085703447,14895.459189856614,19290.69980385004,0.5650798583404844,2146.1045595418786,58.333333333333336,66.66666666666666
4538,大詠城,電機機械,12,23.711517021687285,25.884144161101545,27.66055107999813,23.611300990161745,7504.418502998774,8358.94592006723,0.590160489099565,-2593.4529516346515,50.0,41.66666666666667
8050,廣積,電腦及週邊設備業,12,23.724368622588827,23.768979050897578,19.593289899609335,27.257870598478746,105959.73240261758,122058.37671782153,0.8340287182288542,30032.33954198164,50.0,41.66666666666667
3226,龍鋒,電機機械,12,23.75452501326079,21.92410463487981,16.396079655085945,24.315693359146103,31802.379928815946,43851.57219560457,0.5858498690218127,606.4545851474273,66.66666666666666,50.0
1615,大山,電器電纜,12,23.756582176188843,24.28559009464978,18.728759707190214,25.03005220885184,113220.92087609581,131070.87657467305,1.3039595533330839,1859.378839537191,50.0,33.33333333333333
5701,劍湖山,觀光餐旅,12,23.774685839835918,23.453116925671118,20.959267454766984,22.09191419448857,10773.082831319449,13159.12818170784,0.6431800503117971,-2590.0994654897586,41.66666666666667,83.33333333333334
4563,百德,電機機械,12,23.79827344740906,23.580070890228345,22.756307111667713,25.183949884225775,56906.84793722987,65523.589586185306,1.1033106201016225,21.10269804152631,58.333333333333336,58.333333333333336
5548,安倉,建材營造,12,23.808619669777496,23.676278737358793,24.193004449516692,23.051919100315,49478.299617592325,54751.816692343375,1.2728413954750455,-6824.8304822700275,41.66666666666667,58.333333333333336
5210,寶碩,資訊服務業,12,23.83568793466504,23.47338131327276,19.530632137304387,23.88395467128165,5521.815193091061,6439.330605211322,0.9964741052898979,-491.88110693061907,41.66666666666667,75.0
6578,達邦蛋白,農業科技業,12,23.852167408243595,25.498424377167428,25.01821832490243,24.30526775127591,6148.59183769086,6975.307441095073,0.5429091578180956,-1780.1789367239269,58.333333333333336,66.66666666666666
8114,振樺電,電腦及週邊設備業,12,23.86612959259699,22.361365631276673,27.424983889935422,23.5348945730764,360957.72814810293,411889.8477458131,1.4121242994856145,83837.18083351785,25.0,33.33333333333333
2915,潤泰全,貿易百貨,12,23.91738388918025,21.965752475180167,17.87106097353101,24.85169917445823,48245.608640116894,63934.31079161155,1.0644704881444695,22729.489176298117,25.0,50.0
6523,達爾膚,生技醫療業,12,23.918039163812075,22.95370422989975,25.9584401492277,23.964958658821658,23285.446891327854,28488.27122139387,1.052347326497441,-2473.406956843252,50.0,83.33333333333334
3703,欣陸,建材營造,12,23.92870758371394,19.27518491450828,10.697210157062697,16.16936490595781,690178.3449948954,1532294.3409845147,1.3666949326586708,-456958.1968622887,58.333333333333336,75.0
3164,景岳,生技醫療業,12,23.94468747253641,23.70976474508055,25.516565763672233,24.437564029603063,8061.018945441836,9039.34913702199,1.1280758036395706,813.6397442476961,41.66666666666667,41.66666666666667
3434,哲固,光電業,12,23.99591027051789,23.78848467441692,18.982581197780057,25.467962115306637,13824.183882988602,15950.018687110156,0.8702875194749943,2329.4252065108963,50.0,75.0
6547,高端疫苗,生技醫療業,12,24.009076203652356,24.000806012579744,16.32862272538124,24.809545377090533,12268.07772828827,16159.172574909879,0.09920133037879182,51.93149258243284,50.0,83.33333333333334
3708,上緯投控,綠能環保,12,24.034757093181263,38.599009575283375,8.434438508068368,117.65827465912844,112779.39230136789,194750.1628945562,0.5701575031385475,79184.29966867362,25.0,75.0
6517,保勝光學,光電業,12,24.042129915253742,24.176654865735443,15.30044974123848,25.937955243726346,9823.634318480943,12086.85140794493,0.9231521706806832,74.12652003388727,41.66666666666667,58.333333333333336
1721,三晃,化學生技醫療,12,24.07864143697161,24.316798859808628,22.40304860450138,24.755002240366377,35611.42780176165,41756.141065774274,0.7156315810766385,699.7876607055272,50.0,58.333333333333336
6846,綠茵,食品工業,12,24.08054896138743,23.864762193847845,18.57437782079363,24.706513721675996,18367.860129905082,22308.70966446348,1.6026449664901417,-560.631217370034,41.66666666666667,75.0
2035,唐榮,鋼鐵工業,12,24.18765249482098,23.179070696836934,15.58555962153066,26.70638776946123,193550.1596421157,252358.95360868043,0.5759679859750414,65911.73753763293,50.0,58.333333333333336
6609,瀧澤科,電機機械,12,24.190268271778415,23.579392867965055,21.076623243319606,25.368640740509026,41090.96046831155,46241.133719118785,0.6243584194853727,10102.868326005022,50.0,33.33333333333333
4192,杏國,生技醫療業,12,24.233744379081827,22.60363730197981,19.863997699866232,23.004166589754313,546.1276243695914,678.5096547048589,0.8215838505536325,20.19481742606297,50.0,66.66666666666666
3285,微端,其他電子類,12,24.236906496288235,24.278530860540556,20.6722775374189,26.29821576460751,13705.485885521071,16597.06783810412,0.6493788124400737,376.0213945955699,58.333333333333336,66.66666666666666
3219,倚強科,其他電子類,12,24.237716918643276,27.001747572356,24.45245454124799,25.642744522397532,34400.93499028675,39668.93020343097,0.5364116238456251,-8462.015980956834,66.66666666666666,58.333333333333336
1742,台蠟,化學工業,12,24.257882904785845,22.982915005675334,17.475897742474924,25.406413079502073,2258.0248152895697,2853.288915676068,0.1117026005353202,848.6358291666237,33.33333333333333,58.333333333333336
2419,仲琦,電子工業,12,24.30434543759227,24.0992256558904,20.896398267997228,24.095298540237124,179857.07786813393,210779.88829653768,0.6456287610162856,-16169.445771717737,41.66666666666667,66.66666666666666
6859,伯特光,光電業,12,24.307903419868175,21.244025851783714,19.821140601308983,22.862718053171946,18727.760854217053,25016.529189158904,0.6300721429957553,2066.8400572532023,50.0,50.0
6419,京晨科,光電業,12,24.446379292402046,21.84774587171393,20.883366122723064,24.55292958278713,10150.116310222586,12469.31281354153,0.7392005527211687,4805.763180564608,41.66666666666667,41.66666666666667
3570,大塚,資訊服務業,12,24.48439000604591,22.64235757298114,19.086907406909738,24.736550129900333,49650.568255468505,61724.453070078314,1.821341426540459,9800.35563303024,50.0,66.66666666666666
5432,新門,綠能環保類,12,24.717268595878455,27.983424222760995,13.20047757879468,26.792732280729393,4090.955125303843,5799.660751427945,0.7135008609766564,-1623.9432261137263,50.0,91.66666666666666
6865,偉康科技,數位雲端類,12,24.718297636968632,22.496793801805737,20.58204906560889,24.255093653362678,8806.47029344827,12234.634144661735,1.4947568635105608,639.7217439596931,41.66666666666667,100.0
6240,松崗,資訊服務業,12,24.7410603550087,21.280888121516416,17.35510348852504,24.135133421347255,1025.475716614519,1393.1938208969746,0.9996525924631084,410.714395471171,41.66666666666667,33.33333333333333
3499,環天科,通信網路業,12,24.82366311452614,24.713128969179486,23.964475274913106,26.847914402137814,7388.5150894075605,8114.89782220044,0.5875909218004028,2080.082059273135,41.66666666666667,50.0
2889,國票金,金融保險,12,24.856490270047274,37.58757363951803,17.73586817596363,110.04560868263556,178454.58267606795,228162.13797813575,0.8954768007083715,-15279.39177704291,41.66666666666667,58.333333333333336
6715,嘉基,電子零組件業,12,24.930267462543885,24.938799619246844,21.98193051755422,25.883912630172528,34910.43523404099,38428.887634474566,0.5442889272624994,222.55603859735493,50.0,33.33333333333333
3052,夆典,建材營造,12,24.946156528132708,24.379509538456688,25.34411136169225,23.686919906123492,71099.1446631499,87562.8281987809,0.33958053292536455,-20885.90632541011,50.0,66.66666666666666
4102,永日,生技醫療業,12,24.946804365985653,25.34500714134162,27.144348160899735,24.8097740048959,9858.561305364763,11056.28113351818,0.9092655791552678,-724.3793200967424,50.0,50.0
7749,意騰-KY,電子工業,8,24.950294642677356,24.369272417278054,20.04384526242434,23.472985023789512,35623.75,41675.5127982848,1.3608316921574068,1852.25,25.0,0.0
4419,皇家美食,觀光餐旅,12,25.049838254683344,26.997663212638017,19.148840005334637,24.426941345977195,55575.92602454908,71353.6783197157,1.4739165058547175,-13977.943287009097,50.0,41.66666666666667
8045,達運光電,電子工業,12,25.13252763144303,26.818593640310816,20.223687774876886,31.52655953249834,25344.583333333332,29767.70647726604,1.4196477588216843,4206.583333333333,41.66666666666667,8.333333333333332
1235,興泰,食品工業,12,25.1478045106284,33.10496572084491,18.610139301100766,34.41646540956518,3686.584315243088,5437.041577906458,1.0510768007038649,-898.0098821403038,58.333333333333336,75.0
3593,力銘,電子零組件業,12,25.363516901823896,25.56108320997356,26.946079768931575,26.5304088759723,23102.042326065024,28068.64049370846,0.9429808905021217,1054.1411040423081,41.66666666666667,33.33333333333333
1570,力肯,電機機械,12,25.380918548296975,29.86579356570358,22.892035046909463,50.60052533334334,10440.165884891021,12442.84671148781,0.5446783708842985,6552.2227164276455,33.33333333333333,58.333333333333336
5547,久舜,建材營造,1,25.408058784557007,22.54405536480113,25.408058784557007,25.408058784557007,59059.0,59059.0,,59059.0,0.0,0.0
2881,富邦金,金融保險,9,25.437334820055675,25.453941571223393,24.203920667559185,24.892675203091212,10677355.348483322,13446898.669372406,5.682142237017802,-2107537.984850011,66.66666666666666,22.22222222222222
6697,東捷資訊,資訊服務業,12,25.495891472594458,26.03649635488379,26.01650472941656,28.159258975836416,28732.23370324446,33310.32807242066,1.1790914511003843,289.6184959253757,50.0,83.33333333333334
3666,光耀,光電業,12,25.562380107506105,25.14431958574343,27.43171949274345,27.36563315820674,9792.777403318205,11654.879600839224,0.25816623745182543,3595.7523113652715,25.0,50.0
3046,建碁,電腦及週邊設備業,12,25.574006458415422,25.99381590752718,21.00151507438809,27.910977895517032,160120.70855160718,188960.10392399537,1.4793515011679526,-36440.27196684306,66.66666666666666,58.333333333333336
2820,華票,金融保險,12,25.624658565002168,25.640992311103712,18.799422244730827,26.921070599538165,63604.09677994517,77724.99239010988,0.9690777903135442,3015.44268800423,50.0,58.333333333333336
6016,康和證,金融業,8,25.69107206064953,23.28933903372826,17.51009769014875,25.097621820915155,137178.25,192589.3229536622,1.1016633437541075,-20107.25,50.0,12.5
1538,正峰,電機機械,12,25.800893840353478,26.63845215713622,25.340521209957455,26.52686250565087,2485.1635954477138,2904.1161625107893,0.3173695276340331,269.481558641301,41.66666666666667,58.333333333333336
6152,百一,通信網路業,12,25.851194035263713,25.721638011037896,23.025993798974447,28.681643539478614,33890.915380230734,42422.41973110843,0.369648088499406,4626.760436998629,50.0,58.333333333333336
2020,美亞,鋼鐵工業,12,25.868329134801915,25.064719200215063,24.86100684781928,23.588458885991944,102262.57095099421,160031.9909650504,0.8284031022084367,-22060.006967546167,50.0,33.33333333333333
4526,東台,電機機械,12,25.8950317327069,25.060823707627183,21.004628006829133,27.153159938577982,115657.18130548613,139945.1475478432,0.7008868110350784,6087.897094373281,41.66666666666667,83.33333333333334
4171,瑞基,農業科技業,12,25.90364484426486,27.308245079562727,15.704066577893999,30.55101224672414,5024.033503915874,6737.401716333585,0.15478132870871278,-80.23241122688826,58.333333333333336,58.333333333333336
8923,時報,文化創意業,12,25.988567719304573,25.894958470919526,25.690829956275685,27.288283717234833,9688.732960014639,10639.451777015078,1.465904843240352,-74.89424977018977,50.0,75.0
4164,承業醫,生技醫療業,12,25.99938911491536,26.234946615925843,18.967608699129133,25.661938360085497,95293.82763029162,123793.69445605937,1.1081958847236588,-19520.675306544214,41.66666666666667,83.33333333333334
4109,加捷生醫,生技醫療業,12,26.11230172298647,24.157322611919017,18.760103047518044,26.09471513588658,10533.114988263975,14548.706810435662,1.2123578908748638,1128.747021178607,41.66666666666667,66.66666666666666
2429,銘旺科,電子工業,12,26.180927107111412,27.280923776239945,20.78912818652906,26.247246293916593,10815.668249536564,12940.480968019749,0.49306883031165344,-3528.226003984076,58.333333333333336,58.333333333333336
6680,鑫創電子,電腦及週邊設備業,12,26.203306684466128,26.236271248024,21.417241468795247,29.15711618005194,12312.715450141595,14683.299844096071,1.053143137373602,241.52819110797887,41.66666666666667,75.0
2425,承啟,電腦及週邊設備業,12,26.313788980171203,28.858940927110854,30.882616855204116,30.590763014301146,188286.89171737863,226804.11684241402,1.4181805776473349,-11873.160262847034,58.333333333333336,66.66666666666666
6904,伯鑫,其他,12,26.320224610776798,25.73963760528381,24.911884303834526,27.451596237197258,18917.77110659837,23597.05661892473,1.5456791973277788,412.2249898803287,41.66666666666667,58.333333333333336
4991,環宇-KY,半導體業,12,26.373956672230097,28.40371430742949,28.879216445104138,29.660664055267773,48060.16232894356,57110.03890739555,1.7784410682374687,-3733.2321929816303,41.66666666666667,66.66666666666666
5530,龍巖,其他,12,26.388372784879728,24.795666107957263,24.711777579297245,25.016336812186474,88991.88449600054,114630.49866726238,1.2989236009997576,-5703.7152584366,41.66666666666667,91.66666666666666
3228,金麗科,半導體業,12,26.410467405741368,24.82876498968494,20.97272616584383,27.72512609909206,6800.387234858669,9512.14384792189,0.3659416243892745,141.55326411370302,58.333333333333336,66.66666666666666
6508,惠光,農業科技業,12,26.426112428939497,29.153013523403438,27.068045302183137,30.499052924738514,31338.880881801848,37025.00091693516,0.6276926548631313,-3792.6553507337903,58.333333333333336,58.333333333333336
4533,協易機,電機機械,12,26.440404678782325,25.892091605031702,19.10437858996209,29.363667314848225,88706.10347505736,117719.18084654899,0.8436812402334319,-3446.161408766546,50.0,58.333333333333336
8437,大地-KY,其他,12,26.503239102810195,25.162384790822273,24.423000998354283,26.35153521095849,4738.955839843148,5957.850257550652,0.2181857647407258,-37.18996760139468,33.33333333333333,100.0
8076,伍豐,電腦及週邊設備業,12,26.64982944791634,27.06788848078262,22.745611951958868,27.683815619749502,43743.27434591315,50558.754011920144,0.8595894098729971,-192.6503660736295,50.0,50.0
6533,晶心科,半導體業,12,26.661753029830376,26.24654573811089,22.95199519370185,25.131276618896152,32842.54727158823,40496.41203147226,0.9956093097873914,-678.3298369242111,41.66666666666667,66.66666666666666
6265,方土昶,電子通路業,12,26.67356459068784,26.81586931396292,18.113048449900976,22.961403209824095,20225.608226387423,30991.585877469566,0.5536113353298594,-16655.520835305764,83.33333333333334,41.66666666666667
8104,錸寶,電子工業,12,26.75096301866101,26.186145777172133,20.882324092631443,27.336960293958867,79987.22970073855,103121.4444776918,1.510508310509768,-17144.820381454072,66.66666666666666,33.33333333333333
7743,金利食安,食品工業,9,27.035810928538158,26.759956635101425,25.68043547870637,26.96628166425526,16896.0,20413.21101095508,0.767894997569471,1052.4444444444443,33.33333333333333,0.0
4147,中裕,生技醫療業,12,27.08271734512953,26.69952397551895,22.297348648151992,27.150574213354002,13797.51604078745,16462.323039846608,0.5369829011485062,-2662.138664742299,58.333333333333336,50.0
4183,福永生技,生技醫療業,12,27.14695447872502,27.440986783632255,19.272305636759732,31.27656451354874,11304.55740649274,14672.615557717972,0.8788185552459636,1567.3287079415604,50.0,75.0
2101,南港,橡膠工業,12,27.15913367666225,18.85476603681963,9.348389036606248,29.062067319538997,190852.70943786376,441633.41517414246,0.8321473414452271,123974.02991405677,41.66666666666667,66.66666666666666
7734,印能科技,半導體業,12,27.305253275073138,29.022371853658317,28.60794539326406,31.507657983866082,52398.166666666664,66121.8770440868,0.9716812052523291,710.6666666666666,58.333333333333336,8.333333333333332
4119,旭富,生技醫療業,12,27.365649221727047,29.255876300993073,28.5331482583815,29.51742080287465,30643.164614890236,38091.24365567021,0.5289215274865008,-2695.006210637661,41.66666666666667,50.0
5251,天鉞電,光電業,12,27.459190504952737,24.952992985819268,12.900360293842672,33.66707809155658,6987.883447676635,10224.648064645733,0.6816266110543947,4586.278748079593,41.66666666666667,66.66666666666666
3455,由田,光電業,12,27.58009293490072,28.265519871043864,15.369735060381512,31.927844099530223,38505.11934827359,54360.711041714094,0.7043815067170228,6181.668456558578,33.33333333333333,58.333333333333336
4527,方土霖,電機機械,12,27.614507258160742,25.64272908072332,21.695658834438113,26.677977565606998,70587.12188510953,92372.38637284358,1.1937062945503134,-15892.988535575185,50.0,83.33333333333334
6735,美達科技,其他電子類,12,27.63515747102308,31.743073088199814,24.162212662513088,32.07384152423611,7910.172328016183,9291.302664055655,0.5075695619276798,-2729.3750893126366,50.0,50.0
2891,中信金,金融保險,12,27.64621492658127,30.85145842726133,15.097783876221499,33.24766645310738,5642008.9701107,7611876.856734135,1.10315536879832,242361.80263365465,25.0,66.66666666666666
4550,長佳,電機機械,12,27.6772107197172,29.89212380641881,21.66378136983215,29.842626273531835,21197.399081674743,26274.590213495194,0.5621654522613203,-6969.368818315997,58.333333333333336,66.66666666666666
3176,基亞,生技醫療業,12,27.679610366712943,22.908745522328687,13.74742182966185,22.96650526860584,36502.62456915453,67377.86646606073,0.2720148368863225,-8756.846716703458,50.0,91.66666666666666
3515,華擎,電子工業,12,27.7945271636423,28.072344710050945,31.96973960080375,27.8695491618495,1108662.6100842494,1265598.1789245019,2.174747513521257,-231191.2511680833,58.333333333333336,91.66666666666666
3062,建漢,電子工業,12,27.823516007668047,26.40008971717099,25.0681737707101,27.711121630363404,97081.9047990087,111889.00195158129,0.703408336513684,16528.190480259193,41.66666666666667,50.0
5201,凱衛,資訊服務業,12,27.863442651874763,26.608680004091323,24.643904285455577,29.01583471755473,7072.600867860915,8483.503682539404,0.8929896561279294,1172.883080599754,41.66666666666667,83.33333333333334
7584,樂意,文化創意業,12,27.90888510541415,24.148475768178077,15.572354108327168,27.469916924073086,22569.659553301623,30281.61871090421,1.1445288750664369,6634.709212053068,50.0,25.0
3083,網龍,文化創意業,12,27.935383797133785,29.412805329589027,23.450445381834793,30.607252345816093,9216.81429413434,10616.381961922456,0.8026696608867344,-2719.4722844536814,75.0,50.0
8201,無敵,電子工業,12,28.057942243472645,29.62826785709371,28.70629948441406,29.096097386915414,11111.459524022963,13157.693739909193,0.600984723914292,-2887.2479989822364,58.333333333333336,75.0
6103,合邦,半導體業,12,28.091643495563506,33.410647781192864,28.819427708564792,28.752494792173515,2143.2519404940176,2679.0836820463032,0.06808685294651745,-875.403335182199,50.0,58.333333333333336
1312,國喬,塑膠工業,12,28.148320130230438,29.636829199920406,21.64696932494678,29.00741161118376,532649.465520745,692767.6874976738,1.4402115516493987,-117694.13218064175,50.0,33.33333333333333
6706,惠特,電子工業,12,28.18925022566356,28.085925344492065,24.076533396195927,35.82268635177052,21129.69883644136,26717.495531257508,0.13353691388832883,8097.543285448929,25.0,50.0
2511,太子,建材營造,12,28.19625045345274,23.886899245547113,18.16618406765987,23.99881680505761,219540.37644940335,370259.57355079416,0.8516162705614061,-53394.59062669298,58.333333333333336,66.66666666666666
4503,金雨,電機機械,12,28.240668813067373,30.40094613496281,23.6683595704101,35.249047681576876,15739.866161291066,18961.776260498107,1.4540557773251013,-2283.582296602743,75.0,25.0
3693,營邦,電腦及週邊設備業,12,28.310580756620606,28.123035619811926,29.43377070270997,29.935911306849576,177328.89031664198,202039.0515761994,1.235763680809728,14551.219506852605,58.333333333333336,50.0
1906,寶隆,造紙工業,12,28.384756832320658,29.41691147127618,27.643249513728108,30.162401751068842,73600.68099971833,81255.29704627069,0.6474697251512797,-7225.108929133817,58.333333333333336,66.66666666666666
2882,國泰金,金融保險,10,28.506222038071392,34.45564022130256,26.027344485386244,52.03003006644197,8952213.523931168,10189570.48982792,0.7994372364555893,2716197.1344110016,40.0,40.0
8096,擎亞,電子通路業,12,28.63882934202955,27.88104274563653,18.055916305785694,33.24911434026878,828034.7114230115,1174880.9535290152,1.1798597705138592,-1034.6216735789396,58.333333333333336,33.33333333333333
3259,鑫創,半導體業,12,28.815527469304264,27.45435449617622,26.013012893003573,29.23421739095196,6768.67135078134,7870.516256828702,0.515433747999055,97.79594798998914,58.333333333333336,50.0
5704,老爺知,觀光餐旅,12,28.819339975923587,32.59709509891586,21.278216508846086,26.97211336637311,7851.444918574035,11498.06769845872,0.783906306957689,-4456.248816030234,75.0,58.333333333333336
1533,車王電,汽車工業,12,28.823699046401973,24.548602970467147,13.878775469799242,28.81679708448456,96157.75757898421,140712.8468780802,1.1160950056983105,41100.39726286573,41.66666666666667,58.333333333333336
6589,台康生技,化學生技醫療,12,28.859508667812545,29.21567268161712,22.349464899898948,31.856065005158197,24173.590245419822,31543.532964842474,0.4169697648362935,-2052.0644476757116,75.0,66.66666666666666
2431,聯昌,電子零組件業,12,28.87229899332927,28.740940596769043,30.87752827829484,28.55981154701904,9024.686677092413,11308.313175931939,0.2112250596758892,256.1960720242405,33.33333333333333,50.0
6725,矽科宏晟,其他電子類,2,29.017035961337267,28.35065439252916,29.99892542256209,29.99892542256209,92914.0,93874.15544227282,0.7480480875961846,13392.0,50.0,0.0
5364,力麗店,觀光餐旅,12,29.066582796119977,27.171272483611155,23.51597620521299,33.221191916900914,7547.477333145173,9490.91060349532,0.5386972038739409,4211.0301277603385,50.0,66.66666666666666
3432,台端,電子零組件業,12,29.157578335266788,35.865382537858956,23.22811273426486,28.102719671422662,3773.2093184210366,4722.359664987056,1.8034552094826521,-3487.4273665361907,75.0,41.66666666666667
6130,上亞科技,生技醫療業,12,29.390164002944474,29.748834234847603,24.27882281549694,27.906413803341408,3782.5141071789535,5527.07889185575,0.5837474922584598,-850.9816000750476,58.333333333333336,50.0
2438,翔耀,電子工業,12,29.466590919357415,28.54284967558475,19.917030287879218,33.39395101409093,10995.826733944712,13864.41058524905,0.948886416112272,1917.8263856734332,50.0,75.0
6015,宏遠證,金融業,9,29.512990292980007,31.010897110853808,26.988312855858553,32.91024479925494,47674.62867505117,56893.966470999796,1.0107769180900874,-6478.256706505902,55.55555555555556,0.0
6933,AMAX-KY,電腦及週邊設備業,12,29.6169454810366,26.953119530545628,9.744564280651502,28.007653914987234,172780.12633248416,279348.3573212639,1.534258558532471,-22625.347344171754,50.0,75.0
8092,建暐,其他電子類,12,29.675219477216945,31.444648515627694,23.344774425343743,29.361764653284713,8503.681434692158,10682.908015493602,0.7816148732430586,-3580.93486774284,50.0,83.33333333333334
6140,訊達,資訊服務業,12,29.689545391804863,30.359248045953464,21.307964912947806,33.46394557772782,58234.336137165206,68447.67233968838,0.6515570497431008,10036.45566813306,50.0,66.66666666666666
3465,進泰電子,其他電子類,12,29.712893482794144,29.50859593096177,31.554695681584377,32.117748790062365,41497.7450996628,47192.347201295706,0.43813218194268355,7582.374017664507,50.0,66.66666666666666
2408,南亞科,電子工業,12,29.809600508625138,27.77735766995619,18.366263996895714,23.306848025467666,1654097.9670496483,2332444.6422188343,0.9454886512148,-1636725.4471771333,91.66666666666666,16.666666666666664
6227,茂綸,電子通路業,12,29.837171696356034,28.604003015123354,23.82237288603772,30.659513550898236,437015.8789062302,577979.4878022461,1.886565259799587,-11621.047289084643,50.0,75.0
8473,山林水,綠能環保,12,29.89736185976059,27.890290245655596,15.78316114336234,26.167016786495363,127676.60907870294,198946.9551970305,1.3978295897012922,-23755.128294952563,33.33333333333333,75.0
4530,宏易,觀光餐旅,12,29.918949882689134,30.1520118193012,22.787163485819484,26.031358001224646,9675.239877980484,14664.710950227161,1.9756188100314145,-6214.022578246164,58.333333333333336,33.33333333333333
6234,高僑,光電業,12,30.129675631378923,30.13366703275563,28.072312756546978,32.671094691340066,12008.18222288607,14458.811075815434,0.17221020703431866,-791.6088732848017,50.0,66.66666666666666
5484,慧友,電子工業,12,30.205173856760855,32.38352013254037,28.994243553107967,29.928656919096113,12801.506442015956,15557.302330223596,1.1406374768813936,-5394.039365324107,66.66666666666666,33.33333333333333
5398,慕康生醫,其他,12,30.226144908928454,31.722369911507197,29.402720543803056,36.37371930993754,5789.540984310247,6823.041966961676,0.6942558394517411,1175.3908085299129,41.66666666666667,58.333333333333336
9940,信義,其他,12,30.3325993197808,25.500812971256803,22.211326171242256,22.643634940864356,289608.30264993204,563480.0724354533,0.7770609540784005,-186079.63426078612,66.66666666666666,33.33333333333333
2388,威盛,電子工業,12,30.358788473158448,26.962365107199766,22.751803892247587,33.03796479571419,241531.8899974476,308482.09917800815,1.0129168876573382,107898.1187499498,33.33333333333333,66.66666666666666
1423,利華,紡織纖維,12,30.39053776604636,30.199129979731204,27.034632419602524,27.12458158739817,2162.4893656393056,3550.8704939886084,0.292731849869112,-1040.814433809482,41.66666666666667,66.66666666666666
6617,共信-KY,生技醫療業,12,30.542303546357108,29.2396891234661,29.545708588149328,32.275894068186524,929.2241334782931,1158.115794747075,2.037609008077124,-111.12604044545624,58.333333333333336,25.0
5212,凌網,資訊服務業,12,30.638685419545013,31.288311222118896,27.295093728007707,32.21893853625175,33658.53638344677,38775.30657262111,2.4704638502303076,-5850.751864401677,58.333333333333336,58.333333333333336
5202,力新,資訊服務業,12,30.723873427697118,28.09541185323815,21.497604651090008,32.05206683182723,3842.8908818806426,5460.144596583074,0.8318598583203434,534.3496391464446,33.33333333333333,91.66666666666666
8927,北基,油電燃氣業,12,30.8046893412068,28.609877803502208,31.21398588382471,30.06834776685074,275112.72723785246,324005.0992594879,1.6044369914960364,11507.792061584682,58.333333333333336,41.66666666666667
7728,光焱科技,其他電子類,12,30.972344869153247,32.120071694534,35.68192485393742,30.314276315361226,9206.916666666666,11433.929949205274,1.224703895069281,-2701.5833333333335,41.66666666666667,0.0
3349,寶德,電腦及週邊設備業,12,31.01947161085891,29.595855737891657,23.077328467976084,35.75262696543638,12390.236793323755,15216.98006477128,0.3678186749405119,3597.8491682270437,50.0,25.0
3576,聯合再生,電子工業,12,31.114779434929808,28.484256396105117,25.011322260153552,33.9031832083387,78994.20202939979,101113.39454179344,0.17505170159097216,23215.989064282927,50.0,83.33333333333334
4542,科嶠,電子零組件業,12,31.14738325312781,32.45103727940307,31.958626362831176,28.96602561210199,18902.334606367538,22757.036426353858,0.9324233601066774,-7197.214719529999,58.333333333333336,75.0
1599,宏佳騰,電機機械,12,31.334854302099735,31.789761946588996,27.466989298752104,31.939971381990873,48679.06173161213,56379.12190037843,0.6902914779935339,-7371.840762873236,50.0,58.333333333333336
6909,創控,電子工業,9,31.44853558275937,30.134608182575768,24.145791915175614,33.056471433281196,14697.333333333334,21261.68256642817,1.143668988111512,-5692.222222222223,66.66666666666666,0.0
3209,全科,電子通路業,12,31.568969592194573,32.09668981300156,28.50984994915317,30.119696690297143,1246529.860414777,1548805.7254708936,1.3426471555651547,-368396.2912217436,41.66666666666667,83.33333333333334
3066,李洲,光電業,12,31.858948532095948,26.907062068543276,12.53129327647411,28.06333164646523,6422.153394223678,11241.969936281825,0.7580279344741276,-1536.9282357168768,58.333333333333336,83.33333333333334
8099,大世科,資訊服務業,12,31.920707178665452,26.273115719624435,11.252266853458982,25.581773086720766,132864.7565162784,235114.1618401932,2.39446625925248,-54800.949689301866,58.333333333333336,66.66666666666666
3284,太普高,其他,12,32.037561800433416,31.56815680142711,25.53538251694587,29.843887530537927,23193.192395901267,28780.50531924695,1.1220613709003777,-4578.248707364724,50.0,41.66666666666667
6207,復華滬深,ETF,12,32.08461201800111,29.361753825976518,19.438062003749952,35.8894516284197,29791.0435278943,40519.41092073612,0.8575876475230202,10216.244568469216,41.66666666666667,58.333333333333336
8272,全景軟體,資訊服務業,12,32.12783126225843,28.83775205133946,19.763515330639574,36.96541288158699,12804.011685718726,18434.62656470733,0.9929752774045548,242.98831428127414,66.66666666666666,41.66666666666667
2498,宏達電,電子工業,12,32.139841728963674,34.30998010509038,28.252647553266506,36.719436438799185,77689.0146576827,94017.88124309556,0.5643700802371826,-3398.478074951568,58.333333333333336,75.0
1530,亞崴,電機機械,12,32.17708303105179,31.370899512096546,26.09902152969979,35.54668269249657,51656.794141456085,58939.88467748788,0.8237306044359544,10675.426781887216,58.333333333333336,58.333333333333336
6431,光麗-KY,生技醫療業,12,32.22319302832978,33.07663878159565,32.41703654327069,35.53685795390255,10262.254547036471,12874.534108091711,0.5673905340151466,1478.3493505016038,33.33333333333333,58.333333333333336
7810,捷創科技,半導體業,2,32.358303351026926,44.09939569871778,33.87247847994042,33.87247847994042,30084.0,33866.54492268144,0.31840392663847317,-30084.0,100.0,0.0
4908,前鼎,通信網路業,12,32.55791317981432,29.666052829889395,26.847674824290728,33.62498319376782,22103.784310530475,25586.606840072305,1.4047035012459201,8205.875192690624,41.66666666666667,25.0
3027,盛達,電子工業,12,32.57199176538098,30.31936888456942,29.534328856674357,35.084445347516464,57230.4824147303,81967.21197991777,1.5812189633114675,6755.24168899216,41.66666666666667,50.0
6887,寶綠特-KY,綠能環保,12,32.59851773819628,32.55281711987999,32.824485213152435,36.25320254321332,129762.58333333333,151065.61849215283,0.584416511185752,41786.416666666664,50.0,8.333333333333332
1532,勤美,電機機械,12,32.6220990341964,28.25986378495713,19.975767438486574,27.121444852252026,418349.7670365839,703334.6935564175,0.6983398011678806,-68752.17961633178,41.66666666666667,50.0
6649,台生材,生技醫療業,12,32.63661100325218,32.08906290352911,25.629751757290993,31.009399722731228,5994.28475143982,8646.007622842035,1.1218227648835422,-2488.478113769343,66.66666666666666,83.33333333333334
7777,能率亞洲,其他,1,32.63953717704293,39.005075185016416,32.63953717704293,32.63953717704293,24824.0,24824.0,,-24824.0,100.0,0.0
6625,必應,其他,12,32.6957160211642,33.78423858602329,33.368146959341125,31.99465110472867,119087.41573887625,137984.87236722306,1.4989944329066436,-25989.932935978966,58.333333333333336,58.333333333333336
4770,上品,化學生技醫療,12,32.740438947985865,29.42795102791049,18.75787862371378,35.227214990445326,128945.54499412824,176365.56292520557,0.8771196816810735,16490.464675438227,50.0,75.0
6658,聯策,其他電子業,12,32.83576610638789,33.30221330711803,23.860331581909445,39.49635724553745,56955.25073669668,74013.82452762034,1.3582235390646487,5653.534055868509,50.0,58.333333333333336
1799,易威,生技醫療業,12,33.0562133821868,34.07904108234139,27.91060146051861,40.736031420495614,16456.760363876845,20053.163138069947,1.1125145128634186,615.8636685290361,50.0,75.0
7730,暉盛-創,電子工業,4,33.215836130161975,41.8195511831466,33.356995803584056,33.26264643561882,18210.25,22544.423673050504,0.6662714033138323,-11113.75,75.0,0.0
2485,兆赫,電子工業,12,33.2900730494245,34.814290208145685,31.556869166797654,30.784719459799163,72380.08133415744,88253.38779081605,0.48445024551829347,-35138.536396502204,58.333333333333336,75.0
1789,神隆,生技醫療業,12,33.304200411333134,33.095500328025345,34.60762277611884,34.61908349655482,87796.03356135024,100982.95195322776,1.3584221913518937,-3959.6338430700853,41.66666666666667,75.0
6937,天虹,半導體業,12,33.35933125594426,31.32536791173538,22.40225838500561,38.43752994820904,62399.907888608555,88969.74826489924,0.39658115582790154,19001.759241677213,33.33333333333333,83.33333333333334
3213,茂訊,電腦及週邊設備業,12,33.673689892419425,32.30460739714939,36.60101494970571,33.50683155601752,81019.20655665181,96019.43198925814,1.70618452655859,-161.03856465198865,41.66666666666667,66.66666666666666
3379,彬台,電機機械,12,33.700382168201834,32.363986086617416,23.473409882230246,29.89006835625062,55577.097587297285,87134.46894391051,1.8507796902467095,-18749.53054772945,50.0,75.0
3057,喬鼎,電子工業,12,33.793230288281926,31.823588903482676,26.13869715766086,37.33490452164696,16441.81458651117,20375.414347295224,0.8360328999265291,3309.624937600965,41.66666666666667,33.33333333333333
4768,晶呈科技,化學工業,12,33.91412174237505,31.86554263408823,36.597650135353454,31.148352510807815,34741.59805112088,47882.478483749015,1.5242658348254887,-19864.938779592216,66.66666666666666,41.66666666666667
6903,巨漢,其他電子類,12,33.96149986230087,36.860231058307114,27.9419027772185,42.009691192897044,102001.32714642893,114909.48003837303,1.8465978620033194,-29208.493813095603,75.0,33.33333333333333
6179,亞通,其他,12,34.03638210251149,25.823019567105227,14.439938965372567,34.52194408631983,118550.0803183316,192204.92907445072,1.1369571195800798,72412.24855544137,25.0,75.0
6425,易發,電機機械,12,34.05882562724204,37.586256965598125,34.70771217095867,42.11405543626155,40018.921435526565,46219.84135234084,0.713873156343431,-2384.3080500519886,58.333333333333336,83.33333333333334
4432,銘旺實,紡織纖維,12,34.086391587841334,37.688528592277834,27.588149754467178,47.67626717207882,30934.877442934812,39552.190255376976,0.854921843395149,5312.201149608831,33.33333333333333,75.0
6620,漢達,生技醫療業,2,34.23103514770691,35.89960717763655,30.061254046396265,30.061254046396265,36390.5,43935.62372949768,5.182551817872919,-24618.5,50.0,0.0
2107,厚生,橡膠工業,12,34.241006599292405,31.360871100799393,27.14727452631284,31.198363102614064,41221.37820462416,53305.31983599175,0.5159433745857535,545.6918531194569,33.33333333333333,66.66666666666666
2506,太設,建材營造,12,34.28762610214786,29.87039019115952,16.679879313981537,27.42889418237909,32562.30132970953,53027.574664090724,0.23671152985709235,-12434.142318415046,58.333333333333336,83.33333333333334
2939,永邑-KY,貿易百貨,12,34.309781322405506,36.85328171801862,25.662990819401944,43.31477230909454,8561.548465255328,10476.317493823335,0.20420952738147066,1421.4092100932673,50.0,66.66666666666666
6582,申豐,橡膠工業,12,34.388394031782376,31.004625239799456,23.332786568387164,41.57579681259434,23538.626458794824,31363.414689186386,0.09867758613655543,23538.626458794824,0.0,41.66666666666667
3047,訊舟,電子工業,12,34.554574250661204,27.56649807560648,28.347997028249804,33.07351178625091,104515.08987056284,134132.0752013505,0.7648273733124485,71274.3961116405,16.666666666666664,41.66666666666667
1468,昶和,紡織纖維,12,34.6310130237114,31.34093279427726,32.41919106021898,32.95550249556548,24145.52147792462,29670.66237527886,1.0662798520777461,3270.544229767255,41.66666666666667,41.66666666666667
3288,點晶,電子零組件業,12,34.64911664362265,35.21115082003545,39.089843581665406,38.732944453827386,2134.8764477329396,2635.2264445200594,0.8206179451444418,139.22230341186057,41.66666666666667,83.33333333333334
6588,東典光電,通信網路業,12,34.70709305918323,36.38113221740303,25.423051653316676,39.38358257719324,5009.448276697211,6488.100059917549,0.7926279614608486,-401.33320390805466,58.333333333333336,66.66666666666666
4721,美琪瑪,化學工業,12,34.742090556906994,34.565091180749334,29.942818608443524,35.49420345301495,73267.07364410281,94299.08047645299,0.557828292878927,-6366.942500928388,50.0,58.333333333333336
5443,均豪,半導體業,12,35.00898633263535,33.33231149277566,28.33314889932194,38.397792790838494,136238.25801564296,164140.1487713049,1.1099364429186598,15208.610858693815,58.333333333333336,33.33333333333333
8940,新天地,觀光餐旅,12,35.2742807119362,34.607107712145485,33.7011178767322,37.411498038324794,46677.01529964277,63451.97532296278,1.0851146141368389,-1388.60321270471,50.0,83.33333333333334
4772,台特化,化學工業,12,35.34134077904748,34.984758357044704,22.661562429660304,26.752419230386327,58651.870683443565,91307.99276421234,4.578185204842989,-53046.7040167769,66.66666666666666,8.333333333333332
6957,裕慶-KY,其他,12,35.38299378809784,32.505599591693716,21.560507991993983,37.06969612818729,112748.58787982138,151153.7735528723,0.9514562095008862,14961.83724783634,33.33333333333333,50.0
4303,信立,塑膠工業,12,35.42643624672668,40.060258783784626,36.19023870287788,34.407120693768235,29173.0502865451,33552.29321543895,2.0571513389504363,-16771.328393900756,66.66666666666666,50.0
6804,明係,運動休閒類,12,35.4883063819241,37.29288426774811,36.760163374691835,37.589887704115874,39618.16931635456,47397.35320952136,0.3811483403013098,-7277.447357968148,58.333333333333336,66.66666666666666
6727,亞泰金屬,電子零組件業,12,35.54040371123823,39.69088053459995,34.591792269426406,42.85438616380812,48286.49563022433,54306.40795633686,1.2148430600837725,-10757.039328227731,50.0,33.33333333333333
6969,成信實業*-創,綠能環保,12,35.78389450122811,39.20614070937068,24.06032843121708,33.00753424775385,10738.538000433966,15855.40903849934,2.317263406798018,-4918.4017826783065,58.333333333333336,16.666666666666664
8027,鈦昇,電機機械,12,36.15498908545718,34.503878548468094,23.699392963773867,35.42632321129979,54514.10086400391,79687.54007529326,0.7799816966954715,-20038.068293791785,50.0,83.33333333333334
6199,天品,其他,12,36.23525583076586,35.580943812862756,36.07854343841164,29.402149198144816,7964.599819741913,10406.056134357632,1.8840771790961834,-7454.153002349885,75.0,33.33333333333333
5381,光譜,電機機械,12,36.2865289103006,36.84504573774396,27.66961364390328,40.29923019848289,66443.20473055822,81309.05835511866,1.591253235987731,-5517.859872888759,58.333333333333336,66.66666666666666
5512,力麒,建材營造,12,36.335342420364796,32.59195368694393,20.45470063099164,36.699564378227386,211892.72866681908,304402.67327432596,0.9539772673188675,19141.25924409454,25.0,75.0
6598,ABC-KY,生技醫療業,12,36.348598939948005,37.7642459423157,30.549653126163477,38.4375442346268,14444.872637737104,16076.314832456786,1.031213190051511,-2777.548354717252,58.333333333333336,58.333333333333336
6674,鋐寶科技,電子工業,12,36.38473952105122,32.2321126571631,27.27600179963853,38.215753601292406,18128.393260201097,22679.13892381836,0.3473428979041375,6266.099390567261,50.0,41.66666666666667
2712,遠雄來,觀光餐旅,12,36.43912049286471,41.67587188297337,32.13091798645403,40.52183926682968,15941.902654092102,18519.418497821887,0.7152638048984962,-1382.7037237834945,58.333333333333336,33.33333333333333
8937,合騏*,其他,12,36.44656369390053,36.89807019282459,35.10034736588244,39.34881504617649,1994.4774538758832,2223.316426105136,0.20274109316165365,371.3930454181165,41.66666666666667,50.0
5410,國眾,資訊服務業,12,36.60532088017466,35.573099387027085,26.085394849387654,37.55333803141447,133883.25951725527,182987.78441782735,0.8135615477323164,-19690.047211721223,50.0,50.0
7780,大研生醫*,食品工業,6,36.70678356775065,29.542329911652836,14.93183236166252,29.825595625595057,67628.33333333333,104059.44513594141,4.139077943011499,-1230.6666666666667,33.33333333333333,0.0
8487,愛爾達-創,數位雲端,12,36.737069115016105,28.811705548231487,22.986568447190926,36.13847290837422,31183.648833796167,49052.97504866629,0.5827579082795623,13526.338846682775,50.0,66.66666666666666
1449,佳和,紡織纖維,12,36.903806152529874,35.00862215039009,29.13880209611027,32.10022528536824,83129.88277725031,117357.52181272958,1.403599028886033,-29580.321402974052,41.66666666666667,41.66666666666667
8476,台境*,綠能環保,12,36.959463964411945,36.23037077311308,27.63178594113711,37.107505767872496,37564.55198861598,49730.42069932633,0.46030145064823547,-4298.195216031158,58.333333333333336,58.333333333333336
1465,偉全,紡織纖維,12,37.49545868115044,39.804038757123145,32.51447727929438,47.56930109894631,11175.177751545643,12531.344248962088,0.617882809906191,688.8455224801386,58.333333333333336,91.66666666666666
3041,揚智,電子工業,12,37.5029972980026,33.66288886960258,19.33084249927762,30.106835342809347,43664.86476405541,75078.20942004504,0.7698712555087868,-18783.099570504462,41.66666666666667,58.333333333333336
5864,致和證,金融業,6,37.70875718928312,49.53102481412446,32.847578479179504,51.982525386712396,88533.5,105558.45573977797,0.7457128544671303,-26925.833333333332,83.33333333333334,0.0
3035,智原,電子工業,12,37.752399838211716,34.27868639709949,33.37067731852558,32.85974218112479,566059.734856812,814222.3969299982,2.6705352996222174,-149517.37060363396,41.66666666666667,33.33333333333333
2230,泰茂,居家生活類,12,37.79068333906263,38.59488690384299,42.42180160812594,44.47396398956476,64563.90234969106,79244.6141485292,1.9832760333129202,4376.040216853779,33.33333333333333,58.333333333333336
6283,淳安,電子工業,12,37.79699647969349,34.77590600484474,33.86156063923759,37.717424228231394,57020.92685923039,70807.89263913345,1.0399246273447142,4086.4484352978493,41.66666666666667,58.333333333333336
2314,台揚,電子工業,12,37.829443225581095,32.910108813532936,33.18316549905184,33.85108472634982,52900.40968582841,72910.99291942238,0.49521649130412987,-6349.111079828787,58.333333333333336,25.0
6163,華電網,資訊服務業,12,38.0738194785197,38.30337977277618,38.52200870147132,39.15343031961913,193726.4467942144,272857.75411212374,1.0926479820815382,-48384.84911992407,50.0,50.0
4903,聯光通,通信網路業,12,38.07990001360121,39.56294316642527,38.236436195327656,43.188687627569614,42885.456462317634,60326.46727404413,1.0829312800953692,-1442.8376636947116,58.333333333333336,58.333333333333336
6021,美好證,金融業,7,38.18981035638571,56.481007349773705,39.522077066498305,42.95554417590689,128259.71428571429,138459.72559866332,1.316902785674575,-92739.71428571429,85.71428571428571,0.0
3085,新零售,數位雲端類,12,38.21220839528295,35.94008418187276,29.873448464814796,40.074964257402186,1738.7510125063625,2115.7459637444704,0.1968959215791294,343.1591222015022,41.66666666666667,66.66666666666666
1447,力鵬,紡織纖維,12,38.24639932715337,37.080988422291355,29.973926062147747,43.80750155791074,887923.1478992851,1051744.4623864968,1.337291924575534,265903.68438924884,41.66666666666667,75.0
4198,欣大健康,生技醫療業,12,38.391247649054996,35.78990013490056,24.58489379398782,38.80735130439257,6532.942634320566,9124.18277651461,0.745912565855356,-1492.2058208075352,58.333333333333336,58.333333333333336
3025,星通,電子工業,12,38.75714011749723,32.86839297461588,24.000287854817426,32.148360765063636,21888.70853607509,36202.061518713694,0.941822643017844,-11411.85034665778,41.66666666666667,83.33333333333334
1762,中化生,生技醫療業,12,38.969959184827566,41.357698394487954,29.03774363857994,57.35548417563834,26138.38567397137,33498.5967986054,0.41502928562309377,3844.5807744155736,58.333333333333336,75.0
2243,宏旭-KY,汽車工業,12,39.1176967530767,43.30997702744256,42.29024069134972,43.93068077986666,56691.58280404143,69274.32488060064,0.563879413451317,-9076.746269188312,41.66666666666667,66.66666666666666
1795,美時,生技醫療業,12,39.30109285717657,39.87011148762963,38.06668662308241,41.68060405516169,671436.3440800938,761553.1581744554,2.114557952574568,-158735.4674052771,58.333333333333336,83.33333333333334
2254,巨鎧精密-創,汽車工業,12,39.457605929510926,37.90904906768726,34.784258424330616,47.130688982534515,15709.322411392734,17611.42335508749,0.679953673818943,5650.616643174951,33.33333333333333,66.66666666666666
4402,郡都開發,紡織纖維,12,39.521442048804985,41.65171778572312,34.875049898404576,38.66459599425462,781.1742366296712,946.894843345428,0.14967603205423627,-25.621477694037548,41.66666666666667,66.66666666666666
5314,世紀*,其他,12,39.65709689675051,49.34519200746714,37.04613262019475,38.154418788223275,101083.95713497221,116194.77050389904,4.225066902075878,-101083.95713497221,100.0,25.0
7823,奧義賽博-KY創,創新板股票,1,39.713816988698504,49.55363742849669,39.713816988698504,39.713816988698504,21787.0,21787.0,,-21787.0,100.0,0.0
8080,泰霖,建材營造,12,39.784597480771446,41.130257737881635,37.7130103229071,37.73904213879524,6701.284445829908,9323.414290768875,0.5504355094471993,-1740.512842299085,50.0,75.0
2855,統一證,金融保險,12,39.9507775956169,40.212522663570375,36.78640686694415,45.56790061348512,450901.2885630371,555873.3282710102,0.9624151944811067,-98301.25773050362,66.66666666666666,50.0
3202,樺晟,電子零組件業,6,40.02695157095209,67.79602715362265,16.95486914332358,1674.8119670839121,156068.9534471274,255826.1426319634,2.0369241606184887,102758.86012486351,33.33333333333333,66.66666666666666
4707,磐亞,化學工業,12,40.83714723617292,39.299753337669216,38.50059808339816,43.1371270771755,45717.220361851614,51760.82434115881,0.9944755748762173,10593.815441771227,41.66666666666667,33.33333333333333
6877,鏵友益,其他電子類,12,40.886995449029314,37.78924636774301,31.2464084950656,52.72320469609374,16374.594299908296,21079.20058705516,0.7255742034464148,4277.172891101767,41.66666666666667,83.33333333333334
4806,桂田文創,文化創意業,12,41.19237712236467,41.22226462530563,37.99989444365268,44.17826859404976,2808.084348431599,3222.879815509079,0.7233940302560415,-676.210307115412,58.333333333333336,75.0
1781,合世,生技醫療業,12,41.24656844782269,33.0604097309627,25.610869081677812,41.82613688185743,13681.62424270428,19793.6903366903,0.5641967471140561,6714.863659790804,41.66666666666667,66.66666666666666
6443,元晶,光電業,12,41.49004954164982,40.63515369442621,36.00229401755697,52.76502105710136,63111.68990920722,73252.70350322426,0.3402586382571971,16583.935191090244,41.66666666666667,66.66666666666666
3713,新晶投控,綠能環保類,12,41.89020871717089,41.03073686603176,29.63668434530591,38.58355782099927,11423.250466128915,17851.144526549066,0.2733873630705156,-5631.588210858569,58.333333333333336,66.66666666666666
4131,浩泰,生技醫療業,12,42.021759736642714,54.15462687436982,28.00918577769651,37.17572645084451,8567.396375106717,11266.978343167553,3.050957951708416,-8117.759110651808,83.33333333333334,50.0
6949,沛爾生醫-創,生技醫療業,12,42.186846942463426,35.6540264788306,28.822026417900183,30.513780437030718,1103.959473072697,2264.7172243761074,2.711581718703524,-668.8660631607856,50.0,66.66666666666666
8093,保銳,電子零組件業,12,42.22435556902106,44.33106881659146,42.7888323868588,52.13788326858092,7245.875350458885,9930.933453980351,0.6245501405234742,-2565.4152167800694,66.66666666666666,83.33333333333334
2236,百達-KY,汽車工業,12,42.73131726579954,48.969968217473934,43.6401168564338,40.76220216527829,333160.98232267174,362375.5476094827,3.9059309864430447,-210344.34266994832,83.33333333333334,41.66666666666667
6218,豪勉,通信網路業,12,42.860199051598286,39.787005453849495,42.01788058908317,44.49471647309544,47127.181885012695,54102.23327200436,1.3102160001149121,7729.316993595705,50.0,58.333333333333336
8176,智捷,通信網路業,12,43.05972085778046,48.48297897808173,35.52667012706609,85.65501199249174,13393.726172812612,15302.354344010546,0.5750484996985468,4803.53033720262,33.33333333333333,66.66666666666666
6512,啟發電,其他電子類,12,43.27320203488778,38.73283284131276,39.5799280885793,44.33891336111526,6505.368644909767,8100.15521704241,0.7543127874747769,1604.2472156311003,41.66666666666667,41.66666666666667
3672,康聯訊,通信網路業,12,43.352687693981636,41.58611577744211,31.19829773404507,58.509511796271276,8466.382506997417,11443.455083800969,0.4563478349885919,1591.5804705818919,41.66666666666667,75.0
2883,凱基金,金融保險,8,43.388000780781724,46.57558858840362,34.41420354060032,108.98432927872443,3835437.875,4648797.231152416,1.0384684772432036,1414981.875,37.5,0.0
6169,昱泉,文化創意業,12,43.43502674753859,47.62620216685124,33.99245452135629,72.56211821369031,1247.8883184567837,1544.8408535123863,0.3324377484171804,-93.27345246635873,50.0,58.333333333333336
6465,威潤,通信網路業,12,43.479290693899884,46.03584368304115,39.55235879502861,44.19692162693132,9538.160697747553,13904.013455700091,1.23766534901444,-4868.650778301059,58.333333333333336,50.0
5386,青雲,電腦及週邊設備業,12,43.684287995527136,46.20314942827281,36.59764705258277,52.75484663119157,214194.14783188186,265248.3073721461,1.5345436773779901,-38401.59923397138,58.333333333333336,50.0
4413,飛寶企業,紡織纖維,12,43.78166927912221,46.149087862399334,44.32477416605558,46.74750299906194,31457.640163190896,40253.53427549164,1.412291154716691,-13182.456556823157,75.0,83.33333333333334
1340,勝悅-KY,塑膠工業,12,43.7991739689678,51.967955002502144,42.49592327426872,86.52542430680802,5662.539707266361,6313.641110448683,0.284531150881188,3805.9572737397575,16.666666666666664,50.0
2466,冠西電,電子工業,12,43.990091324536195,41.697154891767205,38.58517818901909,52.395876132349464,34726.36462613987,47690.71485012659,0.6995352522671531,3784.6081905493133,33.33333333333333,66.66666666666666
6874,倍力,資訊服務業,12,44.214296309480055,43.091140578058265,45.67067922779421,44.14697509214698,50495.19501697017,62775.383405076944,0.9801229835884534,-9598.559286289235,50.0,83.33333333333334
3310,佳穎,電子零組件業,12,44.22414728645146,29.89361275916152,14.245852030170465,27.379656957660604,98413.94818971226,239544.93101923206,1.9928667988306668,-57598.97086301845,50.0,58.333333333333336
6654,天正國際,其他電子類,12,44.35330592524348,47.25612683901637,52.733619083275606,56.68565606126368,13402.423256872178,15781.475165935864,0.44986125746980604,-711.1936953320159,58.333333333333336,41.66666666666667
2363,矽統,電子工業,12,44.640075898719935,68.48933287329814,57.98275587657295,49.06686756094307,104946.47483390589,117822.30375472529,4.105073917857987,-84720.32037343578,83.33333333333334,41.66666666666667
8227,巨有科技,半導體業,12,44.77519511246165,45.91855225846324,43.71823406870465,42.655045195019255,50344.66969451297,61088.3753119618,1.1678718252492162,-16366.782733758459,50.0,50.0
2427,三商電,電子工業,12,45.27851677919835,41.21254529813791,35.559212893943844,40.67174493046922,246306.83021742947,387285.5836812604,2.4144192347579585,-75639.67394079325,33.33333333333333,83.33333333333334
5534,長虹,建材營造,12,45.42654425676506,47.99163341966119,31.547725228084005,78.61314267618499,321391.85423027416,449275.081011327,0.4917818751162051,-63450.827061060154,66.66666666666666,75.0
6441,廣錠,電腦及週邊設備業,12,45.53323674762487,44.34986683306633,39.8484113067449,57.52328822032122,8926.791064371855,10421.159235832143,0.17034807795262127,1497.5964996900548,41.66666666666667,50.0
6657,華安,生技醫療業,12,45.673603335496544,42.739404460242554,38.181679844105396,46.58453950053571,292.0826933305004,360.3706102757182,1.0715651526936225,-36.06411970677214,50.0,58.333333333333336
1417,嘉裕,紡織纖維,12,45.79032648221578,39.32998623491526,31.87061999520039,49.457694995933096,15412.451514832805,21236.94877787608,0.41515265760700887,2465.1210089942283,41.66666666666667,66.66666666666666
5227,立凱-KY,電子零組件業,12,45.89218695099218,43.968780153457146,44.412141905539734,59.40162430738829,15322.253918262517,19669.988626265073,0.4940077948979679,4518.775016463279,50.0,66.66666666666666
6581,鋼聯,綠能環保,12,46.36086744795732,48.04744580320491,32.23548388878499,61.50180236076491,85410.54883125935,104603.59022597833,1.3639435335841201,2811.5062300455197,58.333333333333336,58.333333333333336
8101,華冠,電子工業,12,46.36889348219382,48.062869372609526,46.56095324048894,44.68883752556076,14549.01314492968,18337.958671508233,0.20526101051254741,-5715.151136207724,58.333333333333336,58.333333333333336
2540,愛山林,建材營造,12,46.63194793070114,41.5336291873108,42.438988651490455,48.32729942122598,439280.5271987435,568779.8819870015,1.7974825653815352,35483.500846684874,41.66666666666667,58.333333333333336
3067,全域,居家生活類,12,47.145882580570245,56.101938375619774,34.545086679896734,44.87209304389465,2295.4544463769976,2954.348885596834,0.36547404911265674,-1420.0679574557507,75.0,66.66666666666666
3054,立萬利,食品工業,12,47.270302636098016,43.00766114644698,34.82266655948906,44.12149879249631,4945.2614941131205,6744.08510619781,0.5715380096472744,-554.1253871110071,50.0,50.0
3147,大綜,資訊服務業,12,47.79866270949417,45.77908183757171,47.45626781662654,46.05505967704268,325688.73552009976,408321.33699231734,2.665721132112822,-67306.15793805226,33.33333333333333,50.0
6560,欣普羅,光電業,12,47.98050104678577,58.64583221722505,46.318627992363226,119.4234303722195,6901.995075580133,8868.802740756812,0.1905890812128749,-2729.8973025585633,83.33333333333334,50.0
2025,千興,鋼鐵工業,12,48.05217701178226,43.96524582516041,34.62942393320285,55.93968350041163,32784.51876634784,43733.27311728291,0.3208817866016632,8129.868423749421,41.66666666666667,33.33333333333333
3024,憶聲,光電業,12,48.10344997254597,41.94744718697028,31.878429176575246,64.46167308632856,68626.3860412496,89664.9931312906,1.3785754806851938,49425.488243442116,33.33333333333333,58.333333333333336
3093,港建*,其他電子類,12,48.27370729001601,49.63682786724555,48.931259711638255,58.139860847723924,75033.31168018,98027.23798503127,1.1200930775895503,-2543.436721122722,33.33333333333333,75.0
5468,凱鈺,半導體業,12,48.27840529475174,34.50954535332893,14.772667962428992,37.761556650061955,6639.60838417397,11814.17291614602,2.1354010865437156,-2086.4955449030645,33.33333333333333,58.333333333333336
4924,欣厚-KY,綠能環保類,12,48.29719380874128,46.80235033536229,41.445041055402385,61.42182079320552,29249.625771465366,33337.53840569641,1.4788077464480365,4877.612165043842,50.0,33.33333333333333
5345,馥鴻,其他,12,48.305348665951406,48.860107776394756,35.78551836010094,44.02861845811919,933.1385728545164,1369.5084695430835,0.8231894252687463,-812.3294447323523,66.66666666666666,58.333333333333336
2501,國建,建材營造,12,48.33161450393874,45.503471022017976,48.00828116901854,50.80241171383384,978281.941057077,1319924.3226464817,1.1869418021521672,80667.12203329468,41.66666666666667,83.33333333333334
4588,玖鼎電力,電子工業,12,48.33914436378655,57.632898362908314,35.25049926756937,109.81279007892677,37071.491225689424,41905.5007467722,1.0191665366242089,-3574.5561655357437,58.333333333333336,83.33333333333334
2348,海悅,其他,12,48.60606082935796,54.67978108610838,52.46032221542036,59.90119235653414,299590.22026521317,347566.74261251633,1.0138436000342568,-42015.46568401022,50.0,83.33333333333334
3498,陽程,其他電子類,12,48.67518227262146,48.35002984506394,44.37365816882527,49.80680822421675,54222.08435645373,68290.79386543267,0.6410769265653348,-14748.680771104593,33.33333333333333,91.66666666666666
7786,東方風能,綠能環保,3,48.67648161211392,43.684417123435225,72.68607135702997,58.23907387373174,337659.6666666667,352413.41676549905,1.2319926354265054,337659.6666666667,0.0,0.0
7709,榮田,電機機械,12,48.83580130423768,48.95888964862971,42.51590156161159,67.75173077677734,40801.416666666664,51773.51475336271,0.6535431690024385,4699.583333333333,58.333333333333336,8.333333333333332
6869,雲豹能源,綠能環保,12,48.92669477312498,46.60297094269665,43.956230073661274,43.78546342740648,304528.6366174803,418357.24097398337,0.8711893881395761,-113246.62998193922,50.0,66.66666666666666
6624,萬年清,綠能環保類,12,49.20373053329862,53.38403479608349,57.123211373002725,59.718939366251355,23571.662158608367,27721.78168708652,1.4112494473724777,-677.6332143786549,41.66666666666667,66.66666666666666
6873,泓德能源,綠能環保,12,49.67362912806819,44.80278661239383,39.11507998712507,73.6221944887657,363442.24045718746,512637.03285663715,0.9683310879346178,61479.52243040502,50.0,75.0
4702,中美實,居家生活類,12,49.74611406991048,51.49825390461103,36.06475280190187,109.8491950732583,2859.5310020236298,3398.5242966140913,0.09044675660979822,1390.6392516212957,33.33333333333333,75.0
4967,十銓,電子工業,12,49.782447123653895,51.033188477437086,44.22274290054091,51.823115027169784,847481.8184673003,1000367.9302895627,1.8890776089590524,-242093.37478894703,66.66666666666666,66.66666666666666
4726,永昕,生技醫療業,12,49.78959754941158,57.25245026895406,54.616795606014755,60.66603054316116,30713.460092317775,33684.32156498382,0.9316913415990434,-7024.037668097131,58.333333333333336,50.0
5516,雙喜,建材營造,12,50.20825166369938,49.90021416132787,46.02604458547651,51.161880298072646,91608.9299803429,118304.4217907786,1.387234879856509,-17728.243368684427,50.0,58.333333333333336
4582,聚恆-創,綠能環保,12,50.48340953227919,52.846236996560734,42.04277129707473,70.10638524087544,51610.19923303966,66885.98017357216,0.2719765580640227,-2978.320435998343,58.333333333333336,75.0
6486,互動,通信網路業,12,50.48679458931902,51.30135535001548,42.87029668919744,58.30698855059342,113010.3562383217,146708.85832712706,1.8949498124218724,-34041.79958173836,58.333333333333336,83.33333333333334
4743,合一,生技醫療業,12,50.52549708450659,47.855069474684115,41.548061745273536,47.553242884285446,5436.66980003562,7901.675854017577,0.16426939490411308,-1679.0981253414436,41.66666666666667,50.0
6222,立軒,光電業,12,50.65308255120215,54.08567661662745,44.56382920008578,83.17445871664772,116.75535528052096,149.73129915253392,0.01126060418792632,-7.775346354054477,41.66666666666667,83.33333333333334
6614,資拓宏宇,數位雲端,3,50.67787121380002,48.18038535626239,61.51956656145941,44.5797362700809,289671.3333333333,370934.5241674511,2.1381441003992365,-102368.66666666667,33.33333333333333,0.0
6692,進能服,綠能環保類,12,50.94637886970632,51.02026779648617,43.93152172450923,69.70944043443545,62123.207742721126,77725.589585302,0.9027610120095441,11954.546150239321,25.0,58.333333333333336
1529,樂事綠能,電機機械,12,51.01857886885861,55.6573507595174,67.35278827391504,58.05237247373298,39348.801715807844,48085.03389804409,1.094212321871957,-9615.826718991839,41.66666666666667,75.0
1442,名軒,建材營造,12,51.40676426677522,45.320987783386286,46.336773215817445,53.71024134954936,142655.52723808034,180261.2538339826,0.39799965750464233,41515.597502226556,41.66666666666667,25.0
3188,鑫龍騰,建材營造,12,52.283519934122836,47.905925553230226,42.2042397173783,39.4360495210085,117455.3632280064,178424.96272820956,0.841839051292497,-96246.42430905388,50.0,66.66666666666666
2534,宏盛,建材營造,12,52.32328994814973,59.54725654251981,51.20520637705871,66.70481642068995,206723.7374342118,275841.42318094557,0.7732210555558217,-118718.94156083046,58.333333333333336,66.66666666666666
3555,博士旺,半導體業,12,52.57384696982646,69.53009628683589,55.56073371601569,61.112262897849355,12375.752142079726,17984.473047388336,1.5970124121406004,-11566.058130276617,83.33333333333334,25.0
3529,力旺,半導體業,12,52.91748344518603,53.69900483974398,53.859490525488,59.331305113702136,169735.16533928635,199350.9444197153,3.7652251224136974,-34689.28224917236,33.33333333333333,100.0
2542,興富發,建材營造,12,52.91976885801021,74.62925727392205,61.187669474338094,136.89829705540023,1358322.312544871,1954968.0872476683,0.6098050050181117,-574442.8272625961,33.33333333333333,66.66666666666666
4188,安克,生技醫療業,12,53.17558234690225,45.91641220505054,46.02867195207395,60.810208616176865,1348.7543332438865,1732.8178688096314,0.5369372120632983,497.324879343221,33.33333333333333,50.0
3712,永崴投控,電腦及週邊設備業,12,53.36257902843678,48.54276839669932,52.39206130681928,54.065571835427384,1434793.6809817103,2025012.1353930696,2.9449541938904873,-79264.07256910983,41.66666666666667,75.0
8478,東哥遊艇,運動休閒,12,53.37472175463297,68.27545676315073,60.22596412343573,57.05664317525548,232685.05345832184,257849.24610261573,1.4626927160403451,-61527.09706917796,58.333333333333336,41.66666666666667
8038,長園科,電子零組件業,12,53.47248366733086,76.42379997629037,57.498031607429745,73.22975963687927,26599.39683588012,31176.429558051914,1.4587194997340875,-17400.532442614876,66.66666666666666,58.333333333333336
1456,怡華,建材營造,12,53.51262500778121,55.06621532456569,41.73891196160211,89.90668054060279,36967.90376485463,51393.69449638583,0.35249657329249634,2312.380783401661,50.0,58.333333333333336
6228,全譜,電腦及週邊設備業,12,54.06607019418945,54.82622978055054,39.195564402424786,84.21070791049434,2310.0179041052393,3090.1523362227304,0.7205711840418957,-361.5623561719945,58.333333333333336,66.66666666666666
8277,商丞,半導體業,12,54.382012393494804,47.81876538824694,43.76194731368565,57.293230266539396,11048.657502955357,15416.620245901839,0.5553300481329991,468.9499284014955,41.66666666666667,58.333333333333336
6225,天瀚,電子工業,12,54.46245130902504,62.36451432043442,63.18154296738865,68.34950905614737,2473.0945285667362,3275.5370795119024,1.4160132356046429,-736.4896461098814,50.0,58.333333333333336
4934,太極,電子工業,12,54.55528530522968,43.80958704179896,49.88766125111468,61.79712285462136,4061.5046027610874,5181.185272934937,0.050164840973903245,2249.1833130106056,33.33333333333333,58.333333333333336
4946,辣椒,文化創意業,12,54.87476773383562,75.05639298722224,58.62235111212599,52.044229802966,16222.764772073157,18195.313315085325,1.7215630350023128,-16222.764772073157,100.0,66.66666666666666
3115,富榮綱,電子零組件業,12,55.60405160794335,108.26694782316231,42.705340345712074,53.88973111475058,204.4838997882117,255.44387190241883,0.01909613482859128,-14.12064031088635,41.66666666666667,25.0
1595,川寶,半導體業,12,57.35184873104975,60.41549655040811,56.54828282232523,78.7955637174667,34228.10904797052,37822.96393186029,0.7185382235796904,4380.717324293918,50.0,50.0
8171,天宇,綠能環保類,12,57.479584191585175,54.74799315289584,39.99085878680001,93.05576155488446,14777.809497042575,18045.623059135098,0.33080920738479475,3012.391380204035,41.66666666666667,58.333333333333336
2465,麗臺,電腦及週邊設備業,12,57.60991989761326,44.189206979320964,34.00047859471266,51.68540357055548,214020.2283121677,384727.58720755205,1.0219438236215892,-26660.76716272518,50.0,75.0
6020,大展證,金融業,7,58.04050097716402,48.06759156531462,41.26303200478382,58.38084713087556,21807.14285714286,31151.097050161356,1.3956255767901844,1217.142857142857,28.57142857142857,0.0
7715,裕山,綠能環保類,12,58.38790716517088,44.62720930473818,33.70981896066775,62.53183461666746,60292.666666666664,78789.9296134982,0.8321563016378425,25730.166666666668,33.33333333333333,8.333333333333332
4154,樂威科-KY,其他,12,58.61829554572636,48.85816400359668,30.885070424633888,60.689830775651146,1308.7022966379625,2077.837767989472,0.08666766721893508,-294.0743418934361,50.0,58.333333333333336
3073,天方能源,綠能環保類,12,58.901236061544004,48.911112900437594,31.711421227090785,51.96690524090782,4324.086992368099,6531.756713762431,1.0953895757354493,-991.1469498256033,66.66666666666666,58.333333333333336
3489,森寶,建材營造,12,59.32562815294897,53.05969862334826,28.96168904162947,609.0873134760578,35549.15233983355,56978.74151116648,0.4185869623641323,22596.675434478046,50.0,50.0
6640,均華,半導體業,12,59.40118395942964,57.93639123225621,46.008108794037284,70.5278189207988,133191.90872513803,147284.299729794,2.106805381206154,14100.508463235892,50.0,41.66666666666667
3055,蔚華科,電子工業,12,59.589985685285264,58.42025283996016,48.60547868941815,90.82432715265033,22803.64743043794,33704.26273250811,0.2134225847315272,-1415.8246562633049,50.0,66.66666666666666
7711,永擎,電腦及週邊設備業,3,60.51662911505187,55.8025937578248,68.59649559447222,64.36780102639149,1485678.0,1492109.3859046213,1.1540253100854327,405378.6666666667,33.33333333333333,0.0
5205,中茂,綠能環保類,12,61.0989240804191,54.87269436842238,25.47862505702169,97.49585394080023,1250.134902455442,2212.981813399627,0.9807803483120606,-188.39233184317126,41.66666666666667,83.33333333333334
2208,台船,航運業,12,62.34167908346492,47.93915015291174,31.622638305061635,51.029944674050554,1131514.2034577013,2198699.6104059382,1.8360112608398718,-426189.8660104538,50.0,50.0
7795,長廣,電子零組件業,1,62.622036646846624,91.16751350559194,62.622036646846624,62.622036646846624,227065.0,227065.0,,-227065.0,100.0,0.0
4609,唐鋒,居家生活類,12,62.7727458442372,58.680010020626895,41.48486919151537,78.5847194454052,8590.241026297714,13765.562812815646,0.42453030835836997,-640.471796631938,58.333333333333336,58.333333333333336
6994,富威電力,綠能環保,12,63.115799455637585,50.17714313876843,27.43862972465928,41.40301847667956,262459.5833333333,520146.97410179174,2.8281799742554874,-219478.08333333334,58.333333333333336,0.0
2596,綠意,建材營造,12,63.80302908223982,61.966990883730176,44.00000638847392,71.25486608837689,70712.36543993738,126995.21076257843,0.773702190592053,-50586.88231065077,50.0,66.66666666666666
7792,安葆,其他電子類,1,63.887682606958606,93.8749465597223,63.887682606958606,63.887682606958606,588472.0,588472.0,,-588472.0,100.0,0.0
2924,宏太-KY,居家生活類,12,63.92085720669862,54.18278510809517,56.91015980830565,69.90187388933306,3592.0858381114344,4700.91952883188,0.33243307554270335,352.41203577246733,58.333333333333336,50.0
4744,皇將,生技醫療業,12,64.39232277547485,63.33147159027094,57.67244023401052,92.0219802268507,78205.17359431095,99365.68412552742,2.501350575266303,-20071.147625688867,58.333333333333336,83.33333333333334
4142,國光生,生技醫療業,12,64.44248823584648,84.86338883412728,76.48422394332827,121.61950147579348,75263.45605211571,131423.14905793077,0.6755260407899094,-31610.935073375498,58.333333333333336,66.66666666666666
8034,榮群,通信網路業,12,64.63056445626896,69.00289876547237,49.940084824249354,165.58551756206913,26321.120527637813,33298.54136936417,0.7450969963347515,-5224.09475706995,58.333333333333336,75.0
6637,醫影,生技醫療業,12,64.7471685909259,47.57905432727432,32.27878602889195,41.618122106724904,62830.05888492241,142667.92652831742,2.061688049694314,-40008.54666883393,33.33333333333333,41.66666666666667
9902,台火,其他,12,64.78136101253386,100.92860809473383,83.8443064504712,151.6532097168098,20433.876735248537,28314.642727671104,0.8004045896719315,-11540.791301372488,58.333333333333336,58.333333333333336
3609,三一東林,電子零組件業,12,65.59762958240103,62.64013290435388,47.11950097256457,71.42111934264,36363.28065332555,58542.48918233029,1.6165777307567073,-13142.847093789993,66.66666666666666,58.333333333333336
6806,森崴能源,綠能環保,12,65.75963869652884,58.93004047217164,48.18406372244189,79.32556275050736,1397676.787538299,2032091.8645892164,3.107296354992885,-84450.00926694478,33.33333333333333,75.0
2905,三商,貿易百貨,10,65.915145007307,91.59203160990081,65.73798213269018,278.45965632144123,9908317.6,11164893.703166027,1.2116735483606802,-1180710.4,40.0,0.0
5522,遠雄,建材營造,12,66.31479927688265,99.74566005419057,79.73014053340279,355.38352680043965,1721607.7880990494,2794826.5706729405,1.4015907983582696,-1196160.6677474433,50.0,58.333333333333336
3523,迎輝,光電業,12,67.22508284004834,51.92069258247455,37.80369049321302,68.56809572619234,5973.004631240662,10714.315175504484,0.5641549911149358,-1438.6364468456206,50.0,83.33333333333334
4174,浩鼎,生技醫療業,12,67.61708742000732,77.25423936764906,65.6589086169156,96.84510397241479,3300.559079689108,3978.890838824115,0.5373802030306005,-561.812543156922,41.66666666666667,66.66666666666666
6901,鑽石投資,其他,1,67.98523793627834,102.99641778464563,67.98523793627834,67.98523793627834,73318.0,73318.0,,-73318.0,100.0,0.0
1618,合機,電器電纜,12,68.0680907216677,64.67086281279612,53.760215343838034,93.58369823192702,273151.63244856795,325994.3648530697,1.858110044530686,48610.40422102475,41.66666666666667,58.333333333333336
2424,隴華,電子工業,12,68.31964081877902,63.81243183859399,40.07758588547012,89.49947247911525,10613.513134231334,16089.22407097729,1.7874233191568483,-2598.0847067649374,58.333333333333336,66.66666666666666
3018,隆銘綠能,電子工業,12,68.32986663936269,60.14260180425388,54.490377165378355,87.76252838331891,26086.122362242895,32261.014279790306,0.5414572538973862,9364.899931753522,33.33333333333333,58.333333333333336
2258,鴻華先進-創,汽車工業,12,69.15755163250938,57.62663266867606,67.95676267343977,75.7973961610149,238966.60049192174,309658.1074760993,1.2095255385443664,88879.7082724758,33.33333333333333,41.66666666666667
3664,安瑞-KY,通信網路業,12,69.66519433555803,73.03123489899262,69.83370930257655,91.47440534542812,49261.36194691673,67634.67523813919,3.3919690139951815,-25108.077785699777,41.66666666666667,83.33333333333334
2538,基泰,建材營造,12,69.84130853912666,51.45724154369788,57.186052841187205,80.72621668233677,17382.10486921784,22944.832033684677,0.5271442046911147,13237.970155431387,25.0,58.333333333333336
5508,永信建,建材營造,12,69.94186768846684,65.17992832288103,73.86603433938188,106.14999527455895,147679.63080415942,170304.20609814124,0.39755436598590327,54254.402845330864,41.66666666666667,50.0
6186,新潤,建材營造,12,70.39164710127989,99.33999745777983,91.43854666986287,443.34416852095126,554607.9857700971,836204.5990366973,1.3011347831945002,-158290.93637798028,41.66666666666667,75.0
3535,晶彩科,電子工業,12,71.06160266061991,92.12476213174055,66.57449409956801,176.89399140673856,27232.04971759611,35594.50173800086,0.39325344651034944,-14494.015583958515,58.333333333333336,75.0
5533,皇鼎,建材營造,12,71.21479445962316,59.113147871715995,49.85056036198722,87.87653060074169,69108.3795308316,92416.32572350281,0.20516104818880512,19750.128742894463,50.0,33.33333333333333
1463,強盛新,紡織纖維,12,71.76150615309236,54.902860527656614,41.50499202460522,86.37062904331646,48563.104257727064,108398.4054926876,2.1987357536166314,-18978.98214358256,50.0,66.66666666666666
6872,浩宇生醫,生技醫療業,12,72.5555661547267,54.31114447768345,43.70430463877293,78.48983608494257,633.8333333333334,926.6727218027589,1.4588545795391006,94.0,50.0,8.333333333333332
2524,京城,建材營造,12,74.207853252898,60.892905604922866,81.14359153723002,98.00937317720769,227265.38465941823,272879.218066237,0.6876661012919509,142488.3177461078,25.0,58.333333333333336
8059,凱碩,通信網路業,12,74.30557277025083,97.6993151657215,67.57666543744594,63.23990905409258,473692.76309894444,600168.6161089044,4.798455934482793,-470605.79492243304,91.66666666666666,58.333333333333336
5213,亞昕,建材營造,12,75.0520702140044,84.59322478503766,75.21126003701346,133.81594698760622,1127662.2958933718,2120846.5114932624,2.044106627012462,-967212.1059117321,66.66666666666666,75.0
2724,藝舍-KY,其他,12,75.83594567238609,54.83650794493792,44.51788865484061,94.85801596351146,10686.359087802894,16618.060062310407,0.6687938446766603,5000.601240174111,41.66666666666667,58.333333333333336
6596,寬宏藝術,文化創意業,12,76.10265487174604,85.16306759808433,76.77583912978905,104.10612320145354,195924.95317084994,255088.12690019043,2.0337129772263807,-55563.3811772273,50.0,50.0
6794,向榮生技,生技醫療業,12,76.2574257871763,71.8247817348991,63.4689517914103,102.33255346356287,1912.9810737261403,2501.689732878536,0.9968649932493622,21.423390528636578,50.0,58.333333333333336
1591,駿吉-KY,電機機械,12,76.34081706595993,67.76118557266516,43.20266676036742,135.97643140794037,7971.2536486373165,10389.770328194452,0.3359689615754236,519.8829705740039,66.66666666666666,66.66666666666666
6885,全福生技,生技醫療業,12,76.92167577413478,65.71749899901444,7.041325508662193,47.24779764984589,351.9166666666667,556.4064012332473,2.853929297962177,-223.58333333333334,58.333333333333336,25.0
6541,泰福-KY,生技醫療業,12,77.37643356871298,103.75691937535814,72.01432720662032,65.17366763423712,25854.754953733674,39875.804490404844,6.66279078234331,-24203.296816568505,75.0,50.0
8097,常珵,通信網路業,12,77.47799073782524,91.84459354178128,79.98970445545086,112.41339043896976,18293.13469813107,22334.601584622345,0.32277475430977703,-4815.927787026664,58.333333333333336,25.0
6101,寬魚國際,文化創意業,12,77.61126400920826,87.4575227081472,72.04936935365852,217.8005077900092,64208.05741903136,73247.83885522312,2.155018045938019,-20161.34432656452,58.333333333333336,66.66666666666666
2923,鼎固-KY,建材營造,12,77.80258514673363,53.55702484766377,34.253124433235236,66.37652518460257,379934.46625033394,820340.4999765627,0.5082946065741422,-135826.51087176462,58.333333333333336,50.0
4162,智擎,生技醫療業,12,79.85634216917319,70.98209568284433,69.8255909639002,146.5322779636783,60651.95662871596,86973.23340043849,0.9718535801958387,4139.0615403734955,33.33333333333333,75.0
5324,士開,建材營造,12,80.00048747555093,55.769118928165454,42.654489811565234,93.3821853285543,77232.53727596976,107189.70969407461,1.2945950051950905,26504.956780068926,33.33333333333333,58.333333333333336
5519,隆大,建材營造,12,80.4673094413924,68.4848222502037,69.27451274829053,89.3674569927859,370242.22789235384,540888.3407409389,1.2293320380512884,-41041.289488247916,33.33333333333333,50.0
2545,皇翔,建材營造,12,80.67206198718395,82.13445934450809,85.5588668458698,136.0197192477857,408497.77575013693,561572.9463746207,0.8202649910429032,28600.56404626476,33.33333333333333,50.0
2509,全坤建,建材營造,12,82.75510532808367,36.24314575187519,14.645322548242762,89.03377893337739,18226.674023334883,38083.95747566321,0.26841508225475236,14808.761864069666,50.0,58.333333333333336
6423,億而得,半導體業,12,83.19670882203671,75.37412675642841,76.2474395638988,118.87042793241427,15943.123972748266,23112.602542345656,0.647400668398517,-2654.8741213010803,41.66666666666667,66.66666666666666
6026,福邦證,金融業,9,84.06816118062217,85.42734648702144,74.83947208170795,186.34823944722194,109348.11111111111,126401.23793214123,1.0973738933866408,6661.222222222223,44.44444444444444,0.0
6576,逸達,生技醫療業,12,85.04556282950345,77.9278668663371,46.21718341047462,152.51394717544562,30564.950053109395,46464.391733231954,1.03597044139655,-9989.678427508094,58.333333333333336,75.0
6148,驊宏資,資訊服務業,12,85.56906415235942,86.89065234807632,83.1846158465045,95.77750982259428,64455.254110532034,76139.80765071674,1.5572709032293375,-7526.386578383947,58.333333333333336,50.0
8409,商之器,生技醫療業,12,85.94634883282473,53.51097023883427,19.680811143100986,132.94366379130545,18128.018761691474,32548.884954703895,1.4503135703684158,437.09153208844936,66.66666666666666,58.333333333333336
7740,熙特爾-創,綠能環保,8,86.6875822011388,77.28637402184452,65.71102448973069,74.68031332484723,424550.375,822325.8707075164,5.514498048399781,-311453.875,75.0,0.0
2536,宏普,建材營造,12,87.1407170089386,94.59365515777817,74.45401986202918,72.24649296233139,759600.0386375763,1158106.805126328,3.1250062230992994,-443637.29191303323,83.33333333333334,58.333333333333336
4950,金耘國際,鋼鐵工業,12,87.15415051511066,157.98177563268754,86.77874730085433,87.5276015103985,73834.3816918863,74202.07849944774,3.5359207815696467,-73834.3816918863,100.0,50.0
1439,雋揚,建材營造,12,89.65909060253335,110.38255025327013,79.81995123296198,134.1986187449815,60749.11456501716,95169.54331797837,2.7347192941573937,-50812.50949626872,58.333333333333336,66.66666666666666
2537,聯上發,建材營造,12,89.70664101090665,134.55269335651067,98.5976908425183,3864.7702016793537,93866.56222118491,196908.24518324193,0.4913371621242633,-47256.80570971268,50.0,66.66666666666666
3313,斐成,建材營造,12,89.72660115354151,82.17955044452538,87.29936466558755,133.74380261320837,851.5802171147369,1422.0387862584419,0.1233983771740132,-207.40073450263972,33.33333333333333,50.0
2527,宏璟,建材營造,10,89.94623387175302,73.15032549066738,76.73785990045077,121.72660087213475,52316.59730786805,63023.63291231241,1.5301518965869794,19897.27445891407,20.0,20.0
6983,華洋精機,其他電子類,12,91.55764529853457,92.1632153656676,88.66802118356667,205.97363019085998,23825.20675762241,30998.400295488012,1.0783356655812155,-728.1008964995211,58.333333333333336,58.333333333333336
8291,尚茂,電子零組件業,12,92.97108712145229,77.16670173568207,82.19400488120743,113.11425965039557,223.36303680928913,295.7025354795828,0.03255820822021603,24.017759468250365,25.0,66.66666666666666
4157,太景*-KY,生技醫療業,12,95.53134253769292,53.18509695100444,26.361174163029744,83.27416601051134,20656.58297802111,63873.75531955362,0.5038449849099874,-16781.48505373699,58.333333333333336,66.66666666666666
1418,東華,紡織纖維,12,95.55973672587979,93.36406815370138,72.01787565551217,589.2471938487485,424.4444972907827,559.0752809117722,0.10409561319370779,86.72206488490558,33.33333333333333,66.66666666666666
5529,鉅陞,建材營造,12,96.13769011633701,48.79103449562116,22.06307472359687,42.79325252257251,77906.9397100925,259190.72662083645,2.661036146486679,-76151.69857147786,50.0,83.33333333333334
1805,寶徠,建材營造,12,96.30150361080464,120.79668067620067,76.44574937765532,1141.6247803054316,22872.81087636124,54595.87868049644,0.6468710737760631,-20071.482796429085,50.0,75.0
2442,新美齊,建材營造,12,97.03693850044259,85.63294411774861,82.7195104415084,137.9229829167116,868198.0603596941,2816730.361204345,4.796390809397695,-813078.0294165029,50.0,75.0
3466,德晉,通信網路業,12,97.06680499496721,61.61950489808893,30.245482088248522,184.44383915400755,6204.267508265817,12915.493940419972,0.09911895135980571,4416.237622560834,50.0,75.0
3629,地心引力,文化創意業,12,97.56159506771166,132.378694543435,95.78281923559436,78.87962590987739,1251.95916870641,3117.1263092813974,0.05637335298337893,-1248.6671833950802,66.66666666666666,50.0
5531,鄉林,建材營造,12,97.70479530599613,63.79495624399244,44.04641429793035,157.0530756556135,87335.05969751974,134119.73823453163,0.3266860967998509,37091.40262290383,58.333333333333336,58.333333333333336
4416,三圓,建材營造,12,99.36022550348692,84.18401871017926,53.964074409036954,160.87123162320788,120491.16466131348,228248.19055989763,11.72417634069331,-96852.93679897278,41.66666666666667,83.33333333333334
1438,三地開發,建材營造,12,99.43815457764268,181.4585288259013,99.87633785534038,95.582103027033,104337.55531881195,212452.9460844281,1.5649901784699773,-101933.06439320715,41.66666666666667,66.66666666666666
1808,潤隆,建材營造,12,100.81506285889172,140.61261424960955,575.0170488523305,1707.5638935419515,545733.5264811432,1282553.388654051,0.449637011257237,-472297.34188466595,25.0,66.66666666666666
3512,皇龍,建材營造,12,101.08747387838352,120.60654181118757,89.15377618072986,743.4969034046102,120751.85169282234,169073.9279863393,0.7705456513057846,-65.35762410647779,50.0,25.0
6219,富旺,建材營造,10,101.43983687529507,79.58425081773954,20.532203165790953,325.181320628752,280983.9862315817,850205.7031835009,238.8625373586437,-263894.41376841825,50.0,10.0
2548,華固,建材營造,12,101.47110438703275,111.11280065998457,90.06369306065949,219.80091954034086,1542251.0287716526,3389468.492855111,1.083913640026426,-1155447.1662646483,66.66666666666666,58.333333333333336
5455,昇益,建材營造,12,101.52084085112965,125.48088322438615,92.51243140606744,4856.502926450552,172948.62025506533,495129.9315151173,0.936192944001987,-117084.49218595818,50.0,58.333333333333336
6264,富裔,建材營造,12,103.87702704939443,86.90638711315853,88.27827843892689,169.87177615330384,10001.626421072528,18160.197320802956,0.29061829862577265,-1707.8792691283197,41.66666666666667,50.0
6785,昱展新藥,生技醫療業,12,104.7610136944043,200.0,100.0,100.0,240.3392255839125,485.3964752812889,0.005348602398322098,-218.4941077494208,25.0,66.66666666666666
6177,達麗,建材營造,12,106.16281246670374,89.65947525498525,92.81933333701316,140.27786795198784,843204.1539095008,1784620.6046952256,0.7699729481604868,-365019.29081070004,41.66666666666667,58.333333333333336
4168,醣聯,生技醫療業,12,107.27875702505835,173.75520709741187,99.11091729010107,173.22588407351728,3384.7341831047784,6137.668416128575,2.3698090681388155,-2769.0701136417088,41.66666666666667,75.0
2505,國揚,建材營造,12,107.5142407189212,174.2061875085163,99.21484670084001,3079.841540888179,390772.2448641976,603352.6588399651,1.5115403639460954,-291951.63594721764,58.333333333333336,66.66666666666666
9946,三發地產,建材營造,12,108.03076888715451,117.29966437328447,192.63502801276266,634.6537631488593,160941.89882142356,471962.31717965804,1.0406799925025894,-117107.21545410156,33.33333333333333,75.0
3521,台鋼建設,建材營造,12,108.91041131642439,125.31033862634995,96.40502966884912,824.8797743508062,22399.785812801198,52550.229273745,0.7362642966115339,-15563.163879579304,41.66666666666667,83.33333333333334
6875,國邑*,生技醫療業,12,110.00193608749737,192.30400037546065,100.0,174.5189407745914,6166.341863944811,14145.301524418752,0.41720763648942105,-4693.543422763961,25.0,66.66666666666666
5525,順天,建材營造,12,110.28758274214032,90.76073396832189,79.97493039017516,220.65762961485288,210773.9999123056,460343.9625190652,0.5989514619903564,-90984.76074828937,41.66666666666667,25.0
2718,全心投控,建材營造,12,110.84800881957115,131.76706614629228,97.51211752787853,321.5010774906192,279135.9778359931,482988.1747512569,1.9328058677008302,4022.25350488167,50.0,58.333333333333336
2528,皇普,建材營造,12,112.18642072235225,182.922446740696,98.4463373156458,259.830328510857,1147713.0804221598,1354433.4767360047,1.702842474698893,-805602.7378034475,91.66666666666666,66.66666666666666
9906,欣巴巴,建材營造,12,113.4070260177039,148.83642165246275,290.14964803967206,47337.94403072106,122501.04092820856,181613.7811349917,0.543468523835259,-7145.970455875475,41.66666666666667,58.333333333333336
1436,華友聯,建材營造,12,114.80451782322032,110.06286194012564,90.94161969890129,201.31053841353892,372245.2300438182,533206.4413788583,1.2070387568761702,48102.72091069943,50.0,33.33333333333333
1446,宏和,紡織纖維,12,114.96012427646222,109.92745947510916,138.12232651223215,446.1062311560132,97691.19760806633,118668.7255445734,1.0868558673941309,19093.286817358436,41.66666666666667,41.66666666666667
6550,北極星藥業-KY,生技醫療業,10,116.31099731066297,88.94163071794082,74.92889624066908,788.1437639335724,4316.301110198702,6280.291130287918,1.8258041811259886,1233.5984103050237,40.0,20.0
2539,櫻花建,建材營造,12,119.672594894993,132.71615070340334,95.0367699869425,168.15426333842137,1396504.3870527588,1890453.75348901,1.9007299664717383,-368798.3888392513,66.66666666666666,41.66666666666667
6461,益得,生技醫療業,12,121.746982063684,133.19637652625792,96.49063146524246,608.5473728068703,10909.23978363479,20685.132031567042,4.656737169738149,-4297.211300185903,50.0,33.33333333333333
8089,康全電訊,通信網路業,12,121.9779507225675,78.85764769828042,100.87884991029156,144.89996043667546,83215.79754195,104823.31738554584,0.7531494831702958,50379.159945145984,8.333333333333332,75.0
3308,聯德,電子工業,12,122.63801227512761,91.06577745790975,95.90982219066764,134.93749655125276,819.835112059228,1029.9136964379063,0.03374184279021085,417.53170386932806,33.33333333333333,66.66666666666666
3056,富華新,建材營造,12,123.06866199472427,71.67546353754922,57.13256841205207,201.55230395668178,415811.2678238282,924862.1484424772,0.5298292361013998,-95998.47559301819,33.33333333333333,83.33333333333334
6212,理銘,建材營造,12,124.45193890934421,136.67491171710085,93.77885853333667,110.61275245381319,175749.8873183359,276733.6453690636,0.4814900236225088,31511.777996562374,75.0,58.333333333333336
6535,順藥,生技醫療業,12,127.62934627480801,140.46505938357274,170.03163161613693,2004.7130551574949,3944.9167355657537,5420.802051439188,0.9616863967258106,-1150.1337714101064,50.0,66.66666666666666
3631,晟楠,電子零組件業,12,127.94216438967298,91.9289322728947,88.1032467247514,275.7173051403191,3154.733918438362,4419.811556347554,0.33965592561732466,1144.3959085453337,41.66666666666667,83.33333333333334
3266,昇陽,建材營造,12,132.08135465282197,63.59383167676022,49.208587491228016,174.52556295339593,157780.97416659925,293622.1827268955,0.5724420409149956,122137.1804325201,33.33333333333333,50.0
8087,麗升能源,綠能環保類,12,132.99458360104606,86.31988340328851,91.38053251604336,242.0970142628764,27873.00483110723,39711.846330562774,1.4169108076689627,13508.578169912651,41.66666666666667,50.0
4907,富宇,建材營造,12,134.29739719019327,119.54778189561735,98.04557056138586,884637.5008692738,195511.49380345526,283546.54482854565,0.8125548263818031,11295.122377715894,41.66666666666667,58.333333333333336
2530,華建,建材營造,12,136.44154330183514,113.9462919145932,149.9523698254562,692.5443108944875,720766.8925552769,1242881.2851813214,3.145689164171809,-152529.64423557263,16.666666666666664,66.66666666666666
6171,大城地產,建材營造,12,137.72059932988583,176.16799134391343,1268.8577757799992,11888.727437512365,134947.25076088027,271660.9080067278,0.7408571682551854,-42724.41211480827,33.33333333333333,58.333333333333336
6198,瑞築,建材營造,12,146.4636681600898,65.55052863252637,33.33333333333333,136.03002096269466,28.682468348017583,58.59232425591301,0.003241307140239923,22.393112786199413,33.33333333333333,41.66666666666667
7803,雲象科技-創,生技醫療業,12,147.40380695861262,127.29397428495304,107.06720264884102,1947.5796808849427,23806.083333333332,30540.060784975525,0.9333730680283612,3659.75,41.66666666666667,16.666666666666664
5206,坤悅,建材營造,10,147.83089878718246,187.02642929107122,100.0,313.6848031970712,558536.4757685182,839444.6301862467,1.9030997349917012,-110948.81802157075,50.0,20.0
2888,新光金,金融保險,2,159.33342129896425,86.93268929224074,154.20316582599202,154.20316582599202,5898847.5,6541081.281604938,0.3521109085095337,5898847.5,0.0,0.0
6919,康霈*,化學生技醫療,12,164.03759372765344,181.70466190873614,100.0,104.28859348558257,5199.581627182295,7520.544236325862,0.8914218527092254,-199.18084922133446,25.0,58.333333333333336
1516,川飛,其他,12,165.39210829445204,132.21990675529432,107.40612276776322,192.8241093285829,10862.678019265786,12262.527485322278,0.13867460635578557,4815.263872196765,33.33333333333333,33.33333333333333
5310,天剛,資訊服務業,12,173.77185205624534,153.98204880927386,94.43265296349406,932.0302602510294,118.59928902838743,132.1458221754652,0.020530971671128773,21.06109929674192,41.66666666666667,58.333333333333336
6838,台新藥,生技醫療業,12,174.8043469747151,196.67806303778826,100.0,98.22082540168685,1383.1393954374332,2242.2650076257623,0.8584698922729793,-188.55508416881153,33.33333333333333,50.0
4909,新復興,通信網路業,12,183.70193977350448,89.9204046948027,152.1579621953978,177.49826625490826,45401.322075222386,60125.5050093517,0.8137660247741691,45401.322075222386,0.0,33.33333333333333
4113,聯上,建材營造,12,207.15497773192038,150.4722680455295,301.2665008234786,46160.109782718784,105333.81781883065,169164.4607100509,0.6554295285903026,90776.63860581677,33.33333333333333,41.66666666666667
5523,豐謙,建材營造,12,336.3909425387702,84.89055906594696,93.43092189321396,377.1918527964152,1471.1497220362216,2676.6501727935697,0.006853436811478157,1281.385528813591,41.66666666666667,33.33333333333333
6934,心誠鎂,生技醫療業,1,528.0305045668174,145.05724725943972,528.0305045668174,528.0305045668174,59546.0,59546.0,,59546.0,0.0,0.0
5514,三豐,建材營造,12,619.2516780225753,34.52431820347237,4.243695140905886,619.4456781880338,2982.7289158087383,7272.125975305458,0.06551278225008778,2972.103500032384,33.33333333333333,50.0
6405,悅城,電子工業,12,874.8398407879922,152.89086767208875,1006.5299470462323,1078.4308181446415,579.5813945220448,661.6372699474408,0.046617752730028696,579.5813945220448,0.0,41.66666666666667
