stock_id,stock_name,industry_category,observations,WMAPE,SMAPE,MedianAPE,MAPE,MAE,RMSE,MASE,Bias,UnderestimateRate,DirectionAccuracy
1475,業旺,紡織纖維,12,15.015725221722557,13.914139612921298,10.404988041727288,15.206400708031492,18396.80355679347,25761.126092484832,0.5490168643028862,8566.807590582986,41.66666666666667,58.333333333333336
8083,瑞穎,電機機械,12,15.019940033221191,14.979219488379393,12.515993903707507,15.375725060844431,17915.496589442268,22705.217270334164,0.3975506717896739,-3625.613471968742,66.66666666666666,58.333333333333336
8446,華研,文化創意業,12,15.02005933813033,14.461492385776367,12.93109518486671,14.93850441825064,13579.297696268526,17771.57176976957,0.5368189393782137,1198.7650185162577,58.333333333333336,58.333333333333336
4906,正文,電子工業,12,15.04455896488179,14.368305892770419,11.806849900588388,14.834743829532258,206796.53985620904,256852.5045395013,0.42296658955243904,95638.33425631402,25.0,50.0
6862,三集瑞-KY,電子零組件業,12,15.065165827514562,13.898889134060946,13.254641823367109,14.6439542908971,28444.514490320533,35710.19962451392,1.034618918009523,8394.867248769317,41.66666666666667,33.33333333333333
1524,耿鼎,汽車工業,12,15.067781448094482,14.65235766195098,11.454604963585592,16.357571611718896,33024.94811019103,44802.075342750584,0.8759417908922048,13762.507943483213,50.0,83.33333333333334
1473,台南,紡織纖維,12,15.078541471692677,16.268433051868293,13.146713668938641,17.142240436043853,83899.22883336512,97459.28077623904,0.6813565421503848,26327.34595345575,25.0,66.66666666666666
1452,宏益,紡織纖維,12,15.079166117971193,14.014453910343752,9.281001182366715,15.289050289619452,17041.40543893102,21882.89273256921,0.34933918677977654,8732.527262294547,33.33333333333333,66.66666666666666
6426,統新,通信網路業,12,15.095117049100711,16.613818536275,12.665217989120336,15.558756326693354,6130.0012409977235,7661.790456664735,0.41487303334557296,-1264.1721631979344,50.0,66.66666666666666
3450,聯鈞,半導體業,12,15.102441999744636,13.95805241579447,6.376230102770912,15.839240638732246,108040.2774802965,166241.98492126967,0.9301108820490476,37427.20113764415,33.33333333333333,66.66666666666666
2382,廣達,電腦及週邊設備業,12,15.129025259244916,14.792583620824987,12.854080711357078,14.513141536376557,26774459.405379057,34316042.88378539,1.1645291059707519,-7808330.628518026,66.66666666666666,50.0
8466,美吉吉-KY,其他,12,15.144452892459928,14.68489602505176,13.474650245627211,15.370184147354715,39920.29825018277,50482.94635539899,0.48663380717691135,21013.554305637062,33.33333333333333,50.0
2743,山富,觀光餐旅,12,15.176353911684853,14.931500652646621,10.606476865287517,14.866122713850627,84971.91232002137,109132.19600742003,0.4366928326694175,-11366.031799303231,58.333333333333336,75.0
6952,大武山,其他,12,15.18067595323887,17.805843765771133,11.189426519596728,16.231131411415248,22251.96131789048,29821.741171266247,1.9288238840091871,-14501.644564093578,66.66666666666666,41.66666666666667
6477,安集,電子工業,12,15.185339355264022,17.01471902730861,12.658776067802194,17.267261972163926,10828.412405249519,13640.150918741096,0.09582442219036615,-2841.869377963225,66.66666666666666,75.0
6472,保瑞,化學生技醫療,12,15.208542888843818,13.817154777163354,7.478731942217938,15.986197677894129,250579.53931795535,379092.6262385904,0.53524489401716,160837.0656654781,33.33333333333333,58.333333333333336
3232,昱捷,電子通路業,12,15.219497190205264,14.874166054794893,13.122673516776523,15.639176112962794,11320.731277904706,13212.248205203561,0.3680735165334496,1843.961973298232,58.333333333333336,75.0
9931,欣高,油電燃氣業,12,15.220485834331166,14.373482694344858,9.180270432726564,15.236062719147164,19889.661589990745,27609.965900345607,0.8702752129200008,4251.742555255118,58.333333333333336,58.333333333333336
3374,精材,半導體業,12,15.288590550363127,15.912284008987992,13.862169793162032,16.611792847334375,92222.62557114854,113076.41188201692,0.7103351788464543,-8857.926612272839,75.0,41.66666666666667
6733,博晟生醫,生技醫療業,12,15.304449270583733,14.44093238616765,6.8436407563056925,15.368369209395846,2835.6211145614798,3796.997903445119,0.7867927386187841,639.2577901554602,50.0,66.66666666666666
6220,岳豐,電子零組件業,12,15.320378976416581,15.42252463236685,11.689230449233262,15.640425080257256,106666.69595428016,126201.46914412682,0.7905239588522915,-9630.05788663216,58.333333333333336,25.0
2349,錸德,電子工業,12,15.330968221020255,15.59850453637516,12.655927660064531,15.441343013217534,95788.11940945788,121073.63938789167,1.2435549803676467,-16187.89154196276,58.333333333333336,66.66666666666666
6568,宏觀,半導體業,12,15.341068653171645,15.694482596573508,15.126685232341133,16.353454129164756,14539.344405356895,17315.9828454812,0.5820560186258695,298.8898148711839,50.0,83.33333333333334
5521,工信,建材營造,12,15.398300139244379,15.849469826424519,14.575409378356301,15.727660920197032,115979.8811615376,136876.31376226354,0.45954208043877304,6551.832039014892,33.33333333333333,58.333333333333336
5011,久陽,鋼鐵工業,12,15.401632195975026,16.042890848716134,11.551483385910494,15.417370873055699,64975.07110025579,85913.03863167133,0.5647008821900089,-4775.7614350818185,33.33333333333333,50.0
4736,泰博,生技醫療業,12,15.40227222124515,15.488598948545365,14.321147898842101,16.08039000681884,53960.64138058154,60519.58656641684,0.25882017528308576,6376.3586226435045,41.66666666666667,66.66666666666666
9928,中視,其他,12,15.414647234320055,15.192235898728176,14.915961330345995,14.601002637719004,11302.700165789647,14605.11153804181,1.271897781400085,-5123.72255410579,50.0,66.66666666666666
3032,偉訓,電子零組件業,12,15.43400501625147,16.193820219649652,13.366108761360465,14.946554191932337,143243.33495927192,185933.65596483494,0.8676402446414784,-45279.20811886325,41.66666666666667,66.66666666666666
8996,高力,電機機械,12,15.437081896479432,16.56275296433039,12.81939899334376,15.668277724709483,84654.68015071347,101895.96053082097,1.1323844393249576,-53464.02393521481,75.0,41.66666666666667
1531,高林股,電機機械,12,15.453670545624451,14.13313009919446,10.560248640550848,15.108647083271512,19205.628583220245,23626.442512751106,0.29338219740966004,6774.3439567834785,50.0,50.0
3508,位速,其他電子類,12,15.505753284992648,16.47429219880819,15.894946748793037,16.997715810013037,10697.961892681402,12194.662447183011,0.43371219794165405,-578.3354261805792,41.66666666666667,66.66666666666666
1512,瑞利,汽車工業,12,15.52821913925392,14.877984002526576,8.003929905723805,14.97023225303379,14852.120477930805,20995.460509576635,0.4164595798880583,-3233.270561212236,58.333333333333336,100.0
5245,智晶,光電業,12,15.550979210331798,14.560319309380034,12.470966270859272,15.692315631361407,10053.435917343326,12799.655919632465,0.543399488267858,2016.0226671190267,58.333333333333336,25.0
1727,中華化,化學生技醫療,12,15.586996469513705,15.524649878344313,19.816209753447936,15.52492945771489,25579.27436124251,29662.763978811407,0.6960359482738032,-18.96314171270448,41.66666666666667,33.33333333333333
6585,鼎基,其他,12,15.599174420123575,15.608863827075684,12.515062793503503,16.30694161787684,37042.78752573871,43646.510032686405,0.9906265299557244,1205.3443439329324,58.333333333333336,50.0
2305,全友,電腦及週邊設備業,12,15.606202505045516,15.929331842282455,16.602481398131612,15.718136450653075,9706.862880606997,10899.942499725583,0.8643828509660301,-1903.621689331956,58.333333333333336,50.0
8383,千附,半導體業,12,15.610215115635862,14.773595747383098,13.919720249115214,15.19928963830082,43686.63094600515,49675.397367884885,0.6142912520919631,10574.113175104225,41.66666666666667,58.333333333333336
3416,融程電,電腦及週邊設備業,12,15.62135803773946,15.929803921521824,15.037476834252919,15.6970924423073,47392.81802940077,55834.73012342654,1.1456434398206643,-2964.4058802179766,33.33333333333333,66.66666666666666
6494,九齊,半導體業,12,15.628537840786565,14.92534375522277,12.68680708298623,15.655105860486628,15463.487457406327,20938.588719482697,0.32745068142367223,1039.5627021417142,58.333333333333336,50.0
4173,久裕,生技醫療業,12,15.630956411597321,15.502780591744477,14.267644854881233,15.00831742234355,20150.89494815387,25270.14001952082,1.0585572328043804,-4833.5696692760475,58.333333333333336,66.66666666666666
5355,佳總,電子零組件業,12,15.664310854831934,16.153824009906028,13.558998373636765,15.605581410524074,6033.318183216584,7264.807807414787,0.529255137413601,-845.7214699595133,50.0,41.66666666666667
6670,復盛應用,運動休閒,12,15.689447680565818,15.879570911863757,13.200075565204553,16.865843251263893,390201.07453188003,475631.92628662306,0.6399703478729895,21269.891648381716,50.0,91.66666666666666
5278,尚凡*,數位雲端類,12,15.722566094772757,15.01130380583144,10.288336731820102,14.925504099160522,34493.908083121314,45106.06114519295,1.3235707150974536,-2823.2223873526723,41.66666666666667,50.0
2104,國際中橡,橡膠工業,12,15.7228598515556,15.313028683207994,16.63795995759283,15.602353424083054,200916.56927773435,225660.2214343925,0.4206425827537492,8457.321187547166,41.66666666666667,100.0
6728,上洋,居家生活類,12,15.72427148287848,15.619623461694326,13.412213601355456,15.556191639159152,62049.29873095496,73344.29315677949,1.205978631913883,-13007.8796235979,58.333333333333336,75.0
4534,慶騰,電機機械,12,15.742159412903552,14.950720316153168,12.030952576072455,14.731815198770459,10749.021934920273,14253.358183580129,0.5096034312429991,518.4503087267907,33.33333333333333,58.333333333333336
8112,至上,電子通路業,12,15.773889668023319,15.832897893987393,11.37036619992213,15.569908650012234,2977689.903148793,3927180.4820474116,0.6072468966279341,-1003006.1343459035,66.66666666666666,66.66666666666666
6965,中傑-KY,運動休閒,12,15.77954463654665,14.72691032074819,11.146392708794938,15.831810241271482,284862.5833333333,369828.1463232844,0.9559491479110452,113825.91666666667,41.66666666666667,0.0
4994,傳奇,資訊服務業,12,15.799178444828177,15.900906817552787,14.152435597849117,16.181848066886307,15604.861715938829,19162.992857603065,0.3575322055885101,263.8118471802154,50.0,58.333333333333336
6166,凌華,電腦及週邊設備業,12,15.817083309033139,15.880445575692361,17.76109701864511,16.257561059552835,155550.6936974818,184700.83753729417,1.126928865399337,21807.08931893516,41.66666666666667,50.0
6671,三能-KY,居家生活,12,15.818045882010429,15.290560872315837,12.740402966249384,16.163063874548776,26337.48138980912,33020.573821725746,1.2999699701563905,4428.3605231976335,33.33333333333333,75.0
5511,德昌,建材營造,12,15.842274793297637,16.462148855908264,11.666229362624499,16.355355822950568,146325.99615957978,206643.67208761675,1.0408603777777874,-43920.39233782736,58.333333333333336,75.0
3652,精聯,電腦及週邊設備業,12,15.873025890644854,15.183058183210163,10.044189186659269,16.74122720158572,32440.97285478214,43010.88484651886,1.2181622116906257,12330.936069785026,41.66666666666667,75.0
6913,鴻呈,電子零組件業,12,15.888606766882502,15.902871310015687,13.544701523695817,15.546928497850141,34856.84922136728,38696.76069196629,2.0948101873907343,-7655.5874699892765,50.0,8.333333333333332
4564,元翎,電機機械,12,15.902095134514948,15.946755928598675,13.174848050804917,17.150516741888108,14603.649311543966,18077.43364719518,0.3180364203650839,5367.094432271078,41.66666666666667,66.66666666666666
6263,普萊德,通信網路業,12,15.913812562575144,16.26439032652801,13.355833611266629,16.899389938403107,24988.478515237057,29274.96359247164,1.187130793631939,3784.8212180131413,50.0,50.0
3564,其陽,通信網路業,12,15.914883597686366,16.614888329885368,11.157652599033979,17.965025150372004,33116.167236573725,39937.882227363894,0.7264155903407924,1883.5679881702574,58.333333333333336,83.33333333333334
3149,正達,電子工業,12,15.922851007414002,16.552829926851985,11.871576903598585,16.290427442491186,30300.389324558473,38536.371843508554,0.8258218228289502,-5928.129754879083,50.0,41.66666666666667
3229,晟鈦,電子零組件業,12,15.934007107780483,16.758261229137293,14.779709835340405,16.466264677345567,13817.22737686887,15948.26755281238,0.7246582551244143,-4295.444545946778,75.0,33.33333333333333
1514,亞力,電機機械,12,16.017789951567284,16.911849723153736,12.206059838674435,15.91552560803934,140883.81745925368,187064.26114764914,1.280569012053272,-52684.56219025716,50.0,75.0
6739,竹陞科技,其他電子類,12,16.022671401113712,20.15061067400687,5.563495101166303,15.891131106781097,10757.034080756372,17657.39451428561,4.3207353192249816,-10757.034080756372,100.0,33.33333333333333
3669,圓展,電子工業,12,16.036396716134725,15.630188778542298,11.505018278392342,15.02322705627533,33815.05438982997,42921.0609110721,0.38207383648949267,-8832.004681701155,50.0,66.66666666666666
6192,巨路,其他電子業,12,16.070809961233422,16.177536674234965,9.731809134248653,16.28894683955978,98531.01976687,127717.39673789115,1.1998411693850934,-9869.405216727924,50.0,66.66666666666666
6606,建德工業,電機機械,12,16.110774809463827,15.862627974636956,15.519783827852601,16.11606614383752,10945.499297801629,13201.657715150452,0.7759530476698022,-770.3590335275712,50.0,66.66666666666666
3230,錦明,光電業,12,16.12155091393265,16.36714637633708,19.130102700131005,15.727351996062644,5423.034469557473,6663.665366904637,0.22974967998675722,-1169.6962783751003,50.0,58.333333333333336
8426,紅木-KY,其他,12,16.127597125813253,15.329226121465503,8.79885441163159,16.146514950388116,36376.57481779954,48066.72011739566,0.6143688483466518,7943.6218507683325,50.0,50.0
3527,聚積,半導體業,12,16.138153768184463,15.313788213693295,13.798497268899071,15.795771646895455,19485.206859705922,23539.518980505418,0.277560917040931,3073.5058939466544,41.66666666666667,50.0
6532,瑞耘,半導體業,12,16.14331751215291,16.35684799177245,18.036834154199262,16.854906759542075,9079.24391859748,10461.844978396466,0.7916769818750858,2042.8335736832742,41.66666666666667,50.0
8072,陞泰,電子通路業,12,16.16607363771282,17.044874193512296,8.999784012795335,15.654650550029507,17299.544419093025,22610.87163837419,0.6557061932720711,-8254.783739070135,58.333333333333336,50.0
8488,吉源-KY,其他,12,16.18708684574434,14.49169676415095,10.102693429448498,16.617102894228246,41571.460609416004,68492.04716032307,0.5031291147115491,11474.735130455412,41.66666666666667,83.33333333333334
3581,博磊,半導體業,12,16.19605156264197,16.206408912742802,12.372991852146578,15.583142061965805,21198.188591054306,29438.35456461064,1.1030733316906463,-8794.325663613103,58.333333333333336,50.0
2516,新建,建材營造,12,16.224285181191316,16.556599641339307,13.977463903947424,17.329899804420133,139839.57465994044,170531.34686127564,0.8979382587882143,16337.703149866467,50.0,58.333333333333336
8210,勤誠,電腦及週邊設備業,12,16.23282994370618,18.368169611665756,13.432280089276388,16.976909209293513,297620.022488742,331763.55246023287,1.1600114152223184,-132087.7420218625,66.66666666666666,41.66666666666667
1707,葡萄王,化學生技醫療,12,16.24597172901618,15.593947765173976,11.607841969640914,16.520019388133154,138789.43124915365,175881.9577443213,1.8081013924524905,33879.492463894305,41.66666666666667,66.66666666666666
3632,研勤,通信網路業,12,16.250895013802747,15.829715060745157,8.484621916747976,16.411508870385727,3577.526197988582,5027.520138928781,0.29103468192894827,-191.17896800051463,58.333333333333336,66.66666666666666
6270,倍微,電子通路業,12,16.25342254831787,15.246600768600324,13.725067307815653,14.925068277661271,37516.122836989736,49362.20770460608,0.5867007218567999,-4673.29413331813,50.0,66.66666666666666
2634,漢翔,航運業,12,16.277123165420598,15.277327474711402,9.552399467558722,17.708496188185887,480882.23873875214,767121.2068649933,0.8496466450641588,65572.8145272504,41.66666666666667,66.66666666666666
1314,中石化,塑膠工業,12,16.277547356393836,17.615416585894163,15.579061824927154,19.264875073487456,261104.66460047747,307115.3673519287,0.27965021398667417,89433.06881943055,41.66666666666667,58.333333333333336
2543,皇昌,建材營造,12,16.279718568628866,16.944084054908352,16.493432354350155,16.52272750465178,160599.2337494738,187181.90328330392,1.0517758746879284,-20678.39964345084,50.0,75.0
8011,台通,電子工業,12,16.313734647102095,17.442214295452587,18.11091990948157,17.63006625924219,28214.971131192637,31932.91503354929,0.6035424564981582,-6280.027009231985,66.66666666666666,75.0
6573,虹揚-KY,電子工業,12,16.32992724177552,16.08906819954653,14.527264634396476,16.748164957324523,11338.58972241792,12482.591717556965,0.30876018023516766,3229.2876890837283,41.66666666666667,58.333333333333336
8390,金益鼎,綠能環保類,12,16.352797397357403,16.22363131012364,13.910418543490605,16.625361011641235,63161.875934754265,72495.35713065117,0.9437753243378862,4476.963478677692,50.0,41.66666666666667
3628,盈正,其他電子類,12,16.360431605262775,15.398847992630978,9.315216679760239,15.853131604468654,45744.91199852709,64037.264956887804,0.9684689041798545,1868.6773548110843,41.66666666666667,91.66666666666666
7704,明遠精密,半導體業,12,16.360664190035955,15.55973803005707,13.250156189382192,15.676287115086899,9149.333333333334,11586.04148677767,0.9871184442771557,811.6666666666666,41.66666666666667,16.666666666666664
4549,桓達,電機機械,12,16.366210471288305,16.429118253761963,16.574422960427963,17.134772027910934,16799.98324132108,19078.785556644092,0.8264938897143482,3651.2168472971825,41.66666666666667,50.0
1603,華電,電器電纜,12,16.3732821765305,15.42981697680993,14.97454031976478,15.662977706096381,75349.92644280424,92290.51482215853,0.7892355176633021,6758.394310063765,41.66666666666667,58.333333333333336
3354,律勝,電子零組件業,12,16.38428141345207,16.319102642380415,15.930691205139885,15.877448375478325,1347.0473499748061,1608.1254102703792,0.21055369044420436,-101.16582368848897,41.66666666666667,58.333333333333336
6661,威健生技,生技醫療業,12,16.38693721458799,15.705048804298317,10.166713908814016,16.031370806836133,5133.754313710174,7389.511367028832,0.6400071922521181,449.5093229645951,41.66666666666667,75.0
6890,來億-KY,運動休閒,12,16.429964563087314,16.62150454410737,10.455069821658508,16.19168688727007,542115.7035479386,730885.2250781942,1.0924868304426145,-115281.4383651951,50.0,41.66666666666667
3530,晶相光,電子工業,12,16.431683492877237,17.534572745786132,16.178481245978844,16.393295357443684,25268.4100931638,29091.026325451945,0.28030796677461906,-12335.980079798324,66.66666666666666,58.333333333333336
3443,創意,電子工業,12,16.46875973064576,17.78742851459829,10.164112257890789,16.656759215459992,468549.6363760524,642834.0147963759,1.071066953304398,-263764.70311349706,66.66666666666666,58.333333333333336
2031,新光鋼,鋼鐵工業,12,16.491306810591844,16.028709934721466,10.447467096733911,16.283908804128085,230852.10165596832,348484.24655916065,0.8712365504935843,40988.28594490036,33.33333333333333,75.0
2477,美隆電,其他電子業,12,16.501768940648308,16.2756436231107,12.148734381618217,17.098368432544916,34360.230814752016,43756.8642843412,0.4789061568041453,1698.6095075562444,50.0,66.66666666666666
6482,弘煜科,文化創意業,12,16.531416178120782,16.844910547163675,16.972093950236555,17.981173270580918,6835.506394590421,7755.279923984138,0.6328155167558402,2586.8286708393953,33.33333333333333,66.66666666666666
3363,上詮,通信網路業,12,16.532579765820373,17.580509097893547,19.84390496635403,17.533964853653934,26066.28476787796,32385.529353239683,0.7542791260236027,566.7976507076904,41.66666666666667,66.66666666666666
2241,艾姆勒,汽車工業,12,16.547537114928264,17.574897415941273,16.33886623068863,16.82621783874982,10797.047333662495,12304.202364523586,0.4807773555305881,-6503.626892066789,66.66666666666666,25.0
6856,鑫傳,文化創意業,12,16.556574058160145,15.493440558758861,15.472526787905155,16.936321445990508,10534.547956000895,13755.77346746,1.397184964394068,4406.146054165924,41.66666666666667,41.66666666666667
5515,建國,建材營造,12,16.58994709709326,16.011027075313166,12.442024324802276,18.08548685812638,98096.48160971566,127446.17110998307,0.8662764923882541,41869.94591069327,41.66666666666667,50.0
5465,富驊,電腦及週邊設備業,12,16.613909260736044,16.980803682152654,15.936311470052747,17.909654069787983,75518.48300990253,89366.2979907431,0.6701896149141273,9017.479741382756,50.0,58.333333333333336
6667,信紘科,其他電子類,12,16.624965239253246,16.664598276677264,17.369461549142805,16.11629978915281,87809.8106713763,113907.84243142893,1.3304366791182523,-15920.49808679815,58.333333333333336,75.0
6204,永豐臺灣加權,ETF,12,16.656425621649714,18.026105297057914,15.031215262064412,17.635690574061755,5377.3743280480785,6638.826709852301,0.47843687558871467,-1270.1230544894677,66.66666666666666,66.66666666666666
6669,緯穎,電腦及週邊設備業,12,16.688136521090886,17.67317471292244,13.953744337785952,15.62094153629063,13220665.91906012,16328900.93746621,1.4395323980977501,-12903958.715029329,91.66666666666666,50.0
3276,宇環,電子零組件業,12,16.726422971806983,17.110633725997296,20.708413353580458,17.287250550686238,7040.388386492326,8113.526772184003,0.1367094602861912,-17.255788069391503,50.0,50.0
3518,柏騰,電子工業,12,16.745016175495774,16.97281726566091,15.666776026718713,17.40507164074962,4465.267875898142,5106.923256564874,0.3125939575446553,373.8921658282149,50.0,41.66666666666667
2364,倫飛,電腦及週邊設備業,12,16.751769880929952,16.732956021916703,20.30946204749521,17.70392912021809,21058.398640768824,25846.66195400676,1.2412691338720023,2961.8610269672063,58.333333333333336,50.0
6531,愛普*,半導體業,12,16.778905603690326,15.522592758209186,15.72199638500721,15.119698862404999,78910.45198582478,99977.9243970415,0.6192629325025675,-30502.62418767724,66.66666666666666,83.33333333333334
3287,廣寰科,電腦及週邊設備業,12,16.781916901359292,17.680115123868497,15.267576253239593,17.42444706836108,13157.792021856998,14661.655617642862,0.6575672836970722,-3036.868716402288,66.66666666666666,58.333333333333336
2460,建通,電子零組件業,12,16.7820197814442,16.788754389967817,14.307348981731662,18.222994007196345,44357.29769020885,58655.585008603775,0.5730213976090728,3312.501427787511,66.66666666666666,58.333333333333336
5222,全訊,電子工業,12,16.783552556744635,18.194971979820806,10.437931342186427,19.829710294136063,13347.595704740279,17978.0229921552,0.7315826231551066,3687.5543026300566,33.33333333333333,83.33333333333334
6923,中台,綠能環保,12,16.800710346186367,15.206699148458053,9.348076349131023,16.872903106848202,16177.796008917598,21056.41515920614,1.4446619228381083,9060.370657749068,41.66666666666667,33.33333333333333
1783,和康生,生技醫療業,12,16.810288621176035,17.79129686552634,13.036654417468851,17.81595497451893,11368.854228796758,13802.3250205164,1.2793510873132017,-1351.8901175656276,41.66666666666667,66.66666666666666
6136,富爾特,電子工業,12,16.826366156755423,16.363022010551976,11.268934765131418,15.023081410819755,8927.368784184562,12058.061894758235,0.9332473564925102,-3873.0430566038613,41.66666666666667,75.0
8455,大拓-KY,其他電子類,12,16.85880418224651,16.6453544018662,11.347669763842367,16.705787291460418,16254.823473414042,19685.908434973873,0.4472938461242238,-452.16635452494785,50.0,50.0
1723,中碳,化學生技醫療,12,16.86076630006372,17.135367829443382,16.262149796399765,17.51852743995114,82309.93348022741,93489.71249779695,0.4101318683268822,11714.31618529141,41.66666666666667,58.333333333333336
6125,廣運,電機機械,12,16.861723716466553,19.083544429025036,15.663777912361422,17.30585513840992,46874.383508244005,62349.02039485574,0.4237601282593324,-15623.816978178109,41.66666666666667,50.0
6807,峰源-KY,居家生活,12,16.86546962896861,16.61536643306598,15.075877303104528,17.901286612812832,59920.28700746879,68519.0589095465,0.719727659629796,23806.766778605506,33.33333333333333,66.66666666666666
1515,力山,電機機械,12,16.89333074141327,17.603225851671098,17.133078188125932,16.143165704768712,76291.56270580353,102050.43025437294,0.13847396865112413,-63758.08323328866,83.33333333333334,66.66666666666666
6569,醫揚,生技醫療業,12,16.947666880051543,16.921716171019156,16.67766892543321,17.937716062061117,18547.625494918542,21167.438816669834,0.6724960986073499,2502.147404061241,58.333333333333336,75.0
8068,全達,電子通路業,12,17.020675841192514,16.36956165603059,13.818451106950125,16.95706807532564,11856.91483669846,14933.614653631994,0.21821343958453532,-823.8547814493583,66.66666666666666,66.66666666666666
6695,芯鼎,電子工業,12,17.05756640834471,16.613995499883945,16.652468686681576,17.721474009788672,16000.63694976765,18945.105372179438,0.833065325152687,3605.7018844341655,50.0,33.33333333333333
3390,旭軟,電子零組件業,12,17.08706150604891,17.613037907508232,13.997674049147069,16.853634093721247,11281.162790651926,13961.791886637053,0.6098116203202263,-1150.9083467044318,41.66666666666667,25.0
1256,鮮活果汁-KY,食品工業,12,17.092848746222607,18.058773001052057,17.197687266393576,17.578594287086066,58610.666148766235,73503.34506876185,0.6818585655551673,-19822.56973394797,58.333333333333336,75.0
2008,高興昌,鋼鐵工業,12,17.095810943601215,17.340204799124557,14.03738083847917,17.686790579487962,25907.23409458832,30769.78043857388,0.5656154178878154,3851.672588472091,33.33333333333333,41.66666666666667
2916,滿心,居家生活類,12,17.122048017727742,15.149759725235793,7.53353758013834,16.882559652246243,27941.27040290303,43386.91983308077,1.1515799807025175,1578.1420358836742,66.66666666666666,83.33333333333334
8499,鼎炫-KY,其他電子業,12,17.17302931179962,16.020323943283216,10.613040988489635,14.03316454480078,41756.89338195549,70694.97909410563,1.0239835372198767,-23531.08640117146,41.66666666666667,50.0
5460,同協,電子零組件業,12,17.18171103613942,16.83246373608307,15.019405367760335,16.95888340087103,3338.649861894901,3992.043779056086,0.3058633500201743,433.2804635440577,41.66666666666667,25.0
2451,創見,電子工業,12,17.182341615603562,15.386565110292905,13.67151129239986,13.735176572841548,245212.81980663573,388119.30590154947,1.1836536006634626,-228207.39797490486,83.33333333333334,33.33333333333333
4735,豪展,生技醫療業,12,17.265071498890386,17.43111161367887,16.57393343720623,17.813686678236255,13475.028615894385,15978.107108386608,0.15899223159338582,-434.86989113718056,50.0,66.66666666666666
1459,聯發,紡織纖維,12,17.267013893830153,16.734826733651964,10.644483242315934,17.72262616361761,17182.405525750382,22375.19107806859,0.2686846738191197,3382.822683013959,58.333333333333336,50.0
4930,燦星網,電器電纜,12,17.329197285816086,16.92467173698926,12.521167008616807,19.14520082413043,87138.72771290487,115100.95808469762,0.47891232677602047,21788.079005797965,50.0,66.66666666666666
1470,大統新創,紡織纖維,12,17.331495509715843,16.325185892593638,11.223610172619066,16.410598519390458,11607.92798967436,15132.25028922825,0.5738161799951647,1417.8227874198117,33.33333333333333,75.0
3339,泰谷,光電業,12,17.369431523561545,16.383341755823764,12.12056377370695,15.46179867158773,11851.6118388404,15817.237136618991,0.7898082223975914,-3605.341806307231,50.0,33.33333333333333
8936,國統,其他,12,17.396304220349997,17.621009772355748,19.304099176053256,17.599512798346893,91472.53650235536,104643.43543307521,0.9409671265950471,1306.5990229743427,41.66666666666667,75.0
6214,精誠,電子工業,12,17.41179879004594,17.012766804181283,15.245821183531511,17.117826372830176,637989.419473316,754598.6387857425,1.6281342089549844,-96679.64011574734,58.333333333333336,58.333333333333336
8048,德勝,通信網路業,12,17.424708687012327,17.86321162554684,18.11818888861699,17.52948052605078,14675.249382698079,16354.358518999888,0.39800462342568266,-2823.173971269121,50.0,58.333333333333336
3029,零壹,電子工業,12,17.433930009510384,16.68082928434067,13.063759938474357,17.70014206730751,361651.5507171596,431308.96358425065,1.4546533307648426,83441.29231599918,41.66666666666667,50.0
6768,志強-KY,運動休閒,12,17.436856475567957,17.651995399957855,16.943864953254785,17.792241929494566,296048.31107555906,328985.8340347455,0.667449449217516,20872.565447767924,41.66666666666667,58.333333333333336
1528,恩德,電機機械,12,17.481422438253126,17.478444295371208,17.992933276989177,18.440853685984383,40838.83169712018,48549.94830566011,0.8027952244519382,1592.2669109177102,58.333333333333336,58.333333333333336
2547,日勝生,建材營造,12,17.525795762784778,16.5003560590087,6.0668008108657965,16.351773838961055,89931.47404674914,137511.84940512828,0.5785703517882279,-28356.76166953052,58.333333333333336,75.0
6142,友勁,電子工業,12,17.532862246125156,17.49619701164539,17.97123963195876,17.8379836891046,26355.836849931486,28962.64523871019,0.22659738255300146,978.9693210091924,50.0,50.0
6276,安鈦克,電腦及週邊設備業,12,17.60215378274792,16.615045291214972,15.61585164680975,17.36786735540001,21108.07743088822,25923.007369434603,0.6995489209560358,4945.246028148015,41.66666666666667,58.333333333333336
3013,晟銘電,電腦及週邊設備業,12,17.61225076575791,18.605513912677775,14.877836741585067,19.135250092887055,154559.09520127976,182637.75312100857,1.0448291009733566,11295.870101567029,41.66666666666667,66.66666666666666
1324,地球,塑膠工業,12,17.615865793791837,17.34026098898779,15.532544388763137,18.41276983878915,10774.729632884615,12680.703868340424,0.9155652498044388,2281.5003224164298,41.66666666666667,58.333333333333336
2630,亞航,航運業,12,17.63000776294278,18.150195560882846,19.283646472969792,18.541174961500538,80129.98667494673,95342.220225273,1.2737006941695765,-1873.1271361112351,50.0,75.0
6516,勤崴國際,資訊服務業,12,17.652966798590146,17.4757313696383,13.470473085106615,17.735062207500437,8046.295820825716,10306.145888324148,0.6902806368265989,-1634.2395611762847,66.66666666666666,75.0
8928,鉅明,運動休閒類,12,17.653346696741814,18.20125129324457,11.935273544222213,18.13421624499195,50350.875448447005,63928.455234804904,0.7970706911686221,170.5422527685781,50.0,66.66666666666666
4804,大略-KY,觀光餐旅,12,17.654100038125048,17.958303013135936,13.786416121052127,18.18727019326161,1906.8929038680453,2342.648737052112,1.2444481189431535,-232.60709613195453,66.66666666666666,25.0
5439,高技,電子零組件業,12,17.668565376882043,19.55694974945674,20.614054632949223,17.47770809193413,141990.30420476262,163016.56249411457,1.9772758721867179,-118730.17115784547,83.33333333333334,41.66666666666667
8941,關中,居家生活類,12,17.690067442618357,17.65781807073822,13.273738108192944,18.149376180703843,43973.12937065718,55719.24473649805,0.8718479385286417,-609.1422804513641,41.66666666666667,66.66666666666666
2440,太空梭,電子零組件業,12,17.72919096302675,17.385063455395777,11.819109278637937,19.382018380408752,51801.01718683934,70897.50948464336,0.6439948250829831,17838.639693786623,58.333333333333336,41.66666666666667
4987,科誠,電腦及週邊設備業,12,17.735475983591268,18.778101683420292,12.59218865658137,19.999153534674473,19841.47507926281,24206.644898566312,1.1550583368373395,1528.7985344577282,58.333333333333336,66.66666666666666
8088,品安,半導體業,12,17.777767343722942,17.162502745118484,16.76666840877077,15.560191756691873,24829.06690890661,35597.42539671048,0.8535486849934101,-15114.363035730776,58.333333333333336,66.66666666666666
8147,正淩,電子零組件業,12,17.832176876894852,18.1692766050664,18.0069126252814,17.684793575521223,24238.5498815407,27238.38989172339,1.2538387179797177,-6584.987756917285,66.66666666666666,58.333333333333336
2211,長榮鋼,鋼鐵工業,12,17.8354996001021,17.096234952965617,15.048764524868579,18.05962139614293,227601.6492139226,266268.3662819354,0.7694388095595818,50910.35583995564,50.0,50.0
6122,擎邦,電機機械,12,17.86632858862166,18.383738694038776,13.982551055265576,18.352884065926748,62348.84152885655,79281.77986045937,0.5705929311279215,-15889.274449986833,66.66666666666666,83.33333333333334
8467,波力-KY,運動休閒,12,17.877791589873294,18.116268773634836,20.89691616325147,19.237222395571074,36241.94849994909,40341.27164646457,0.7682153550270282,13410.747729418332,33.33333333333333,75.0
3490,單井,光電業,12,17.930294660399657,19.69896305972343,15.788426933273794,21.112892495026244,3808.693424113227,4550.14770477852,0.3284607062403806,435.71905108943037,41.66666666666667,75.0
6703,軒郁,生技醫療業,12,17.94841346295591,17.189849704015035,18.138833943462007,16.86360267743777,49160.8390881372,62300.367995187546,1.0281096574397905,-10143.107968140439,50.0,83.33333333333334
3663,鑫科,其他電子類,12,17.98362855250413,17.45279734481718,16.792487226795487,17.94572115453839,85646.56640422996,103247.95366593415,1.0312043203574914,13468.367952443834,50.0,50.0
4763,材料*-KY,化學生技醫療,12,18.040022735923916,17.589040341520437,12.969498083217989,19.28302224478742,198912.31239010536,259099.3540200876,0.8547864480659423,66617.80353670816,25.0,66.66666666666666
2380,虹光,電腦及週邊設備業,12,18.045859497887314,18.013126337232887,14.900832828489818,18.81316275506352,44049.973110775434,54752.413395058094,0.5951219952279866,-7249.501678059106,66.66666666666666,58.333333333333336
1337,再生-KY,塑膠工業,12,18.06402913607824,18.29474142254632,19.351749205395837,18.685549011991963,9997.296071640687,11882.26189877362,0.4107592839850167,1655.7600151744955,41.66666666666667,50.0
8222,寶一,電機機械,12,18.073990477169083,18.933366051841503,14.532856261018342,18.32199419721628,14474.479965347206,17431.330854290463,0.8183593060629472,-2294.1631967612025,41.66666666666667,75.0
4716,大立,化學工業,12,18.09819751305388,18.777423426300622,12.029147183030037,18.68307292770035,8041.888819431709,10951.524097003336,0.5901383533321518,496.2529253738806,41.66666666666667,58.333333333333336
3447,展達,通信網路業,12,18.12656636015243,18.055576978661236,16.134953564662837,19.34519000120707,55210.04687447195,63805.61885413221,0.2889249110700141,12252.477604764732,50.0,50.0
6854,錼創科技-KY創,電子工業,12,18.170003104477047,21.042822997642027,14.01971343927248,25.05725255100973,20468.796188909215,25772.288540380854,0.3155673659711016,5768.957278099177,50.0,66.66666666666666
6666,羅麗芬-KY,生技醫療業,12,18.17164583458597,18.453074301746888,20.971402224852078,18.576041916067464,16852.58120649157,19361.443971088855,0.7186668519531386,-1666.0950668942417,58.333333333333336,83.33333333333334
3563,牧德,電子工業,12,18.18287099916662,18.6882863288798,17.61461534385002,18.14639526105838,48370.8462040005,55206.84079918176,0.8409291128408242,-19932.58383187776,66.66666666666666,50.0
4739,康普,化學生技醫療,12,18.215898785680725,21.088171261275885,18.929666167880843,19.770291807104865,93980.51242926418,116850.99786541442,0.5522093805188757,-57915.570502597075,58.333333333333336,50.0
2235,謚源,電機機械,12,18.224871587969478,18.294109132123886,21.606011538221917,18.763929214986604,8442.504701803971,10219.47522951121,0.5997361593313906,453.91271091791833,50.0,75.0
6662,樂斯科,生技醫療業,12,18.23420525133491,17.051534687077243,15.082903297964334,18.716446713189164,3991.2244067805273,5363.840798529831,0.6506452868519353,1243.5102955469222,58.333333333333336,41.66666666666667
6629,泰金-KY,居家生活類,12,18.253293887230566,17.839012582822924,17.905054328264054,16.9300166791083,26480.37287484841,32313.26794118317,0.9947655761303117,-12060.07856354091,66.66666666666666,58.333333333333336
6418,詠昇,電子零組件業,12,18.31113022265637,17.283190821688713,13.036301825456292,17.269979160407786,11938.124459963046,15672.790412471546,0.945676081179847,-1788.1800397499817,50.0,41.66666666666667
6161,捷波,電腦及週邊設備業,12,18.374850865265937,18.307418735974178,16.946937274516955,17.882061150876442,21536.85645166378,27410.60244856777,0.6391579791772958,-6919.962799821672,75.0,75.0
3191,雲嘉南,電子零組件業,12,18.43659077629144,18.534816078016707,13.579014255338267,18.909644851675367,2626.031171046718,3470.78638074248,0.5208164112621272,433.131775277574,41.66666666666667,41.66666666666667
9960,邁達康,運動休閒類,12,18.438573394286745,18.534231131124024,15.539903414460476,19.601922046887918,10441.333879805383,12997.701892340769,0.5424705628188838,-598.0105312977661,50.0,58.333333333333336
8942,森鉅,其他,12,18.460792373169816,21.65176565706036,19.08063064991467,26.672840049949365,52992.212178974216,62715.230937433415,0.4145543519064292,46645.1204624086,16.666666666666664,41.66666666666667
6698,旭暉應材,電子工業,12,18.49854428702718,19.122507320824113,14.353531921467273,21.068671234312273,17830.376867379757,22795.90231312827,0.69143017663012,978.7020319925917,66.66666666666666,33.33333333333333
2941,米斯特,居家生活類,12,18.51239455852239,18.28958894516576,12.341236892836063,18.18024508212869,14303.200553760224,20727.318957383115,1.0069809454435554,-3124.672137934358,50.0,58.333333333333336
2070,精湛,電機機械,12,18.525172513173807,18.631415195389476,15.252318275083333,17.83597196099007,10729.31679031744,14472.619318285871,0.7298261770507564,-3614.6299425244083,66.66666666666666,58.333333333333336
6416,瑞祺電通,電子工業,12,18.565584617468673,18.38287744809772,18.626318637275944,18.319558410029344,66670.12829640704,88924.99135745846,0.9175295740253254,-8223.719423182827,50.0,91.66666666666666
2605,新興,航運業,12,18.5683483660147,19.509957906314067,21.566489040932304,18.953170545556016,69677.51061273924,80883.46444976232,0.9755206041704979,-15878.649958892172,50.0,41.66666666666667
8249,菱光,電子零組件業,12,18.60865798538015,18.192732316567746,13.340177322870888,19.085584952008876,57696.81089391563,71932.30091461045,0.5708611576021394,15970.645703114018,41.66666666666667,41.66666666666667
6259,百徽,電子零組件業,12,18.61059890644113,18.861687351771366,18.1805089019433,18.17535357075194,7080.27828329615,8557.15710060594,0.5004983873381609,144.91809959263023,33.33333333333333,33.33333333333333
2719,燦星旅,觀光餐旅,12,18.61823953253314,17.309887140044562,18.46012761644241,17.713120775240785,30470.005726158925,37030.51021588282,0.47567610944911515,7993.604491639954,50.0,58.333333333333336
4711,永純,化學工業,12,18.62525545327608,19.33990596844716,16.51760037862813,19.279800362883755,11315.277277159128,13129.409369846222,0.4891646435002715,-766.7478786548812,41.66666666666667,58.333333333333336
6716,應廣,半導體業,12,18.631768192698175,18.760824917997677,12.047121712002903,23.910513903194648,16798.153778960772,25186.46885664273,0.7166837510120042,3273.658330946347,50.0,83.33333333333334
6855,數泓科,其他電子類,12,18.632884465190326,17.478046249463144,13.899094328798277,18.10876881234892,9723.788141811665,12510.069797738937,0.9880545901761976,1338.1133760080404,33.33333333333333,58.333333333333336
3546,宇峻,文化創意業,12,18.64002746180537,17.059327620837532,8.68966972312802,16.999894927644043,22101.014560776082,35195.00873185503,0.8321821243768847,-4732.135369215214,58.333333333333336,50.0
6167,久正,光電業,12,18.667413081414143,18.072931350896617,12.849533288863265,18.46753045438113,18850.384841967138,24342.697111561847,0.47549139747091224,-1906.2755063999684,75.0,58.333333333333336
4540,全球傳動,電機機械,12,18.694574332131406,19.134609113953417,12.77344293462541,22.042589742519848,39871.32077121156,55219.56091647672,0.7000550313315316,3588.0266079791836,66.66666666666666,58.333333333333336
3516,亞帝歐,光電業,12,18.70423973791305,18.528631692965217,16.561495417769972,19.712714962883517,16282.009518120414,20472.921922673184,0.7532952816118726,415.3582527996835,66.66666666666666,50.0
9933,中鼎,其他,12,18.731042960380176,17.71144824094325,16.96333052004536,19.64020590099885,1433896.459322653,2039851.884125458,0.9703645352400239,159026.6508460239,58.333333333333336,83.33333333333334
4905,台聯電,生技醫療業,12,18.74499831938581,18.941656892360857,15.174312560729275,20.92695346783864,11356.469781816699,13412.86428943543,1.0700202793856581,3257.7996431389524,50.0,66.66666666666666
6574,霈方,生技醫療業,12,18.767954205377112,19.049645773162993,17.18361685307826,18.545654616825093,9662.44662321084,10899.482195046177,0.779542306553195,-2421.1687243578417,50.0,41.66666666666667
3272,東碩,電腦及週邊設備業,12,18.779658455305373,18.80726145241053,19.61845210788008,19.562013302961393,45721.081673009496,50546.30448367381,0.2805493220275459,4339.255937808026,50.0,50.0
2376,技嘉,電腦及週邊設備業,12,18.780896842505726,17.946469606077876,16.353172342387566,17.39362076270826,5273293.1256502,7316669.168447309,1.1804615365361222,-1819818.092724247,75.0,41.66666666666667
2722,夏都,觀光餐旅,12,18.78677416783022,19.52193639026574,15.368360332533168,20.19642698348576,8909.956417641419,11113.24930338894,0.46755496290861426,-821.5256177262157,66.66666666666666,50.0
6534,正瀚-創,生技醫療業,12,18.814625703718914,23.27205771301606,22.394169422267282,23.44961305733921,28522.70602630707,33775.23382078481,0.6484071259220588,4819.70112956623,33.33333333333333,75.0
5475,德宏,電子零組件業,12,18.852423467305158,19.307419127600078,14.531374308279526,19.90845175353678,13733.456343933567,16942.913380321224,0.24986490700015862,-1436.5335322220901,66.66666666666666,66.66666666666666
3684,榮昌,通信網路業,12,18.856305867893767,18.505935613748278,14.406627221678036,19.55505895599149,18066.8237683815,21599.675233626098,0.8382712372597753,4240.956072350178,41.66666666666667,66.66666666666666
4561,健椿,電機機械,12,18.89731126545941,19.163914496039958,20.23256480655703,19.747432174743803,14597.354069079223,17604.5889816256,0.5238436850319526,33.296513059221375,50.0,66.66666666666666
6499,益安,生技醫療業,12,18.96549949313729,18.87865385363736,12.857879359333529,20.431455007426493,6628.837187424256,8658.803233002865,0.2878482129526377,965.3029441583482,50.0,41.66666666666667
8933,愛地雅,運動休閒類,12,18.984103444734565,22.28533907268372,15.878209279151614,27.996789593751714,34723.57048938473,42285.81336263043,0.3634807504270598,15886.647563038297,41.66666666666667,66.66666666666666
4974,亞泰,電子零組件業,12,18.984177249639114,17.600852614942973,19.848273634476605,18.600483732257835,58743.15098739872,68030.35478261582,0.8782816172058294,22173.303527542925,33.33333333333333,58.333333333333336
6185,幃翔,電子零組件業,12,18.986059251400334,18.51612368179291,16.23116659802385,19.14231344731934,8334.041460414477,10027.25279884279,0.5173930816328621,-457.03425555042213,58.333333333333336,50.0
4754,國碳科,化學工業,12,19.03092793905427,18.802132208845048,12.904165607686041,21.30186414554214,9877.099177689013,12778.027944196603,0.8385651841419944,1935.2254162743382,58.333333333333336,83.33333333333334
8069,元太,光電業,12,19.06782244994749,18.64424063500386,14.231850068057772,21.224300308497547,573874.9408227731,689662.2859705964,0.9792958157386198,319951.71628091956,33.33333333333333,41.66666666666667
9962,有益,鋼鐵工業,12,19.11227826639863,18.203828097174792,16.16703938256764,19.152739562229115,30689.38155728405,40349.98442327195,0.4491487032160761,630.6772113696255,66.66666666666666,50.0
4577,達航科技,其他電子類,12,19.138137470639478,19.041520528504496,14.764081633902437,20.05711716208176,11904.862465163395,14342.884280727532,0.304532506808392,2658.0925821472733,41.66666666666667,58.333333333333336
1294,漢田生技,食品工業,12,19.151841060751682,20.64616196148518,22.523451159345438,20.690178030891683,12425.44316246733,14306.866393379689,1.0610725137583568,-2358.9431624673293,58.333333333333336,33.33333333333333
4105,東洋,生技醫療業,12,19.161963326142796,17.812768589471414,12.986650655923748,18.125264909062945,103049.89301234992,140987.25143520028,1.5988909777913476,3143.735740626182,41.66666666666667,66.66666666666666
6111,光聚晶電,文化創意業,12,19.176371749984092,21.849272316321773,14.879270654923046,21.326255637772544,123267.13985646919,177483.65889843568,1.3852829480158337,-66537.54517101833,75.0,100.0
1539,巨庭,電機機械,12,19.181917327298574,20.098772371033327,19.151520081137598,20.561545375227265,20813.675079538545,25183.451161722944,0.3049593260985923,-317.9412514264095,58.333333333333336,58.333333333333336
3580,友威科,其他電子類,12,19.285968810312333,19.66245340478407,20.513187067914906,20.38216183385564,6944.041643278358,7896.5143070599015,0.27606492880032013,522.7702667903653,50.0,58.333333333333336
8047,星雲,其他電子類,12,19.3255346941763,20.190846869216962,20.736210950412875,21.502826213931968,7434.823079870036,8986.266742389587,0.6342207506694696,443.5451559170806,66.66666666666666,41.66666666666667
6922,宸曜,電腦及週邊設備業,12,19.33202553084292,19.476933132116873,17.90188257353321,21.51029334729147,26467.18617389408,30685.383411405477,0.9339480287361638,10634.602443875901,41.66666666666667,50.0
2231,為升,汽車工業,12,19.373241630814935,17.750447771644662,13.623431462834912,18.880387423440755,59097.57311939215,82154.68452649385,0.8372200602928147,15127.430062096033,41.66666666666667,50.0
6863,永道-KY,電子工業,12,19.38568008944916,17.606427669817858,12.239034496852621,19.800344478123787,63855.073217039266,80008.53494382309,0.4473723456745034,28750.599604065545,41.66666666666667,66.66666666666666
7714,創泓科技,數位雲端類,12,19.41109887911992,19.383720807792674,15.016851118138813,20.75090842823154,29196.25,37857.359364902004,0.5214112477238352,1326.4166666666667,58.333333333333336,16.666666666666664
3043,科風,電子工業,12,19.4195346162987,19.366911577152347,22.301437682603108,21.439470927384175,13815.57478029133,16065.321554164155,0.4456453915317647,7332.517771947154,33.33333333333333,58.333333333333336
4541,晟田,其他,12,19.452243618059708,20.216584729139516,18.782110217334083,20.582955595319543,26649.73585877195,32523.08589076364,0.8160552040961605,-1733.6897625808572,50.0,41.66666666666667
6221,晉泰,資訊服務業,12,19.485684900238727,18.574703856623728,17.84731530196359,20.915668180969835,85224.44261974962,109618.80783916349,0.7739058441466033,20753.909051132567,41.66666666666667,58.333333333333336
6462,神盾,半導體業,12,19.48937138054589,18.364328123981267,11.576549076453539,19.89702167091087,86600.56697745678,116504.61657711008,0.7390763819132514,1956.6424522051336,58.333333333333336,50.0
3150,鈺寶-創,電子工業,12,19.4960730567597,18.881522699863563,14.169561035419942,20.303484040893537,4903.506074688273,6902.556833636527,1.0913866288783058,1400.7291303829843,33.33333333333333,58.333333333333336
3709,鑫聯大投控,電腦及週邊設備業,12,19.527420392901895,19.657689540125155,18.397941305750205,21.470799113578284,667019.9202526391,780533.5142526029,1.740477394891646,154177.83758125931,50.0,58.333333333333336
5546,永固-KY,建材營造,12,19.56002500648205,17.81447183219185,16.951293241732042,18.85846976630832,31777.738226197584,39545.581496163344,0.3116936139916136,10568.182008100875,25.0,50.0
1229,聯華,食品工業,12,19.577129296900175,18.096699986352817,12.210768830227318,17.345844584215666,218940.43394929718,349236.9480612692,1.2577034092191492,-68195.73907470187,50.0,75.0
8916,光隆,其他,12,19.57741380598207,19.547107794567275,18.956332242988346,18.836093325555325,139286.3655621728,162984.79986879535,0.87632310116366,-19417.007103756743,41.66666666666667,50.0
2468,華經,電子工業,12,19.587113884448797,19.927594445574545,17.27395081295128,20.06727262258703,43976.384157353,54833.47780171965,0.8361422183897504,1343.3377559991761,50.0,75.0
6616,特昇-KY,居家生活類,12,19.633365690285043,20.381080678341686,14.65962090134864,20.86991994071435,16815.56868527726,20039.427076816606,0.4982224114864923,2060.6042730094664,33.33333333333333,66.66666666666666
6603,富強鑫,電機機械,12,19.692852264178505,19.8342853653821,10.276993431142362,18.909583804562597,83267.66467496102,106332.87368587499,1.0541993111275296,-21878.81149547616,50.0,66.66666666666666
5906,台南-KY,貿易百貨,12,19.702815385098813,17.874100536686164,7.676472781309437,18.102087570521626,27612.26433625442,42090.0497108445,0.7335534952129853,-5018.865006850195,66.66666666666666,75.0
5272,笙科,半導體業,12,19.723021385567687,19.759383149354118,14.830222793158063,20.352317890421933,5609.342333013533,7171.855586788021,0.46716646645809057,352.818536580593,41.66666666666667,75.0
6215,和椿,電子工業,12,19.734936978323205,18.691463440002533,13.622307173618378,21.184979602080144,41055.3787934849,55820.04167440152,0.8638024613060996,10833.442037204406,41.66666666666667,66.66666666666666
5292,華懋,綠能環保,12,19.74239483537903,19.896857393913212,19.653089545307513,19.654548427121274,47073.157521637004,54098.978368986536,0.9811833357746441,-284.8118507097897,41.66666666666667,75.0
6811,宏碁資訊,數位雲端類,12,19.770302694908334,18.408450461140706,12.739283957253612,17.467401289439263,159143.44045424028,238497.07706344692,1.8241392708170163,-33925.87607453482,25.0,91.66666666666666
3373,熱映,其他電子類,12,19.79812468541069,19.019435146560095,16.614199210901347,20.25927866464387,6394.431307768421,7489.132272234671,0.09516122957185358,1446.1676355891468,41.66666666666667,66.66666666666666
2488,漢平,電子工業,12,19.798952373820942,18.928144453369423,15.73555360550955,21.25844130709076,47557.529078346306,59095.33349583861,0.76378812445571,21681.360028957788,25.0,58.333333333333336
3306,鼎天,通信網路業,12,19.85131322586927,19.03398308457211,12.370785896885849,18.254492413635322,17913.84159778545,25781.579429687394,0.6347999906536099,-1841.6658443054464,50.0,91.66666666666666
1437,勤益控,其他,12,19.859772269303416,17.034592484545634,12.273621344132108,17.914951596944576,15338.165518269312,23783.554582688063,1.3856563331013996,-823.6765447510188,58.333333333333336,58.333333333333336
6821,聯寶,電子零組件業,12,19.877679778905826,18.862948756237955,14.931538734795726,19.025893318787492,9642.97719067705,12069.216388775523,1.0916669148956373,726.7875138615049,33.33333333333333,58.333333333333336
2851,中再保,金融保險,12,19.87982542503097,21.11968183078021,22.532289130684813,20.870425530167825,379346.5139965384,438834.1869662429,1.7875648264820316,-59157.701150462344,58.333333333333336,66.66666666666666
1441,大東,紡織纖維,12,19.899736577982182,18.19081910042322,11.861570122628093,21.260729792185384,25141.144778370726,35609.666216365105,0.6970995389159357,8022.610673356462,58.333333333333336,58.333333333333336
7732,金興精密,汽車工業,12,19.943661043451673,19.377519571803777,16.613699558712536,21.03072452165019,18154.0,22316.469292131915,1.2138069459361978,6230.166666666667,33.33333333333333,8.333333333333332
7703,銳澤,其他電子類,12,19.950812541363117,19.158739531024036,16.265856179167372,19.536730128710712,42635.1856630811,52331.87784778775,1.5694319049102778,-4983.481003585567,58.333333333333336,0.0
8064,東捷,光電業,12,19.975730242539655,18.51879111975345,16.12675536213377,16.834093991721204,47786.67432964559,83568.9523039965,0.4636880297095171,-31817.596970178205,75.0,66.66666666666666
4506,崇友,電機機械,12,19.989393219745864,19.782900563302267,20.556998927574096,21.102493301616995,100293.76541326423,115675.39066227242,1.3483250147747574,27447.047735954406,33.33333333333333,66.66666666666666
3680,家登,半導體業,12,20.057026272020828,20.51448123340198,18.92842903644619,19.76270964407588,122749.6192097442,157011.62289792835,1.0718244572295392,-38008.403988650956,58.333333333333336,58.333333333333336
5474,聰泰,電腦及週邊設備業,12,20.06570973717202,19.993444554268645,17.295714472280157,20.087043029334552,24546.16534296038,28428.7487442847,0.39870586216087306,-4814.6697631861825,66.66666666666666,58.333333333333336
5351,鈺創,半導體業,12,20.068879199452848,19.7467061491443,16.28937692984167,18.198581306209224,67511.3584215734,84801.01358346934,0.48187912224711577,-48398.339980445395,66.66666666666666,33.33333333333333
5302,太欣,半導體業,12,20.16964475648636,23.803707421716425,17.84916021713338,30.346074528809908,326.63058879399955,414.9035650413321,0.2428502072105121,-67.58735297870821,83.33333333333334,50.0
2365,昆盈,電腦及週邊設備業,12,20.172740147605282,19.824943620734,18.42931415455043,20.392160880192677,16097.560857303592,18008.620875823915,0.5753181920818161,558.0047436605,50.0,83.33333333333334
6160,欣技,電腦及週邊設備業,12,20.282040604964585,19.050590415378608,17.19845199280383,20.093698769473175,20139.72828671975,24037.099398219594,0.7142850364411358,6301.309467578204,33.33333333333333,58.333333333333336
3661,世芯-KY,電子工業,12,20.30703464851239,19.189523128114352,16.887381865360574,22.264357480930787,525297.3801417007,638253.6450682224,0.6382868268838622,525297.3801417007,0.0,33.33333333333333
3205,佰研,生技醫療業,12,20.31398074019944,26.152606561129893,8.267442132014867,38.65892100068764,5858.552045473519,8079.05447761443,0.8870502733864178,3683.2366468435844,41.66666666666667,50.0
9949,琉園,文化創意業,12,20.316972952666763,19.423543547342863,14.591792009917048,19.55405647639269,2381.6910159979493,2999.3358423623463,0.6359119567801735,-38.05607339268545,41.66666666666667,83.33333333333334
4148,全宇生技-KY,生技醫療業,12,20.348164677513296,21.61804474943719,21.816217004172213,22.673493812370722,50073.272342541655,60598.55620749373,0.6446268892642512,1009.9020807664516,58.333333333333336,66.66666666666666
4161,聿新科,生技醫療業,12,20.35251505265091,20.39083743108798,19.28552148219288,20.40468984727215,14199.118691203223,17300.292534464967,0.9139730855384735,-105.66885811779139,50.0,58.333333333333336
1626,艾美特-KY,電器電纜,12,20.353074109955145,21.648495837917096,17.475167524303092,22.535150556118808,132193.21634415866,155951.2430662822,1.0587524175495469,33076.95971091504,25.0,91.66666666666666
4433,興采,紡織纖維,12,20.395726287234762,20.119779538190265,21.682310614663177,20.203518062591538,61358.621937587064,71693.10366008659,1.0075254911940166,-18865.11367160064,66.66666666666666,83.33333333333334
6796,晉弘,生技醫療業,12,20.416760517090946,20.51822653045799,17.18827905550046,22.260855263229438,11252.850684698553,15090.004443636353,1.3756963692463107,2997.827021904966,58.333333333333336,58.333333333333336
4167,松瑞藥,生技醫療業,12,20.489641852969108,21.235504409558505,18.808921699304747,20.580969079461784,20518.498098578708,25414.82127776465,0.5958371159472132,-4306.506028877587,66.66666666666666,58.333333333333336
3036,文曄,電子通路業,12,20.50414480500182,20.93230732197451,18.70821971889306,21.90013975992378,20127362.46835135,23618586.21507545,1.6339593765083704,407377.03924120404,50.0,50.0
2406,國碩,電子工業,12,20.51539179629243,19.962088937522452,12.874917005555512,17.411506324093647,108817.5018196567,159255.92361387025,0.504277363701939,-88959.5381316521,75.0,58.333333333333336
4406,新昕纖,紡織纖維,12,20.53358187140199,19.767825890636257,20.5250589377788,21.635866054532226,8201.112599437954,10074.798013351061,0.5992367315323613,1955.0992708398223,41.66666666666667,66.66666666666666
8024,佑華,半導體業,12,20.54864726300436,20.13381431915535,15.597544773569322,22.7072250628493,2633.3433944994467,3596.800750059346,0.2717527865943007,1006.4831782396687,33.33333333333333,75.0
6024,群益期,金融保險,12,20.551539271554482,19.524375670941904,20.361942699428422,20.420453304786335,49677.745894531465,61687.74528151276,1.0046376573142286,6217.2776226068745,41.66666666666667,75.0
3086,華義*,文化創意業,12,20.58542156328182,20.06169845294304,19.365887936094563,20.48960744350691,2735.8882983500007,3341.480991986015,0.47914781530741823,-411.1796517372054,58.333333333333336,58.333333333333336
9955,佳龍,綠能環保,12,20.62412454865969,21.561527557035454,17.301188525001898,20.183444947871067,25901.425538170733,31962.87024732947,0.3648553486291228,-10040.076339763576,58.333333333333336,50.0
2014,中鴻,鋼鐵工業,12,20.681256652847836,20.57502829402825,18.099891415587518,22.067753338552343,327824.7001750036,383751.1979100348,0.3030333233708367,72317.55185368664,41.66666666666667,41.66666666666667
6113,亞矽,電子通路業,12,20.690515328886935,20.960299522493433,19.295917498584902,19.84344088512816,11058.59766459906,13513.24416355509,0.1887880235511429,-3089.2091283564655,58.333333333333336,33.33333333333333
1236,宏亞,食品工業,12,20.698459648793687,21.52026731750409,15.179192011246151,24.095835298603856,31280.75412883595,38367.894622945314,0.97264100994314,2400.876234317151,50.0,91.66666666666666
6643,M31,半導體業,12,20.81233068404567,21.750192376954733,19.42901639940328,20.259786424529377,30909.242135712488,39164.10344874781,1.4069708970814563,-15514.849879562671,66.66666666666666,66.66666666666666
4972,湯石照明,光電業,12,20.83698925113667,19.390935946377205,21.252063232333356,19.351945582607957,16198.883813726161,21941.917882798778,0.6373478885624991,1560.9624207058623,33.33333333333333,83.33333333333334
4714,永捷,化學工業,12,20.844677807610484,20.677995554754858,14.164205215671688,20.575840254478997,26557.509172082933,33999.96782605571,0.7043696655111958,-6995.984300630315,66.66666666666666,33.33333333333333
6203,元大MSCI台灣,ETF,12,20.84535340501868,22.878952916341202,16.526076566506205,22.41661866626444,48433.04951325146,60401.24861771243,0.3670560021578774,-10500.673624049261,58.333333333333336,58.333333333333336
4417,金洲,紡織纖維,12,20.89220342229044,20.58188351780462,24.899375515640163,22.068487478058675,60780.17273172146,76148.38133244506,0.9447190001224895,19387.56280996431,41.66666666666667,58.333333333333336
8033,雷虎,其他,12,20.913852688534423,19.981993873116856,17.369091764914984,21.948932620475677,24809.092608195107,31973.826960079714,1.2054763978915697,6732.469387847094,41.66666666666667,75.0
8482,商億-KY,居家生活,12,20.929746062090423,20.54405138126392,22.84447956201428,22.006404608831954,59736.28589401435,69979.84155519014,0.7659637010709267,12425.33774404563,50.0,75.0
4123,晟德,生技醫療業,12,20.964579129991485,21.452414239756408,20.58536062189053,20.97086250769556,26488.571025918154,31481.84332908444,0.7130115999637853,-5025.132115661409,50.0,66.66666666666666
8054,安國,半導體業,12,21.006662744035882,22.89629987746887,16.64081827115124,23.540344213698724,50428.68211109397,64275.05296145224,1.4745464125126262,-14618.423769072162,66.66666666666666,66.66666666666666
2392,正崴,電子零組件業,12,21.030848878718615,20.068060617098617,12.164184778895667,19.330995156880494,1655489.922921432,2328423.595292788,1.5714324470737264,2275.068324126769,25.0,66.66666666666666
5438,東友,電腦及週邊設備業,12,21.06131157036195,20.40762991789218,15.487054583582955,23.104619376850355,22774.122733821638,29552.37593273759,0.5538563025121374,6085.905924096448,41.66666666666667,58.333333333333336
6231,系微,資訊服務業,12,21.09216074122739,21.212234288769324,20.98712935738376,22.168930785943093,29696.233141994424,33068.83580378526,1.7833965322969643,-1882.7710226524057,58.333333333333336,100.0
7402,邑錡,光電業,12,21.105835522294786,22.015412593827012,20.664323231647984,24.66583991207354,9161.497966143841,10850.234753477262,0.7192596269753372,1400.7818341867885,58.333333333333336,66.66666666666666
8416,實威,資訊服務業,12,21.141415547481017,21.17474484565495,14.546152291269143,23.71040537993657,29870.5827021119,39189.282788602315,1.9436663726319112,819.4697761139845,58.333333333333336,66.66666666666666
5301,寶得利,觀光餐旅,12,21.165591513028026,22.36891204487926,15.859007927001665,23.379970653421108,4114.890836012416,5338.399573629152,0.130533476878954,496.2363021583671,41.66666666666667,83.33333333333334
5490,同亨,電腦及週邊設備業,12,21.227697916284885,21.51620314609163,19.43298333581164,21.506104871169317,27183.606189901726,29594.294286933895,0.5075876265896762,2798.140471456787,33.33333333333333,50.0
4977,眾達-KY,電子工業,12,21.22834040387589,21.30957014738597,16.831280188212748,23.650009855028355,19016.61268804707,23247.497912729228,0.20649283922848796,10131.884349526936,25.0,58.333333333333336
6236,中湛,數位雲端類,12,21.243087384062175,19.38607402567776,18.047874667576245,21.947919676956516,639.8594945807728,835.6681834365439,0.3251671995705942,396.0952255939499,41.66666666666667,33.33333333333333
1713,國化,化學生技醫療,12,21.280351309064983,21.321618910443004,25.507281160830054,22.178008607909007,8158.19508047797,9266.806729350421,0.6431961490125926,817.6330328347282,50.0,58.333333333333336
2354,鴻準,其他電子業,12,21.333006578491695,22.8153455512787,24.75013270116675,21.91008148155398,2776353.8838434713,3386789.040743828,1.0018617577385867,-488417.7382482216,66.66666666666666,58.333333333333336
5706,鳳凰,觀光餐旅,12,21.33820343609759,20.936530468728208,15.905947951276772,23.98848938240007,55859.89579213653,77535.35346768907,0.5607082722614459,20986.983378713336,33.33333333333333,83.33333333333334
6442,光聖,電子工業,12,21.419413167218824,21.638638575094113,21.912946043738604,21.809023645569983,187942.6595400436,213905.7969226223,1.5718070248094058,6792.528787942312,50.0,91.66666666666666
4108,懷特,生技醫療業,12,21.531935150534377,20.912134054871764,19.841967851352354,21.51185219982776,2414.752697294554,2913.720497906688,0.5537507670461992,117.54609156533934,50.0,66.66666666666666
4304,勝昱,塑膠工業,12,21.5558025048841,21.469623254013527,18.97810625321097,21.498507818571714,6284.163104248862,7778.158480996465,0.47980431857014677,364.17337747203993,41.66666666666667,58.333333333333336
3622,洋華,電子工業,12,21.609053226928964,23.760522100300825,18.403792226434966,20.924784269922167,31074.412789287595,40319.788231312974,0.7789492861853274,-13573.80061038575,58.333333333333336,58.333333333333336
4989,榮科,電子零組件業,12,21.625718092257195,22.635554935785105,21.464162725666938,21.087652599315344,48091.92066510432,54253.880523046704,0.6425383985635732,-23607.654178828438,58.333333333333336,58.333333333333336
1540,喬福,電機機械,12,21.627682870891757,21.73107497935334,14.949356728319929,20.96000573654515,8929.331311559785,11608.91229847794,0.4518651586994989,-1322.9299366066318,33.33333333333333,100.0
6150,撼訊,電腦及週邊設備業,12,21.63030962591035,22.191691485554212,18.84413243647615,21.104472851726577,136457.1335333402,173512.35037789497,0.5368473960665088,-23299.336435848487,41.66666666666667,66.66666666666666
2929,淘帝-KY,貿易百貨,12,21.695426722847746,22.304754010156618,22.883667289810543,23.071013297488683,31875.66220162094,38040.12731251914,0.32320197635682363,3239.6879938015904,33.33333333333333,91.66666666666666
2444,兆勁,電子工業,12,21.731658961384166,22.50116449475001,18.09731004789501,22.314016910124305,20574.665438280073,30162.118055215138,0.7084009095591247,-30.473447974309238,50.0,50.0
2359,所羅門,電子工業,12,21.76507574066995,21.938788569967517,23.951606420130073,22.44117441238478,76968.29078080908,91057.50249806119,0.8568305403581195,-2705.4931828220747,58.333333333333336,66.66666666666666
3556,禾瑞亞,半導體業,12,21.76557399039736,21.861400598062506,17.76209698466829,21.638424365720425,17547.91361445146,23527.607214855412,0.5984007575734999,-1290.5802499040371,50.0,50.0
1445,大宇,紡織纖維,12,21.842534951032068,22.469105446156302,23.900957577336843,21.977280590695777,14017.301187925155,16316.592751526314,0.45913659116487615,-2162.0993864130487,58.333333333333336,50.0
6895,宏碩系統,半導體業,12,21.848022269276562,24.371723082052046,22.664651503551553,24.810796398161603,15489.70158836035,17774.454555461405,1.2323785873047193,-6414.261960162888,75.0,33.33333333333333
5014,建錩,鋼鐵工業,12,21.856031125030636,21.48174522741188,20.416390974288067,23.458924664821463,272344.9075779307,323977.06659399107,0.9488582195792977,39950.025518942624,58.333333333333336,33.33333333333333
2520,冠德,建材營造,12,21.87689443834189,22.292112238652205,14.431849524074943,21.865862843123978,417006.2045675095,554758.8972038246,0.4182471785231298,-124329.10645390976,66.66666666666666,58.333333333333336
3685,元創精密,電機機械,12,21.978312740059454,20.066594833084427,15.860342063965977,20.973305512482774,21908.604858152234,28109.13609179432,0.7660715116731757,-1394.2633910410295,66.66666666666666,50.0
8067,志旭,電子通路業,12,21.99286190915257,19.48689048685074,14.286428147596105,20.67576271705016,1963.4677290943685,2589.5532190279628,0.41502545935949736,449.2697831583254,33.33333333333333,75.0
8472,夠麻吉,數位雲端類,12,22.08764059175044,24.466862983189884,16.459804656647712,24.150471378095748,9190.004621009604,12656.061603643719,1.1550872659138427,-2391.421462101742,58.333333333333336,66.66666666666666
1760,寶齡富錦,生技醫療業,12,22.10267400495122,21.408324032615848,24.09019334695271,21.674523882818946,38005.40060035359,45917.20999908242,1.1778483683244843,-5382.548046144115,41.66666666666667,100.0
6593,台灣銘板,資訊服務業,12,22.14986803539711,22.725550152627235,19.545625883579895,25.644561588680403,7715.795780790406,9495.14490073212,0.6920955423456155,1377.2930400866305,41.66666666666667,58.333333333333336
4523,永彰,電機機械,12,22.16607967760316,20.513150771643208,17.98365357707415,24.061437219659467,10605.54553907988,13636.994630298894,0.6641854798324122,6177.374910150208,50.0,66.66666666666666
2434,統懋,半導體業,12,22.191160136409778,23.788209464552587,20.349808724201164,23.288922385959975,842.3579461446683,1030.6979881930988,0.3126368536121446,-48.348673083255356,50.0,75.0
6229,研通,半導體業,12,22.19294917607966,22.72795971754168,17.622566635391195,23.642553722410124,39803.62766515259,46036.240660124065,0.8808405695223159,4932.681529166115,41.66666666666667,41.66666666666667
6751,智聯服務,資訊服務業,12,22.207853829898507,22.27611898265787,23.521504808187007,24.275277557459063,32576.497211084683,36322.369900390164,1.1875792125657896,10208.660294388319,41.66666666666667,75.0
8450,霹靂,文化創意業,12,22.253733754564646,22.281961318201425,19.800016504210816,23.738313310685278,4352.12562082395,5270.875321997207,0.7043488521138666,-147.82888565137742,58.333333333333336,58.333333333333336
3557,嘉威,居家生活,12,22.259511500627635,23.70662884761839,15.01699452412017,26.499088820285866,80189.53773874562,109261.03792196911,0.6167484652796026,-1970.5255880481054,66.66666666666666,66.66666666666666
4807,日成-KY,貿易百貨,12,22.3558437073166,21.202737088002387,21.470474350059405,21.564922470812146,39612.747951998674,47884.95863983667,0.9121134007338879,3680.4580926933363,41.66666666666667,75.0
3691,碩禾,光電業,12,22.3593108542237,21.705558269345275,13.938731927855336,18.74067391066605,108180.69968356867,159531.77870608677,0.46611033752537256,-89181.10931981135,66.66666666666666,58.333333333333336
6841,長佳智能,生技醫療業,12,22.364333643977623,21.657040176362568,16.534421563437256,21.14797088890271,6976.94525607759,10241.646308517531,0.5701712430962914,-672.9678096411062,25.0,75.0
3522,御嵿,觀光餐旅,12,22.383885633886806,20.084599659937094,15.531467274625507,21.51299527185978,21296.40185684047,32261.51408941028,0.7591811211652447,1303.591724065897,41.66666666666667,66.66666666666666
6164,華興,電子工業,12,22.47605334061507,22.334752570098637,21.424434904027546,23.346981431855323,13713.501725153978,15897.560461007017,0.9051858961139782,3563.043998145386,41.66666666666667,66.66666666666666
3360,尚立,電子通路業,12,22.501868213663546,22.017201265763923,15.275923969163216,22.59881352492343,137700.5763162078,171336.7196474361,0.4019974003908551,-27778.500986086132,66.66666666666666,33.33333333333333
1316,上曜,建材營造,12,22.507630524566732,25.181617229069424,18.653394825041616,21.763895386027528,84085.90050591221,101301.18758346376,0.7759160644075739,-84085.90050591221,100.0,25.0
4931,新盛力,電腦及週邊設備業,12,22.541960908826105,22.714206808390085,22.924310384157693,22.47134427913837,46049.03708899618,55193.07090429554,0.6965258976674026,-6028.084246510679,50.0,41.66666666666667
8926,台汽電,油電燃氣業,12,22.596011452984545,22.929462457296438,17.18775694777287,28.53416244139815,143414.1920007281,210848.7926001116,0.49868235494865815,48791.13200066165,58.333333333333336,83.33333333333334
8084,巨虹,電子通路業,12,22.599565282575238,21.442653785096493,21.455460111784884,22.85308802219543,10673.379190567839,12905.246817300389,0.2715568747136761,1465.497652588337,33.33333333333333,50.0
2102,泰豐,橡膠工業,12,22.608237389578736,22.73867919190787,20.420182773978045,22.85267588772494,5008.704272078572,6341.758423390631,0.04125287592970069,102.953544161423,41.66666666666667,75.0
1410,南染,紡織纖維,12,22.665533543596514,22.847868593320054,21.775423891654768,24.34221023530681,3579.6054884294367,4534.437839963585,0.4767294754235181,738.0593391717902,33.33333333333333,66.66666666666666
2887,台新新光金,金融保險,12,22.673822450387785,22.15501012961185,18.350605041770308,19.853214875097784,2850532.4575482868,3760788.4384114803,2.142616615578705,-2211291.827563242,66.66666666666666,41.66666666666667
6451,訊芯-KY,電子工業,12,22.71200353396365,22.595429579410332,21.094977586462385,23.174594387785206,142554.35064797237,161974.08404799935,1.2676558486401754,850.2766117165156,50.0,50.0
6210,慶生,電子零組件業,12,22.728505550966204,24.658911406386053,26.228153887535193,24.09401376095817,6181.433773853693,7086.738021635641,0.4077558652792894,-1656.4359361560726,58.333333333333336,41.66666666666667
5348,正能量智能,運動休閒類,12,22.740658719678112,24.05142554997666,14.245742119232649,24.87567507434655,5076.0182350150835,6522.7967379543325,0.7517301423455874,609.7561468463961,33.33333333333333,41.66666666666667
2740,華軒,觀光餐旅,12,22.774348126198916,20.87048625059574,18.41745842735142,24.830988274345675,2433.382161414039,3124.388407716026,0.5111882311291083,2317.564922461636,8.333333333333332,50.0
6823,濾能,半導體業,12,22.77971300767934,23.279075205479252,17.222910295686788,23.164782359733625,12057.70073994231,15416.573292276385,0.4097880258514368,-18.307683647370748,41.66666666666667,50.0
6515,穎崴,電子工業,12,22.87271092851386,23.232446405512434,18.520637232972064,23.042237345096076,149762.48665049134,175713.06184809885,0.9924130621068629,-30101.012349195993,58.333333333333336,50.0
2515,中工,建材營造,12,22.934267791072354,21.0152849831207,22.78792012158143,22.167874688797752,395968.4088611588,527739.5352137915,1.2604465667308513,88293.5110664052,41.66666666666667,58.333333333333336
6782,視陽,生技醫療業,12,23.072333367930113,22.799580426663344,18.80985864741683,23.081791907036177,81098.3481218841,90890.96301526374,1.1320129234800829,-1945.8276863767726,50.0,33.33333333333333
3325,旭品,電腦及週邊設備業,12,23.15261965934481,25.052686042967366,19.761999152981986,26.29508338962227,24448.799777123513,29672.37644093811,0.44702555299765195,-2888.0595011118785,50.0,66.66666666666666
6928,攸泰科技,電腦及週邊設備業,12,23.2105810216386,22.791564722285017,22.56650185409354,22.46488556612036,38040.26610583308,47567.56001033193,0.5257891434219317,-830.6033693613741,41.66666666666667,66.66666666666666
4442,竣邦-KY,紡織纖維,12,23.2219822805702,22.057669762242924,17.790137905366322,23.720786808884778,32327.534400952678,40824.92908661005,0.7613277599579101,1428.7611431489884,66.66666666666666,83.33333333333334
2535,達欣工,建材營造,12,23.224618780020272,23.061500244931942,22.931486799388196,21.495515478228686,427185.8769462505,601132.8849762582,1.3305023561350062,-110383.86634658382,58.333333333333336,66.66666666666666
1467,南緯,紡織纖維,12,23.227212476551635,22.789405016612776,22.2846037144251,24.06957891503255,99681.55665618186,124805.31109856794,0.5776391961520997,11668.121837062796,50.0,50.0
6139,亞翔,電子工業,12,23.264758208034404,23.088983453687206,21.218835364091575,20.062603767447033,1487758.778750234,1855150.138753261,1.00574980659523,-1177144.1786496367,75.0,58.333333333333336
3064,泰偉,文化創意業,12,23.269555293364995,19.781527528033465,14.469692438043454,23.2174820100375,1593.6348855621793,2294.3356377821838,0.13908147495375947,787.1215863903353,41.66666666666667,66.66666666666666
6613,朋億*,其他電子類,12,23.323544935093963,23.310870810353034,19.38657507525076,23.98547767055076,173275.31890437496,198438.13140370444,1.0417567032145418,10556.925110876648,50.0,58.333333333333336
8432,東生華,生技醫療業,12,23.33147773031701,21.473631714993143,15.41457977344089,22.625732084849503,26137.885086210084,37701.1268435114,1.608814542240454,1179.2668388114264,41.66666666666667,66.66666666666666
9950,萬國通,塑膠工業,12,23.366596180509973,23.399302639468612,25.642947835107332,23.608348020191258,41572.32909561161,47995.79745010429,0.4860171117922218,-3762.912040056319,50.0,50.0
9945,潤泰新,其他,12,23.367850908710967,22.374914059593,23.21586466076051,22.490071427158966,755514.4585754887,1057878.2053064622,1.0796398761374508,-244143.23360668137,66.66666666666666,58.333333333333336
3491,昇達科,通信網路業,12,23.55115664916382,24.651745420056383,25.317488719498915,24.98717755641301,48126.08207786679,52279.72261396147,1.2012883983852232,-4177.208269521939,50.0,25.0
3577,泓格,電腦及週邊設備業,12,23.555299716524495,23.85704512772024,25.392268305677803,22.847208000365114,23004.164591407112,26677.28630523421,1.095906130505287,-5099.173251189072,58.333333333333336,41.66666666666667
6124,業強,電子零組件業,12,23.560385124656374,23.066192132768517,19.692082632872182,24.59784140809035,35591.0638481682,42955.90901751118,0.8706027812130457,7426.769872719458,41.66666666666667,41.66666666666667
2063,世鎧,鋼鐵工業,12,23.59932810846165,22.891617499144104,23.268863154804702,24.646292984029806,19180.688243967074,21681.92926857673,0.8536768591230218,2968.4419822847035,50.0,91.66666666666666
6216,居易,電子工業,12,23.60617834150108,22.577158887047286,19.6318244217777,24.838150085703447,14895.459189856614,19290.69980385004,0.5650798583404844,2146.1045595418786,58.333333333333336,66.66666666666666
4538,大詠城,電機機械,12,23.711517021687285,25.884144161101545,27.66055107999813,23.611300990161745,7504.418502998774,8358.94592006723,0.590160489099565,-2593.4529516346515,50.0,41.66666666666667
8050,廣積,電腦及週邊設備業,12,23.724368622588827,23.768979050897578,19.593289899609335,27.257870598478746,105959.73240261758,122058.37671782153,0.8340287182288542,30032.33954198164,50.0,41.66666666666667
3226,龍鋒,電機機械,12,23.75452501326079,21.92410463487981,16.396079655085945,24.315693359146103,31802.379928815946,43851.57219560457,0.5858498690218127,606.4545851474273,66.66666666666666,50.0
1615,大山,電器電纜,12,23.756582176188843,24.28559009464978,18.728759707190214,25.03005220885184,113220.92087609581,131070.87657467305,1.3039595533330839,1859.378839537191,50.0,33.33333333333333
5701,劍湖山,觀光餐旅,12,23.774685839835918,23.453116925671118,20.959267454766984,22.09191419448857,10773.082831319449,13159.12818170784,0.6431800503117971,-2590.0994654897586,41.66666666666667,83.33333333333334
4563,百德,電機機械,12,23.79827344740906,23.580070890228345,22.756307111667713,25.183949884225775,56906.84793722987,65523.589586185306,1.1033106201016225,21.10269804152631,58.333333333333336,58.333333333333336
5548,安倉,建材營造,12,23.808619669777496,23.676278737358793,24.193004449516692,23.051919100315,49478.299617592325,54751.816692343375,1.2728413954750455,-6824.8304822700275,41.66666666666667,58.333333333333336
5210,寶碩,資訊服務業,12,23.83568793466504,23.47338131327276,19.530632137304387,23.88395467128165,5521.815193091061,6439.330605211322,0.9964741052898979,-491.88110693061907,41.66666666666667,75.0
6578,達邦蛋白,農業科技業,12,23.852167408243595,25.498424377167428,25.01821832490243,24.30526775127591,6148.59183769086,6975.307441095073,0.5429091578180956,-1780.1789367239269,58.333333333333336,66.66666666666666
8114,振樺電,電腦及週邊設備業,12,23.86612959259699,22.361365631276673,27.424983889935422,23.5348945730764,360957.72814810293,411889.8477458131,1.4121242994856145,83837.18083351785,25.0,33.33333333333333
2915,潤泰全,貿易百貨,12,23.91738388918025,21.965752475180167,17.87106097353101,24.85169917445823,48245.608640116894,63934.31079161155,1.0644704881444695,22729.489176298117,25.0,50.0
6523,達爾膚,生技醫療業,12,23.918039163812075,22.95370422989975,25.9584401492277,23.964958658821658,23285.446891327854,28488.27122139387,1.052347326497441,-2473.406956843252,50.0,83.33333333333334
3703,欣陸,建材營造,12,23.92870758371394,19.27518491450828,10.697210157062697,16.16936490595781,690178.3449948954,1532294.3409845147,1.3666949326586708,-456958.1968622887,58.333333333333336,75.0
3164,景岳,生技醫療業,12,23.94468747253641,23.70976474508055,25.516565763672233,24.437564029603063,8061.018945441836,9039.34913702199,1.1280758036395706,813.6397442476961,41.66666666666667,41.66666666666667
3434,哲固,光電業,12,23.99591027051789,23.78848467441692,18.982581197780057,25.467962115306637,13824.183882988602,15950.018687110156,0.8702875194749943,2329.4252065108963,50.0,75.0
6547,高端疫苗,生技醫療業,12,24.009076203652356,24.000806012579744,16.32862272538124,24.809545377090533,12268.07772828827,16159.172574909879,0.09920133037879182,51.93149258243284,50.0,83.33333333333334
3708,上緯投控,綠能環保,12,24.034757093181263,38.599009575283375,8.434438508068368,117.65827465912844,112779.39230136789,194750.1628945562,0.5701575031385475,79184.29966867362,25.0,75.0
6517,保勝光學,光電業,12,24.042129915253742,24.176654865735443,15.30044974123848,25.937955243726346,9823.634318480943,12086.85140794493,0.9231521706806832,74.12652003388727,41.66666666666667,58.333333333333336
1721,三晃,化學生技醫療,12,24.07864143697161,24.316798859808628,22.40304860450138,24.755002240366377,35611.42780176165,41756.141065774274,0.7156315810766385,699.7876607055272,50.0,58.333333333333336
6846,綠茵,食品工業,12,24.08054896138743,23.864762193847845,18.57437782079363,24.706513721675996,18367.860129905082,22308.70966446348,1.6026449664901417,-560.631217370034,41.66666666666667,75.0
2035,唐榮,鋼鐵工業,12,24.18765249482098,23.179070696836934,15.58555962153066,26.70638776946123,193550.1596421157,252358.95360868043,0.5759679859750414,65911.73753763293,50.0,58.333333333333336
6609,瀧澤科,電機機械,12,24.190268271778415,23.579392867965055,21.076623243319606,25.368640740509026,41090.96046831155,46241.133719118785,0.6243584194853727,10102.868326005022,50.0,33.33333333333333
4192,杏國,生技醫療業,12,24.233744379081827,22.60363730197981,19.863997699866232,23.004166589754313,546.1276243695914,678.5096547048589,0.8215838505536325,20.19481742606297,50.0,66.66666666666666
3285,微端,其他電子類,12,24.236906496288235,24.278530860540556,20.6722775374189,26.29821576460751,13705.485885521071,16597.06783810412,0.6493788124400737,376.0213945955699,58.333333333333336,66.66666666666666
3219,倚強科,其他電子類,12,24.237716918643276,27.001747572356,24.45245454124799,25.642744522397532,34400.93499028675,39668.93020343097,0.5364116238456251,-8462.015980956834,66.66666666666666,58.333333333333336
1742,台蠟,化學工業,12,24.257882904785845,22.982915005675334,17.475897742474924,25.406413079502073,2258.0248152895697,2853.288915676068,0.1117026005353202,848.6358291666237,33.33333333333333,58.333333333333336
2419,仲琦,電子工業,12,24.30434543759227,24.0992256558904,20.896398267997228,24.095298540237124,179857.07786813393,210779.88829653768,0.6456287610162856,-16169.445771717737,41.66666666666667,66.66666666666666
6859,伯特光,光電業,12,24.307903419868175,21.244025851783714,19.821140601308983,22.862718053171946,18727.760854217053,25016.529189158904,0.6300721429957553,2066.8400572532023,50.0,50.0
6419,京晨科,光電業,12,24.446379292402046,21.84774587171393,20.883366122723064,24.55292958278713,10150.116310222586,12469.31281354153,0.7392005527211687,4805.763180564608,41.66666666666667,41.66666666666667
3570,大塚,資訊服務業,12,24.48439000604591,22.64235757298114,19.086907406909738,24.736550129900333,49650.568255468505,61724.453070078314,1.821341426540459,9800.35563303024,50.0,66.66666666666666
5432,新門,綠能環保類,12,24.717268595878455,27.983424222760995,13.20047757879468,26.792732280729393,4090.955125303843,5799.660751427945,0.7135008609766564,-1623.9432261137263,50.0,91.66666666666666
6865,偉康科技,數位雲端類,12,24.718297636968632,22.496793801805737,20.58204906560889,24.255093653362678,8806.47029344827,12234.634144661735,1.4947568635105608,639.7217439596931,41.66666666666667,100.0
6240,松崗,資訊服務業,12,24.7410603550087,21.280888121516416,17.35510348852504,24.135133421347255,1025.475716614519,1393.1938208969746,0.9996525924631084,410.714395471171,41.66666666666667,33.33333333333333
3499,環天科,通信網路業,12,24.82366311452614,24.713128969179486,23.964475274913106,26.847914402137814,7388.5150894075605,8114.89782220044,0.5875909218004028,2080.082059273135,41.66666666666667,50.0
2889,國票金,金融保險,12,24.856490270047274,37.58757363951803,17.73586817596363,110.04560868263556,178454.58267606795,228162.13797813575,0.8954768007083715,-15279.39177704291,41.66666666666667,58.333333333333336
6715,嘉基,電子零組件業,12,24.930267462543885,24.938799619246844,21.98193051755422,25.883912630172528,34910.43523404099,38428.887634474566,0.5442889272624994,222.55603859735493,50.0,33.33333333333333
3052,夆典,建材營造,12,24.946156528132708,24.379509538456688,25.34411136169225,23.686919906123492,71099.1446631499,87562.8281987809,0.33958053292536455,-20885.90632541011,50.0,66.66666666666666
4102,永日,生技醫療業,12,24.946804365985653,25.34500714134162,27.144348160899735,24.8097740048959,9858.561305364763,11056.28113351818,0.9092655791552678,-724.3793200967424,50.0,50.0
4419,皇家美食,觀光餐旅,12,25.049838254683344,26.997663212638017,19.148840005334637,24.426941345977195,55575.92602454908,71353.6783197157,1.4739165058547175,-13977.943287009097,50.0,41.66666666666667
8045,達運光電,電子工業,12,25.13252763144303,26.818593640310816,20.223687774876886,31.52655953249834,25344.583333333332,29767.70647726604,1.4196477588216843,4206.583333333333,41.66666666666667,8.333333333333332
1235,興泰,食品工業,12,25.1478045106284,33.10496572084491,18.610139301100766,34.41646540956518,3686.584315243088,5437.041577906458,1.0510768007038649,-898.0098821403038,58.333333333333336,75.0
3593,力銘,電子零組件業,12,25.363516901823896,25.56108320997356,26.946079768931575,26.5304088759723,23102.042326065024,28068.64049370846,0.9429808905021217,1054.1411040423081,41.66666666666667,33.33333333333333
1570,力肯,電機機械,12,25.380918548296975,29.86579356570358,22.892035046909463,50.60052533334334,10440.165884891021,12442.84671148781,0.5446783708842985,6552.2227164276455,33.33333333333333,58.333333333333336
6697,東捷資訊,資訊服務業,12,25.495891472594458,26.03649635488379,26.01650472941656,28.159258975836416,28732.23370324446,33310.32807242066,1.1790914511003843,289.6184959253757,50.0,83.33333333333334
3666,光耀,光電業,12,25.562380107506105,25.14431958574343,27.43171949274345,27.36563315820674,9792.777403318205,11654.879600839224,0.25816623745182543,3595.7523113652715,25.0,50.0
3046,建碁,電腦及週邊設備業,12,25.574006458415422,25.99381590752718,21.00151507438809,27.910977895517032,160120.70855160718,188960.10392399537,1.4793515011679526,-36440.27196684306,66.66666666666666,58.333333333333336
2820,華票,金融保險,12,25.624658565002168,25.640992311103712,18.799422244730827,26.921070599538165,63604.09677994517,77724.99239010988,0.9690777903135442,3015.44268800423,50.0,58.333333333333336
1538,正峰,電機機械,12,25.800893840353478,26.63845215713622,25.340521209957455,26.52686250565087,2485.1635954477138,2904.1161625107893,0.3173695276340331,269.481558641301,41.66666666666667,58.333333333333336
6152,百一,通信網路業,12,25.851194035263713,25.721638011037896,23.025993798974447,28.681643539478614,33890.915380230734,42422.41973110843,0.369648088499406,4626.760436998629,50.0,58.333333333333336
2020,美亞,鋼鐵工業,12,25.868329134801915,25.064719200215063,24.86100684781928,23.588458885991944,102262.57095099421,160031.9909650504,0.8284031022084367,-22060.006967546167,50.0,33.33333333333333
4526,東台,電機機械,12,25.8950317327069,25.060823707627183,21.004628006829133,27.153159938577982,115657.18130548613,139945.1475478432,0.7008868110350784,6087.897094373281,41.66666666666667,83.33333333333334
4171,瑞基,農業科技業,12,25.90364484426486,27.308245079562727,15.704066577893999,30.55101224672414,5024.033503915874,6737.401716333585,0.15478132870871278,-80.23241122688826,58.333333333333336,58.333333333333336
8923,時報,文化創意業,12,25.988567719304573,25.894958470919526,25.690829956275685,27.288283717234833,9688.732960014639,10639.451777015078,1.465904843240352,-74.89424977018977,50.0,75.0
4164,承業醫,生技醫療業,12,25.99938911491536,26.234946615925843,18.967608699129133,25.661938360085497,95293.82763029162,123793.69445605937,1.1081958847236588,-19520.675306544214,41.66666666666667,83.33333333333334
4109,加捷生醫,生技醫療業,12,26.11230172298647,24.157322611919017,18.760103047518044,26.09471513588658,10533.114988263975,14548.706810435662,1.2123578908748638,1128.747021178607,41.66666666666667,66.66666666666666
2429,銘旺科,電子工業,12,26.180927107111412,27.280923776239945,20.78912818652906,26.247246293916593,10815.668249536564,12940.480968019749,0.49306883031165344,-3528.226003984076,58.333333333333336,58.333333333333336
6680,鑫創電子,電腦及週邊設備業,12,26.203306684466128,26.236271248024,21.417241468795247,29.15711618005194,12312.715450141595,14683.299844096071,1.053143137373602,241.52819110797887,41.66666666666667,75.0
2425,承啟,電腦及週邊設備業,12,26.313788980171203,28.858940927110854,30.882616855204116,30.590763014301146,188286.89171737863,226804.11684241402,1.4181805776473349,-11873.160262847034,58.333333333333336,66.66666666666666
6904,伯鑫,其他,12,26.320224610776798,25.73963760528381,24.911884303834526,27.451596237197258,18917.77110659837,23597.05661892473,1.5456791973277788,412.2249898803287,41.66666666666667,58.333333333333336
4991,環宇-KY,半導體業,12,26.373956672230097,28.40371430742949,28.879216445104138,29.660664055267773,48060.16232894356,57110.03890739555,1.7784410682374687,-3733.2321929816303,41.66666666666667,66.66666666666666
5530,龍巖,其他,12,26.388372784879728,24.795666107957263,24.711777579297245,25.016336812186474,88991.88449600054,114630.49866726238,1.2989236009997576,-5703.7152584366,41.66666666666667,91.66666666666666
3228,金麗科,半導體業,12,26.410467405741368,24.82876498968494,20.97272616584383,27.72512609909206,6800.387234858669,9512.14384792189,0.3659416243892745,141.55326411370302,58.333333333333336,66.66666666666666
6508,惠光,農業科技業,12,26.426112428939497,29.153013523403438,27.068045302183137,30.499052924738514,31338.880881801848,37025.00091693516,0.6276926548631313,-3792.6553507337903,58.333333333333336,58.333333333333336
4533,協易機,電機機械,12,26.440404678782325,25.892091605031702,19.10437858996209,29.363667314848225,88706.10347505736,117719.18084654899,0.8436812402334319,-3446.161408766546,50.0,58.333333333333336
8437,大地-KY,其他,12,26.503239102810195,25.162384790822273,24.423000998354283,26.35153521095849,4738.955839843148,5957.850257550652,0.2181857647407258,-37.18996760139468,33.33333333333333,100.0
8076,伍豐,電腦及週邊設備業,12,26.64982944791634,27.06788848078262,22.745611951958868,27.683815619749502,43743.27434591315,50558.754011920144,0.8595894098729971,-192.6503660736295,50.0,50.0
6533,晶心科,半導體業,12,26.661753029830376,26.24654573811089,22.95199519370185,25.131276618896152,32842.54727158823,40496.41203147226,0.9956093097873914,-678.3298369242111,41.66666666666667,66.66666666666666
6265,方土昶,電子通路業,12,26.67356459068784,26.81586931396292,18.113048449900976,22.961403209824095,20225.608226387423,30991.585877469566,0.5536113353298594,-16655.520835305764,83.33333333333334,41.66666666666667
8104,錸寶,電子工業,12,26.75096301866101,26.186145777172133,20.882324092631443,27.336960293958867,79987.22970073855,103121.4444776918,1.510508310509768,-17144.820381454072,66.66666666666666,33.33333333333333
4147,中裕,生技醫療業,12,27.08271734512953,26.69952397551895,22.297348648151992,27.150574213354002,13797.51604078745,16462.323039846608,0.5369829011485062,-2662.138664742299,58.333333333333336,50.0
4183,福永生技,生技醫療業,12,27.14695447872502,27.440986783632255,19.272305636759732,31.27656451354874,11304.55740649274,14672.615557717972,0.8788185552459636,1567.3287079415604,50.0,75.0
2101,南港,橡膠工業,12,27.15913367666225,18.85476603681963,9.348389036606248,29.062067319538997,190852.70943786376,441633.41517414246,0.8321473414452271,123974.02991405677,41.66666666666667,66.66666666666666
7734,印能科技,半導體業,12,27.305253275073138,29.022371853658317,28.60794539326406,31.507657983866082,52398.166666666664,66121.8770440868,0.9716812052523291,710.6666666666666,58.333333333333336,8.333333333333332
4119,旭富,生技醫療業,12,27.365649221727047,29.255876300993073,28.5331482583815,29.51742080287465,30643.164614890236,38091.24365567021,0.5289215274865008,-2695.006210637661,41.66666666666667,50.0
5251,天鉞電,光電業,12,27.459190504952737,24.952992985819268,12.900360293842672,33.66707809155658,6987.883447676635,10224.648064645733,0.6816266110543947,4586.278748079593,41.66666666666667,66.66666666666666
3455,由田,光電業,12,27.58009293490072,28.265519871043864,15.369735060381512,31.927844099530223,38505.11934827359,54360.711041714094,0.7043815067170228,6181.668456558578,33.33333333333333,58.333333333333336
4527,方土霖,電機機械,12,27.614507258160742,25.64272908072332,21.695658834438113,26.677977565606998,70587.12188510953,92372.38637284358,1.1937062945503134,-15892.988535575185,50.0,83.33333333333334
6735,美達科技,其他電子類,12,27.63515747102308,31.743073088199814,24.162212662513088,32.07384152423611,7910.172328016183,9291.302664055655,0.5075695619276798,-2729.3750893126366,50.0,50.0
2891,中信金,金融保險,12,27.64621492658127,30.85145842726133,15.097783876221499,33.24766645310738,5642008.9701107,7611876.856734135,1.10315536879832,242361.80263365465,25.0,66.66666666666666
4550,長佳,電機機械,12,27.6772107197172,29.89212380641881,21.66378136983215,29.842626273531835,21197.399081674743,26274.590213495194,0.5621654522613203,-6969.368818315997,58.333333333333336,66.66666666666666
3176,基亞,生技醫療業,12,27.679610366712943,22.908745522328687,13.74742182966185,22.96650526860584,36502.62456915453,67377.86646606073,0.2720148368863225,-8756.846716703458,50.0,91.66666666666666
3515,華擎,電子工業,12,27.7945271636423,28.072344710050945,31.96973960080375,27.8695491618495,1108662.6100842494,1265598.1789245019,2.174747513521257,-231191.2511680833,58.333333333333336,91.66666666666666
3062,建漢,電子工業,12,27.823516007668047,26.40008971717099,25.0681737707101,27.711121630363404,97081.9047990087,111889.00195158129,0.703408336513684,16528.190480259193,41.66666666666667,50.0
5201,凱衛,資訊服務業,12,27.863442651874763,26.608680004091323,24.643904285455577,29.01583471755473,7072.600867860915,8483.503682539404,0.8929896561279294,1172.883080599754,41.66666666666667,83.33333333333334
7584,樂意,文化創意業,12,27.90888510541415,24.148475768178077,15.572354108327168,27.469916924073086,22569.659553301623,30281.61871090421,1.1445288750664369,6634.709212053068,50.0,25.0
3083,網龍,文化創意業,12,27.935383797133785,29.412805329589027,23.450445381834793,30.607252345816093,9216.81429413434,10616.381961922456,0.8026696608867344,-2719.4722844536814,75.0,50.0
8201,無敵,電子工業,12,28.057942243472645,29.62826785709371,28.70629948441406,29.096097386915414,11111.459524022963,13157.693739909193,0.600984723914292,-2887.2479989822364,58.333333333333336,75.0
6103,合邦,半導體業,12,28.091643495563506,33.410647781192864,28.819427708564792,28.752494792173515,2143.2519404940176,2679.0836820463032,0.06808685294651745,-875.403335182199,50.0,58.333333333333336
1312,國喬,塑膠工業,12,28.148320130230438,29.636829199920406,21.64696932494678,29.00741161118376,532649.465520745,692767.6874976738,1.4402115516493987,-117694.13218064175,50.0,33.33333333333333
6706,惠特,電子工業,12,28.18925022566356,28.085925344492065,24.076533396195927,35.82268635177052,21129.69883644136,26717.495531257508,0.13353691388832883,8097.543285448929,25.0,50.0
2511,太子,建材營造,12,28.19625045345274,23.886899245547113,18.16618406765987,23.99881680505761,219540.37644940335,370259.57355079416,0.8516162705614061,-53394.59062669298,58.333333333333336,66.66666666666666
4503,金雨,電機機械,12,28.240668813067373,30.40094613496281,23.6683595704101,35.249047681576876,15739.866161291066,18961.776260498107,1.4540557773251013,-2283.582296602743,75.0,25.0
3693,營邦,電腦及週邊設備業,12,28.310580756620606,28.123035619811926,29.43377070270997,29.935911306849576,177328.89031664198,202039.0515761994,1.235763680809728,14551.219506852605,58.333333333333336,50.0
1906,寶隆,造紙工業,12,28.384756832320658,29.41691147127618,27.643249513728108,30.162401751068842,73600.68099971833,81255.29704627069,0.6474697251512797,-7225.108929133817,58.333333333333336,66.66666666666666
8096,擎亞,電子通路業,12,28.63882934202955,27.88104274563653,18.055916305785694,33.24911434026878,828034.7114230115,1174880.9535290152,1.1798597705138592,-1034.6216735789396,58.333333333333336,33.33333333333333
3259,鑫創,半導體業,12,28.815527469304264,27.45435449617622,26.013012893003573,29.23421739095196,6768.67135078134,7870.516256828702,0.515433747999055,97.79594798998914,58.333333333333336,50.0
5704,老爺知,觀光餐旅,12,28.819339975923587,32.59709509891586,21.278216508846086,26.97211336637311,7851.444918574035,11498.06769845872,0.783906306957689,-4456.248816030234,75.0,58.333333333333336
1533,車王電,汽車工業,12,28.823699046401973,24.548602970467147,13.878775469799242,28.81679708448456,96157.75757898421,140712.8468780802,1.1160950056983105,41100.39726286573,41.66666666666667,58.333333333333336
6589,台康生技,化學生技醫療,12,28.859508667812545,29.21567268161712,22.349464899898948,31.856065005158197,24173.590245419822,31543.532964842474,0.4169697648362935,-2052.0644476757116,75.0,66.66666666666666
2431,聯昌,電子零組件業,12,28.87229899332927,28.740940596769043,30.87752827829484,28.55981154701904,9024.686677092413,11308.313175931939,0.2112250596758892,256.1960720242405,33.33333333333333,50.0
5364,力麗店,觀光餐旅,12,29.066582796119977,27.171272483611155,23.51597620521299,33.221191916900914,7547.477333145173,9490.91060349532,0.5386972038739409,4211.0301277603385,50.0,66.66666666666666
3432,台端,電子零組件業,12,29.157578335266788,35.865382537858956,23.22811273426486,28.102719671422662,3773.2093184210366,4722.359664987056,1.8034552094826521,-3487.4273665361907,75.0,41.66666666666667
6130,上亞科技,生技醫療業,12,29.390164002944474,29.748834234847603,24.27882281549694,27.906413803341408,3782.5141071789535,5527.07889185575,0.5837474922584598,-850.9816000750476,58.333333333333336,50.0
2438,翔耀,電子工業,12,29.466590919357415,28.54284967558475,19.917030287879218,33.39395101409093,10995.826733944712,13864.41058524905,0.948886416112272,1917.8263856734332,50.0,75.0
6933,AMAX-KY,電腦及週邊設備業,12,29.6169454810366,26.953119530545628,9.744564280651502,28.007653914987234,172780.12633248416,279348.3573212639,1.534258558532471,-22625.347344171754,50.0,75.0
8092,建暐,其他電子類,12,29.675219477216945,31.444648515627694,23.344774425343743,29.361764653284713,8503.681434692158,10682.908015493602,0.7816148732430586,-3580.93486774284,50.0,83.33333333333334
6140,訊達,資訊服務業,12,29.689545391804863,30.359248045953464,21.307964912947806,33.46394557772782,58234.336137165206,68447.67233968838,0.6515570497431008,10036.45566813306,50.0,66.66666666666666
3465,進泰電子,其他電子類,12,29.712893482794144,29.50859593096177,31.554695681584377,32.117748790062365,41497.7450996628,47192.347201295706,0.43813218194268355,7582.374017664507,50.0,66.66666666666666
2408,南亞科,電子工業,12,29.809600508625138,27.77735766995619,18.366263996895714,23.306848025467666,1654097.9670496483,2332444.6422188343,0.9454886512148,-1636725.4471771333,91.66666666666666,16.666666666666664
6227,茂綸,電子通路業,12,29.837171696356034,28.604003015123354,23.82237288603772,30.659513550898236,437015.8789062302,577979.4878022461,1.886565259799587,-11621.047289084643,50.0,75.0
8473,山林水,綠能環保,12,29.89736185976059,27.890290245655596,15.78316114336234,26.167016786495363,127676.60907870294,198946.9551970305,1.3978295897012922,-23755.128294952563,33.33333333333333,75.0
4530,宏易,觀光餐旅,12,29.918949882689134,30.1520118193012,22.787163485819484,26.031358001224646,9675.239877980484,14664.710950227161,1.9756188100314145,-6214.022578246164,58.333333333333336,33.33333333333333
6234,高僑,光電業,12,30.129675631378923,30.13366703275563,28.072312756546978,32.671094691340066,12008.18222288607,14458.811075815434,0.17221020703431866,-791.6088732848017,50.0,66.66666666666666
5484,慧友,電子工業,12,30.205173856760855,32.38352013254037,28.994243553107967,29.928656919096113,12801.506442015956,15557.302330223596,1.1406374768813936,-5394.039365324107,66.66666666666666,33.33333333333333
5398,慕康生醫,其他,12,30.226144908928454,31.722369911507197,29.402720543803056,36.37371930993754,5789.540984310247,6823.041966961676,0.6942558394517411,1175.3908085299129,41.66666666666667,58.333333333333336
9940,信義,其他,12,30.3325993197808,25.500812971256803,22.211326171242256,22.643634940864356,289608.30264993204,563480.0724354533,0.7770609540784005,-186079.63426078612,66.66666666666666,33.33333333333333
2388,威盛,電子工業,12,30.358788473158448,26.962365107199766,22.751803892247587,33.03796479571419,241531.8899974476,308482.09917800815,1.0129168876573382,107898.1187499498,33.33333333333333,66.66666666666666
1423,利華,紡織纖維,12,30.39053776604636,30.199129979731204,27.034632419602524,27.12458158739817,2162.4893656393056,3550.8704939886084,0.292731849869112,-1040.814433809482,41.66666666666667,66.66666666666666
6617,共信-KY,生技醫療業,12,30.542303546357108,29.2396891234661,29.545708588149328,32.275894068186524,929.2241334782931,1158.115794747075,2.037609008077124,-111.12604044545624,58.333333333333336,25.0
5212,凌網,資訊服務業,12,30.638685419545013,31.288311222118896,27.295093728007707,32.21893853625175,33658.53638344677,38775.30657262111,2.4704638502303076,-5850.751864401677,58.333333333333336,58.333333333333336
5202,力新,資訊服務業,12,30.723873427697118,28.09541185323815,21.497604651090008,32.05206683182723,3842.8908818806426,5460.144596583074,0.8318598583203434,534.3496391464446,33.33333333333333,91.66666666666666
8927,北基,油電燃氣業,12,30.8046893412068,28.609877803502208,31.21398588382471,30.06834776685074,275112.72723785246,324005.0992594879,1.6044369914960364,11507.792061584682,58.333333333333336,41.66666666666667
7728,光焱科技,其他電子類,12,30.972344869153247,32.120071694534,35.68192485393742,30.314276315361226,9206.916666666666,11433.929949205274,1.224703895069281,-2701.5833333333335,41.66666666666667,0.0
3349,寶德,電腦及週邊設備業,12,31.01947161085891,29.595855737891657,23.077328467976084,35.75262696543638,12390.236793323755,15216.98006477128,0.3678186749405119,3597.8491682270437,50.0,25.0
3576,聯合再生,電子工業,12,31.114779434929808,28.484256396105117,25.011322260153552,33.9031832083387,78994.20202939979,101113.39454179344,0.17505170159097216,23215.989064282927,50.0,83.33333333333334
4542,科嶠,電子零組件業,12,31.14738325312781,32.45103727940307,31.958626362831176,28.96602561210199,18902.334606367538,22757.036426353858,0.9324233601066774,-7197.214719529999,58.333333333333336,75.0
1599,宏佳騰,電機機械,12,31.334854302099735,31.789761946588996,27.466989298752104,31.939971381990873,48679.06173161213,56379.12190037843,0.6902914779935339,-7371.840762873236,50.0,58.333333333333336
3209,全科,電子通路業,12,31.568969592194573,32.09668981300156,28.50984994915317,30.119696690297143,1246529.860414777,1548805.7254708936,1.3426471555651547,-368396.2912217436,41.66666666666667,83.33333333333334
3066,李洲,光電業,12,31.858948532095948,26.907062068543276,12.53129327647411,28.06333164646523,6422.153394223678,11241.969936281825,0.7580279344741276,-1536.9282357168768,58.333333333333336,83.33333333333334
8099,大世科,資訊服務業,12,31.920707178665452,26.273115719624435,11.252266853458982,25.581773086720766,132864.7565162784,235114.1618401932,2.39446625925248,-54800.949689301866,58.333333333333336,66.66666666666666
3284,太普高,其他,12,32.037561800433416,31.56815680142711,25.53538251694587,29.843887530537927,23193.192395901267,28780.50531924695,1.1220613709003777,-4578.248707364724,50.0,41.66666666666667
6207,復華滬深,ETF,12,32.08461201800111,29.361753825976518,19.438062003749952,35.8894516284197,29791.0435278943,40519.41092073612,0.8575876475230202,10216.244568469216,41.66666666666667,58.333333333333336
8272,全景軟體,資訊服務業,12,32.12783126225843,28.83775205133946,19.763515330639574,36.96541288158699,12804.011685718726,18434.62656470733,0.9929752774045548,242.98831428127414,66.66666666666666,41.66666666666667
2498,宏達電,電子工業,12,32.139841728963674,34.30998010509038,28.252647553266506,36.719436438799185,77689.0146576827,94017.88124309556,0.5643700802371826,-3398.478074951568,58.333333333333336,75.0
1530,亞崴,電機機械,12,32.17708303105179,31.370899512096546,26.09902152969979,35.54668269249657,51656.794141456085,58939.88467748788,0.8237306044359544,10675.426781887216,58.333333333333336,58.333333333333336
6431,光麗-KY,生技醫療業,12,32.22319302832978,33.07663878159565,32.41703654327069,35.53685795390255,10262.254547036471,12874.534108091711,0.5673905340151466,1478.3493505016038,33.33333333333333,58.333333333333336
4908,前鼎,通信網路業,12,32.55791317981432,29.666052829889395,26.847674824290728,33.62498319376782,22103.784310530475,25586.606840072305,1.4047035012459201,8205.875192690624,41.66666666666667,25.0
3027,盛達,電子工業,12,32.57199176538098,30.31936888456942,29.534328856674357,35.084445347516464,57230.4824147303,81967.21197991777,1.5812189633114675,6755.24168899216,41.66666666666667,50.0
6887,寶綠特-KY,綠能環保,12,32.59851773819628,32.55281711987999,32.824485213152435,36.25320254321332,129762.58333333333,151065.61849215283,0.584416511185752,41786.416666666664,50.0,8.333333333333332
1532,勤美,電機機械,12,32.6220990341964,28.25986378495713,19.975767438486574,27.121444852252026,418349.7670365839,703334.6935564175,0.6983398011678806,-68752.17961633178,41.66666666666667,50.0
6649,台生材,生技醫療業,12,32.63661100325218,32.08906290352911,25.629751757290993,31.009399722731228,5994.28475143982,8646.007622842035,1.1218227648835422,-2488.478113769343,66.66666666666666,83.33333333333334
6625,必應,其他,12,32.6957160211642,33.78423858602329,33.368146959341125,31.99465110472867,119087.41573887625,137984.87236722306,1.4989944329066436,-25989.932935978966,58.333333333333336,58.333333333333336
4770,上品,化學生技醫療,12,32.740438947985865,29.42795102791049,18.75787862371378,35.227214990445326,128945.54499412824,176365.56292520557,0.8771196816810735,16490.464675438227,50.0,75.0
6658,聯策,其他電子業,12,32.83576610638789,33.30221330711803,23.860331581909445,39.49635724553745,56955.25073669668,74013.82452762034,1.3582235390646487,5653.534055868509,50.0,58.333333333333336
1799,易威,生技醫療業,12,33.0562133821868,34.07904108234139,27.91060146051861,40.736031420495614,16456.760363876845,20053.163138069947,1.1125145128634186,615.8636685290361,50.0,75.0
2485,兆赫,電子工業,12,33.2900730494245,34.814290208145685,31.556869166797654,30.784719459799163,72380.08133415744,88253.38779081605,0.48445024551829347,-35138.536396502204,58.333333333333336,75.0
1789,神隆,生技醫療業,12,33.304200411333134,33.095500328025345,34.60762277611884,34.61908349655482,87796.03356135024,100982.95195322776,1.3584221913518937,-3959.6338430700853,41.66666666666667,75.0
6937,天虹,半導體業,12,33.35933125594426,31.32536791173538,22.40225838500561,38.43752994820904,62399.907888608555,88969.74826489924,0.39658115582790154,19001.759241677213,33.33333333333333,83.33333333333334
3213,茂訊,電腦及週邊設備業,12,33.673689892419425,32.30460739714939,36.60101494970571,33.50683155601752,81019.20655665181,96019.43198925814,1.70618452655859,-161.03856465198865,41.66666666666667,66.66666666666666
3379,彬台,電機機械,12,33.700382168201834,32.363986086617416,23.473409882230246,29.89006835625062,55577.097587297285,87134.46894391051,1.8507796902467095,-18749.53054772945,50.0,75.0
3057,喬鼎,電子工業,12,33.793230288281926,31.823588903482676,26.13869715766086,37.33490452164696,16441.81458651117,20375.414347295224,0.8360328999265291,3309.624937600965,41.66666666666667,33.33333333333333
4768,晶呈科技,化學工業,12,33.91412174237505,31.86554263408823,36.597650135353454,31.148352510807815,34741.59805112088,47882.478483749015,1.5242658348254887,-19864.938779592216,66.66666666666666,41.66666666666667
6903,巨漢,其他電子類,12,33.96149986230087,36.860231058307114,27.9419027772185,42.009691192897044,102001.32714642893,114909.48003837303,1.8465978620033194,-29208.493813095603,75.0,33.33333333333333
6179,亞通,其他,12,34.03638210251149,25.823019567105227,14.439938965372567,34.52194408631983,118550.0803183316,192204.92907445072,1.1369571195800798,72412.24855544137,25.0,75.0
6425,易發,電機機械,12,34.05882562724204,37.586256965598125,34.70771217095867,42.11405543626155,40018.921435526565,46219.84135234084,0.713873156343431,-2384.3080500519886,58.333333333333336,83.33333333333334
4432,銘旺實,紡織纖維,12,34.086391587841334,37.688528592277834,27.588149754467178,47.67626717207882,30934.877442934812,39552.190255376976,0.854921843395149,5312.201149608831,33.33333333333333,75.0
2107,厚生,橡膠工業,12,34.241006599292405,31.360871100799393,27.14727452631284,31.198363102614064,41221.37820462416,53305.31983599175,0.5159433745857535,545.6918531194569,33.33333333333333,66.66666666666666
2506,太設,建材營造,12,34.28762610214786,29.87039019115952,16.679879313981537,27.42889418237909,32562.30132970953,53027.574664090724,0.23671152985709235,-12434.142318415046,58.333333333333336,83.33333333333334
2939,永邑-KY,貿易百貨,12,34.309781322405506,36.85328171801862,25.662990819401944,43.31477230909454,8561.548465255328,10476.317493823335,0.20420952738147066,1421.4092100932673,50.0,66.66666666666666
6582,申豐,橡膠工業,12,34.388394031782376,31.004625239799456,23.332786568387164,41.57579681259434,23538.626458794824,31363.414689186386,0.09867758613655543,23538.626458794824,0.0,41.66666666666667
3047,訊舟,電子工業,12,34.554574250661204,27.56649807560648,28.347997028249804,33.07351178625091,104515.08987056284,134132.0752013505,0.7648273733124485,71274.3961116405,16.666666666666664,41.66666666666667
1468,昶和,紡織纖維,12,34.6310130237114,31.34093279427726,32.41919106021898,32.95550249556548,24145.52147792462,29670.66237527886,1.0662798520777461,3270.544229767255,41.66666666666667,41.66666666666667
3288,點晶,電子零組件業,12,34.64911664362265,35.21115082003545,39.089843581665406,38.732944453827386,2134.8764477329396,2635.2264445200594,0.8206179451444418,139.22230341186057,41.66666666666667,83.33333333333334
6588,東典光電,通信網路業,12,34.70709305918323,36.38113221740303,25.423051653316676,39.38358257719324,5009.448276697211,6488.100059917549,0.7926279614608486,-401.33320390805466,58.333333333333336,66.66666666666666
4721,美琪瑪,化學工業,12,34.742090556906994,34.565091180749334,29.942818608443524,35.49420345301495,73267.07364410281,94299.08047645299,0.557828292878927,-6366.942500928388,50.0,58.333333333333336
5443,均豪,半導體業,12,35.00898633263535,33.33231149277566,28.33314889932194,38.397792790838494,136238.25801564296,164140.1487713049,1.1099364429186598,15208.610858693815,58.333333333333336,33.33333333333333
8940,新天地,觀光餐旅,12,35.2742807119362,34.607107712145485,33.7011178767322,37.411498038324794,46677.01529964277,63451.97532296278,1.0851146141368389,-1388.60321270471,50.0,83.33333333333334
4772,台特化,化學工業,12,35.34134077904748,34.984758357044704,22.661562429660304,26.752419230386327,58651.870683443565,91307.99276421234,4.578185204842989,-53046.7040167769,66.66666666666666,8.333333333333332
6957,裕慶-KY,其他,12,35.38299378809784,32.505599591693716,21.560507991993983,37.06969612818729,112748.58787982138,151153.7735528723,0.9514562095008862,14961.83724783634,33.33333333333333,50.0
4303,信立,塑膠工業,12,35.42643624672668,40.060258783784626,36.19023870287788,34.407120693768235,29173.0502865451,33552.29321543895,2.0571513389504363,-16771.328393900756,66.66666666666666,50.0
6804,明係,運動休閒類,12,35.4883063819241,37.29288426774811,36.760163374691835,37.589887704115874,39618.16931635456,47397.35320952136,0.3811483403013098,-7277.447357968148,58.333333333333336,66.66666666666666
6727,亞泰金屬,電子零組件業,12,35.54040371123823,39.69088053459995,34.591792269426406,42.85438616380812,48286.49563022433,54306.40795633686,1.2148430600837725,-10757.039328227731,50.0,33.33333333333333
6969,成信實業*-創,綠能環保,12,35.78389450122811,39.20614070937068,24.06032843121708,33.00753424775385,10738.538000433966,15855.40903849934,2.317263406798018,-4918.4017826783065,58.333333333333336,16.666666666666664
8027,鈦昇,電機機械,12,36.15498908545718,34.503878548468094,23.699392963773867,35.42632321129979,54514.10086400391,79687.54007529326,0.7799816966954715,-20038.068293791785,50.0,83.33333333333334
6199,天品,其他,12,36.23525583076586,35.580943812862756,36.07854343841164,29.402149198144816,7964.599819741913,10406.056134357632,1.8840771790961834,-7454.153002349885,75.0,33.33333333333333
5381,光譜,電機機械,12,36.2865289103006,36.84504573774396,27.66961364390328,40.29923019848289,66443.20473055822,81309.05835511866,1.591253235987731,-5517.859872888759,58.333333333333336,66.66666666666666
5512,力麒,建材營造,12,36.335342420364796,32.59195368694393,20.45470063099164,36.699564378227386,211892.72866681908,304402.67327432596,0.9539772673188675,19141.25924409454,25.0,75.0
6598,ABC-KY,生技醫療業,12,36.348598939948005,37.7642459423157,30.549653126163477,38.4375442346268,14444.872637737104,16076.314832456786,1.031213190051511,-2777.548354717252,58.333333333333336,58.333333333333336
6674,鋐寶科技,電子工業,12,36.38473952105122,32.2321126571631,27.27600179963853,38.215753601292406,18128.393260201097,22679.13892381836,0.3473428979041375,6266.099390567261,50.0,41.66666666666667
2712,遠雄來,觀光餐旅,12,36.43912049286471,41.67587188297337,32.13091798645403,40.52183926682968,15941.902654092102,18519.418497821887,0.7152638048984962,-1382.7037237834945,58.333333333333336,33.33333333333333
8937,合騏*,其他,12,36.44656369390053,36.89807019282459,35.10034736588244,39.34881504617649,1994.4774538758832,2223.316426105136,0.20274109316165365,371.3930454181165,41.66666666666667,50.0
5410,國眾,資訊服務業,12,36.60532088017466,35.573099387027085,26.085394849387654,37.55333803141447,133883.25951725527,182987.78441782735,0.8135615477323164,-19690.047211721223,50.0,50.0
8487,愛爾達-創,數位雲端,12,36.737069115016105,28.811705548231487,22.986568447190926,36.13847290837422,31183.648833796167,49052.97504866629,0.5827579082795623,13526.338846682775,50.0,66.66666666666666
1449,佳和,紡織纖維,12,36.903806152529874,35.00862215039009,29.13880209611027,32.10022528536824,83129.88277725031,117357.52181272958,1.403599028886033,-29580.321402974052,41.66666666666667,41.66666666666667
8476,台境*,綠能環保,12,36.959463964411945,36.23037077311308,27.63178594113711,37.107505767872496,37564.55198861598,49730.42069932633,0.46030145064823547,-4298.195216031158,58.333333333333336,58.333333333333336
1465,偉全,紡織纖維,12,37.49545868115044,39.804038757123145,32.51447727929438,47.56930109894631,11175.177751545643,12531.344248962088,0.617882809906191,688.8455224801386,58.333333333333336,91.66666666666666
3041,揚智,電子工業,12,37.5029972980026,33.66288886960258,19.33084249927762,30.106835342809347,43664.86476405541,75078.20942004504,0.7698712555087868,-18783.099570504462,41.66666666666667,58.333333333333336
3035,智原,電子工業,12,37.752399838211716,34.27868639709949,33.37067731852558,32.85974218112479,566059.734856812,814222.3969299982,2.6705352996222174,-149517.37060363396,41.66666666666667,33.33333333333333
2230,泰茂,居家生活類,12,37.79068333906263,38.59488690384299,42.42180160812594,44.47396398956476,64563.90234969106,79244.6141485292,1.9832760333129202,4376.040216853779,33.33333333333333,58.333333333333336
6283,淳安,電子工業,12,37.79699647969349,34.77590600484474,33.86156063923759,37.717424228231394,57020.92685923039,70807.89263913345,1.0399246273447142,4086.4484352978493,41.66666666666667,58.333333333333336
2314,台揚,電子工業,12,37.829443225581095,32.910108813532936,33.18316549905184,33.85108472634982,52900.40968582841,72910.99291942238,0.49521649130412987,-6349.111079828787,58.333333333333336,25.0
6163,華電網,資訊服務業,12,38.0738194785197,38.30337977277618,38.52200870147132,39.15343031961913,193726.4467942144,272857.75411212374,1.0926479820815382,-48384.84911992407,50.0,50.0
4903,聯光通,通信網路業,12,38.07990001360121,39.56294316642527,38.236436195327656,43.188687627569614,42885.456462317634,60326.46727404413,1.0829312800953692,-1442.8376636947116,58.333333333333336,58.333333333333336
3085,新零售,數位雲端類,12,38.21220839528295,35.94008418187276,29.873448464814796,40.074964257402186,1738.7510125063625,2115.7459637444704,0.1968959215791294,343.1591222015022,41.66666666666667,66.66666666666666
1447,力鵬,紡織纖維,12,38.24639932715337,37.080988422291355,29.973926062147747,43.80750155791074,887923.1478992851,1051744.4623864968,1.337291924575534,265903.68438924884,41.66666666666667,75.0
4198,欣大健康,生技醫療業,12,38.391247649054996,35.78990013490056,24.58489379398782,38.80735130439257,6532.942634320566,9124.18277651461,0.745912565855356,-1492.2058208075352,58.333333333333336,58.333333333333336
3025,星通,電子工業,12,38.75714011749723,32.86839297461588,24.000287854817426,32.148360765063636,21888.70853607509,36202.061518713694,0.941822643017844,-11411.85034665778,41.66666666666667,83.33333333333334
1762,中化生,生技醫療業,12,38.969959184827566,41.357698394487954,29.03774363857994,57.35548417563834,26138.38567397137,33498.5967986054,0.41502928562309377,3844.5807744155736,58.333333333333336,75.0
2243,宏旭-KY,汽車工業,12,39.1176967530767,43.30997702744256,42.29024069134972,43.93068077986666,56691.58280404143,69274.32488060064,0.563879413451317,-9076.746269188312,41.66666666666667,66.66666666666666
1795,美時,生技醫療業,12,39.30109285717657,39.87011148762963,38.06668662308241,41.68060405516169,671436.3440800938,761553.1581744554,2.114557952574568,-158735.4674052771,58.333333333333336,83.33333333333334
2254,巨鎧精密-創,汽車工業,12,39.457605929510926,37.90904906768726,34.784258424330616,47.130688982534515,15709.322411392734,17611.42335508749,0.679953673818943,5650.616643174951,33.33333333333333,66.66666666666666
4402,郡都開發,紡織纖維,12,39.521442048804985,41.65171778572312,34.875049898404576,38.66459599425462,781.1742366296712,946.894843345428,0.14967603205423627,-25.621477694037548,41.66666666666667,66.66666666666666
5314,世紀*,其他,12,39.65709689675051,49.34519200746714,37.04613262019475,38.154418788223275,101083.95713497221,116194.77050389904,4.225066902075878,-101083.95713497221,100.0,25.0
8080,泰霖,建材營造,12,39.784597480771446,41.130257737881635,37.7130103229071,37.73904213879524,6701.284445829908,9323.414290768875,0.5504355094471993,-1740.512842299085,50.0,75.0
2855,統一證,金融保險,12,39.9507775956169,40.212522663570375,36.78640686694415,45.56790061348512,450901.2885630371,555873.3282710102,0.9624151944811067,-98301.25773050362,66.66666666666666,50.0
4707,磐亞,化學工業,12,40.83714723617292,39.299753337669216,38.50059808339816,43.1371270771755,45717.220361851614,51760.82434115881,0.9944755748762173,10593.815441771227,41.66666666666667,33.33333333333333
6877,鏵友益,其他電子類,12,40.886995449029314,37.78924636774301,31.2464084950656,52.72320469609374,16374.594299908296,21079.20058705516,0.7255742034464148,4277.172891101767,41.66666666666667,83.33333333333334
4806,桂田文創,文化創意業,12,41.19237712236467,41.22226462530563,37.99989444365268,44.17826859404976,2808.084348431599,3222.879815509079,0.7233940302560415,-676.210307115412,58.333333333333336,75.0
1781,合世,生技醫療業,12,41.24656844782269,33.0604097309627,25.610869081677812,41.82613688185743,13681.62424270428,19793.6903366903,0.5641967471140561,6714.863659790804,41.66666666666667,66.66666666666666
6443,元晶,光電業,12,41.49004954164982,40.63515369442621,36.00229401755697,52.76502105710136,63111.68990920722,73252.70350322426,0.3402586382571971,16583.935191090244,41.66666666666667,66.66666666666666
3713,新晶投控,綠能環保類,12,41.89020871717089,41.03073686603176,29.63668434530591,38.58355782099927,11423.250466128915,17851.144526549066,0.2733873630705156,-5631.588210858569,58.333333333333336,66.66666666666666
4131,浩泰,生技醫療業,12,42.021759736642714,54.15462687436982,28.00918577769651,37.17572645084451,8567.396375106717,11266.978343167553,3.050957951708416,-8117.759110651808,83.33333333333334,50.0
6949,沛爾生醫-創,生技醫療業,12,42.186846942463426,35.6540264788306,28.822026417900183,30.513780437030718,1103.959473072697,2264.7172243761074,2.711581718703524,-668.8660631607856,50.0,66.66666666666666
8093,保銳,電子零組件業,12,42.22435556902106,44.33106881659146,42.7888323868588,52.13788326858092,7245.875350458885,9930.933453980351,0.6245501405234742,-2565.4152167800694,66.66666666666666,83.33333333333334
2236,百達-KY,汽車工業,12,42.73131726579954,48.969968217473934,43.6401168564338,40.76220216527829,333160.98232267174,362375.5476094827,3.9059309864430447,-210344.34266994832,83.33333333333334,41.66666666666667
6218,豪勉,通信網路業,12,42.860199051598286,39.787005453849495,42.01788058908317,44.49471647309544,47127.181885012695,54102.23327200436,1.3102160001149121,7729.316993595705,50.0,58.333333333333336
8176,智捷,通信網路業,12,43.05972085778046,48.48297897808173,35.52667012706609,85.65501199249174,13393.726172812612,15302.354344010546,0.5750484996985468,4803.53033720262,33.33333333333333,66.66666666666666
6512,啟發電,其他電子類,12,43.27320203488778,38.73283284131276,39.5799280885793,44.33891336111526,6505.368644909767,8100.15521704241,0.7543127874747769,1604.2472156311003,41.66666666666667,41.66666666666667
3672,康聯訊,通信網路業,12,43.352687693981636,41.58611577744211,31.19829773404507,58.509511796271276,8466.382506997417,11443.455083800969,0.4563478349885919,1591.5804705818919,41.66666666666667,75.0
6169,昱泉,文化創意業,12,43.43502674753859,47.62620216685124,33.99245452135629,72.56211821369031,1247.8883184567837,1544.8408535123863,0.3324377484171804,-93.27345246635873,50.0,58.333333333333336
6465,威潤,通信網路業,12,43.479290693899884,46.03584368304115,39.55235879502861,44.19692162693132,9538.160697747553,13904.013455700091,1.23766534901444,-4868.650778301059,58.333333333333336,50.0
5386,青雲,電腦及週邊設備業,12,43.684287995527136,46.20314942827281,36.59764705258277,52.75484663119157,214194.14783188186,265248.3073721461,1.5345436773779901,-38401.59923397138,58.333333333333336,50.0
4413,飛寶企業,紡織纖維,12,43.78166927912221,46.149087862399334,44.32477416605558,46.74750299906194,31457.640163190896,40253.53427549164,1.412291154716691,-13182.456556823157,75.0,83.33333333333334
1340,勝悅-KY,塑膠工業,12,43.7991739689678,51.967955002502144,42.49592327426872,86.52542430680802,5662.539707266361,6313.641110448683,0.284531150881188,3805.9572737397575,16.666666666666664,50.0
2466,冠西電,電子工業,12,43.990091324536195,41.697154891767205,38.58517818901909,52.395876132349464,34726.36462613987,47690.71485012659,0.6995352522671531,3784.6081905493133,33.33333333333333,66.66666666666666
6874,倍力,資訊服務業,12,44.214296309480055,43.091140578058265,45.67067922779421,44.14697509214698,50495.19501697017,62775.383405076944,0.9801229835884534,-9598.559286289235,50.0,83.33333333333334
3310,佳穎,電子零組件業,12,44.22414728645146,29.89361275916152,14.245852030170465,27.379656957660604,98413.94818971226,239544.93101923206,1.9928667988306668,-57598.97086301845,50.0,58.333333333333336
6654,天正國際,其他電子類,12,44.35330592524348,47.25612683901637,52.733619083275606,56.68565606126368,13402.423256872178,15781.475165935864,0.44986125746980604,-711.1936953320159,58.333333333333336,41.66666666666667
2363,矽統,電子工業,12,44.640075898719935,68.48933287329814,57.98275587657295,49.06686756094307,104946.47483390589,117822.30375472529,4.105073917857987,-84720.32037343578,83.33333333333334,41.66666666666667
8227,巨有科技,半導體業,12,44.77519511246165,45.91855225846324,43.71823406870465,42.655045195019255,50344.66969451297,61088.3753119618,1.1678718252492162,-16366.782733758459,50.0,50.0
2427,三商電,電子工業,12,45.27851677919835,41.21254529813791,35.559212893943844,40.67174493046922,246306.83021742947,387285.5836812604,2.4144192347579585,-75639.67394079325,33.33333333333333,83.33333333333334
5534,長虹,建材營造,12,45.42654425676506,47.99163341966119,31.547725228084005,78.61314267618499,321391.85423027416,449275.081011327,0.4917818751162051,-63450.827061060154,66.66666666666666,75.0
6441,廣錠,電腦及週邊設備業,12,45.53323674762487,44.34986683306633,39.8484113067449,57.52328822032122,8926.791064371855,10421.159235832143,0.17034807795262127,1497.5964996900548,41.66666666666667,50.0
6657,華安,生技醫療業,12,45.673603335496544,42.739404460242554,38.181679844105396,46.58453950053571,292.0826933305004,360.3706102757182,1.0715651526936225,-36.06411970677214,50.0,58.333333333333336
1417,嘉裕,紡織纖維,12,45.79032648221578,39.32998623491526,31.87061999520039,49.457694995933096,15412.451514832805,21236.94877787608,0.41515265760700887,2465.1210089942283,41.66666666666667,66.66666666666666
5227,立凱-KY,電子零組件業,12,45.89218695099218,43.968780153457146,44.412141905539734,59.40162430738829,15322.253918262517,19669.988626265073,0.4940077948979679,4518.775016463279,50.0,66.66666666666666
6581,鋼聯,綠能環保,12,46.36086744795732,48.04744580320491,32.23548388878499,61.50180236076491,85410.54883125935,104603.59022597833,1.3639435335841201,2811.5062300455197,58.333333333333336,58.333333333333336
8101,華冠,電子工業,12,46.36889348219382,48.062869372609526,46.56095324048894,44.68883752556076,14549.01314492968,18337.958671508233,0.20526101051254741,-5715.151136207724,58.333333333333336,58.333333333333336
2540,愛山林,建材營造,12,46.63194793070114,41.5336291873108,42.438988651490455,48.32729942122598,439280.5271987435,568779.8819870015,1.7974825653815352,35483.500846684874,41.66666666666667,58.333333333333336
3067,全域,居家生活類,12,47.145882580570245,56.101938375619774,34.545086679896734,44.87209304389465,2295.4544463769976,2954.348885596834,0.36547404911265674,-1420.0679574557507,75.0,66.66666666666666
3054,立萬利,食品工業,12,47.270302636098016,43.00766114644698,34.82266655948906,44.12149879249631,4945.2614941131205,6744.08510619781,0.5715380096472744,-554.1253871110071,50.0,50.0
3147,大綜,資訊服務業,12,47.79866270949417,45.77908183757171,47.45626781662654,46.05505967704268,325688.73552009976,408321.33699231734,2.665721132112822,-67306.15793805226,33.33333333333333,50.0
6560,欣普羅,光電業,12,47.98050104678577,58.64583221722505,46.318627992363226,119.4234303722195,6901.995075580133,8868.802740756812,0.1905890812128749,-2729.8973025585633,83.33333333333334,50.0
2025,千興,鋼鐵工業,12,48.05217701178226,43.96524582516041,34.62942393320285,55.93968350041163,32784.51876634784,43733.27311728291,0.3208817866016632,8129.868423749421,41.66666666666667,33.33333333333333
3024,憶聲,光電業,12,48.10344997254597,41.94744718697028,31.878429176575246,64.46167308632856,68626.3860412496,89664.9931312906,1.3785754806851938,49425.488243442116,33.33333333333333,58.333333333333336
3093,港建*,其他電子類,12,48.27370729001601,49.63682786724555,48.931259711638255,58.139860847723924,75033.31168018,98027.23798503127,1.1200930775895503,-2543.436721122722,33.33333333333333,75.0
5468,凱鈺,半導體業,12,48.27840529475174,34.50954535332893,14.772667962428992,37.761556650061955,6639.60838417397,11814.17291614602,2.1354010865437156,-2086.4955449030645,33.33333333333333,58.333333333333336
4924,欣厚-KY,綠能環保類,12,48.29719380874128,46.80235033536229,41.445041055402385,61.42182079320552,29249.625771465366,33337.53840569641,1.4788077464480365,4877.612165043842,50.0,33.33333333333333
5345,馥鴻,其他,12,48.305348665951406,48.860107776394756,35.78551836010094,44.02861845811919,933.1385728545164,1369.5084695430835,0.8231894252687463,-812.3294447323523,66.66666666666666,58.333333333333336
2501,國建,建材營造,12,48.33161450393874,45.503471022017976,48.00828116901854,50.80241171383384,978281.941057077,1319924.3226464817,1.1869418021521672,80667.12203329468,41.66666666666667,83.33333333333334
4588,玖鼎電力,電子工業,12,48.33914436378655,57.632898362908314,35.25049926756937,109.81279007892677,37071.491225689424,41905.5007467722,1.0191665366242089,-3574.5561655357437,58.333333333333336,83.33333333333334
2348,海悅,其他,12,48.60606082935796,54.67978108610838,52.46032221542036,59.90119235653414,299590.22026521317,347566.74261251633,1.0138436000342568,-42015.46568401022,50.0,83.33333333333334
3498,陽程,其他電子類,12,48.67518227262146,48.35002984506394,44.37365816882527,49.80680822421675,54222.08435645373,68290.79386543267,0.6410769265653348,-14748.680771104593,33.33333333333333,91.66666666666666
7709,榮田,電機機械,12,48.83580130423768,48.95888964862971,42.51590156161159,67.75173077677734,40801.416666666664,51773.51475336271,0.6535431690024385,4699.583333333333,58.333333333333336,8.333333333333332
6869,雲豹能源,綠能環保,12,48.92669477312498,46.60297094269665,43.956230073661274,43.78546342740648,304528.6366174803,418357.24097398337,0.8711893881395761,-113246.62998193922,50.0,66.66666666666666
6624,萬年清,綠能環保類,12,49.20373053329862,53.38403479608349,57.123211373002725,59.718939366251355,23571.662158608367,27721.78168708652,1.4112494473724777,-677.6332143786549,41.66666666666667,66.66666666666666
6873,泓德能源,綠能環保,12,49.67362912806819,44.80278661239383,39.11507998712507,73.6221944887657,363442.24045718746,512637.03285663715,0.9683310879346178,61479.52243040502,50.0,75.0
4702,中美實,居家生活類,12,49.74611406991048,51.49825390461103,36.06475280190187,109.8491950732583,2859.5310020236298,3398.5242966140913,0.09044675660979822,1390.6392516212957,33.33333333333333,75.0
4967,十銓,電子工業,12,49.782447123653895,51.033188477437086,44.22274290054091,51.823115027169784,847481.8184673003,1000367.9302895627,1.8890776089590524,-242093.37478894703,66.66666666666666,66.66666666666666
4726,永昕,生技醫療業,12,49.78959754941158,57.25245026895406,54.616795606014755,60.66603054316116,30713.460092317775,33684.32156498382,0.9316913415990434,-7024.037668097131,58.333333333333336,50.0
5516,雙喜,建材營造,12,50.20825166369938,49.90021416132787,46.02604458547651,51.161880298072646,91608.9299803429,118304.4217907786,1.387234879856509,-17728.243368684427,50.0,58.333333333333336
4582,聚恆-創,綠能環保,12,50.48340953227919,52.846236996560734,42.04277129707473,70.10638524087544,51610.19923303966,66885.98017357216,0.2719765580640227,-2978.320435998343,58.333333333333336,75.0
6486,互動,通信網路業,12,50.48679458931902,51.30135535001548,42.87029668919744,58.30698855059342,113010.3562383217,146708.85832712706,1.8949498124218724,-34041.79958173836,58.333333333333336,83.33333333333334
4743,合一,生技醫療業,12,50.52549708450659,47.855069474684115,41.548061745273536,47.553242884285446,5436.66980003562,7901.675854017577,0.16426939490411308,-1679.0981253414436,41.66666666666667,50.0
6222,立軒,光電業,12,50.65308255120215,54.08567661662745,44.56382920008578,83.17445871664772,116.75535528052096,149.73129915253392,0.01126060418792632,-7.775346354054477,41.66666666666667,83.33333333333334
6692,進能服,綠能環保類,12,50.94637886970632,51.02026779648617,43.93152172450923,69.70944043443545,62123.207742721126,77725.589585302,0.9027610120095441,11954.546150239321,25.0,58.333333333333336
1529,樂事綠能,電機機械,12,51.01857886885861,55.6573507595174,67.35278827391504,58.05237247373298,39348.801715807844,48085.03389804409,1.094212321871957,-9615.826718991839,41.66666666666667,75.0
1442,名軒,建材營造,12,51.40676426677522,45.320987783386286,46.336773215817445,53.71024134954936,142655.52723808034,180261.2538339826,0.39799965750464233,41515.597502226556,41.66666666666667,25.0
3188,鑫龍騰,建材營造,12,52.283519934122836,47.905925553230226,42.2042397173783,39.4360495210085,117455.3632280064,178424.96272820956,0.841839051292497,-96246.42430905388,50.0,66.66666666666666
2534,宏盛,建材營造,12,52.32328994814973,59.54725654251981,51.20520637705871,66.70481642068995,206723.7374342118,275841.42318094557,0.7732210555558217,-118718.94156083046,58.333333333333336,66.66666666666666
3555,博士旺,半導體業,12,52.57384696982646,69.53009628683589,55.56073371601569,61.112262897849355,12375.752142079726,17984.473047388336,1.5970124121406004,-11566.058130276617,83.33333333333334,25.0
3529,力旺,半導體業,12,52.91748344518603,53.69900483974398,53.859490525488,59.331305113702136,169735.16533928635,199350.9444197153,3.7652251224136974,-34689.28224917236,33.33333333333333,100.0
2542,興富發,建材營造,12,52.91976885801021,74.62925727392205,61.187669474338094,136.89829705540023,1358322.312544871,1954968.0872476683,0.6098050050181117,-574442.8272625961,33.33333333333333,66.66666666666666
4188,安克,生技醫療業,12,53.17558234690225,45.91641220505054,46.02867195207395,60.810208616176865,1348.7543332438865,1732.8178688096314,0.5369372120632983,497.324879343221,33.33333333333333,50.0
3712,永崴投控,電腦及週邊設備業,12,53.36257902843678,48.54276839669932,52.39206130681928,54.065571835427384,1434793.6809817103,2025012.1353930696,2.9449541938904873,-79264.07256910983,41.66666666666667,75.0
8478,東哥遊艇,運動休閒,12,53.37472175463297,68.27545676315073,60.22596412343573,57.05664317525548,232685.05345832184,257849.24610261573,1.4626927160403451,-61527.09706917796,58.333333333333336,41.66666666666667
8038,長園科,電子零組件業,12,53.47248366733086,76.42379997629037,57.498031607429745,73.22975963687927,26599.39683588012,31176.429558051914,1.4587194997340875,-17400.532442614876,66.66666666666666,58.333333333333336
1456,怡華,建材營造,12,53.51262500778121,55.06621532456569,41.73891196160211,89.90668054060279,36967.90376485463,51393.69449638583,0.35249657329249634,2312.380783401661,50.0,58.333333333333336
6228,全譜,電腦及週邊設備業,12,54.06607019418945,54.82622978055054,39.195564402424786,84.21070791049434,2310.0179041052393,3090.1523362227304,0.7205711840418957,-361.5623561719945,58.333333333333336,66.66666666666666
8277,商丞,半導體業,12,54.382012393494804,47.81876538824694,43.76194731368565,57.293230266539396,11048.657502955357,15416.620245901839,0.5553300481329991,468.9499284014955,41.66666666666667,58.333333333333336
6225,天瀚,電子工業,12,54.46245130902504,62.36451432043442,63.18154296738865,68.34950905614737,2473.0945285667362,3275.5370795119024,1.4160132356046429,-736.4896461098814,50.0,58.333333333333336
4934,太極,電子工業,12,54.55528530522968,43.80958704179896,49.88766125111468,61.79712285462136,4061.5046027610874,5181.185272934937,0.050164840973903245,2249.1833130106056,33.33333333333333,58.333333333333336
4946,辣椒,文化創意業,12,54.87476773383562,75.05639298722224,58.62235111212599,52.044229802966,16222.764772073157,18195.313315085325,1.7215630350023128,-16222.764772073157,100.0,66.66666666666666
3115,富榮綱,電子零組件業,12,55.60405160794335,108.26694782316231,42.705340345712074,53.88973111475058,204.4838997882117,255.44387190241883,0.01909613482859128,-14.12064031088635,41.66666666666667,25.0
1595,川寶,半導體業,12,57.35184873104975,60.41549655040811,56.54828282232523,78.7955637174667,34228.10904797052,37822.96393186029,0.7185382235796904,4380.717324293918,50.0,50.0
8171,天宇,綠能環保類,12,57.479584191585175,54.74799315289584,39.99085878680001,93.05576155488446,14777.809497042575,18045.623059135098,0.33080920738479475,3012.391380204035,41.66666666666667,58.333333333333336
2465,麗臺,電腦及週邊設備業,12,57.60991989761326,44.189206979320964,34.00047859471266,51.68540357055548,214020.2283121677,384727.58720755205,1.0219438236215892,-26660.76716272518,50.0,75.0
7715,裕山,綠能環保類,12,58.38790716517088,44.62720930473818,33.70981896066775,62.53183461666746,60292.666666666664,78789.9296134982,0.8321563016378425,25730.166666666668,33.33333333333333,8.333333333333332
4154,樂威科-KY,其他,12,58.61829554572636,48.85816400359668,30.885070424633888,60.689830775651146,1308.7022966379625,2077.837767989472,0.08666766721893508,-294.0743418934361,50.0,58.333333333333336
3073,天方能源,綠能環保類,12,58.901236061544004,48.911112900437594,31.711421227090785,51.96690524090782,4324.086992368099,6531.756713762431,1.0953895757354493,-991.1469498256033,66.66666666666666,58.333333333333336
3489,森寶,建材營造,12,59.32562815294897,53.05969862334826,28.96168904162947,609.0873134760578,35549.15233983355,56978.74151116648,0.4185869623641323,22596.675434478046,50.0,50.0
6640,均華,半導體業,12,59.40118395942964,57.93639123225621,46.008108794037284,70.5278189207988,133191.90872513803,147284.299729794,2.106805381206154,14100.508463235892,50.0,41.66666666666667
3055,蔚華科,電子工業,12,59.589985685285264,58.42025283996016,48.60547868941815,90.82432715265033,22803.64743043794,33704.26273250811,0.2134225847315272,-1415.8246562633049,50.0,66.66666666666666
5205,中茂,綠能環保類,12,61.0989240804191,54.87269436842238,25.47862505702169,97.49585394080023,1250.134902455442,2212.981813399627,0.9807803483120606,-188.39233184317126,41.66666666666667,83.33333333333334
2208,台船,航運業,12,62.34167908346492,47.93915015291174,31.622638305061635,51.029944674050554,1131514.2034577013,2198699.6104059382,1.8360112608398718,-426189.8660104538,50.0,50.0
4609,唐鋒,居家生活類,12,62.7727458442372,58.680010020626895,41.48486919151537,78.5847194454052,8590.241026297714,13765.562812815646,0.42453030835836997,-640.471796631938,58.333333333333336,58.333333333333336
6994,富威電力,綠能環保,12,63.115799455637585,50.17714313876843,27.43862972465928,41.40301847667956,262459.5833333333,520146.97410179174,2.8281799742554874,-219478.08333333334,58.333333333333336,0.0
2596,綠意,建材營造,12,63.80302908223982,61.966990883730176,44.00000638847392,71.25486608837689,70712.36543993738,126995.21076257843,0.773702190592053,-50586.88231065077,50.0,66.66666666666666
2924,宏太-KY,居家生活類,12,63.92085720669862,54.18278510809517,56.91015980830565,69.90187388933306,3592.0858381114344,4700.91952883188,0.33243307554270335,352.41203577246733,58.333333333333336,50.0
4744,皇將,生技醫療業,12,64.39232277547485,63.33147159027094,57.67244023401052,92.0219802268507,78205.17359431095,99365.68412552742,2.501350575266303,-20071.147625688867,58.333333333333336,83.33333333333334
4142,國光生,生技醫療業,12,64.44248823584648,84.86338883412728,76.48422394332827,121.61950147579348,75263.45605211571,131423.14905793077,0.6755260407899094,-31610.935073375498,58.333333333333336,66.66666666666666
8034,榮群,通信網路業,12,64.63056445626896,69.00289876547237,49.940084824249354,165.58551756206913,26321.120527637813,33298.54136936417,0.7450969963347515,-5224.09475706995,58.333333333333336,75.0
6637,醫影,生技醫療業,12,64.7471685909259,47.57905432727432,32.27878602889195,41.618122106724904,62830.05888492241,142667.92652831742,2.061688049694314,-40008.54666883393,33.33333333333333,41.66666666666667
9902,台火,其他,12,64.78136101253386,100.92860809473383,83.8443064504712,151.6532097168098,20433.876735248537,28314.642727671104,0.8004045896719315,-11540.791301372488,58.333333333333336,58.333333333333336
3609,三一東林,電子零組件業,12,65.59762958240103,62.64013290435388,47.11950097256457,71.42111934264,36363.28065332555,58542.48918233029,1.6165777307567073,-13142.847093789993,66.66666666666666,58.333333333333336
6806,森崴能源,綠能環保,12,65.75963869652884,58.93004047217164,48.18406372244189,79.32556275050736,1397676.787538299,2032091.8645892164,3.107296354992885,-84450.00926694478,33.33333333333333,75.0
5522,遠雄,建材營造,12,66.31479927688265,99.74566005419057,79.73014053340279,355.38352680043965,1721607.7880990494,2794826.5706729405,1.4015907983582696,-1196160.6677474433,50.0,58.333333333333336
3523,迎輝,光電業,12,67.22508284004834,51.92069258247455,37.80369049321302,68.56809572619234,5973.004631240662,10714.315175504484,0.5641549911149358,-1438.6364468456206,50.0,83.33333333333334
4174,浩鼎,生技醫療業,12,67.61708742000732,77.25423936764906,65.6589086169156,96.84510397241479,3300.559079689108,3978.890838824115,0.5373802030306005,-561.812543156922,41.66666666666667,66.66666666666666
1618,合機,電器電纜,12,68.0680907216677,64.67086281279612,53.760215343838034,93.58369823192702,273151.63244856795,325994.3648530697,1.858110044530686,48610.40422102475,41.66666666666667,58.333333333333336
2424,隴華,電子工業,12,68.31964081877902,63.81243183859399,40.07758588547012,89.49947247911525,10613.513134231334,16089.22407097729,1.7874233191568483,-2598.0847067649374,58.333333333333336,66.66666666666666
3018,隆銘綠能,電子工業,12,68.32986663936269,60.14260180425388,54.490377165378355,87.76252838331891,26086.122362242895,32261.014279790306,0.5414572538973862,9364.899931753522,33.33333333333333,58.333333333333336
2258,鴻華先進-創,汽車工業,12,69.15755163250938,57.62663266867606,67.95676267343977,75.7973961610149,238966.60049192174,309658.1074760993,1.2095255385443664,88879.7082724758,33.33333333333333,41.66666666666667
3664,安瑞-KY,通信網路業,12,69.66519433555803,73.03123489899262,69.83370930257655,91.47440534542812,49261.36194691673,67634.67523813919,3.3919690139951815,-25108.077785699777,41.66666666666667,83.33333333333334
2538,基泰,建材營造,12,69.84130853912666,51.45724154369788,57.186052841187205,80.72621668233677,17382.10486921784,22944.832033684677,0.5271442046911147,13237.970155431387,25.0,58.333333333333336
5508,永信建,建材營造,12,69.94186768846684,65.17992832288103,73.86603433938188,106.14999527455895,147679.63080415942,170304.20609814124,0.39755436598590327,54254.402845330864,41.66666666666667,50.0
6186,新潤,建材營造,12,70.39164710127989,99.33999745777983,91.43854666986287,443.34416852095126,554607.9857700971,836204.5990366973,1.3011347831945002,-158290.93637798028,41.66666666666667,75.0
3535,晶彩科,電子工業,12,71.06160266061991,92.12476213174055,66.57449409956801,176.89399140673856,27232.04971759611,35594.50173800086,0.39325344651034944,-14494.015583958515,58.333333333333336,75.0
5533,皇鼎,建材營造,12,71.21479445962316,59.113147871715995,49.85056036198722,87.87653060074169,69108.3795308316,92416.32572350281,0.20516104818880512,19750.128742894463,50.0,33.33333333333333
1463,強盛新,紡織纖維,12,71.76150615309236,54.902860527656614,41.50499202460522,86.37062904331646,48563.104257727064,108398.4054926876,2.1987357536166314,-18978.98214358256,50.0,66.66666666666666
6872,浩宇生醫,生技醫療業,12,72.5555661547267,54.31114447768345,43.70430463877293,78.48983608494257,633.8333333333334,926.6727218027589,1.4588545795391006,94.0,50.0,8.333333333333332
2524,京城,建材營造,12,74.207853252898,60.892905604922866,81.14359153723002,98.00937317720769,227265.38465941823,272879.218066237,0.6876661012919509,142488.3177461078,25.0,58.333333333333336
8059,凱碩,通信網路業,12,74.30557277025083,97.6993151657215,67.57666543744594,63.23990905409258,473692.76309894444,600168.6161089044,4.798455934482793,-470605.79492243304,91.66666666666666,58.333333333333336
5213,亞昕,建材營造,12,75.0520702140044,84.59322478503766,75.21126003701346,133.81594698760622,1127662.2958933718,2120846.5114932624,2.044106627012462,-967212.1059117321,66.66666666666666,75.0
2724,藝舍-KY,其他,12,75.83594567238609,54.83650794493792,44.51788865484061,94.85801596351146,10686.359087802894,16618.060062310407,0.6687938446766603,5000.601240174111,41.66666666666667,58.333333333333336
6596,寬宏藝術,文化創意業,12,76.10265487174604,85.16306759808433,76.77583912978905,104.10612320145354,195924.95317084994,255088.12690019043,2.0337129772263807,-55563.3811772273,50.0,50.0
6794,向榮生技,生技醫療業,12,76.2574257871763,71.8247817348991,63.4689517914103,102.33255346356287,1912.9810737261403,2501.689732878536,0.9968649932493622,21.423390528636578,50.0,58.333333333333336
1591,駿吉-KY,電機機械,12,76.34081706595993,67.76118557266516,43.20266676036742,135.97643140794037,7971.2536486373165,10389.770328194452,0.3359689615754236,519.8829705740039,66.66666666666666,66.66666666666666
6885,全福生技,生技醫療業,12,76.92167577413478,65.71749899901444,7.041325508662193,47.24779764984589,351.9166666666667,556.4064012332473,2.853929297962177,-223.58333333333334,58.333333333333336,25.0
6541,泰福-KY,生技醫療業,12,77.37643356871298,103.75691937535814,72.01432720662032,65.17366763423712,25854.754953733674,39875.804490404844,6.66279078234331,-24203.296816568505,75.0,50.0
8097,常珵,通信網路業,12,77.47799073782524,91.84459354178128,79.98970445545086,112.41339043896976,18293.13469813107,22334.601584622345,0.32277475430977703,-4815.927787026664,58.333333333333336,25.0
6101,寬魚國際,文化創意業,12,77.61126400920826,87.4575227081472,72.04936935365852,217.8005077900092,64208.05741903136,73247.83885522312,2.155018045938019,-20161.34432656452,58.333333333333336,66.66666666666666
2923,鼎固-KY,建材營造,12,77.80258514673363,53.55702484766377,34.253124433235236,66.37652518460257,379934.46625033394,820340.4999765627,0.5082946065741422,-135826.51087176462,58.333333333333336,50.0
4162,智擎,生技醫療業,12,79.85634216917319,70.98209568284433,69.8255909639002,146.5322779636783,60651.95662871596,86973.23340043849,0.9718535801958387,4139.0615403734955,33.33333333333333,75.0
5324,士開,建材營造,12,80.00048747555093,55.769118928165454,42.654489811565234,93.3821853285543,77232.53727596976,107189.70969407461,1.2945950051950905,26504.956780068926,33.33333333333333,58.333333333333336
5519,隆大,建材營造,12,80.4673094413924,68.4848222502037,69.27451274829053,89.3674569927859,370242.22789235384,540888.3407409389,1.2293320380512884,-41041.289488247916,33.33333333333333,50.0
2545,皇翔,建材營造,12,80.67206198718395,82.13445934450809,85.5588668458698,136.0197192477857,408497.77575013693,561572.9463746207,0.8202649910429032,28600.56404626476,33.33333333333333,50.0
2509,全坤建,建材營造,12,82.75510532808367,36.24314575187519,14.645322548242762,89.03377893337739,18226.674023334883,38083.95747566321,0.26841508225475236,14808.761864069666,50.0,58.333333333333336
6423,億而得,半導體業,12,83.19670882203671,75.37412675642841,76.2474395638988,118.87042793241427,15943.123972748266,23112.602542345656,0.647400668398517,-2654.8741213010803,41.66666666666667,66.66666666666666
6576,逸達,生技醫療業,12,85.04556282950345,77.9278668663371,46.21718341047462,152.51394717544562,30564.950053109395,46464.391733231954,1.03597044139655,-9989.678427508094,58.333333333333336,75.0
6148,驊宏資,資訊服務業,12,85.56906415235942,86.89065234807632,83.1846158465045,95.77750982259428,64455.254110532034,76139.80765071674,1.5572709032293375,-7526.386578383947,58.333333333333336,50.0
8409,商之器,生技醫療業,12,85.94634883282473,53.51097023883427,19.680811143100986,132.94366379130545,18128.018761691474,32548.884954703895,1.4503135703684158,437.09153208844936,66.66666666666666,58.333333333333336
2536,宏普,建材營造,12,87.1407170089386,94.59365515777817,74.45401986202918,72.24649296233139,759600.0386375763,1158106.805126328,3.1250062230992994,-443637.29191303323,83.33333333333334,58.333333333333336
4950,金耘國際,鋼鐵工業,12,87.15415051511066,157.98177563268754,86.77874730085433,87.5276015103985,73834.3816918863,74202.07849944774,3.5359207815696467,-73834.3816918863,100.0,50.0
1439,雋揚,建材營造,12,89.65909060253335,110.38255025327013,79.81995123296198,134.1986187449815,60749.11456501716,95169.54331797837,2.7347192941573937,-50812.50949626872,58.333333333333336,66.66666666666666
2537,聯上發,建材營造,12,89.70664101090665,134.55269335651067,98.5976908425183,3864.7702016793537,93866.56222118491,196908.24518324193,0.4913371621242633,-47256.80570971268,50.0,66.66666666666666
3313,斐成,建材營造,12,89.72660115354151,82.17955044452538,87.29936466558755,133.74380261320837,851.5802171147369,1422.0387862584419,0.1233983771740132,-207.40073450263972,33.33333333333333,50.0
6983,華洋精機,其他電子類,12,91.55764529853457,92.1632153656676,88.66802118356667,205.97363019085998,23825.20675762241,30998.400295488012,1.0783356655812155,-728.1008964995211,58.333333333333336,58.333333333333336
8291,尚茂,電子零組件業,12,92.97108712145229,77.16670173568207,82.19400488120743,113.11425965039557,223.36303680928913,295.7025354795828,0.03255820822021603,24.017759468250365,25.0,66.66666666666666
4157,太景*-KY,生技醫療業,12,95.53134253769292,53.18509695100444,26.361174163029744,83.27416601051134,20656.58297802111,63873.75531955362,0.5038449849099874,-16781.48505373699,58.333333333333336,66.66666666666666
1418,東華,紡織纖維,12,95.55973672587979,93.36406815370138,72.01787565551217,589.2471938487485,424.4444972907827,559.0752809117722,0.10409561319370779,86.72206488490558,33.33333333333333,66.66666666666666
5529,鉅陞,建材營造,12,96.13769011633701,48.79103449562116,22.06307472359687,42.79325252257251,77906.9397100925,259190.72662083645,2.661036146486679,-76151.69857147786,50.0,83.33333333333334
1805,寶徠,建材營造,12,96.30150361080464,120.79668067620067,76.44574937765532,1141.6247803054316,22872.81087636124,54595.87868049644,0.6468710737760631,-20071.482796429085,50.0,75.0
2442,新美齊,建材營造,12,97.03693850044259,85.63294411774861,82.7195104415084,137.9229829167116,868198.0603596941,2816730.361204345,4.796390809397695,-813078.0294165029,50.0,75.0
3466,德晉,通信網路業,12,97.06680499496721,61.61950489808893,30.245482088248522,184.44383915400755,6204.267508265817,12915.493940419972,0.09911895135980571,4416.237622560834,50.0,75.0
3629,地心引力,文化創意業,12,97.56159506771166,132.378694543435,95.78281923559436,78.87962590987739,1251.95916870641,3117.1263092813974,0.05637335298337893,-1248.6671833950802,66.66666666666666,50.0
5531,鄉林,建材營造,12,97.70479530599613,63.79495624399244,44.04641429793035,157.0530756556135,87335.05969751974,134119.73823453163,0.3266860967998509,37091.40262290383,58.333333333333336,58.333333333333336
4416,三圓,建材營造,12,99.36022550348692,84.18401871017926,53.964074409036954,160.87123162320788,120491.16466131348,228248.19055989763,11.72417634069331,-96852.93679897278,41.66666666666667,83.33333333333334
1438,三地開發,建材營造,12,99.43815457764268,181.4585288259013,99.87633785534038,95.582103027033,104337.55531881195,212452.9460844281,1.5649901784699773,-101933.06439320715,41.66666666666667,66.66666666666666
1808,潤隆,建材營造,12,100.81506285889172,140.61261424960955,575.0170488523305,1707.5638935419515,545733.5264811432,1282553.388654051,0.449637011257237,-472297.34188466595,25.0,66.66666666666666
3512,皇龍,建材營造,12,101.08747387838352,120.60654181118757,89.15377618072986,743.4969034046102,120751.85169282234,169073.9279863393,0.7705456513057846,-65.35762410647779,50.0,25.0
2548,華固,建材營造,12,101.47110438703275,111.11280065998457,90.06369306065949,219.80091954034086,1542251.0287716526,3389468.492855111,1.083913640026426,-1155447.1662646483,66.66666666666666,58.333333333333336
5455,昇益,建材營造,12,101.52084085112965,125.48088322438615,92.51243140606744,4856.502926450552,172948.62025506533,495129.9315151173,0.936192944001987,-117084.49218595818,50.0,58.333333333333336
6264,富裔,建材營造,12,103.87702704939443,86.90638711315853,88.27827843892689,169.87177615330384,10001.626421072528,18160.197320802956,0.29061829862577265,-1707.8792691283197,41.66666666666667,50.0
6785,昱展新藥,生技醫療業,12,104.7610136944043,200.0,100.0,100.0,240.3392255839125,485.3964752812889,0.005348602398322098,-218.4941077494208,25.0,66.66666666666666
6177,達麗,建材營造,12,106.16281246670374,89.65947525498525,92.81933333701316,140.27786795198784,843204.1539095008,1784620.6046952256,0.7699729481604868,-365019.29081070004,41.66666666666667,58.333333333333336
4168,醣聯,生技醫療業,12,107.27875702505835,173.75520709741187,99.11091729010107,173.22588407351728,3384.7341831047784,6137.668416128575,2.3698090681388155,-2769.0701136417088,41.66666666666667,75.0
2505,國揚,建材營造,12,107.5142407189212,174.2061875085163,99.21484670084001,3079.841540888179,390772.2448641976,603352.6588399651,1.5115403639460954,-291951.63594721764,58.333333333333336,66.66666666666666
9946,三發地產,建材營造,12,108.03076888715451,117.29966437328447,192.63502801276266,634.6537631488593,160941.89882142356,471962.31717965804,1.0406799925025894,-117107.21545410156,33.33333333333333,75.0
3521,台鋼建設,建材營造,12,108.91041131642439,125.31033862634995,96.40502966884912,824.8797743508062,22399.785812801198,52550.229273745,0.7362642966115339,-15563.163879579304,41.66666666666667,83.33333333333334
6875,國邑*,生技醫療業,12,110.00193608749737,192.30400037546065,100.0,174.5189407745914,6166.341863944811,14145.301524418752,0.41720763648942105,-4693.543422763961,25.0,66.66666666666666
5525,順天,建材營造,12,110.28758274214032,90.76073396832189,79.97493039017516,220.65762961485288,210773.9999123056,460343.9625190652,0.5989514619903564,-90984.76074828937,41.66666666666667,25.0
2718,全心投控,建材營造,12,110.84800881957115,131.76706614629228,97.51211752787853,321.5010774906192,279135.9778359931,482988.1747512569,1.9328058677008302,4022.25350488167,50.0,58.333333333333336
2528,皇普,建材營造,12,112.18642072235225,182.922446740696,98.4463373156458,259.830328510857,1147713.0804221598,1354433.4767360047,1.702842474698893,-805602.7378034475,91.66666666666666,66.66666666666666
9906,欣巴巴,建材營造,12,113.4070260177039,148.83642165246275,290.14964803967206,47337.94403072106,122501.04092820856,181613.7811349917,0.543468523835259,-7145.970455875475,41.66666666666667,58.333333333333336
1436,華友聯,建材營造,12,114.80451782322032,110.06286194012564,90.94161969890129,201.31053841353892,372245.2300438182,533206.4413788583,1.2070387568761702,48102.72091069943,50.0,33.33333333333333
1446,宏和,紡織纖維,12,114.96012427646222,109.92745947510916,138.12232651223215,446.1062311560132,97691.19760806633,118668.7255445734,1.0868558673941309,19093.286817358436,41.66666666666667,41.66666666666667
2539,櫻花建,建材營造,12,119.672594894993,132.71615070340334,95.0367699869425,168.15426333842137,1396504.3870527588,1890453.75348901,1.9007299664717383,-368798.3888392513,66.66666666666666,41.66666666666667
6461,益得,生技醫療業,12,121.746982063684,133.19637652625792,96.49063146524246,608.5473728068703,10909.23978363479,20685.132031567042,4.656737169738149,-4297.211300185903,50.0,33.33333333333333
8089,康全電訊,通信網路業,12,121.9779507225675,78.85764769828042,100.87884991029156,144.89996043667546,83215.79754195,104823.31738554584,0.7531494831702958,50379.159945145984,8.333333333333332,75.0
3308,聯德,電子工業,12,122.63801227512761,91.06577745790975,95.90982219066764,134.93749655125276,819.835112059228,1029.9136964379063,0.03374184279021085,417.53170386932806,33.33333333333333,66.66666666666666
3056,富華新,建材營造,12,123.06866199472427,71.67546353754922,57.13256841205207,201.55230395668178,415811.2678238282,924862.1484424772,0.5298292361013998,-95998.47559301819,33.33333333333333,83.33333333333334
6212,理銘,建材營造,12,124.45193890934421,136.67491171710085,93.77885853333667,110.61275245381319,175749.8873183359,276733.6453690636,0.4814900236225088,31511.777996562374,75.0,58.333333333333336
6535,順藥,生技醫療業,12,127.62934627480801,140.46505938357274,170.03163161613693,2004.7130551574949,3944.9167355657537,5420.802051439188,0.9616863967258106,-1150.1337714101064,50.0,66.66666666666666
3631,晟楠,電子零組件業,12,127.94216438967298,91.9289322728947,88.1032467247514,275.7173051403191,3154.733918438362,4419.811556347554,0.33965592561732466,1144.3959085453337,41.66666666666667,83.33333333333334
3266,昇陽,建材營造,12,132.08135465282197,63.59383167676022,49.208587491228016,174.52556295339593,157780.97416659925,293622.1827268955,0.5724420409149956,122137.1804325201,33.33333333333333,50.0
8087,麗升能源,綠能環保類,12,132.99458360104606,86.31988340328851,91.38053251604336,242.0970142628764,27873.00483110723,39711.846330562774,1.4169108076689627,13508.578169912651,41.66666666666667,50.0
4907,富宇,建材營造,12,134.29739719019327,119.54778189561735,98.04557056138586,884637.5008692738,195511.49380345526,283546.54482854565,0.8125548263818031,11295.122377715894,41.66666666666667,58.333333333333336
2530,華建,建材營造,12,136.44154330183514,113.9462919145932,149.9523698254562,692.5443108944875,720766.8925552769,1242881.2851813214,3.145689164171809,-152529.64423557263,16.666666666666664,66.66666666666666
6171,大城地產,建材營造,12,137.72059932988583,176.16799134391343,1268.8577757799992,11888.727437512365,134947.25076088027,271660.9080067278,0.7408571682551854,-42724.41211480827,33.33333333333333,58.333333333333336
6198,瑞築,建材營造,12,146.4636681600898,65.55052863252637,33.33333333333333,136.03002096269466,28.682468348017583,58.59232425591301,0.003241307140239923,22.393112786199413,33.33333333333333,41.66666666666667
7803,雲象科技-創,生技醫療業,12,147.40380695861262,127.29397428495304,107.06720264884102,1947.5796808849427,23806.083333333332,30540.060784975525,0.9333730680283612,3659.75,41.66666666666667,16.666666666666664
6919,康霈*,化學生技醫療,12,164.03759372765344,181.70466190873614,100.0,104.28859348558257,5199.581627182295,7520.544236325862,0.8914218527092254,-199.18084922133446,25.0,58.333333333333336
1516,川飛,其他,12,165.39210829445204,132.21990675529432,107.40612276776322,192.8241093285829,10862.678019265786,12262.527485322278,0.13867460635578557,4815.263872196765,33.33333333333333,33.33333333333333
5310,天剛,資訊服務業,12,173.77185205624534,153.98204880927386,94.43265296349406,932.0302602510294,118.59928902838743,132.1458221754652,0.020530971671128773,21.06109929674192,41.66666666666667,58.333333333333336
6838,台新藥,生技醫療業,12,174.8043469747151,196.67806303778826,100.0,98.22082540168685,1383.1393954374332,2242.2650076257623,0.8584698922729793,-188.55508416881153,33.33333333333333,50.0
4909,新復興,通信網路業,12,183.70193977350448,89.9204046948027,152.1579621953978,177.49826625490826,45401.322075222386,60125.5050093517,0.8137660247741691,45401.322075222386,0.0,33.33333333333333
4113,聯上,建材營造,12,207.15497773192038,150.4722680455295,301.2665008234786,46160.109782718784,105333.81781883065,169164.4607100509,0.6554295285903026,90776.63860581677,33.33333333333333,41.66666666666667
5523,豐謙,建材營造,12,336.3909425387702,84.89055906594696,93.43092189321396,377.1918527964152,1471.1497220362216,2676.6501727935697,0.006853436811478157,1281.385528813591,41.66666666666667,33.33333333333333
5514,三豐,建材營造,12,619.2516780225753,34.52431820347237,4.243695140905886,619.4456781880338,2982.7289158087383,7272.125975305458,0.06551278225008778,2972.103500032384,33.33333333333333,50.0
6405,悅城,電子工業,12,874.8398407879922,152.89086767208875,1006.5299470462323,1078.4308181446415,579.5813945220448,661.6372699474408,0.046617752730028696,579.5813945220448,0.0,41.66666666666667
