stock_id,stock_name,industry_category,baseline_observations,baseline_stock_count,baseline_RMSE,baseline_MAE,baseline_MAPE,baseline_MedianAPE,baseline_P90APE,baseline_WMAPE,baseline_SMAPE,baseline_MASE,baseline_Bias,baseline_UnderestimateRate,baseline_DirectionAccuracy,improved_observations,improved_stock_count,improved_RMSE,improved_MAE,improved_MAPE,improved_MedianAPE,improved_P90APE,improved_WMAPE,improved_SMAPE,improved_MASE,improved_Bias,improved_UnderestimateRate,improved_DirectionAccuracy,structural_formula_observations,structural_formula_stock_count,structural_formula_RMSE,structural_formula_MAE,structural_formula_MAPE,structural_formula_MedianAPE,structural_formula_P90APE,structural_formula_WMAPE,structural_formula_SMAPE,structural_formula_MASE,structural_formula_Bias,structural_formula_UnderestimateRate,structural_formula_DirectionAccuracy,structural_break_months,WMAPE_improvement_points,improved_beats_baseline,baseline_over_15,improved_over_15
3022,威強電,電腦及週邊設備業,12,1,104169.8663536664,81470.00595346323,15.743574632506169,13.070868060340224,37.31439388408124,15.010496191128459,15.097737215572005,,7837.991400712694,58.333333333333336,58.333333333333336,12,1,104169.8663536664,81470.00595346323,15.743574632506169,13.070868060340224,37.31439388408124,15.010496191128459,15.097737215572005,,7837.991400712694,58.333333333333336,58.333333333333336,12,1,103563.2132568362,80595.50571916906,15.601843975086135,12.998757759161943,37.79187024700253,14.849373305688735,14.922522942604774,,9892.102496143276,58.333333333333336,58.333333333333336,0,0.0,False,True,True
8383,千附,半導體業,12,1,48471.52354486087,42050.32796984276,14.564774661188522,13.328913827443072,24.127648743020085,15.025527285534695,14.231632738268285,,9085.926251388484,41.66666666666667,66.66666666666666,12,1,48471.52354486086,42050.32796984276,14.564774661188522,13.328913827443067,24.127648743020085,15.025527285534695,14.231632738268285,,9085.926251388484,41.66666666666667,66.66666666666666,12,1,49675.397367884885,43686.63094600515,15.19928963830082,13.919720249115214,23.875009975779047,15.610215115635862,14.773595747383098,,10574.113175104225,41.66666666666667,58.333333333333336,0,0.0,False,True,True
1473,台南,紡織纖維,12,1,96596.08641480436,83717.17663217195,16.99943561295045,12.890958119452698,30.07855987562939,15.045822676730255,16.136492717954134,,26348.451816941917,25.0,50.0,12,1,96596.08641480435,83717.17663217195,16.999435612950446,12.890958119452698,30.07855987562939,15.045822676730255,16.136492717954134,,26348.451816941913,25.0,50.0,12,1,97459.28077623904,83899.22883336512,17.142240436043853,13.146713668938641,31.635328958173925,15.078541471692677,16.268433051868293,,26327.34595345575,25.0,66.66666666666666,0,0.0,False,True,True
1475,業旺,紡織纖維,12,1,24711.15750838872,18435.530238929197,15.321248668666984,11.833644196765873,35.68466670009393,15.047334474705218,14.058540863240243,,8470.974514817082,41.66666666666667,58.333333333333336,12,1,24711.15750838872,18435.530238929194,15.321248668666984,11.833644196765873,35.68466670009393,15.047334474705218,14.05854086324024,,8470.974514817084,41.66666666666667,58.333333333333336,12,1,25761.126092484832,18396.80355679347,15.206400708031492,10.404988041727288,40.439758431098525,15.015725221722557,13.914139612921298,,8566.807590582986,41.66666666666667,58.333333333333336,0,0.0,False,True,True
4173,久裕,生技醫療業,12,1,24898.412929675607,19401.744510011278,14.370215088621874,13.14999420143118,29.20329130999536,15.049843866746865,14.907558837871296,,-4778.9355214800635,50.0,75.0,12,1,24898.412929675607,19401.744510011278,14.370215088621874,13.14999420143118,29.20329130999536,15.049843866746865,14.907558837871296,,-4778.93552148006,50.0,75.0,12,1,25270.14001952082,20150.89494815387,15.00831742234355,14.267644854881233,30.363661647067868,15.630956411597321,15.502780591744477,,-4833.5696692760475,58.333333333333336,66.66666666666666,0,0.0,False,True,True
6494,九齊,半導體業,12,1,19908.687653668763,14903.782944849061,15.12749889778415,12.732785255287729,33.79222706612342,15.062859291348444,14.432671987244222,,1011.1971014359393,50.0,50.0,12,1,19908.687653668763,14903.782944849061,15.12749889778415,12.732785255287729,33.79222706612342,15.062859291348444,14.432671987244222,,1011.1971014359393,50.0,50.0,12,1,20938.588719482697,15463.487457406327,15.655105860486628,12.68680708298623,37.48107807451311,15.628537840786565,14.92534375522277,,1039.5627021417142,58.333333333333336,50.0,0,0.0,False,True,True
6862,三集瑞-KY,電子零組件業,12,1,35710.19962451392,28444.514490320533,14.6439542908971,13.254641823367109,26.443305767509457,15.065165827514562,13.898889134060946,,8394.867248769317,41.66666666666667,33.33333333333333,12,1,35710.19962451392,28444.514490320533,14.6439542908971,13.254641823367109,26.443305767509457,15.065165827514562,13.898889134060946,,8394.867248769317,41.66666666666667,33.33333333333333,12,1,35710.19962451392,28444.514490320533,14.6439542908971,13.254641823367109,26.443305767509457,15.065165827514562,13.898889134060946,,8394.867248769317,41.66666666666667,33.33333333333333,0,0.0,False,True,True
1512,瑞利,汽車工業,12,1,20255.275868612032,14412.342937399748,14.42549760141825,8.81206252741207,31.627778331074303,15.068422032703666,14.536954932203658,,-3488.9726185734203,58.333333333333336,91.66666666666666,12,1,20255.27586861203,14412.342937399744,14.425497601418243,8.81206252741207,31.627778331074303,15.068422032703662,14.536954932203653,,-3488.9726185734203,58.333333333333336,91.66666666666666,12,1,20995.460509576635,14852.120477930805,14.97023225303379,8.003929905723805,31.33772962102797,15.52821913925392,14.877984002526576,,-3233.270561212236,58.333333333333336,100.0,0,3.552713678800501e-15,True,True,True
6728,上洋,居家生活類,12,1,71312.15183963467,59496.875478468166,15.05825095608531,13.553277529370146,25.902777894936648,15.077447151545762,15.00974661654756,,-11194.470237843743,58.333333333333336,75.0,12,1,71312.15183963468,59496.87547846817,15.05825095608531,13.553277529370146,25.90277789493666,15.077447151545764,15.00974661654756,,-11194.470237843738,58.333333333333336,75.0,12,1,73344.29315677949,62049.29873095496,15.556191639159152,13.412213601355456,26.59258586520885,15.72427148287848,15.619623461694326,,-13007.8796235979,58.333333333333336,75.0,0,-1.7763568394002505e-15,False,True,True
2382,廣達,電腦及週邊設備業,12,1,34196467.44626419,26690406.282484453,14.486924537162208,12.384074731783343,24.64543212318839,15.081530674942108,14.753286854818379,,-7748846.932873119,66.66666666666666,50.0,12,1,34196467.446264185,26690406.282484453,14.486924537162205,12.384074731783343,24.64543212318839,15.081530674942108,14.753286854818379,,-7748846.932873115,66.66666666666666,50.0,12,1,34316042.88378539,26774459.405379057,14.513141536376557,12.854080711357078,24.543681044696665,15.129025259244916,14.792583620824987,,-7808330.628518026,66.66666666666666,50.0,0,0.0,False,True,True
5245,智晶,光電業,12,1,12421.7264014367,9769.666900595259,15.263123703741863,12.346840537152582,29.902062070096168,15.112036134922846,14.179723436973113,,1988.1496905493816,58.333333333333336,25.0,12,1,12421.726401436701,9769.666900595259,15.263123703741863,12.346840537152582,29.902062070096168,15.112036134922846,14.179723436973113,,1988.1496905493811,58.333333333333336,25.0,12,1,12799.655919632465,10053.435917343326,15.692315631361407,12.470966270859272,30.566766387595628,15.550979210331798,14.560319309380034,,2016.0226671190267,58.333333333333336,25.0,0,0.0,False,True,True
2349,錸德,電子工業,12,1,120532.13733616339,94529.93300785776,15.276420619203531,12.354162388728938,29.141489087419615,15.12959444045153,15.415927686058135,,-15201.018590633117,58.333333333333336,66.66666666666666,12,1,120532.13733616337,94529.93300785772,15.276420619203526,12.354162388728932,29.141489087419615,15.129594440451525,15.415927686058131,,-15201.018590633117,58.333333333333336,66.66666666666666,12,1,121073.63938789167,95788.11940945788,15.441343013217534,12.655927660064531,29.398641759691735,15.330968221020255,15.59850453637516,,-16187.89154196276,58.333333333333336,66.66666666666666,0,5.329070518200751e-15,True,True,True
6568,宏觀,半導體業,12,1,16935.205556531037,14361.455866336386,16.048206593597886,13.225841256253492,31.55014539459803,15.153371036715118,15.463646851264091,,-70.0464447589123,58.333333333333336,75.0,12,1,16935.20555653104,14361.455866336391,16.04820659359789,13.225841256253506,31.55014539459803,15.153371036715125,15.463646851264093,,-70.0464447589123,58.333333333333336,75.0,12,1,17315.9828454812,14539.344405356895,16.353454129164756,15.126685232341133,32.9170449062464,15.341068653171645,15.694482596573508,,298.8898148711839,50.0,83.33333333333334,0,-7.105427357601002e-15,False,True,True
4906,正文,電子工業,12,1,254762.11032639234,208618.86646322595,14.989015523700225,11.093564816286005,29.04671141353988,15.177134200964574,14.518494059160888,,99106.9986408222,25.0,50.0,12,1,254762.11032639234,208618.86646322595,14.989015523700225,11.093564816286012,29.04671141353988,15.177134200964574,14.518494059160892,,99106.99864082217,25.0,50.0,12,1,256852.5045395013,206796.53985620904,14.834743829532258,11.806849900588388,29.11846637168115,15.04455896488179,14.368305892770419,,95638.33425631402,25.0,50.0,0,0.0,False,True,True
6952,大武山,其他,12,1,29821.741171266247,22251.96131789048,16.231131411415248,11.189426519596728,32.81685542842019,15.18067595323887,17.805843765771133,,-14501.64456409358,66.66666666666666,41.66666666666667,12,1,29821.741171266247,22251.96131789048,16.231131411415248,11.189426519596728,32.81685542842019,15.18067595323887,17.805843765771133,,-14501.644564093578,66.66666666666666,41.66666666666667,12,1,29821.741171266247,22251.96131789048,16.231131411415248,11.189426519596728,32.81685542842019,15.18067595323887,17.805843765771133,,-14501.644564093578,66.66666666666666,41.66666666666667,0,0.0,False,True,True
1603,華電,電器電纜,12,1,86551.91424140787,69867.39134657806,14.490410205087704,14.400214815703272,23.16983386958058,15.181945988015672,14.438176306914349,,4563.2891517719445,41.66666666666667,58.333333333333336,12,1,86551.91424140787,69867.39134657806,14.490410205087704,14.400214815703272,23.16983386958058,15.181945988015672,14.438176306914349,,4563.2891517719445,41.66666666666667,58.333333333333336,12,1,92290.51482215853,75349.92644280424,15.662977706096381,14.97454031976478,24.036149123305087,16.3732821765305,15.42981697680993,,6758.394310063765,41.66666666666667,58.333333333333336,0,0.0,False,True,True
6263,普萊德,通信網路業,12,1,27816.42325599255,23845.44522201076,16.125043161503203,12.094551257591354,33.71191859718467,15.185876383103686,15.51759533804622,,3866.277362595043,50.0,41.66666666666667,12,1,27816.423255992555,23845.44522201076,16.125043161503207,12.094551257591354,33.71191859718467,15.185876383103686,15.51759533804622,,3866.2773625950417,50.0,41.66666666666667,12,1,29274.96359247164,24988.478515237057,16.899389938403107,13.355833611266629,35.01466433532101,15.913812562575144,16.26439032652801,,3784.8212180131413,50.0,50.0,0,0.0,False,True,True
5521,工信,建材營造,12,1,135239.41841884243,114436.75474638813,15.473192176952102,13.437556230773124,29.833448100623617,15.193423884368995,15.556662581944266,,6585.808289273671,41.66666666666667,66.66666666666666,12,1,135239.41841884243,114436.75474638813,15.473192176952102,13.437556230773115,29.833448100623617,15.193423884368995,15.556662581944266,,6585.808289273661,41.66666666666667,66.66666666666666,12,1,136876.31376226354,115979.8811615376,15.727660920197032,14.575409378356301,28.589144426057683,15.398300139244379,15.849469826424519,,6551.832039014892,33.33333333333333,58.333333333333336,0,0.0,False,True,True
6733,博晟生醫,生技醫療業,12,1,3794.221469002324,2816.2420111755346,15.353882011585906,7.316665145386117,38.34216322734316,15.199856134654338,14.257846336289221,,777.9245122260551,50.0,66.66666666666666,12,1,3794.221469002324,2816.2420111755346,15.353882011585906,7.316665145386117,38.34216322734316,15.199856134654338,14.257846336289221,,777.924512226055,50.0,66.66666666666666,12,1,3796.997903445119,2835.6211145614798,15.368369209395846,6.8436407563056925,35.32207879658637,15.304449270583733,14.44093238616765,,639.2577901554602,50.0,66.66666666666666,0,0.0,False,True,True
9928,中視,其他,12,1,14529.39931434046,11153.960298216552,14.310356980183888,14.754949244744274,27.41476510585425,15.211795477245374,14.954400770080248,,-5353.912345023015,58.333333333333336,66.66666666666666,12,1,14529.39931434046,11153.960298216552,14.310356980183888,14.754949244744274,27.41476510585425,15.211795477245374,14.954400770080248,,-5353.912345023015,58.333333333333336,66.66666666666666,12,1,14605.11153804181,11302.700165789647,14.601002637719004,14.915961330345995,29.309613903887065,15.414647234320055,15.192235898728176,,-5123.72255410579,50.0,66.66666666666666,0,0.0,False,True,True
3426,台興,電機機械,12,1,9370.740209157826,7789.03983274725,17.589390932256883,9.870912733800633,38.73984915550211,15.21324079580966,15.842684115594805,,4956.211946631567,25.0,41.66666666666667,12,1,9370.740209157828,7789.039832747251,17.589390932256883,9.870912733800633,38.73984915550211,15.21324079580966,15.842684115594805,,4956.211946631567,25.0,41.66666666666667,12,1,9200.46565263268,7599.616622921722,17.23876865279813,9.942396272384354,37.621410127468785,14.843266965238744,15.5726719487544,,4822.834983504566,25.0,50.0,0,0.0,False,True,True
2104,國際中橡,橡膠工業,12,1,217465.6143457638,194446.9769644532,15.149186038539082,16.003088697507923,26.265497392178837,15.21657759915556,14.820948112857835,,11233.439454655541,41.66666666666667,100.0,12,1,217465.61434576378,194446.97696445315,15.149186038539082,16.003088697507923,26.265497392178816,15.216577599155556,14.820948112857838,,11233.439454655492,41.66666666666667,100.0,12,1,225660.2214343925,200916.56927773435,15.602353424083054,16.63795995759283,26.520088425108916,15.7228598515556,15.313028683207994,,8457.321187547166,41.66666666666667,100.0,0,3.552713678800501e-15,True,True,True
8488,吉源-KY,其他,12,1,63375.19186829038,39147.47908343288,15.565570435304792,10.382789673527009,23.80819888357781,15.243237413985828,13.724282076030308,,10397.644949209172,41.66666666666667,83.33333333333334,12,1,63375.191868290385,39147.47908343288,15.565570435304796,10.382789673527009,23.80819888357781,15.243237413985828,13.724282076030306,,10397.644949209176,41.66666666666667,83.33333333333334,12,1,68492.04716032307,41571.460609416004,16.617102894228246,10.102693429448498,24.639709955642324,16.18708684574434,14.49169676415095,,11474.735130455412,41.66666666666667,83.33333333333334,0,0.0,False,True,True
2305,全友,電腦及週邊設備業,12,1,10594.836590483157,9484.635421563811,15.353811902220786,16.48779677115801,26.921154669154202,15.248916451799774,15.610235333787495,,-1856.3867000026548,58.333333333333336,50.0,12,1,10594.836590483157,9484.635421563813,15.353811902220786,16.48779677115801,26.921154669154202,15.248916451799776,15.610235333787498,,-1856.3867000026555,58.333333333333336,50.0,12,1,10899.942499725583,9706.862880606997,15.718136450653075,16.602481398131612,26.786497457131254,15.606202505045516,15.929331842282455,,-1903.621689331956,58.333333333333336,50.0,0,-1.7763568394002505e-15,False,True,True
3530,晶相光,電子工業,12,1,26842.289465398,23506.883692796244,15.189752914358333,15.936504669284929,21.172489746668376,15.286188221569375,16.112190251850404,,-11681.842259937941,66.66666666666666,58.333333333333336,12,1,26842.289465398,23506.883692796244,15.189752914358332,15.936504669284929,21.172489746668376,15.286188221569375,16.112190251850404,,-11681.842259937941,66.66666666666666,58.333333333333336,12,1,29091.026325451945,25268.4100931638,16.393295357443684,16.178481245978844,26.725857520599156,16.431683492877237,17.534572745786132,,-12335.980079798324,66.66666666666666,58.333333333333336,0,0.0,False,True,True
3564,其陽,通信網路業,12,1,38122.68223262455,31824.98864496677,17.15172307516817,11.34116505398574,43.45083874828844,15.294372267300439,15.954438801266244,,1905.4294154972765,50.0,100.0,12,1,38122.68223262455,31824.988644966757,17.151723075168167,11.341165053985732,43.45083874828844,15.294372267300432,15.95443880126624,,1905.4294154972692,50.0,100.0,12,1,39937.882227363894,33116.167236573725,17.965025150372004,11.157652599033979,47.84665842205368,15.914883597686366,16.614888329885368,,1883.5679881702574,58.333333333333336,83.33333333333334,0,7.105427357601002e-15,True,True,True
8112,至上,電子通路業,12,1,3825539.832210748,2889218.947509105,15.033859352583898,10.96229281757112,35.35574227360872,15.305227336324739,15.292086534907634,,-984211.2201235708,66.66666666666666,66.66666666666666,12,1,3825539.832210748,2889218.947509105,15.0338593525839,10.96229281757112,35.35574227360872,15.305227336324739,15.292086534907638,,-984211.2201235709,66.66666666666666,66.66666666666666,12,1,3927180.4820474116,2977689.903148793,15.569908650012234,11.37036619992213,36.66095217159378,15.773889668023319,15.832897893987393,,-1003006.1343459035,66.66666666666666,66.66666666666666,0,0.0,False,True,True
8083,瑞穎,電機機械,12,1,22741.280051271086,18299.473122315936,15.70147175753234,13.601795892489864,28.848057209457913,15.34185712154379,15.333703993583745,,-3665.2476837772324,66.66666666666666,58.333333333333336,12,1,22741.28005127109,18299.473122315936,15.701471757532342,13.601795892489864,28.848057209457913,15.34185712154379,15.33370399358375,,-3665.247683777235,66.66666666666666,58.333333333333336,12,1,22705.217270334164,17915.496589442268,15.375725060844431,12.515993903707507,28.601128400048726,15.019940033221191,14.979219488379393,,-3625.613471968742,66.66666666666666,58.333333333333336,0,0.0,False,True,True
5511,德昌,建材營造,12,1,191573.8410139947,141895.66145119345,15.927682563799047,12.861877972127456,32.09429084621078,15.362615800920118,16.018243862508147,,-43647.70941045287,58.333333333333336,75.0,12,1,191573.8410139947,141895.66145119345,15.927682563799047,12.861877972127456,32.0942908462108,15.362615800920118,16.018243862508143,,-43647.70941045286,58.333333333333336,75.0,12,1,206643.67208761675,146325.99615957978,16.355355822950568,11.666229362624499,34.447477468509256,15.842274793297637,16.462148855908264,,-43920.39233782736,58.333333333333336,75.0,0,0.0,False,True,True
4736,泰博,生技醫療業,12,1,59508.004658667596,53861.34169671036,15.990039652291374,14.966010074963714,22.189084858657047,15.373928585525917,15.45292314463883,,6270.363742811959,41.66666666666667,58.333333333333336,12,1,59508.004658667596,53861.34169671036,15.990039652291374,14.966010074963714,22.189084858657047,15.373928585525917,15.452923144638833,,6270.363742811965,41.66666666666667,58.333333333333336,12,1,60519.58656641684,53960.64138058154,16.08039000681884,14.321147898842101,22.714014678458316,15.40227222124515,15.488598948545365,,6376.3586226435045,41.66666666666667,66.66666666666666,0,0.0,False,True,True
6573,虹揚-KY,電子工業,12,1,11648.082652384484,10696.864349640871,15.846256243000969,13.843834710365948,27.48437781695701,15.40570924789825,15.279661683095904,,3047.2545418165205,41.66666666666667,66.66666666666666,12,1,11648.082652384484,10696.864349640871,15.846256243000967,13.843834710365938,27.48437781695701,15.40570924789825,15.279661683095904,,3047.2545418165178,41.66666666666667,66.66666666666666,12,1,12482.591717556965,11338.58972241792,16.748164957324523,14.527264634396476,29.49890851433078,16.32992724177552,16.08906819954653,,3229.2876890837283,41.66666666666667,58.333333333333336,0,0.0,False,True,True
6585,鼎基,其他,12,1,43565.19566288272,36631.47296129656,16.1525791243805,13.324504844309265,25.503116616681233,15.425964787133289,15.4250932065549,,1523.1852225267019,58.333333333333336,50.0,12,1,43565.19566288272,36631.47296129656,16.1525791243805,13.324504844309265,25.503116616681226,15.425964787133289,15.4250932065549,,1523.1852225267041,58.333333333333336,50.0,12,1,43646.510032686405,37042.78752573871,16.30694161787684,12.515062793503503,25.84796007960578,15.599174420123575,15.608863827075684,,1205.3443439329324,58.333333333333336,50.0,0,0.0,False,True,True
3527,聚積,半導體業,12,1,22646.581175856598,18641.77128111255,15.130447308318068,13.498566801190675,26.386711570803044,15.439598543243788,14.667245131002574,,2926.689525057427,41.66666666666667,58.333333333333336,12,1,22646.581175856598,18641.77128111255,15.130447308318068,13.498566801190675,26.386711570803044,15.439598543243788,14.667245131002577,,2926.6895250574257,41.66666666666667,58.333333333333336,12,1,23539.518980505418,19485.206859705922,15.795771646895455,13.798497268899071,27.328610048070406,16.138153768184463,15.313788213693295,,3073.5058939466544,41.66666666666667,50.0,0,0.0,False,True,True
1452,宏益,紡織纖維,12,1,21935.287064212913,17485.627849565615,15.640775405903154,10.71528897991544,35.5735718709134,15.47223836469927,14.421261377968833,,8399.612369212882,33.33333333333333,66.66666666666666,12,1,21935.287064212913,17485.62784956562,15.64077540590316,10.71528897991544,35.5735718709134,15.472238364699272,14.421261377968838,,8399.61236921288,33.33333333333333,66.66666666666666,12,1,21882.89273256921,17041.40543893102,15.289050289619452,9.281001182366715,35.28795332494749,15.079166117971193,14.014453910343752,,8732.527262294547,33.33333333333333,66.66666666666666,0,-1.7763568394002505e-15,False,True,True
4994,傳奇,資訊服務業,12,1,18673.728940205507,15291.604631419725,15.82971451718718,13.182153096279917,25.595271021610028,15.482020582905646,15.587203275184102,,108.67136468034612,50.0,58.333333333333336,12,1,18673.728940205507,15291.604631419725,15.82971451718718,13.182153096279917,25.595271021610028,15.482020582905646,15.587203275184102,,108.6713646803449,50.0,58.333333333333336,12,1,19162.992857603065,15604.861715938829,16.181848066886307,14.152435597849117,26.68288474863461,15.799178444828177,15.900906817552787,,263.8118471802154,50.0,58.333333333333336,0,0.0,False,True,True
5278,尚凡*,數位雲端類,12,1,42686.08359517865,34003.732874810725,14.96038437432573,10.846881690506452,27.381676290025826,15.499140784653914,15.030942405134647,,-2162.1924513420286,41.66666666666667,50.0,12,1,42686.08359517864,34003.73287481072,14.960384374325727,10.846881690506452,27.381676290025826,15.499140784653914,15.030942405134647,,-2162.192451342033,41.66666666666667,50.0,12,1,45106.06114519295,34493.908083121314,14.925504099160522,10.288336731820102,28.12009254102954,15.722566094772757,15.01130380583144,,-2823.2223873526723,41.66666666666667,50.0,0,0.0,False,True,True
6669,緯穎,電腦及週邊設備業,12,1,15430343.895695904,12282745.872672386,14.48545269278863,12.837595070686708,21.69425882861803,15.504222043876778,16.337693838094438,,-12137661.088364055,91.66666666666666,50.0,12,1,15430343.895695904,12282745.872672385,14.485452692788629,12.837595070686708,21.69425882861803,15.504222043876775,16.337693838094435,,-12137661.088364055,91.66666666666666,50.0,12,1,16328900.93746621,13220665.91906012,15.62094153629063,13.953744337785952,23.113952484547138,16.688136521090886,17.67317471292244,,-12903958.715029329,91.66666666666666,50.0,0,3.552713678800501e-15,True,True,True
2516,新建,建材營造,12,1,162409.12442669796,133994.48446259162,16.565318018376903,13.730649620010277,29.47832761811901,15.54613373155923,15.947723302787123,,15282.721530928597,50.0,66.66666666666666,12,1,162409.12442669802,133994.48446259167,16.565318018376903,13.730649620010285,29.47832761811901,15.546133731559234,15.947723302787123,,15282.721530928606,50.0,66.66666666666666,12,1,170531.34686127564,139839.57465994044,17.329899804420133,13.977463903947424,29.457824538492943,16.224285181191316,16.556599641339307,,16337.703149866467,50.0,58.333333333333336,0,-3.552713678800501e-15,False,True,True
8210,勤誠,電腦及週邊設備業,12,1,320630.44977252587,285213.79617122456,16.190515029071424,14.121541159119925,28.382954764950934,15.556167935648535,17.553446027104496,,-135045.5135962422,66.66666666666666,41.66666666666667,12,1,320630.4497725259,285213.7961712246,16.190515029071424,14.12154115911993,28.382954764950934,15.556167935648539,17.553446027104496,,-135045.5135962422,66.66666666666666,41.66666666666667,12,1,331763.55246023287,297620.022488742,16.976909209293513,13.432280089276388,30.800185404889323,16.23282994370618,18.368169611665756,,-132087.7420218625,66.66666666666666,41.66666666666667,0,-3.552713678800501e-15,False,True,True
3229,晟鈦,電子零組件業,12,1,15718.676468736303,13511.577969087703,16.086514265808386,14.571814855491052,29.481908532846944,15.581532642155985,16.36076424779175,,-4112.819228905884,75.0,33.33333333333333,12,1,15718.676468736303,13511.577969087703,16.086514265808386,14.571814855491052,29.481908532846944,15.581532642155985,16.36076424779175,,-4112.819228905884,75.0,33.33333333333333,12,1,15948.26755281238,13817.22737686887,16.466264677345567,14.779709835340405,29.55185565931238,15.934007107780483,16.758261229137293,,-4295.444545946778,75.0,33.33333333333333,0,0.0,False,True,True
8072,陞泰,電子通路業,12,1,22327.721652518765,16677.902014970285,15.015032908037492,8.780273224022533,30.460662825767315,15.585161410320191,16.421537810097764,,-8080.384545302793,58.333333333333336,50.0,12,1,22327.72165251876,16677.902014970285,15.015032908037492,8.78027322402254,30.460662825767315,15.585161410320191,16.42153781009776,,-8080.384545302791,58.333333333333336,50.0,12,1,22610.87163837419,17299.544419093025,15.654650550029507,8.999784012795335,31.80697559866392,16.16607363771282,17.044874193512296,,-8254.783739070135,58.333333333333336,50.0,0,0.0,False,True,True
5355,佳總,電子零組件業,12,1,7126.291482122777,6007.128758864979,15.535934269758704,12.985752441213677,29.036859636729666,15.596315222628442,16.095558918320087,,-882.0595810588005,50.0,50.0,12,1,7126.291482122777,6007.128758864979,15.535934269758704,12.985752441213677,29.036859636729666,15.596315222628442,16.095558918320087,,-882.0595810588005,50.0,50.0,12,1,7264.807807414787,6033.318183216584,15.605581410524074,13.558998373636765,30.388986564255134,15.664310854831934,16.153824009906028,,-845.7214699595133,50.0,41.66666666666667,0,0.0,False,True,True
1727,中華化,化學生技醫療,12,1,30052.928792764404,25621.177859766136,15.607984983962755,18.74545068544359,25.939973368580173,15.612530801501547,15.5520191762071,,62.679027735281124,41.66666666666667,41.66666666666667,12,1,30052.928792764396,25621.17785976613,15.607984983962755,18.74545068544359,25.939973368580155,15.612530801501542,15.552019176207097,,62.67902773527627,41.66666666666667,41.66666666666667,12,1,29662.763978811407,25579.27436124251,15.52492945771489,19.816209753447936,24.84488432561575,15.586996469513705,15.524649878344313,,-18.96314171270448,41.66666666666667,33.33333333333333,0,5.329070518200751e-15,True,True,True
2634,漢翔,航運業,12,1,736172.1829420966,461397.176783165,16.928753733221193,9.041140578034717,27.33703378557862,15.617583827538656,14.706123151558195,,59540.28208989565,41.66666666666667,75.0,12,1,736172.1829420966,461397.176783165,16.928753733221193,9.041140578034708,27.33703378557862,15.617583827538656,14.706123151558192,,59540.282089895685,41.66666666666667,75.0,12,1,767121.2068649933,480882.23873875214,17.708496188185887,9.552399467558722,27.937875046455822,16.277123165420598,15.277327474711402,,65572.8145272504,41.66666666666667,66.66666666666666,0,0.0,False,True,True
8996,高力,電機機械,12,1,102862.89095502967,85716.44561193204,15.787597846780663,13.483540573253183,25.208469811424433,15.630698603204962,16.71103655332526,,-54469.94426413302,75.0,33.33333333333333,12,1,102862.89095502967,85716.44561193204,15.787597846780663,13.483540573253183,25.208469811424433,15.630698603204962,16.71103655332526,,-54469.94426413302,75.0,33.33333333333333,12,1,101895.96053082097,84654.68015071347,15.668277724709483,12.81939899334376,26.01696172568281,15.437081896479432,16.56275296433039,,-53464.02393521481,75.0,41.66666666666667,0,0.0,False,True,True
6192,巨路,其他電子業,12,1,122698.99288885546,95901.09392073897,15.894304812252852,9.147771975962895,31.73272425602135,15.641858362180566,15.7605281861434,,-6072.759824116404,41.66666666666667,58.333333333333336,12,1,122698.99288885546,95901.09392073897,15.894304812252852,9.147771975962895,31.73272425602135,15.641858362180566,15.7605281861434,,-6072.759824116404,41.66666666666667,58.333333333333336,12,1,127717.39673789115,98531.01976687,16.28894683955978,9.731809134248653,33.18776582245144,16.070809961233422,16.177536674234965,,-9869.405216727924,50.0,66.66666666666666,0,0.0,False,True,True
1515,力山,電機機械,12,1,98410.4737200182,70642.8114487759,14.835333358776015,15.354033019467273,29.996575923812802,15.642521085974362,16.23683164406227,,-60141.09857492088,91.66666666666666,75.0,12,1,98410.4737200182,70642.8114487759,14.835333358776012,15.354033019467273,29.996575923812802,15.642521085974362,16.23683164406227,,-60141.09857492088,91.66666666666666,75.0,12,1,102050.43025437294,76291.56270580353,16.143165704768712,17.133078188125932,30.187745567988905,16.89333074141327,17.603225851671098,,-63758.08323328866,83.33333333333334,66.66666666666666,0,0.0,False,True,True
8426,紅木-KY,其他,12,1,46923.256555062326,35331.5496218701,15.582526533546817,9.818423234473883,27.16629423690752,15.664283979078302,14.722703735092443,,8576.900460722945,50.0,58.333333333333336,12,1,46923.25655506231,35331.549621870094,15.582526533546817,9.818423234473883,27.16629423690752,15.6642839790783,14.722703735092441,,8576.900460722949,50.0,58.333333333333336,12,1,48066.72011739566,36376.57481779954,16.146514950388116,8.79885441163159,29.07398974182593,16.127597125813253,15.329226121465503,,7943.6218507683325,50.0,50.0,0,1.7763568394002505e-15,True,True,True
6753,龍德造船,航運業,12,1,77571.02147169664,68492.66792673575,16.719729178851054,15.324599768834691,25.093339195684994,15.666409568756483,15.813034133804942,,25992.762181864047,41.66666666666667,75.0,12,1,77571.02147169664,68492.66792673575,16.719729178851054,15.324599768834691,25.093339195684994,15.666409568756483,15.813034133804942,,25992.762181864047,41.66666666666667,75.0,12,1,74097.8239916072,62936.93272136461,15.37807538633999,13.682141322230196,25.51420574850623,14.395639633556911,14.580311405716012,,24787.68302191656,41.66666666666667,75.0,0,0.0,False,True,True
3632,研勤,通信網路業,12,1,4773.615481575473,3457.7312518877466,15.869135028075679,8.605922875557734,37.19654944908855,15.70672706518971,15.3496850661515,,-179.14947727932181,58.333333333333336,66.66666666666666,12,1,4773.615481575473,3457.7312518877466,15.869135028075682,8.605922875557745,37.19654944908855,15.70672706518971,15.3496850661515,,-179.14947727932213,58.333333333333336,66.66666666666666,12,1,5027.520138928781,3577.526197988582,16.411508870385727,8.484621916747976,39.179830905505156,16.250895013802747,15.829715060745157,,-191.17896800051463,58.333333333333336,66.66666666666666,0,0.0,False,True,True
6166,凌華,電腦及週邊設備業,12,1,184760.0056214895,154727.5274032014,16.09667434069441,17.83632795482234,29.254658377761366,15.733380115274699,15.72961549296609,,21764.185718041117,41.66666666666667,58.333333333333336,12,1,184760.0056214895,154727.52740320138,16.09667434069441,17.836327954822355,29.254658377761356,15.733380115274691,15.729615492966087,,21764.185718041117,41.66666666666667,58.333333333333336,12,1,184700.83753729417,155550.6936974818,16.257561059552835,17.76109701864511,29.643493920183822,15.817083309033139,15.880445575692361,,21807.08931893516,41.66666666666667,50.0,0,7.105427357601002e-15,True,True,True
3149,正達,電子工業,12,1,37687.30143941934,29957.59985164074,16.059658603668638,12.144825304976838,32.20713689855225,15.742715179926295,16.332058176742123,,-6436.210228281398,50.0,50.0,12,1,37687.30143941934,29957.59985164074,16.059658603668638,12.144825304976838,32.20713689855225,15.742715179926295,16.332058176742123,,-6436.210228281395,50.0,50.0,12,1,38536.371843508554,30300.389324558473,16.290427442491186,11.871576903598585,32.74788916850053,15.922851007414002,16.552829926851985,,-5928.129754879083,50.0,41.66666666666667,0,0.0,False,True,True
2743,山富,觀光餐旅,12,1,108541.4440821895,88292.25983242375,15.597947351455302,12.198493689879172,27.124277324275546,15.76938244996488,15.45428926604823,,-8507.097666983871,66.66666666666666,91.66666666666666,12,1,108541.4440821895,88292.25983242375,15.597947351455302,12.198493689879172,27.124277324275546,15.76938244996488,15.45428926604823,,-8507.097666983871,66.66666666666666,91.66666666666666,12,1,109132.19600742003,84971.91232002137,14.866122713850627,10.606476865287517,27.283643185783962,15.176353911684853,14.931500652646621,,-11366.031799303231,58.333333333333336,75.0,0,0.0,False,True,True
2543,皇昌,建材營造,12,1,178195.75972061447,155624.8682178903,16.049630234400183,15.137123935593907,30.595745781952584,15.775474127226403,16.301761041733638,,-14806.179158931007,50.0,75.0,12,1,178195.75972061447,155624.86821789033,16.049630234400183,15.137123935593907,30.595745781952584,15.775474127226405,16.301761041733638,,-14806.179158931025,50.0,75.0,12,1,187181.90328330392,160599.2337494738,16.52272750465178,16.493432354350155,32.09592019234364,16.279718568628866,16.944084054908352,,-20678.39964345084,50.0,75.0,0,-1.7763568394002505e-15,False,True,True
6965,中傑-KY,運動休閒,12,1,369828.1463232844,284862.5833333333,15.831810241271482,11.146392708794938,31.787190267151978,15.77954463654665,14.72691032074819,,113825.91666666667,41.66666666666667,0.0,12,1,369828.1463232844,284862.5833333333,15.831810241271482,11.146392708794938,31.787190267151978,15.77954463654665,14.72691032074819,,113825.91666666667,41.66666666666667,0.0,12,1,369828.1463232844,284862.5833333333,15.831810241271482,11.146392708794938,31.787190267151978,15.77954463654665,14.72691032074819,,113825.91666666667,41.66666666666667,0.0,0,0.0,False,True,True
8390,金益鼎,綠能環保類,12,1,71080.31529921119,60961.06189928906,16.108638070899648,13.756406487443293,29.769684098979845,15.783000102729867,15.715260835980535,,4845.540220805608,50.0,41.66666666666667,12,1,71080.31529921117,60961.06189928905,16.108638070899648,13.756406487443293,29.76968409897983,15.783000102729867,15.715260835980535,,4845.540220805594,50.0,41.66666666666667,12,1,72495.35713065117,63161.875934754265,16.625361011641235,13.910418543490605,30.404111971504218,16.352797397357403,16.22363131012364,,4476.963478677692,50.0,41.66666666666667,0,0.0,False,True,True
3628,盈正,其他電子類,12,1,62541.06222395914,44168.52333932874,15.268836087665155,7.906677843076901,33.78732497807817,15.796644339851557,14.9022593248255,,981.1999193969992,41.66666666666667,91.66666666666666,12,1,62541.06222395913,44168.52333932873,15.268836087665152,7.906677843076896,33.78732497807816,15.79664433985155,14.902259324825499,,981.1999193970114,41.66666666666667,91.66666666666666,12,1,64037.264956887804,45744.91199852709,15.853131604468654,9.315216679760239,34.17313150452001,16.360431605262775,15.398847992630978,,1868.6773548110843,41.66666666666667,91.66666666666666,0,7.105427357601002e-15,True,True,True
6661,威健生技,生技醫療業,12,1,7091.450759546329,4953.075088776403,15.354405859844123,10.44857648237346,33.49125324867453,15.810209359290536,15.30382966803179,,141.5072043083916,50.0,66.66666666666666,12,1,7091.450759546327,4953.075088776402,15.35440585984412,10.448576482373472,33.49125324867453,15.81020935929053,15.30382966803179,,141.50720430839132,50.0,66.66666666666666,12,1,7389.511367028832,5133.754313710174,16.031370806836133,10.166713908814016,39.49162475410969,16.38693721458799,15.705048804298317,,449.5093229645951,41.66666666666667,75.0,0,5.329070518200751e-15,True,True,True
1783,和康生,生技醫療業,12,1,13205.761361314004,10717.071428944208,16.762201123469808,12.10122316066527,33.80120785782964,15.846545330661598,16.765525817655178,,-1500.2980448038106,41.66666666666667,75.0,12,1,13205.761361314004,10717.071428944206,16.762201123469804,12.10122316066527,33.80120785782964,15.846545330661597,16.765525817655178,,-1500.2980448038113,41.66666666666667,75.0,12,1,13802.3250205164,11368.854228796758,17.81595497451893,13.036654417468851,35.27661706596864,16.810288621176035,17.79129686552634,,-1351.8901175656276,41.66666666666667,66.66666666666666,0,1.7763568394002505e-15,True,True,True
6913,鴻呈,電子零組件業,12,1,38696.76069196629,34856.84922136728,15.546928497850143,13.544701523695817,25.042409099187353,15.888606766882498,15.90287131001569,,-7655.587469989281,50.0,8.333333333333332,12,1,38696.76069196629,34856.84922136728,15.546928497850141,13.544701523695817,25.042409099187353,15.888606766882502,15.902871310015687,,-7655.5874699892765,50.0,8.333333333333332,12,1,38696.76069196629,34856.84922136728,15.546928497850141,13.544701523695817,25.042409099187353,15.888606766882502,15.902871310015687,,-7655.5874699892765,50.0,8.333333333333332,0,-3.552713678800501e-15,False,True,True
3669,圓展,電子工業,12,1,43092.732981931775,33565.528089886255,14.894811573643848,10.843217753096182,25.907038528649245,15.918061767124255,15.486700915428283,,-8669.832744171805,50.0,66.66666666666666,12,1,43092.732981931775,33565.528089886255,14.894811573643848,10.843217753096182,25.907038528649245,15.918061767124255,15.486700915428283,,-8669.832744171805,50.0,66.66666666666666,12,1,42921.0609110721,33815.05438982997,15.02322705627533,11.505018278392342,24.929090291841874,16.036396716134725,15.630188778542298,,-8832.004681701155,50.0,66.66666666666666,0,0.0,False,True,True
4564,元翎,電機機械,12,1,18246.604631546754,14650.947319157089,17.17996297236627,12.68251781690054,28.462632708697775,15.953598522516902,15.988065091045092,,5169.974233794322,41.66666666666667,66.66666666666666,12,1,18246.604631546754,14650.947319157089,17.179962972366265,12.68251781690054,28.462632708697775,15.953598522516902,15.988065091045092,,5169.974233794322,41.66666666666667,66.66666666666666,12,1,18077.43364719518,14603.649311543966,17.150516741888108,13.174848050804917,28.27813878446962,15.902095134514948,15.946755928598675,,5367.094432271078,41.66666666666667,66.66666666666666,0,0.0,False,True,True
6220,岳豐,電子零組件業,12,1,131015.31334533825,111159.11049548385,16.314093685596685,12.511180186306603,33.149552483295075,15.965617798850019,16.02489452921297,,-7349.024926849302,58.333333333333336,25.0,12,1,131015.31334533825,111159.11049548385,16.314093685596685,12.511180186306603,33.149552483295075,15.965617798850019,16.02489452921297,,-7349.024926849302,58.333333333333336,25.0,12,1,126201.46914412682,106666.69595428016,15.640425080257256,11.689230449233262,31.06513784806407,15.320378976416581,15.42252463236685,,-9630.05788663216,58.333333333333336,25.0,0,0.0,False,True,True
2460,建通,電子零組件業,12,1,55520.95165373563,42200.71118314626,17.317450724901992,14.253568679524726,32.45023283096617,15.9661026876058,16.065299320692077,,2752.0329610322856,66.66666666666666,58.333333333333336,12,1,55520.95165373563,42200.71118314626,17.317450724901992,14.253568679524726,32.45023283096617,15.966102687605801,16.06529932069208,,2752.032961032283,66.66666666666666,58.333333333333336,12,1,58655.585008603775,44357.29769020885,18.222994007196345,14.307348981731662,33.84296899916292,16.7820197814442,16.788754389967817,,3312.501427787511,66.66666666666666,58.333333333333336,0,-1.7763568394002505e-15,False,True,True
1514,亞力,電機機械,12,1,186499.51611203965,140537.5577630105,15.689092160570892,12.238459855719016,25.58011003679428,15.978421944771748,16.787875548227007,,-54017.00600698381,50.0,75.0,12,1,186499.51611203965,140537.5577630105,15.689092160570892,12.238459855719016,25.58011003679428,15.978421944771748,16.787875548227007,,-54017.00600698381,50.0,75.0,12,1,187064.26114764914,140883.81745925368,15.91552560803934,12.206059838674435,28.504404364563268,16.017789951567284,16.911849723153736,,-52684.56219025716,50.0,75.0,0,0.0,False,True,True
6739,竹陞科技,其他電子類,12,1,17657.39451428561,10757.034080756372,15.891131106781097,5.563495101166303,50.54082087391001,16.022671401113712,20.15061067400687,,-10757.034080756372,100.0,33.33333333333333,12,1,17657.39451428561,10757.034080756372,15.891131106781097,5.563495101166303,50.54082087391001,16.022671401113712,20.15061067400687,,-10757.034080756372,100.0,33.33333333333333,12,1,17657.39451428561,10757.034080756372,15.891131106781097,5.563495101166303,50.54082087391001,16.022671401113712,20.15061067400687,,-10757.034080756372,100.0,33.33333333333333,0,0.0,False,True,True
3287,廣寰科,電腦及週邊設備業,12,1,14039.952307364936,12594.122604559976,16.6126831012778,13.870523684022656,28.383679402760396,16.06299283680479,16.85342186870153,,-3061.494131299009,66.66666666666666,58.333333333333336,12,1,14039.952307364936,12594.122604559976,16.6126831012778,13.870523684022656,28.383679402760396,16.06299283680479,16.85342186870153,,-3061.4941312990118,66.66666666666666,58.333333333333336,12,1,14661.655617642862,13157.792021856998,17.42444706836108,15.267576253239593,29.231476956948217,16.781916901359292,17.680115123868497,,-3036.868716402288,66.66666666666666,58.333333333333336,0,0.0,False,True,True
6532,瑞耘,半導體業,12,1,10407.445969929822,9040.133194764632,16.815263792777056,15.738931371545196,29.059916632716675,16.07377682808003,16.213194413522412,,2221.0911531272886,41.66666666666667,50.0,12,1,10407.445969929822,9040.133194764632,16.815263792777056,15.738931371545196,29.059916632716675,16.07377682808003,16.213194413522416,,2221.091153127288,41.66666666666667,50.0,12,1,10461.844978396466,9079.24391859748,16.854906759542075,18.036834154199262,29.44228675751371,16.14331751215291,16.35684799177245,,2042.8335736832742,41.66666666666667,50.0,0,0.0,False,True,True
2477,美隆電,其他電子業,12,1,43204.14472748577,33489.38517193906,16.55519929886732,11.103020604387167,38.52441580638677,16.083538526011512,15.738428008332287,,1321.9125680458856,50.0,66.66666666666666,12,1,43204.14472748578,33489.385171939066,16.55519929886732,11.103020604387153,38.52441580638677,16.083538526011516,15.738428008332287,,1321.9125680458844,50.0,66.66666666666666,12,1,43756.8642843412,34360.230814752016,17.098368432544916,12.148734381618217,39.938393838737994,16.501768940648308,16.2756436231107,,1698.6095075562444,50.0,66.66666666666666,0,-3.552713678800501e-15,False,True,True
1707,葡萄王,化學生技醫療,12,1,175423.08379657264,137425.96104726332,16.387895234509134,11.26610654271046,36.74730842598567,16.086370971567284,15.365199602486038,,39742.845534445056,41.66666666666667,75.0,12,1,175423.08379657267,137425.96104726338,16.38789523450914,11.26610654271046,36.74730842598569,16.08637097156729,15.365199602486044,,39742.845534445114,41.66666666666667,75.0,12,1,175881.9577443213,138789.43124915365,16.520019388133154,11.607841969640914,37.54338326428162,16.24597172901618,15.593947765173976,,33879.492463894305,41.66666666666667,66.66666666666666,0,-7.105427357601002e-15,False,True,True
3443,創意,電子工業,12,1,624118.6166864893,457975.36275684804,16.28777434401341,9.366054756525635,39.20007608580088,16.097091164412973,17.298064293484604,,-260040.77314446808,66.66666666666666,58.333333333333336,12,1,624118.6166864893,457975.36275684787,16.28777434401341,9.366054756525635,39.20007608580088,16.097091164412966,17.298064293484604,,-260040.77314446805,66.66666666666666,58.333333333333336,12,1,642834.0147963759,468549.6363760524,16.656759215459992,10.164112257890789,40.678125600996665,16.46875973064576,17.78742851459829,,-263764.70311349706,66.66666666666666,58.333333333333336,0,7.105427357601002e-15,True,True,True
3652,精聯,電腦及週邊設備業,12,1,44985.43417677398,32941.09426057549,17.02426737554821,10.719550187154248,33.29807422275924,16.11773002014673,15.33098412961222,,12102.864975447548,41.66666666666667,75.0,12,1,44985.43417677399,32941.09426057549,17.02426737554822,10.719550187154253,33.29807422275924,16.117730020146734,15.33098412961222,,12102.864975447543,41.66666666666667,75.0,12,1,43010.88484651886,32440.97285478214,16.74122720158572,10.044189186659269,33.948176052762975,15.873025890644854,15.183058183210163,,12330.936069785026,41.66666666666667,75.0,0,-3.552713678800501e-15,False,True,True
3363,上詮,通信網路業,12,1,31661.29598097806,25468.982514415795,17.001927206694866,19.592054759437993,33.28308343731556,16.15373992586602,17.10993458573298,,38.25351151911551,41.66666666666667,66.66666666666666,12,1,31661.295980978055,25468.982514415784,17.00192720669486,19.59205475943799,33.28308343731556,16.153739925866013,17.10993458573297,,38.253511519120366,41.66666666666667,66.66666666666666,12,1,32385.529353239683,26066.28476787796,17.533964853653934,19.84390496635403,35.02453374703641,16.532579765820373,17.580509097893547,,566.7976507076904,41.66666666666667,66.66666666666666,0,7.105427357601002e-15,True,True,True
4549,桓達,電機機械,12,1,18721.7556770944,16613.9198541463,16.92196665783269,16.41288834111279,32.20341086766354,16.184951209790157,16.234750141129062,,3823.5064063227037,41.66666666666667,50.0,12,1,18721.755677094403,16613.919854146305,16.921966657832694,16.412888341112787,32.20341086766355,16.184951209790157,16.234750141129066,,3823.506406322706,41.66666666666667,50.0,12,1,19078.785556644092,16799.98324132108,17.134772027910934,16.574422960427963,32.70812799147951,16.366210471288305,16.429118253761963,,3651.2168472971825,41.66666666666667,50.0,0,0.0,False,True,True
5460,同協,電子零組件業,12,1,3781.885828202568,3145.320531558254,16.047516577668,13.689500410123639,28.481826551269805,16.186779304433564,16.004937063836056,,321.4506157946942,50.0,33.33333333333333,12,1,3781.8858282025676,3145.320531558254,16.047516577668,13.689500410123639,28.481826551269805,16.186779304433564,16.004937063836053,,321.4506157946944,50.0,33.33333333333333,12,1,3992.043779056086,3338.649861894901,16.95888340087103,15.019405367760335,29.390513529365265,17.18171103613942,16.83246373608307,,433.2804635440577,41.66666666666667,25.0,0,0.0,False,True,True
6482,弘煜科,文化創意業,12,1,7618.427022409865,6707.450444342173,17.809314998865357,18.505244328779526,35.261405099253636,16.22171765903025,16.61533885746804,,2907.7549495415283,33.33333333333333,75.0,12,1,7618.427022409865,6707.450444342175,17.809314998865357,18.50524432877951,35.261405099253636,16.221717659030254,16.61533885746804,,2907.754949541528,33.33333333333333,75.0,12,1,7755.279923984138,6835.506394590421,17.981173270580918,16.972093950236555,37.327088485983225,16.531416178120782,16.844910547163675,,2586.8286708393953,33.33333333333333,66.66666666666666,0,-3.552713678800501e-15,False,True,True
3508,位速,其他電子類,12,1,12622.395321471795,11195.523889528806,17.671502184447117,16.970276252406336,32.030894176590714,16.226925564768862,17.21342414212909,,-674.30181261413,41.66666666666667,66.66666666666666,12,1,12622.395321471795,11195.523889528808,17.671502184447117,16.970276252406336,32.030894176590714,16.22692556476887,17.21342414212909,,-674.3018126141305,41.66666666666667,66.66666666666666,12,1,12194.662447183011,10697.961892681402,16.997715810013037,15.894946748793037,31.286784132277656,15.505753284992648,16.47429219880819,,-578.3354261805792,41.66666666666667,66.66666666666666,0,-7.105427357601002e-15,False,True,True
6270,倍微,電子通路業,12,1,48710.60775046058,37508.77219510935,14.964892815516842,13.399151961040614,27.67152690763569,16.250237968477297,15.249353221214292,,-4269.147071416846,50.0,66.66666666666666,12,1,48710.60775046058,37508.77219510935,14.964892815516842,13.399151961040614,27.67152690763569,16.250237968477297,15.249353221214292,,-4269.147071416846,50.0,66.66666666666666,12,1,49362.20770460608,37516.122836989736,14.925068277661271,13.725067307815653,28.321948646266094,16.25342254831787,15.246600768600324,,-4673.29413331813,50.0,66.66666666666666,0,0.0,False,True,True
6531,愛普*,半導體業,12,1,97802.35187125053,76444.61818985504,14.627386768060987,13.522194131398905,25.066703989861743,16.25458985773062,15.076584373334597,,-31378.19741682455,66.66666666666666,75.0,12,1,97802.35187125053,76444.61818985504,14.627386768060987,13.522194131398898,25.066703989861743,16.25458985773062,15.076584373334597,,-31378.197416824547,66.66666666666666,75.0,12,1,99977.9243970415,78910.45198582478,15.119698862404999,15.72199638500721,24.6897235742961,16.778905603690326,15.522592758209186,,-30502.62418767724,66.66666666666666,83.33333333333334,0,0.0,False,True,True
2364,倫飛,電腦及週邊設備業,12,1,25169.089761038416,20507.87760264576,17.172438076512297,20.826422748628666,35.91344443352279,16.313835263841156,16.353761699132864,,2574.0766575015246,50.0,58.333333333333336,12,1,25169.089761038416,20507.877602645764,17.172438076512307,20.826422748628666,35.91344443352279,16.31383526384116,16.353761699132864,,2574.0766575015236,50.0,58.333333333333336,12,1,25846.66195400676,21058.398640768824,17.70392912021809,20.30946204749521,36.97608532275894,16.751769880929952,16.732956021916703,,2961.8610269672063,58.333333333333336,50.0,0,-3.552713678800501e-15,False,True,True
3518,柏騰,電子工業,12,1,4883.844961444047,4350.753796323922,16.9896148806301,14.873285556228522,28.00761613015514,16.315581667178257,16.6010038741916,,335.31887571854895,50.0,41.66666666666667,12,1,4883.844961444047,4350.753796323922,16.9896148806301,14.873285556228522,28.00761613015514,16.315581667178257,16.601003874191598,,335.3188757185483,50.0,41.66666666666667,12,1,5106.923256564874,4465.267875898142,17.40507164074962,15.666776026718713,27.955471383337144,16.745016175495774,16.97281726566091,,373.8921658282149,50.0,41.66666666666667,0,0.0,False,True,True
5465,富驊,電腦及週邊設備業,12,1,87975.41682256684,74202.40578940649,17.606309211600056,15.794370706766593,27.1116762216857,16.324375008325596,16.680881285830214,,9603.434879728627,50.0,58.333333333333336,12,1,87975.41682256684,74202.40578940649,17.606309211600056,15.794370706766593,27.1116762216857,16.324375008325596,16.680881285830214,,9603.434879728627,50.0,58.333333333333336,12,1,89366.2979907431,75518.48300990253,17.909654069787983,15.936311470052747,28.667414355175385,16.613909260736044,16.980803682152654,,9017.479741382756,50.0,58.333333333333336,0,0.0,False,True,True
6214,精誠,電子工業,12,1,716245.7020018087,598241.7274942781,16.011459522479544,13.324185638060419,27.394743294376322,16.32701776706429,15.945943845000812,,-91364.44752148488,58.333333333333336,75.0,12,1,716245.7020018088,598241.7274942783,16.011459522479544,13.324185638060424,27.394743294376322,16.327017767064294,15.945943845000812,,-91364.44752148497,58.333333333333336,75.0,12,1,754598.6387857425,637989.419473316,17.117826372830176,15.245821183531511,27.30465054174867,17.41179879004594,17.012766804181283,,-96679.64011574734,58.333333333333336,58.333333333333336,0,-3.552713678800501e-15,False,True,True
3276,宇環,電子零組件業,12,1,7966.008962035982,6872.525148414818,16.93660313571543,20.67145525612937,27.748786654162583,16.327616632246446,16.68978285816288,,-42.831597934281184,58.333333333333336,50.0,12,1,7966.008962035982,6872.525148414818,16.93660313571543,20.67145525612937,27.748786654162583,16.327616632246446,16.68978285816288,,-42.831597934281184,58.333333333333336,50.0,12,1,8113.526772184003,7040.388386492326,17.287250550686238,20.708413353580458,28.828006492601453,16.726422971806983,17.110633725997296,,-17.255788069391503,50.0,50.0,0,0.0,False,True,True
3581,博磊,半導體業,12,1,29575.241526346465,21377.76593371639,15.671910147101755,12.371267236588327,34.38216405338853,16.333254035803506,16.299434481352606,,-9250.265624246224,66.66666666666666,50.0,12,1,29575.241526346465,21377.76593371639,15.671910147101755,12.371267236588327,34.38216405338853,16.333254035803506,16.299434481352606,,-9250.265624246224,66.66666666666666,50.0,12,1,29438.35456461064,21198.188591054306,15.583142061965805,12.372991852146578,34.51416861737652,16.19605156264197,16.206408912742802,,-8794.325663613103,58.333333333333336,50.0,0,0.0,False,True,True
2031,新光鋼,鋼鐵工業,12,1,341785.29434840457,228804.57465098918,16.17592147458936,12.109336620793938,43.06969516071653,16.34503828715252,15.91396763365773,,43404.413081448874,33.33333333333333,66.66666666666666,12,1,341785.2943484046,228804.57465098918,16.175921474589362,12.109336620793938,43.06969516071653,16.34503828715252,15.913967633657734,,43404.413081448874,33.33333333333333,66.66666666666666,12,1,348484.24655916065,230852.10165596832,16.283908804128085,10.447467096733911,43.89078817725989,16.491306810591844,16.028709934721466,,40988.28594490036,33.33333333333333,75.0,0,0.0,False,True,True
2241,艾姆勒,汽車工業,12,1,12131.906937888985,10668.486532297307,16.56038174138961,15.592559815147922,26.174469982436428,16.350505040660813,17.22790731969548,,-6207.362266508152,66.66666666666666,25.0,12,1,12131.906937888985,10668.486532297304,16.56038174138961,15.592559815147927,26.174469982436417,16.350505040660813,17.227907319695476,,-6207.362266508149,66.66666666666666,25.0,12,1,12304.202364523586,10797.047333662495,16.82621783874982,16.33886623068863,26.309812448557796,16.547537114928264,17.574897415941273,,-6503.626892066789,66.66666666666666,25.0,0,0.0,False,True,True
7704,明遠精密,半導體業,12,1,11586.04148677767,9149.333333333334,15.676287115086899,13.250156189382192,32.03781369600956,16.360664190035955,15.55973803005707,,811.6666666666666,41.66666666666667,16.666666666666664,12,1,11586.04148677767,9149.333333333334,15.676287115086899,13.250156189382192,32.03781369600956,16.360664190035955,15.55973803005707,,811.6666666666666,41.66666666666667,16.666666666666664,12,1,11586.04148677767,9149.333333333334,15.676287115086899,13.250156189382192,32.03781369600956,16.360664190035955,15.55973803005707,,811.6666666666666,41.66666666666667,16.666666666666664,0,0.0,False,True,True
2916,滿心,居家生活類,12,1,40748.70438115235,26716.35068372054,16.195782468308277,7.442020163870739,24.45508031922532,16.371433104830828,14.536907241787459,,1813.370950727983,66.66666666666666,83.33333333333334,12,1,40748.70438115235,26716.35068372054,16.195782468308277,7.442020163870739,24.45508031922532,16.371433104830828,14.536907241787459,,1813.3709507279866,66.66666666666666,83.33333333333334,12,1,43386.91983308077,27941.27040290303,16.882559652246243,7.53353758013834,28.147596554756532,17.122048017727742,15.149759725235793,,1578.1420358836742,66.66666666666666,83.33333333333334,0,0.0,False,True,True
6204,永豐臺灣加權,ETF,12,1,6526.42858908948,5289.594862368522,17.359429219075118,15.480376065965073,33.58487003018754,16.3845285856607,17.71321879349725,,-1119.6582314838897,66.66666666666666,66.66666666666666,12,1,6526.42858908948,5289.594862368523,17.359429219075114,15.480376065965073,33.58487003018755,16.3845285856607,17.71321879349725,,-1119.6582314838904,66.66666666666666,66.66666666666666,12,1,6638.826709852301,5377.3743280480785,17.635690574061755,15.031215262064412,34.32786460630702,16.656425621649714,18.026105297057914,,-1270.1230544894677,66.66666666666666,66.66666666666666,0,0.0,False,True,True
1256,鮮活果汁-KY,食品工業,12,1,70067.0451046204,56183.36140014856,16.62132890480558,14.523834584956472,29.236727531468333,16.38496474395243,17.181328864478743,,-19808.094616166407,58.333333333333336,75.0,12,1,70067.04510462041,56183.36140014856,16.621328904805576,14.523834584956466,29.236727531468333,16.38496474395243,17.181328864478747,,-19808.094616166414,58.333333333333336,75.0,12,1,73503.34506876185,58610.666148766235,17.578594287086066,17.197687266393576,34.11790710212797,17.092848746222607,18.058773001052057,,-19822.56973394797,58.333333333333336,75.0,0,0.0,False,True,True
2547,日勝生,建材營造,12,1,125416.03386796145,84229.77206961354,15.552369927901314,6.461928947449278,31.226530230970372,16.41465124513126,15.508789985423219,,-20288.37292679057,41.66666666666667,83.33333333333334,12,1,125416.03386796145,84229.77206961352,15.552369927901314,6.461928947449278,31.226530230970372,16.41465124513126,15.508789985423219,,-20288.372926790573,41.66666666666667,83.33333333333334,12,1,137511.84940512828,89931.47404674914,16.351773838961055,6.0668008108657965,35.12380074830935,17.525795762784778,16.5003560590087,,-28356.76166953052,58.333333333333336,75.0,0,0.0,False,True,True
6890,來億-KY,運動休閒,12,1,730885.2250781942,542115.7035479386,16.19168688727007,10.455069821658508,34.71156322300657,16.429964563087314,16.62150454410737,,-115281.4383651951,50.0,41.66666666666667,12,1,730885.2250781942,542115.7035479386,16.19168688727007,10.455069821658508,34.71156322300657,16.429964563087314,16.62150454410737,,-115281.4383651951,50.0,41.66666666666667,12,1,730885.2250781942,542115.7035479386,16.19168688727007,10.455069821658508,34.71156322300657,16.429964563087314,16.62150454410737,,-115281.4383651951,50.0,41.66666666666667,0,0.0,False,True,True
3354,律勝,電子零組件業,12,1,1619.6883916499692,1351.8000843560592,15.928223040577802,14.850142098852531,27.724614920238462,16.442089431549793,16.369225872303065,,-90.75794475384957,33.33333333333333,58.333333333333336,12,1,1619.6883916499692,1351.8000843560592,15.9282230405778,14.850142098852531,27.724614920238462,16.442089431549793,16.369225872303065,,-90.75794475384971,33.33333333333333,58.333333333333336,12,1,1608.1254102703792,1347.0473499748061,15.877448375478325,15.930691205139885,27.168237612502722,16.38428141345207,16.319102642380415,,-101.16582368848897,41.66666666666667,58.333333333333336,0,0.0,False,True,True
1314,中石化,塑膠工業,12,1,306884.4196628587,264289.5079304411,19.413739234846627,15.214763111185423,33.16326617112685,16.476093936193557,17.796956879042302,,91457.03003058648,41.66666666666667,58.333333333333336,12,1,306884.41966285877,264289.5079304411,19.41373923484663,15.214763111185428,33.16326617112685,16.476093936193557,17.796956879042302,,91457.03003058648,41.66666666666667,58.333333333333336,12,1,307115.3673519287,261104.66460047747,19.264875073487456,15.579061824927154,32.27828277459363,16.277547356393836,17.615416585894163,,89433.06881943055,41.66666666666667,58.333333333333336,0,0.0,False,True,True
6569,醫揚,生技醫療業,12,1,20915.383385678833,18098.00644772538,17.501876295659613,16.45910112642907,35.01383591469997,16.53683295218064,16.51832693638401,,2470.6493264147225,58.333333333333336,75.0,12,1,20915.383385678833,18098.00644772538,17.501876295659613,16.45910112642907,35.01383591469997,16.53683295218064,16.51832693638401,,2470.6493264147225,58.333333333333336,75.0,12,1,21167.438816669834,18547.625494918542,17.937716062061117,16.67766892543321,37.78181767404783,16.947666880051543,16.921716171019156,,2502.147404061241,58.333333333333336,75.0,0,0.0,False,True,True
1723,中碳,化學生技醫療,12,1,92075.10153499468,80776.31424716464,17.191179623409745,15.9029735715598,28.857579623653628,16.546612292295436,16.74446137938862,,13396.687842970903,41.66666666666667,58.333333333333336,12,1,92075.10153499468,80776.31424716463,17.191179623409745,15.9029735715598,28.857579623653628,16.546612292295436,16.74446137938862,,13396.687842970912,41.66666666666667,58.333333333333336,12,1,93489.71249779695,82309.93348022741,17.51852743995114,16.262149796399765,27.227256064244404,16.86076630006372,17.135367829443382,,11714.31618529141,41.66666666666667,58.333333333333336,0,0.0,False,True,True
1459,聯發,紡織纖維,12,1,21435.05526419052,16467.481634380903,17.028415868337078,10.165096399595315,33.508277991194994,16.54856962554608,16.06524952163529,,3338.369212624167,58.333333333333336,50.0,12,1,21435.05526419052,16467.481634380903,17.028415868337078,10.165096399595312,33.508277991195,16.54856962554608,16.06524952163529,,3338.3692126241694,58.333333333333336,50.0,12,1,22375.19107806859,17182.405525750382,17.72262616361761,10.644483242315934,35.26268170057031,17.267013893830153,16.734826733651964,,3382.822683013959,58.333333333333336,50.0,0,0.0,False,True,True
8011,台通,電子工業,12,1,31939.664455206836,28632.1608595073,17.97760847851996,17.429735445909877,25.47407729661877,16.554951357676643,17.615994597218034,,-4758.148486729361,58.333333333333336,83.33333333333334,12,1,31939.664455206836,28632.160859507305,17.977608478519965,17.429735445909873,25.47407729661878,16.554951357676646,17.615994597218034,,-4758.1484867293575,58.333333333333336,83.33333333333334,12,1,31932.91503354929,28214.971131192637,17.63006625924219,18.11091990948157,25.513630899756794,16.313734647102095,17.442214295452587,,-6280.027009231985,66.66666666666666,75.0,0,-3.552713678800501e-15,False,True,True
6856,鑫傳,文化創意業,12,1,13755.77346746,10534.547956000893,16.936321445990508,15.472526787905155,36.16889944577542,16.55657405816014,15.493440558758852,,4406.146054165925,41.66666666666667,41.66666666666667,12,1,13755.77346746,10534.547956000895,16.936321445990508,15.472526787905155,36.16889944577542,16.556574058160145,15.493440558758861,,4406.146054165924,41.66666666666667,41.66666666666667,12,1,13755.77346746,10534.547956000895,16.936321445990508,15.472526787905155,36.16889944577542,16.556574058160145,15.493440558758861,,4406.146054165924,41.66666666666667,41.66666666666667,0,-3.552713678800501e-15,False,True,True
6667,信紘科,其他電子類,12,1,113203.41313041266,87453.55334867018,16.032498790877927,17.59810651653429,36.32745366552312,16.557515308989938,16.623203044649916,,-15967.8593465702,50.0,66.66666666666666,12,1,113203.41313041266,87453.55334867018,16.032498790877927,17.59810651653429,36.32745366552312,16.557515308989938,16.623203044649916,,-15967.8593465702,50.0,66.66666666666666,12,1,113907.84243142893,87809.8106713763,16.11629978915281,17.369461549142805,36.95834564301641,16.624965239253246,16.664598276677264,,-15920.49808679815,58.333333333333336,75.0,0,0.0,False,True,True
1528,恩德,電機機械,12,1,46975.95400785456,38689.053545837174,17.395908154405912,17.414302854717352,25.361759680652796,16.561190922086734,16.467101008555687,,3016.2329397621943,58.333333333333336,58.333333333333336,12,1,46975.954007854554,38689.05354583717,17.395908154405912,17.414302854717345,25.361759680652796,16.56119092208673,16.467101008555687,,3016.2329397621966,58.333333333333336,58.333333333333336,12,1,48549.94830566011,40838.83169712018,18.440853685984383,17.992933276989177,24.9792488023983,17.481422438253126,17.478444295371208,,1592.2669109177102,58.333333333333336,58.333333333333336,0,3.552713678800501e-15,True,True,True
6142,友勁,電子工業,12,1,27428.724518803472,24901.97964892972,16.8072323414588,15.788255632661464,26.84763167731009,16.565703503420792,16.466995186340196,,760.0445770037901,50.0,50.0,12,1,27428.724518803472,24901.97964892972,16.807232341458803,15.78825563266147,26.84763167731009,16.565703503420792,16.466995186340196,,760.0445770037937,50.0,50.0,12,1,28962.64523871019,26355.836849931486,17.8379836891046,17.97123963195876,26.53845845876367,17.532862246125156,17.49619701164539,,978.9693210091924,50.0,50.0,0,0.0,False,True,True
6807,峰源-KY,居家生活,12,1,66833.87627350552,58922.90670786866,17.632852797616984,15.343063002552931,29.239191231619078,16.584741882298424,16.393092895213574,,23406.574973985476,33.33333333333333,58.333333333333336,12,1,66833.87627350552,58922.90670786868,17.632852797616984,15.343063002552931,29.239191231619095,16.584741882298427,16.39309289521357,,23406.574973985484,33.33333333333333,58.333333333333336,12,1,68519.0589095465,59920.28700746879,17.901286612812832,15.075877303104528,30.581293248455623,16.86546962896861,16.61536643306598,,23806.766778605506,33.33333333333333,66.66666666666666,0,-3.552713678800501e-15,False,True,True
8936,國統,其他,12,1,102208.20824793848,87229.39672752305,16.607313563346445,18.94058374141852,27.64038738386681,16.589341243319733,16.71019913388154,,-1267.6813931422755,41.66666666666667,75.0,12,1,102208.20824793848,87229.39672752305,16.607313563346445,18.94058374141852,27.64038738386681,16.589341243319737,16.71019913388154,,-1267.6813931422803,41.66666666666667,75.0,12,1,104643.43543307521,91472.53650235536,17.599512798346893,19.304099176053256,26.664064612243283,17.396304220349997,17.621009772355748,,1306.5990229743427,41.66666666666667,75.0,0,-3.552713678800501e-15,False,True,True
3230,錦明,光電業,12,1,6714.222614904474,5582.9552190585555,16.182456133752893,19.992124748350918,22.195391627004916,16.596961962811037,16.816462391603583,,-979.9345334885289,41.66666666666667,58.333333333333336,12,1,6714.222614904473,5582.9552190585555,16.18245613375289,19.99212474835091,22.195391627004916,16.596961962811037,16.816462391603583,,-979.9345334885284,41.66666666666667,58.333333333333336,12,1,6663.665366904637,5423.034469557473,15.727351996062644,19.130102700131005,23.60924918440527,16.12155091393265,16.36714637633708,,-1169.6962783751003,50.0,58.333333333333336,0,0.0,False,True,True
3563,牧德,電子工業,12,1,50714.635436127704,44152.09563299473,16.556730504807675,16.1714862841422,25.616034039577016,16.597019118743773,16.99435605772265,,-18047.979845984843,66.66666666666666,50.0,12,1,50714.63543612771,44152.09563299473,16.556730504807675,16.171486284142205,25.616034039577016,16.597019118743773,16.99435605772265,,-18047.979845984843,66.66666666666666,50.0,12,1,55206.84079918176,48370.8462040005,18.14639526105838,17.61461534385002,26.795357711727082,18.18287099916662,18.6882863288798,,-19932.58383187776,66.66666666666666,50.0,0,0.0,False,True,True
2440,太空梭,電子零組件業,12,1,67063.39658929195,48553.02766379941,18.169683659982454,10.355182279512848,40.472535258268174,16.617548187901573,16.354602578230075,,18433.72965936196,58.333333333333336,41.66666666666667,12,1,67063.39658929195,48553.02766379939,18.169683659982446,10.355182279512835,40.472535258268174,16.61754818790157,16.354602578230075,,18433.729659361958,58.333333333333336,41.66666666666667,12,1,70897.50948464336,51801.01718683934,19.382018380408752,11.819109278637937,40.592943543102265,17.72919096302675,17.385063455395777,,17838.639693786623,58.333333333333336,41.66666666666667,0,3.552713678800501e-15,True,True,True
5515,建國,建材營造,12,1,125799.84698290973,98454.24804515735,17.994475235554123,12.082673440436405,29.86491801220412,16.650452082997923,16.0481040605122,,42053.400947210444,41.66666666666667,50.0,12,1,125799.84698290973,98454.24804515735,17.994475235554123,12.082673440436405,29.86491801220412,16.650452082997923,16.048104060512202,,42053.40094721044,41.66666666666667,50.0,12,1,127446.17110998307,98096.48160971566,18.08548685812638,12.442024324802276,28.285919059132226,16.58994709709326,16.011027075313166,,41869.94591069327,41.66666666666667,50.0,0,0.0,False,True,True
6136,富爾特,電子工業,12,1,11971.5887053721,8843.767547060508,14.8373934190438,11.311257253795466,32.35621340764735,16.66879396936028,16.213521714229344,,-4108.667757023258,41.66666666666667,83.33333333333334,12,1,11971.5887053721,8843.767547060508,14.8373934190438,11.311257253795466,32.35621340764735,16.66879396936028,16.213521714229344,,-4108.667757023258,41.66666666666667,83.33333333333334,12,1,12058.061894758235,8927.368784184562,15.023081410819755,11.268934765131418,32.626376906476644,16.826366156755423,16.363022010551976,,-3873.0430566038613,41.66666666666667,75.0,0,0.0,False,True,True
1470,大統新創,紡織纖維,12,1,14687.550112750552,11225.92643591895,15.859090130358494,10.592694771078744,32.174919366334215,16.761138920709982,15.787545486719768,,1101.7391851613113,33.33333333333333,75.0,12,1,14687.550112750552,11225.92643591895,15.859090130358497,10.592694771078744,32.174919366334215,16.761138920709982,15.787545486719768,,1101.7391851613131,33.33333333333333,75.0,12,1,15132.25028922825,11607.92798967436,16.410598519390458,11.223610172619066,33.64647795552445,17.331495509715843,16.325185892593638,,1417.8227874198117,33.33333333333333,75.0,0,0.0,False,True,True
6768,志強-KY,運動休閒,12,1,320799.618361704,284924.62810013973,17.276044630578824,15.65163953988375,29.02051609533558,16.781686166311907,17.158308777979528,,26174.229221552843,41.66666666666667,58.333333333333336,12,1,320799.61836170405,284924.62810013973,17.27604463057883,15.65163953988376,29.020516095335587,16.78168616631191,17.158308777979535,,26174.229221552843,41.66666666666667,58.333333333333336,12,1,328985.8340347455,296048.31107555906,17.792241929494566,16.943864953254785,28.92761741333554,17.436856475567957,17.651995399957855,,20872.565447767924,41.66666666666667,58.333333333333336,0,-3.552713678800501e-15,False,True,True
4735,豪展,生技醫療業,12,1,15536.199083024854,13100.00869231952,17.15481831705484,16.22135402054986,31.483952729544797,16.784571903780716,16.94524768326936,,-720.1617555964755,50.0,58.333333333333336,12,1,15536.199083024854,13100.00869231952,17.15481831705484,16.22135402054986,31.483952729544797,16.784571903780716,16.94524768326936,,-720.1617555964755,50.0,58.333333333333336,12,1,15978.107108386608,13475.028615894385,17.813686678236255,16.57393343720623,31.20615178481031,17.265071498890386,17.43111161367887,,-434.86989113718056,50.0,66.66666666666666,0,0.0,False,True,True
5222,全訊,電子工業,12,1,18151.55022007731,13350.842735435188,20.01039888355851,9.93897324898764,51.59904989763503,16.787635442646103,18.11132725204584,,4269.620874132007,41.66666666666667,75.0,12,1,18151.550220077315,13350.842735435188,20.010398883558512,9.93897324898764,51.599049897635055,16.787635442646103,18.11132725204584,,4269.620874132007,41.66666666666667,75.0,12,1,17978.0229921552,13347.595704740279,19.829710294136063,10.437931342186427,49.34746982850138,16.783552556744635,18.194971979820806,,3687.5543026300566,33.33333333333333,83.33333333333334,0,0.0,False,True,True
9931,欣高,油電燃氣業,12,1,30825.318002311295,21938.595851411974,16.88805318402506,9.503711966773853,42.62941993288663,16.78842477388213,15.755244035380564,,4722.874472180501,58.333333333333336,58.333333333333336,12,1,30825.318002311295,21938.595851411974,16.888053184025058,9.503711966773858,42.62941993288663,16.78842477388213,15.755244035380564,,4722.874472180505,58.333333333333336,58.333333333333336,12,1,27609.965900345607,19889.661589990745,15.236062719147164,9.180270432726564,39.332280313426295,15.220485834331166,14.373482694344858,,4251.742555255118,58.333333333333336,58.333333333333336,0,0.0,False,True,True
2630,亞航,航運業,12,1,91047.29452038441,76333.58556581217,17.773766264223898,19.1975133953735,30.398086872365475,16.794732683005527,17.25685873814028,,-237.79307218850104,50.0,75.0,12,1,91047.29452038443,76333.58556581217,17.773766264223898,19.1975133953735,30.398086872365475,16.794732683005527,17.25685873814028,,-237.79307218849135,50.0,75.0,12,1,95342.220225273,80129.98667494673,18.541174961500538,19.283646472969792,31.85997950384889,17.63000776294278,18.150195560882846,,-1873.1271361112351,50.0,75.0,0,0.0,False,True,True
6923,中台,綠能環保,12,1,21056.41515920614,16177.796008917598,16.872903106848202,9.348076349131023,42.24982716492073,16.800710346186367,15.206699148458053,,9060.370657749068,41.66666666666667,33.33333333333333,12,1,21056.41515920614,16177.796008917598,16.872903106848202,9.348076349131023,42.24982716492073,16.800710346186367,15.206699148458053,,9060.370657749068,41.66666666666667,33.33333333333333,12,1,21056.41515920614,16177.796008917598,16.872903106848202,9.348076349131023,42.24982716492073,16.800710346186367,15.206699148458053,,9060.370657749068,41.66666666666667,33.33333333333333,0,0.0,False,True,True
1324,地球,塑膠工業,12,1,12075.944932629158,10300.1651598017,17.578732515666662,14.972768185511566,29.841353050344953,16.839988871292014,16.61829329116423,,2109.071409779717,41.66666666666667,66.66666666666666,12,1,12075.944932629158,10300.1651598017,17.578732515666662,14.972768185511566,29.841353050344953,16.839988871292014,16.61829329116423,,2109.071409779717,41.66666666666667,66.66666666666666,12,1,12680.703868340424,10774.729632884615,18.41276983878915,15.532544388763137,31.748820614362955,17.615865793791837,17.34026098898779,,2281.5003224164298,41.66666666666667,58.333333333333336,0,0.0,False,True,True
5439,高技,電子零組件業,12,1,157574.6673268677,135394.3194267193,16.751213015857214,19.545885637702938,28.938275087235,16.847793924010766,18.68851334563982,,-110511.22636802169,83.33333333333334,41.66666666666667,12,1,157574.6673268677,135394.3194267193,16.751213015857218,19.545885637702938,28.938275087235,16.847793924010766,18.688513345639823,,-110511.22636802169,83.33333333333334,41.66666666666667,12,1,163016.56249411457,141990.30420476262,17.47770809193413,20.614054632949223,29.265491304564694,17.668565376882043,19.55694974945674,,-118730.17115784547,83.33333333333334,41.66666666666667,0,0.0,False,True,True
6666,羅麗芬-KY,生技醫療業,12,1,18043.93815339379,15626.917400260902,17.24201787388343,17.958668264563066,25.571334359802865,16.850048369711267,17.092511828669853,,-1258.8395197408547,50.0,83.33333333333334,12,1,18043.93815339379,15626.917400260902,17.242017873883434,17.958668264563066,25.571334359802865,16.850048369711267,17.092511828669853,,-1258.8395197408547,50.0,83.33333333333334,12,1,19361.443971088855,16852.58120649157,18.576041916067464,20.971402224852078,27.763604984388135,18.17164583458597,18.453074301746888,,-1666.0950668942417,58.333333333333336,83.33333333333334,0,0.0,False,True,True
2008,高興昌,鋼鐵工業,12,1,30064.426747231657,25575.73632675446,17.49584794776974,14.53773894786191,35.53579061219173,16.877060337248484,17.176276831795807,,3621.2636202796734,33.33333333333333,33.33333333333333,12,1,30064.426747231657,25575.73632675446,17.49584794776974,14.53773894786191,35.53579061219174,16.877060337248484,17.176276831795807,,3621.26362027967,33.33333333333333,33.33333333333333,12,1,30769.78043857388,25907.23409458832,17.686790579487962,14.03738083847917,36.42770823153223,17.095810943601215,17.340204799124557,,3851.672588472091,33.33333333333333,41.66666666666667,0,0.0,False,True,True
8068,全達,電子通路業,12,1,14867.418147720848,11786.547870846522,16.79307738353921,12.741335243132056,27.998388387298622,16.91966361902599,16.372162734723393,,-1245.5447109438398,66.66666666666666,58.333333333333336,12,1,14867.418147720846,11786.547870846522,16.79307738353921,12.741335243132056,27.998388387298622,16.91966361902599,16.37216273472339,,-1245.544710943841,66.66666666666666,58.333333333333336,12,1,14933.614653631994,11856.91483669846,16.95706807532564,13.818451106950125,28.85056864677521,17.020675841192514,16.36956165603059,,-823.8547814493583,66.66666666666666,66.66666666666666,0,0.0,False,True,True
3029,零壹,電子工業,12,1,423792.40844362904,351258.34538385813,17.177653443754494,12.568200715780453,34.07179018621486,16.932910688575813,16.228027467107335,,80403.2031700039,41.66666666666667,50.0,12,1,423792.4084436291,351258.34538385813,17.177653443754494,12.568200715780462,34.07179018621486,16.932910688575813,16.228027467107335,,80403.20317000384,41.66666666666667,50.0,12,1,431308.96358425065,361651.5507171596,17.70014206730751,13.063759938474357,35.620250965011806,17.433930009510384,16.68082928434067,,83441.29231599918,41.66666666666667,50.0,0,0.0,False,True,True
6125,廣運,電機機械,12,1,61668.72227214798,47146.49898206463,17.52345226356343,17.001829258629332,31.865191488337548,16.959609503865376,19.2292818224,,-14336.248160308156,41.66666666666667,50.0,12,1,61668.72227214798,47146.49898206463,17.52345226356343,17.001829258629332,31.86519148833755,16.959609503865376,19.2292818224,,-14336.24816030816,41.66666666666667,50.0,12,1,62349.02039485574,46874.383508244005,17.30585513840992,15.663777912361422,35.42574917264768,16.861723716466553,19.083544429025036,,-15623.816978178109,41.66666666666667,50.0,0,0.0,False,True,True
2451,創見,電子工業,12,1,386718.9540532043,242456.3511049361,13.523144833055637,13.491933552964735,22.69469805585991,16.989192713671475,15.145633210056994,,-228792.27182997987,83.33333333333334,33.33333333333333,12,1,386718.9540532043,242456.3511049361,13.523144833055637,13.491933552964724,22.69469805585991,16.989192713671475,15.145633210056989,,-228792.27182997987,83.33333333333334,33.33333333333333,12,1,388119.30590154947,245212.81980663573,13.735176572841548,13.67151129239986,23.49510156986139,17.182341615603562,15.386565110292905,,-228207.39797490486,83.33333333333334,33.33333333333333,0,0.0,False,True,True
6703,軒郁,生技醫療業,12,1,58491.54673445071,46790.208650099456,16.169075714661183,16.5661865864678,26.422340526910855,17.08290636301633,16.43616987690463,,-9332.072865708082,50.0,83.33333333333334,12,1,58491.54673445072,46790.20865009946,16.169075714661187,16.5661865864678,26.422340526910858,17.082906363016335,16.43616987690463,,-9332.072865708084,50.0,83.33333333333334,12,1,62300.367995187546,49160.8390881372,16.86360267743777,18.138833943462007,27.132526717452293,17.94841346295591,17.189849704015035,,-10143.107968140439,50.0,83.33333333333334,0,-3.552713678800501e-15,False,True,True
3390,旭軟,電子零組件業,12,1,13983.773364323863,11287.429424857504,16.909736001797228,14.573303087567236,27.02717925270096,17.096553290370593,17.568784290800888,,-884.7817571355348,41.66666666666667,25.0,12,1,13983.773364323863,11287.429424857504,16.909736001797228,14.573303087567236,27.02717925270096,17.096553290370593,17.568784290800888,,-884.7817571355348,41.66666666666667,25.0,12,1,13961.791886637053,11281.162790651926,16.853634093721247,13.997674049147069,26.245644341848344,17.08706150604891,17.613037907508232,,-1150.9083467044318,41.66666666666667,25.0,0,0.0,False,True,True
6276,安鈦克,電腦及週邊設備業,12,1,25181.93706325601,20530.196766680103,16.86770578505578,14.044737683689181,27.573573272312952,17.12025559222002,16.18763186003228,,4669.209837589721,41.66666666666667,58.333333333333336,12,1,25181.93706325601,20530.196766680103,16.86770578505578,14.04473768368919,27.57357327231294,17.12025559222002,16.187631860032276,,4669.209837589723,41.66666666666667,58.333333333333336,12,1,25923.007369434603,21108.07743088822,17.36786735540001,15.61585164680975,27.808440716277932,17.60215378274792,16.615045291214972,,4945.246028148015,41.66666666666667,58.333333333333336,0,0.0,False,True,True
3013,晟銘電,電腦及週邊設備業,12,1,179593.30010690968,150439.46839597585,18.72500223280309,14.762185717215342,43.38921225702391,17.142812844541677,18.121971430604688,,10045.039673902347,41.66666666666667,75.0,12,1,179593.30010690968,150439.46839597585,18.72500223280309,14.762185717215342,43.38921225702391,17.142812844541677,18.121971430604688,,10045.039673902347,41.66666666666667,75.0,12,1,182637.75312100857,154559.09520127976,19.135250092887055,14.877836741585067,43.21235577687802,17.61225076575791,18.605513912677775,,11295.870101567029,41.66666666666667,66.66666666666666,0,0.0,False,True,True
4987,科誠,電腦及週邊設備業,12,1,23187.806243195926,19185.945890216764,19.291513276009443,12.597389384043032,32.49567221033779,17.149525486341183,18.14874538786205,,1357.41777960111,58.333333333333336,66.66666666666666,12,1,23187.806243195922,19185.945890216764,19.29151327600944,12.597389384043023,32.49567221033779,17.14952548634118,18.148745387862046,,1357.4177796011074,58.333333333333336,66.66666666666666,12,1,24206.644898566312,19841.47507926281,19.999153534674473,12.59218865658137,33.798284923936414,17.735475983591268,18.778101683420292,,1528.7985344577282,58.333333333333336,66.66666666666666,0,3.552713678800501e-15,True,True,True
3490,單井,光電業,12,1,4419.946775032572,3644.224396763903,20.360190120707966,13.897153354906028,31.33641931182713,17.156019129527987,18.91587920224556,,400.89771665820535,41.66666666666667,75.0,12,1,4419.946775032572,3644.224396763903,20.36019012070797,13.897153354906038,31.336419311827125,17.156019129527987,18.91587920224556,,400.8977166582058,41.66666666666667,75.0,12,1,4550.14770477852,3808.693424113227,21.112892495026244,15.788426933273794,32.4722537739144,17.930294660399657,19.69896305972343,,435.71905108943037,41.66666666666667,75.0,0,0.0,False,True,True
8048,德勝,通信網路業,12,1,16156.595011328645,14459.8914021787,17.319029201259394,18.16673456817976,30.118896488818002,17.169002635543272,17.595565215828277,,-2599.9902985207104,50.0,58.333333333333336,12,1,16156.595011328647,14459.891402178704,17.319029201259397,18.16673456817976,30.118896488818002,17.169002635543272,17.59556521582828,,-2599.9902985207095,50.0,58.333333333333336,12,1,16354.358518999888,14675.249382698079,17.52948052605078,18.11818888861699,29.6619026416591,17.424708687012327,17.86321162554684,,-2823.173971269121,50.0,58.333333333333336,0,0.0,False,True,True
6418,詠昇,電子零組件業,12,1,14773.862616678405,11216.98754403901,16.20916415792947,11.70553155817314,29.068744916040206,17.205024148780616,16.17953390557866,,-1637.6009174741368,50.0,50.0,12,1,14773.862616678407,11216.987544039008,16.20916415792947,11.70553155817314,29.068744916040206,17.205024148780613,16.17953390557866,,-1637.600917474135,50.0,50.0,12,1,15672.790412471546,11938.124459963046,17.269979160407786,13.036301825456292,32.31859626144825,18.31113022265637,17.283190821688713,,-1788.1800397499817,50.0,41.66666666666667,0,3.552713678800501e-15,True,True,True
2070,精湛,電機機械,12,1,13522.076443004376,9993.49156566854,16.643807779614534,14.295357960760596,30.326545299586176,17.254701196820548,17.281137721081098,,-3346.1279221249097,66.66666666666666,66.66666666666666,12,1,13522.076443004376,9993.491565668546,16.64380777961454,14.295357960760596,30.326545299586183,17.25470119682056,17.281137721081098,,-3346.12792212491,66.66666666666666,66.66666666666666,12,1,14472.619318285871,10729.31679031744,17.83597196099007,15.252318275083333,32.89202242665757,18.525172513173807,18.631415195389476,,-3614.6299425244083,66.66666666666666,58.333333333333336,0,-1.0658141036401503e-14,False,True,True
8499,鼎炫-KY,其他電子業,12,1,71642.83233784033,42020.22921402638,13.927391329089286,10.056749659418934,26.040069675417033,17.28132936950829,15.98593949901829,,-25028.61798812151,41.66666666666667,50.0,12,1,71642.83233784033,42020.22921402637,13.92739132908928,10.056749659418925,26.040069675417026,17.281329369508285,15.985939499018286,,-25028.617988121518,41.66666666666667,50.0,12,1,70694.97909410563,41756.89338195549,14.03316454480078,10.613040988489635,24.355148070941855,17.17302931179962,16.020323943283216,,-23531.08640117146,41.66666666666667,50.0,0,3.552713678800501e-15,True,True,True
4930,燦星網,電器電纜,12,1,114232.18426350199,87436.93192726233,19.257375552648046,12.739770762623214,27.23203702816136,17.38850087903686,17.126247705076224,,21621.156171874885,50.0,66.66666666666666,12,1,114232.18426350199,87436.9319272623,19.257375552648046,12.739770762623214,27.23203702816136,17.388500879036858,17.126247705076224,,21621.15617187488,50.0,66.66666666666666,12,1,115100.95808469762,87138.72771290487,19.14520082413043,12.521167008616807,26.565956851137962,17.329197285816086,16.92467173698926,,21788.079005797965,50.0,66.66666666666666,0,3.552713678800501e-15,True,True,True
8455,大拓-KY,其他電子類,12,1,20397.78786899035,16850.61346817329,17.287992963842562,12.769058673236861,35.54420624849601,17.476731954382334,17.19103070508889,,-257.87642546804756,50.0,50.0,12,1,20397.78786899035,16850.6134681733,17.287992963842566,12.769058673236861,35.54420624849603,17.47673195438234,17.19103070508889,,-257.8764254680427,50.0,50.0,12,1,19685.908434973873,16254.823473414042,16.705787291460418,11.347669763842367,33.75201426660702,16.85880418224651,16.6453544018662,,-452.16635452494785,50.0,50.0,0,-7.105427357601002e-15,False,True,True
8088,品安,半導體業,12,1,35761.14885867249,24421.68507429253,15.19410882341721,16.287407554371033,33.45942326437891,17.48607939981434,16.837075388905852,,-15880.468751677872,58.333333333333336,66.66666666666666,12,1,35761.14885867248,24421.68507429253,15.194108823417215,16.287407554371043,33.4594232643789,17.48607939981434,16.837075388905852,,-15880.46875167787,58.333333333333336,66.66666666666666,12,1,35597.42539671048,24829.06690890661,15.560191756691873,16.76666840877077,32.84610616055908,17.777767343722942,17.162502745118484,,-15114.363035730776,58.333333333333336,66.66666666666666,0,0.0,False,True,True
2235,謚源,電機機械,12,1,9836.043588309189,8128.752804663636,18.13522690767315,19.91134376833081,28.610448204844474,17.54757400415616,17.675823092367803,,489.2027918397246,50.0,75.0,12,1,9836.043588309187,8128.7528046636335,18.135226907673143,19.911343768330802,28.610448204844474,17.547574004156154,17.675823092367803,,489.2027918397228,50.0,75.0,12,1,10219.47522951121,8442.504701803971,18.763929214986604,21.606011538221917,30.326639298899792,18.224871587969478,18.294109132123886,,453.91271091791833,50.0,75.0,0,7.105427357601002e-15,True,True,True
2380,虹光,電腦及週邊設備業,12,1,52920.154059209686,42918.59803945401,18.27910448117648,14.829251336450671,40.60552143763472,17.5823714606725,17.597643531794645,,-7668.7883811754555,66.66666666666666,58.333333333333336,12,1,52920.15405920969,42918.59803945402,18.27910448117648,14.829251336450671,40.60552143763472,17.5823714606725,17.59764353179465,,-7668.788381175463,66.66666666666666,58.333333333333336,12,1,54752.413395058094,44049.973110775434,18.81316275506352,14.900832828489818,42.140570360965626,18.045859497887314,18.013126337232887,,-7249.501678059106,66.66666666666666,58.333333333333336,0,0.0,False,True,True
8467,波力-KY,運動休閒,12,1,39358.711143492415,35671.27448850969,18.995640031307996,19.31478305860698,30.292914993303675,17.596283793947674,17.835003536756023,,14554.339867721157,25.0,66.66666666666666,12,1,39358.71114349242,35671.2744885097,18.995640031308003,19.314783058607,30.292914993303675,17.596283793947677,17.835003536756027,,14554.339867721159,25.0,66.66666666666666,12,1,40341.27164646457,36241.94849994909,19.237222395571074,20.89691616325147,32.29161308244653,17.877791589873294,18.116268773634836,,13410.747729418332,33.33333333333333,75.0,0,-3.552713678800501e-15,False,True,True
3447,展達,通信網路業,12,1,62084.140362501355,53598.55304621201,18.727027021775044,16.84551525397458,35.41571383643549,17.597480596408293,17.657561175530446,,9744.57639862255,50.0,50.0,12,1,62084.140362501355,53598.55304621201,18.727027021775044,16.84551525397458,35.41571383643549,17.597480596408293,17.657561175530446,,9744.576398622545,50.0,50.0,12,1,63805.61885413221,55210.04687447195,19.34519000120707,16.134953564662837,36.62796516780214,18.12656636015243,18.055576978661236,,12252.477604764732,50.0,50.0,0,0.0,False,True,True
8941,關中,居家生活類,12,1,55271.03967413263,43760.20861524751,18.123173710484476,13.284859466431664,32.4106179609,17.60441098429852,17.55138828216063,,16.57973932437987,41.66666666666667,66.66666666666666,12,1,55271.03967413263,43760.20861524751,18.123173710484476,13.284859466431664,32.4106179609,17.60441098429852,17.55138828216063,,16.579739324384718,41.66666666666667,66.66666666666666,12,1,55719.24473649805,43973.12937065718,18.149376180703843,13.273738108192944,33.71289884459831,17.690067442618357,17.65781807073822,,-609.1422804513641,41.66666666666667,66.66666666666666,0,0.0,False,True,True
4716,大立,化學工業,12,1,10596.437123781774,7829.227827062113,18.183849673491025,12.575109446453425,45.67106630670354,17.619605887423948,18.28834690479496,,467.5151668227924,41.66666666666667,66.66666666666666,12,1,10596.437123781774,7829.227827062113,18.18384967349102,12.575109446453418,45.67106630670354,17.619605887423948,18.28834690479496,,467.5151668227918,41.66666666666667,66.66666666666666,12,1,10951.524097003336,8041.888819431709,18.68307292770035,12.029147183030037,46.88227573892423,18.09819751305388,18.777423426300622,,496.2529253738806,41.66666666666667,58.333333333333336,0,0.0,False,True,True
6695,芯鼎,電子工業,12,1,19757.521509069044,16549.635303731426,18.386909849829472,17.580010072314348,38.66154600643312,17.64282910196173,17.1586353621191,,3932.3765163436947,50.0,33.33333333333333,12,1,19757.521509069044,16549.635303731426,18.386909849829472,17.58001007231435,38.66154600643312,17.64282910196173,17.1586353621191,,3932.3765163436933,50.0,33.33333333333333,12,1,18945.105372179438,16000.63694976765,17.721474009788672,16.652468686681576,36.170404641853935,17.05756640834471,16.613995499883945,,3605.7018844341655,50.0,33.33333333333333,0,0.0,False,True,True
8147,正淩,電子零組件業,12,1,26914.730176326146,23994.043929092437,17.500312254293107,17.682590941021036,26.656637504739315,17.652295101259767,17.968835994771094,,-6683.044548883935,66.66666666666666,58.333333333333336,12,1,26914.73017632614,23994.04392909243,17.500312254293103,17.682590941021036,26.65663750473931,17.652295101259767,17.96883599477109,,-6683.04454888393,66.66666666666666,58.333333333333336,12,1,27238.38989172339,24238.5498815407,17.684793575521223,18.0069126252814,27.36858048999758,17.832176876894852,18.1692766050664,,-6584.987756917285,66.66666666666666,58.333333333333336,0,0.0,False,True,True
4804,大略-KY,觀光餐旅,12,1,2342.648737052112,1906.8929038680453,18.18727019326161,13.786416121052127,38.25708297332919,17.654100038125048,17.958303013135936,,-232.60709613195453,66.66666666666666,25.0,12,1,2342.648737052112,1906.8929038680453,18.18727019326161,13.786416121052127,38.25708297332919,17.654100038125048,17.958303013135936,,-232.60709613195453,66.66666666666666,25.0,12,1,2342.648737052112,1906.8929038680453,18.18727019326161,13.786416121052127,38.25708297332919,17.654100038125048,17.958303013135936,,-232.60709613195453,66.66666666666666,25.0,0,0.0,False,True,True
2211,長榮鋼,鋼鐵工業,12,1,267690.44423360674,225318.97713150748,17.868311002354506,14.579737149982314,34.49833096530714,17.656623053496705,16.914693911714622,,48187.805606084235,50.0,41.66666666666667,12,1,267690.44423360674,225318.97713150748,17.868311002354506,14.579737149982314,34.49833096530714,17.656623053496705,16.914693911714622,,48187.805606084235,50.0,41.66666666666667,12,1,266268.3662819354,227601.6492139226,18.05962139614293,15.048764524868579,32.88213202258466,17.8354996001021,17.096234952965617,,50910.35583995564,50.0,50.0,0,0.0,False,True,True
3339,泰谷,光電業,12,1,15983.751499046748,12050.656059129187,15.790008694148389,12.49164785664474,31.035432729103363,17.661145849130026,16.694649665901686,,-3537.06198629282,50.0,33.33333333333333,12,1,15983.75149904675,12050.656059129187,15.79000869414839,12.49164785664474,31.035432729103363,17.661145849130026,16.694649665901686,,-3537.0619862928197,50.0,33.33333333333333,12,1,15817.237136618991,11851.6118388404,15.46179867158773,12.12056377370695,30.452294666628532,17.369431523561545,16.383341755823764,,-3605.341806307231,50.0,33.33333333333333,0,0.0,False,True,True
6516,勤崴國際,資訊服務業,12,1,10170.556724667447,8067.714589528595,17.884258418517888,13.095624007275356,33.18601995335944,17.699957963369346,17.577846461454087,,-1579.1698615204507,66.66666666666666,75.0,12,1,10170.556724667447,8067.714589528595,17.884258418517888,13.095624007275356,33.18601995335944,17.699957963369346,17.577846461454087,,-1579.1698615204507,66.66666666666666,75.0,12,1,10306.145888324148,8046.295820825716,17.735062207500437,13.470473085106615,34.10758440593133,17.652966798590146,17.4757313696383,,-1634.2395611762847,66.66666666666666,75.0,0,0.0,False,True,True
3663,鑫科,其他電子類,12,1,99472.50296596825,84398.80963277062,17.71082354405914,17.5009088948142,27.765294881853343,17.721630958859926,17.300425752404333,,12605.936751107438,50.0,50.0,12,1,99472.50296596825,84398.80963277062,17.71082354405914,17.5009088948142,27.765294881853354,17.721630958859926,17.300425752404333,,12605.936751107438,50.0,50.0,12,1,103247.95366593415,85646.56640422996,17.94572115453839,16.792487226795487,27.582321357194978,17.98362855250413,17.45279734481718,,13468.367952443834,50.0,50.0,0,0.0,False,True,True
5475,德宏,電子零組件業,12,1,16014.744069001721,12962.582530257316,18.717838423511232,14.978480484977444,33.295279108931034,17.79421647182432,18.335011227978562,,-1808.7981570358613,66.66666666666666,75.0,12,1,16014.744069001721,12962.582530257316,18.717838423511232,14.978480484977439,33.295279108931034,17.79421647182432,18.33501122797856,,-1808.7981570358606,66.66666666666666,75.0,12,1,16942.913380321224,13733.456343933567,19.90845175353678,14.531374308279526,34.72276019859154,18.852423467305158,19.307419127600078,,-1436.5335322220901,66.66666666666666,66.66666666666666,0,0.0,False,True,True
3272,東碩,電腦及週邊設備業,12,1,47896.01809545638,43331.887157113226,18.477938531897884,18.025560494279357,29.06382647592965,17.798311222256253,17.84173760836432,,3951.1449331705226,50.0,50.0,12,1,47896.018095456384,43331.887157113226,18.477938531897884,18.025560494279357,29.063826475929666,17.798311222256253,17.841737608364326,,3951.1449331705203,50.0,50.0,12,1,50546.30448367381,45721.081673009496,19.562013302961393,19.61845210788008,30.757741398436877,18.779658455305373,18.80726145241053,,4339.255937808026,50.0,50.0,0,0.0,False,True,True
8928,鉅明,運動休閒類,12,1,64027.40939437267,50780.27974073905,18.282572026952305,12.683375849393988,35.64363305676221,17.803898653929966,18.172216948614313,,1497.4402470555408,50.0,58.333333333333336,12,1,64027.40939437267,50780.27974073905,18.282572026952305,12.683375849393988,35.64363305676221,17.803898653929966,18.172216948614313,,1497.4402470555408,50.0,58.333333333333336,12,1,63928.455234804904,50350.875448447005,18.13421624499195,11.935273544222213,36.57355110176738,17.653346696741814,18.20125129324457,,170.5422527685781,50.0,66.66666666666666,0,0.0,False,True,True
6416,瑞祺電通,電子工業,12,1,86779.21309525453,64154.126823363236,17.521457198829516,17.831920232562588,33.733516038394434,17.864955423569427,17.622160416068642,,-8854.378554549885,41.66666666666667,91.66666666666666,12,1,86779.21309525454,64154.12682336324,17.52145719882952,17.83192023256259,33.733516038394434,17.86495542356943,17.622160416068642,,-8854.378554549883,41.66666666666667,91.66666666666666,12,1,88924.99135745846,66670.12829640704,18.319558410029344,18.626318637275944,33.69895682631287,18.565584617468673,18.38287744809772,,-8223.719423182827,50.0,91.66666666666666,0,-3.552713678800501e-15,False,True,True
6259,百徽,電子零組件業,12,1,8189.488701606363,6797.353019660474,17.43216954857177,17.902771203249607,26.335702469765003,17.866926356953226,18.038988801274826,,218.63454255026227,33.33333333333333,41.66666666666667,12,1,8189.488701606363,6797.3530196604725,17.43216954857177,17.902771203249607,26.335702469765014,17.86692635695322,18.038988801274826,,218.63454255026136,33.33333333333333,41.66666666666667,12,1,8557.15710060594,7080.27828329615,18.17535357075194,18.1805089019433,26.003938007242482,18.61059890644113,18.861687351771366,,144.91809959263023,33.33333333333333,33.33333333333333,0,7.105427357601002e-15,True,True,True
8222,寶一,電機機械,12,1,17137.383469644392,14315.01850337592,18.173261040627775,15.904131216548063,32.541774552613674,17.87487417371332,18.763045692545923,,-2374.0229989280883,50.0,75.0,12,1,17137.383469644392,14315.01850337592,18.173261040627775,15.904131216548063,32.541774552613674,17.87487417371332,18.763045692545923,,-2374.0229989280883,50.0,75.0,12,1,17431.330854290463,14474.479965347206,18.32199419721628,14.532856261018342,33.33580332898781,18.073990477169083,18.933366051841503,,-2294.1631967612025,41.66666666666667,75.0,0,0.0,False,True,True
6122,擎邦,電機機械,12,1,78449.65713955511,62401.47510038272,18.395472085715987,14.154711228268397,35.031978491363795,17.88141096482337,18.33381997782332,,-14757.036845037464,58.333333333333336,83.33333333333334,12,1,78449.65713955511,62401.47510038273,18.39547208571599,14.154711228268397,35.031978491363795,17.881410964823377,18.333819977823328,,-14757.036845037468,58.333333333333336,83.33333333333334,12,1,79281.77986045937,62348.84152885655,18.352884065926748,13.982551055265576,36.500324257256786,17.86632858862166,18.383738694038776,,-15889.274449986833,66.66666666666666,83.33333333333334,0,-7.105427357601002e-15,False,True,True
3191,雲嘉南,電子零組件業,12,1,3361.4766374161495,2555.1498789019092,18.423068143386935,13.299928606142378,44.21219231938601,17.938954117832537,18.081437672305984,,412.47268683424744,41.66666666666667,58.333333333333336,12,1,3361.4766374161495,2555.1498789019097,18.423068143386935,13.299928606142378,44.21219231938601,17.93895411783254,18.08143767230599,,412.47268683424727,41.66666666666667,58.333333333333336,12,1,3470.78638074248,2626.031171046718,18.909644851675367,13.579014255338267,45.64966960563402,18.43659077629144,18.534816078016707,,433.131775277574,41.66666666666667,41.66666666666667,0,-3.552713678800501e-15,False,True,True
1337,再生-KY,塑膠工業,12,1,11880.548215412511,9942.91489070605,18.59971826401247,19.50581249127241,30.758993805388645,17.96576824335103,18.233167252154832,,1646.0222093424134,41.66666666666667,50.0,12,1,11880.548215412511,9942.91489070605,18.599718264012466,19.5058124912724,30.758993805388645,17.96576824335103,18.233167252154832,,1646.0222093424127,41.66666666666667,50.0,12,1,11882.26189877362,9997.296071640687,18.685549011991963,19.351749205395837,30.916440761292584,18.06402913607824,18.29474142254632,,1655.7600151744955,41.66666666666667,50.0,0,0.0,False,True,True
6662,樂斯科,生技醫療業,12,1,5639.35418465771,3935.074282165989,18.48065974985591,13.214169972031858,28.79162894043884,17.97767923506528,16.457547591706426,,1477.936794462741,58.333333333333336,41.66666666666667,12,1,5639.35418465771,3935.074282165989,18.48065974985591,13.214169972031858,28.79162894043884,17.97767923506528,16.457547591706426,,1477.936794462741,58.333333333333336,41.66666666666667,12,1,5363.840798529831,3991.2244067805273,18.716446713189164,15.082903297964334,28.6389450404111,18.23420525133491,17.051534687077243,,1243.5102955469222,58.333333333333336,41.66666666666667,0,0.0,False,True,True
6629,泰金-KY,居家生活類,12,1,32038.310724186536,26083.122459069713,16.699672443565557,17.735751584509778,24.52074305804814,17.97946358203421,17.583802604948982,,-11890.740557524909,66.66666666666666,50.0,12,1,32038.310724186536,26083.122459069713,16.69967244356556,17.735751584509778,24.52074305804814,17.97946358203421,17.583802604948982,,-11890.740557524909,66.66666666666666,50.0,12,1,32313.26794118317,26480.37287484841,16.9300166791083,17.905054328264054,25.020868774218226,18.253293887230566,17.839012582822924,,-12060.07856354091,66.66666666666666,58.333333333333336,0,0.0,False,True,True
2722,夏都,觀光餐旅,12,1,10997.715985809258,8564.669098089458,19.71817246166932,15.08637315286944,50.71702406893742,18.058730775542198,18.86960042007072,,-537.1385934938498,66.66666666666666,75.0,12,1,10997.715985809258,8564.669098089458,19.71817246166932,15.086373152869449,50.71702406893742,18.058730775542198,18.86960042007072,,-537.1385934938511,66.66666666666666,75.0,12,1,11113.24930338894,8909.956417641419,20.19642698348576,15.368360332533168,47.79139318537204,18.78677416783022,19.52193639026574,,-821.5256177262157,66.66666666666666,50.0,0,0.0,False,True,True
6698,旭暉應材,電子工業,12,1,22257.156878711867,17408.716898683473,20.51248102174847,13.281563374329943,45.02455095168704,18.061083224761873,18.739431539586345,,431.8650058411119,66.66666666666666,33.33333333333333,12,1,22257.156878711867,17408.716898683473,20.51248102174847,13.281563374329943,45.02455095168704,18.061083224761873,18.73943153958635,,431.86500584111064,66.66666666666666,33.33333333333333,12,1,22795.90231312827,17830.376867379757,21.068671234312273,14.353531921467273,45.18602111315501,18.49854428702718,19.122507320824113,,978.7020319925917,66.66666666666666,33.33333333333333,0,0.0,False,True,True
1539,巨庭,電機機械,12,1,24366.497263362464,19624.606766848046,19.305050258143627,17.238032377395538,35.16732166301971,18.08607000656461,18.969230473074727,,-456.299865897047,50.0,58.333333333333336,12,1,24366.497263362464,19624.606766848046,19.305050258143627,17.238032377395545,35.16732166301971,18.08607000656461,18.969230473074735,,-456.2998658970434,50.0,58.333333333333336,12,1,25183.451161722944,20813.675079538545,20.561545375227265,19.151520081137598,36.44241948088807,19.181917327298574,20.098772371033327,,-317.9412514264095,58.333333333333336,58.333333333333336,0,0.0,False,True,True
4739,康普,化學生技醫療,12,1,116534.60318673572,93378.96793396278,19.742821607260097,18.366161143797648,37.93923959408519,18.09930361761606,20.98176143401798,,-57001.09750638702,58.333333333333336,50.0,12,1,116534.60318673572,93378.96793396278,19.742821607260097,18.366161143797648,37.93923959408519,18.09930361761606,20.98176143401798,,-57001.097506387014,58.333333333333336,50.0,12,1,116850.99786541442,93980.51242926418,19.770291807104865,18.929666167880843,38.10329350290688,18.215898785680725,21.088171261275885,,-57915.570502597075,58.333333333333336,50.0,0,0.0,False,True,True
6854,錼創科技-KY創,電子工業,12,1,25772.288540380854,20468.796188909215,25.05725255100973,14.019713439272472,62.331297863209215,18.170003104477047,21.042822997642023,,5768.957278099174,50.0,66.66666666666666,12,1,25772.288540380854,20468.796188909215,25.05725255100973,14.01971343927248,62.331297863209215,18.170003104477047,21.042822997642027,,5768.957278099177,50.0,66.66666666666666,12,1,25772.288540380854,20468.796188909215,25.05725255100973,14.01971343927248,62.331297863209215,18.170003104477047,21.042822997642027,,5768.957278099177,50.0,66.66666666666666,0,0.0,False,True,True
9960,邁達康,運動休閒類,12,1,12943.3848332184,10302.546342585722,19.30479961161228,15.757104009524673,46.17104841907354,18.193485532841525,18.223107956063323,,-455.825648803507,58.333333333333336,58.333333333333336,12,1,12943.3848332184,10302.546342585722,19.30479961161228,15.757104009524673,46.17104841907354,18.193485532841525,18.223107956063323,,-455.825648803507,58.333333333333336,58.333333333333336,12,1,12997.701892340769,10441.333879805383,19.601922046887918,15.539903414460476,46.039595421678314,18.438573394286745,18.534231131124024,,-598.0105312977661,50.0,58.333333333333336,0,0.0,False,True,True
2605,新興,航運業,12,1,79532.60274384567,68272.03598919102,18.499926645379496,20.915161904544494,27.779273720360592,18.193803664286147,19.08310259004847,,-15959.51421311673,50.0,41.66666666666667,12,1,79532.60274384565,68272.035989191,18.499926645379496,20.915161904544494,27.779273720360592,18.193803664286143,19.08310259004847,,-15959.514213116738,50.0,41.66666666666667,12,1,80883.46444976232,69677.51061273924,18.953170545556016,21.566489040932304,29.922978369852828,18.5683483660147,19.509957906314067,,-15878.649958892172,50.0,41.66666666666667,0,3.552713678800501e-15,True,True,True
4711,永純,化學工業,12,1,12766.227130621017,11061.236148661623,18.810220140232556,16.13797566428759,37.1077937380545,18.20709681712355,18.882258189455612,,-747.4467012878061,41.66666666666667,66.66666666666666,12,1,12766.227130621017,11061.236148661623,18.810220140232556,16.13797566428759,37.1077937380545,18.20709681712355,18.882258189455612,,-747.4467012878061,41.66666666666667,66.66666666666666,12,1,13129.409369846222,11315.277277159128,19.279800362883755,16.51760037862813,38.54435716658154,18.62525545327608,19.33990596844716,,-766.7478786548812,41.66666666666667,58.333333333333336,0,0.0,False,True,True
9933,中鼎,其他,12,1,1967294.07002855,1394540.4993654497,19.132988091744068,17.062697698742355,29.436180729978574,18.216934586715865,17.27845602785084,,188139.44414590593,58.333333333333336,83.33333333333334,12,1,1967294.07002855,1394540.4993654497,19.132988091744068,17.062697698742355,29.436180729978574,18.216934586715865,17.27845602785084,,188139.44414590593,58.333333333333336,83.33333333333334,12,1,2039851.884125458,1433896.459322653,19.64020590099885,16.96333052004536,30.32441112525401,18.731042960380176,17.71144824094325,,159026.6508460239,58.333333333333336,83.33333333333334,0,0.0,False,True,True
4763,材料*-KY,化學生技醫療,12,1,256539.3407465639,200881.68588978378,19.299256320021772,13.885018011631084,30.601014976602226,18.218631803823385,17.698493408184714,,69667.3081755274,25.0,66.66666666666666,12,1,256539.3407465639,200881.68588978378,19.299256320021772,13.885018011631084,30.601014976602226,18.218631803823385,17.698493408184714,,69667.3081755274,25.0,66.66666666666666,12,1,259099.3540200876,198912.31239010536,19.28302224478742,12.969498083217989,31.047444654623014,18.040022735923916,17.589040341520437,,66617.80353670816,25.0,66.66666666666666,0,0.0,False,True,True
8942,森鉅,其他,12,1,61435.39025419694,52425.467883796024,25.81278964957073,17.468545472306392,51.30362611515963,18.263356781565765,21.1332535228845,,45284.59536038615,16.666666666666664,50.0,12,1,61435.39025419692,52425.467883796,25.81278964957073,17.468545472306392,51.30362611515963,18.263356781565758,21.133253522884498,,45284.59536038615,16.666666666666664,50.0,12,1,62715.230937433415,52992.212178974216,26.672840049949365,19.08063064991467,53.24231286840332,18.460792373169816,21.65176565706036,,46645.1204624086,16.666666666666664,41.66666666666667,0,7.105427357601002e-15,True,True,True
6161,捷波,電腦及週邊設備業,12,1,26858.296773046684,21422.212359618283,17.88747726827061,17.392361004866792,32.10423352205529,18.2770386288958,18.294289541380095,,-6991.5812342919635,66.66666666666666,75.0,12,1,26858.296773046684,21422.212359618276,17.8874772682706,17.392361004866782,32.10423352205529,18.27703862889579,18.294289541380092,,-6991.581234291964,66.66666666666666,75.0,12,1,27410.60244856777,21536.85645166378,17.882061150876442,16.946937274516955,32.599117386997925,18.374850865265937,18.307418735974178,,-6919.962799821672,75.0,75.0,0,7.105427357601002e-15,True,True,True
3516,亞帝歐,光電業,12,1,19928.778713905936,15918.924477660757,19.27493250086469,15.865576703840556,47.578082855653264,18.287139524671602,18.09558026555993,,432.82393592178596,66.66666666666666,50.0,12,1,19928.778713905936,15918.924477660757,19.274932500864693,15.865576703840556,47.578082855653264,18.287139524671602,18.09558026555993,,432.82393592178477,66.66666666666666,50.0,12,1,20472.921922673184,16282.009518120414,19.712714962883517,16.561495417769972,46.327560286220596,18.70423973791305,18.528631692965217,,415.3582527996835,66.66666666666666,50.0,0,0.0,False,True,True
3680,家登,半導體業,12,1,145855.46892472237,112011.45333648073,17.97719669346636,17.29643073410356,39.403503620809246,18.30243284501111,18.592872073801207,,-33311.83061713677,58.333333333333336,58.333333333333336,12,1,145855.46892472237,112011.45333648073,17.97719669346636,17.29643073410356,39.40350362080923,18.30243284501111,18.592872073801207,,-33311.830617136766,58.333333333333336,58.333333333333336,12,1,157011.62289792835,122749.6192097442,19.76270964407588,18.92842903644619,42.872975368738615,20.057026272020828,20.51448123340198,,-38008.403988650956,58.333333333333336,58.333333333333336,0,0.0,False,True,True
3684,榮昌,通信網路業,12,1,21096.001573066915,17567.446075143762,19.006429737631212,13.6374975874412,40.73944553275112,18.33510642254502,18.02523546052866,,4008.3739833524364,41.66666666666667,66.66666666666666,12,1,21096.001573066915,17567.446075143762,19.006429737631215,13.6374975874412,40.73944553275112,18.33510642254502,18.025235460528663,,4008.3739833524355,41.66666666666667,66.66666666666666,12,1,21599.675233626098,18066.8237683815,19.55505895599149,14.406627221678036,40.67274739872776,18.856305867893767,18.505935613748278,,4240.956072350178,41.66666666666667,66.66666666666666,0,0.0,False,True,True
6111,光聚晶電,文化創意業,12,1,176353.74867800606,118732.45784282498,20.566583198597783,13.550723296311645,51.978017426625044,18.470922202254975,21.19758916840464,,-63404.12075945266,75.0,100.0,12,1,176353.74867800606,118732.45784282498,20.566583198597783,13.550723296311654,51.978017426625044,18.470922202254975,21.19758916840464,,-63404.120759452664,75.0,100.0,12,1,177483.65889843568,123267.13985646919,21.326255637772544,14.879270654923046,51.46209019590088,19.176371749984092,21.849272316321773,,-66537.54517101833,75.0,100.0,0,0.0,False,True,True
6574,霈方,生技醫療業,12,1,10734.845994339981,9526.54928843311,18.322333264155986,16.562997158284492,29.671270698743918,18.503992596563208,18.785922537685952,,-2475.008927388943,58.333333333333336,58.333333333333336,12,1,10734.845994339981,9526.549288433112,18.322333264155986,16.562997158284492,29.671270698743918,18.50399259656321,18.785922537685952,,-2475.008927388944,58.333333333333336,58.333333333333336,12,1,10899.482195046177,9662.44662321084,18.545654616825093,17.18361685307826,30.454386648732516,18.767954205377112,19.049645773162993,,-2421.1687243578417,50.0,41.66666666666667,0,-3.552713678800501e-15,False,True,True
3546,宇峻,文化創意業,12,1,34981.50611089152,21940.81259199197,16.856735432745875,8.456679674001968,43.06182571444383,18.504912890962505,16.950514865394002,,-4897.7661340033565,58.333333333333336,50.0,12,1,34981.50611089152,21940.81259199197,16.85673543274587,8.456679674001968,43.06182571444382,18.504912890962505,16.950514865394002,,-4897.766134003353,58.333333333333336,50.0,12,1,35195.00873185503,22101.014560776082,16.999894927644043,8.68966972312802,43.15998879614585,18.64002746180537,17.059327620837532,,-4732.135369215214,58.333333333333336,50.0,0,0.0,False,True,True
2941,米斯特,居家生活類,12,1,20727.318957383115,14303.200553760224,18.18024508212869,12.341236892836063,45.599235004128644,18.51239455852239,18.28958894516576,,-3124.672137934358,50.0,58.333333333333336,12,1,20727.318957383115,14303.200553760224,18.18024508212869,12.341236892836063,45.599235004128644,18.51239455852239,18.28958894516576,,-3124.672137934358,50.0,58.333333333333336,12,1,20727.318957383115,14303.200553760224,18.18024508212869,12.341236892836063,45.599235004128644,18.51239455852239,18.28958894516576,,-3124.672137934358,50.0,58.333333333333336,0,0.0,False,True,True
8249,菱光,電子零組件業,12,1,72399.07183112325,57512.21679562109,19.014763824632418,13.006819754258128,42.25896167600501,18.5491217928582,18.12190350773092,,15244.090980331117,41.66666666666667,41.66666666666667,12,1,72399.07183112325,57512.21679562109,19.014763824632418,13.006819754258133,42.25896167600502,18.5491217928582,18.12190350773092,,15244.090980331122,41.66666666666667,41.66666666666667,12,1,71932.30091461045,57696.81089391563,19.085584952008876,13.340177322870888,42.97785601282074,18.60865798538015,18.192732316567746,,15970.645703114018,41.66666666666667,41.66666666666667,0,0.0,False,True,True
4105,東洋,生技醫療業,12,1,136963.38111546135,100141.98325007044,17.59589261844394,12.651294531852407,37.910617812376444,18.621242141562295,17.329261548330113,,2096.7645310672524,41.66666666666667,66.66666666666666,12,1,136963.38111546135,100141.98325007044,17.59589261844394,12.651294531852407,37.910617812376444,18.621242141562295,17.329261548330113,,2096.7645310672474,41.66666666666667,66.66666666666666,12,1,140987.25143520028,103049.89301234992,18.125264909062945,12.986650655923748,39.06292355862066,19.161963326142796,17.812768589471414,,3143.735740626182,41.66666666666667,66.66666666666666,0,0.0,False,True,True
2376,技嘉,電腦及週邊設備業,12,1,7343394.77359244,5229559.954052564,17.219070200218475,14.721768759491088,33.178571475169925,18.62514062626665,17.707121315518638,,-1693949.4951827724,75.0,41.66666666666667,12,1,7343394.773592441,5229559.954052565,17.21907020021848,14.721768759491095,33.178571475169925,18.625140626266656,17.707121315518638,,-1693949.4951827733,75.0,41.66666666666667,12,1,7316669.168447309,5273293.1256502,17.39362076270826,16.353172342387566,32.118556009616725,18.780896842505726,17.946469606077876,,-1819818.092724247,75.0,41.66666666666667,0,-7.105427357601002e-15,False,True,True
4974,亞泰,電子零組件業,12,1,65809.9248103715,57632.97098309809,18.295774597730677,20.076744704827433,29.276789294965543,18.625397483378883,17.264739790680213,,22996.812650585252,33.33333333333333,58.333333333333336,12,1,65809.92481037149,57632.970983098094,18.295774597730677,20.076744704827433,29.276789294965543,18.625397483378887,17.26473979068021,,22996.812650585238,33.33333333333333,58.333333333333336,12,1,68030.35478261582,58743.15098739872,18.600483732257835,19.848273634476605,30.686379128735307,18.984177249639114,17.600852614942973,,22173.303527542925,33.33333333333333,58.333333333333336,0,-3.552713678800501e-15,False,True,True
6855,數泓科,其他電子類,12,1,12510.069797738937,9723.788141811665,18.108768812348927,13.899094328798277,35.2977168617126,18.632884465190326,17.47804624946315,,1338.113376008041,33.33333333333333,58.333333333333336,12,1,12510.069797738937,9723.788141811665,18.10876881234892,13.899094328798277,35.2977168617126,18.632884465190326,17.478046249463144,,1338.1133760080404,33.33333333333333,58.333333333333336,12,1,12510.069797738937,9723.788141811665,18.10876881234892,13.899094328798277,35.2977168617126,18.632884465190326,17.478046249463144,,1338.1133760080404,33.33333333333333,58.333333333333336,0,0.0,False,True,True
6616,特昇-KY,居家生活類,12,1,18822.872191411967,15961.378302902836,19.917895859549105,14.231171538639554,40.083783482461435,18.636038007816307,19.451242834815062,,2003.1515280538588,33.33333333333333,75.0,12,1,18822.872191411963,15961.378302902836,19.917895859549105,14.231171538639545,40.083783482461435,18.636038007816307,19.451242834815062,,2003.1515280538563,33.33333333333333,75.0,12,1,20039.427076816606,16815.56868527726,20.86991994071435,14.65962090134864,39.239877035032265,19.633365690285043,20.381080678341686,,2060.6042730094664,33.33333333333333,66.66666666666666,0,0.0,False,True,True
2468,華經,電子工業,12,1,52361.52027778258,41875.97887597739,18.976276503993116,16.314796470318104,33.450914053338025,18.651591825550213,19.040340031035484,,-1721.2527367056948,50.0,83.33333333333334,12,1,52361.52027778258,41875.97887597737,18.976276503993112,16.314796470318104,33.450914053338025,18.65159182555021,19.040340031035477,,-1721.25273670569,50.0,83.33333333333334,12,1,54833.47780171965,43976.384157353,20.06727262258703,17.27395081295128,36.258821173324634,19.587113884448797,19.927594445574545,,1343.3377559991761,50.0,75.0,0,3.552713678800501e-15,True,True,True
8069,元太,光電業,12,1,678469.3405966844,563128.1969384735,20.88796777229002,15.68941699814539,53.44427170228365,18.71074638733515,18.367916864906107,,308513.93770001055,33.33333333333333,50.0,12,1,678469.3405966844,563128.1969384735,20.88796777229002,15.68941699814539,53.44427170228365,18.71074638733515,18.367916864906107,,308513.9377000105,33.33333333333333,50.0,12,1,689662.2859705964,573874.9408227731,21.224300308497547,14.231850068057772,52.77375012979715,19.06782244994749,18.64424063500386,,319951.71628091956,33.33333333333333,41.66666666666667,0,0.0,False,True,True
6185,幃翔,電子零組件業,12,1,9953.623673021197,8239.806722781717,18.952371952182958,16.352997178825817,39.379609257748825,18.771379936360457,18.329809471985552,,-494.2334835318073,58.333333333333336,50.0,12,1,9953.623673021197,8239.806722781717,18.952371952182958,16.352997178825817,39.379609257748825,18.771379936360457,18.329809471985552,,-494.233483531807,58.333333333333336,50.0,12,1,10027.25279884279,8334.041460414477,19.14231344731934,16.23116659802385,39.09001403013823,18.986059251400334,18.51612368179291,,-457.03425555042213,58.333333333333336,50.0,0,0.0,False,True,True
4905,台聯電,生技醫療業,12,1,13656.663860295228,11379.437743618691,21.289943711180833,13.716166754382453,43.82610978124058,18.78290925594,18.948927112218858,,3700.063358511726,50.0,66.66666666666666,12,1,13656.663860295228,11379.437743618691,21.289943711180836,13.716166754382458,43.82610978124058,18.78290925594,18.94892711221886,,3700.0633585117253,50.0,66.66666666666666,12,1,13412.86428943543,11356.469781816699,20.92695346783864,15.174312560729275,40.85891764129583,18.74499831938581,18.941656892360857,,3257.7996431389524,50.0,66.66666666666666,0,0.0,False,True,True
6603,富強鑫,電機機械,12,1,103362.80675934067,79482.28393816954,18.03267264608497,10.180495306230087,34.81225425986494,18.79760746652156,18.88315816090569,,-21636.546952083925,50.0,66.66666666666666,12,1,103362.80675934069,79482.28393816952,18.03267264608497,10.180495306230087,34.81225425986494,18.797607466521555,18.88315816090569,,-21636.54695208393,50.0,66.66666666666666,12,1,106332.87368587499,83267.66467496102,18.909583804562597,10.276993431142362,35.485198418734186,19.692852264178505,19.8342853653821,,-21878.81149547616,50.0,66.66666666666666,0,3.552713678800501e-15,True,True,True
6534,正瀚-創,生技醫療業,12,1,33775.23382078481,28522.70602630707,23.44961305733921,22.394169422267282,40.742588443096125,18.814625703718914,23.27205771301606,,4819.70112956623,33.33333333333333,75.0,12,1,33775.23382078481,28522.70602630707,23.44961305733921,22.394169422267282,40.742588443096125,18.814625703718914,23.27205771301606,,4819.70112956623,33.33333333333333,75.0,12,1,33775.23382078481,28522.70602630707,23.44961305733921,22.394169422267282,40.742588443096125,18.814625703718914,23.27205771301606,,4819.70112956623,33.33333333333333,75.0,0,0.0,False,True,True
2719,燦星旅,觀光餐旅,12,1,37460.706765806885,30806.929959301968,17.892164597874014,18.297237786907093,31.50757803067178,18.824112026727875,17.4936556781071,,7697.437828998377,41.66666666666667,66.66666666666666,12,1,37460.706765806885,30806.929959301968,17.892164597874018,18.297237786907093,31.50757803067178,18.824112026727875,17.4936556781071,,7697.437828998376,41.66666666666667,66.66666666666666,12,1,37030.51021588282,30470.005726158925,17.713120775240785,18.46012761644241,29.89862721889052,18.61823953253314,17.309887140044562,,7993.604491639954,50.0,58.333333333333336,0,0.0,False,True,True
4561,健椿,電機機械,12,1,17372.251369195412,14574.33317182553,19.704843302149296,20.638927426101308,34.86285128387623,18.867509079463613,19.140487491556634,,208.3146370572061,50.0,66.66666666666666,12,1,17372.251369195412,14574.33317182553,19.704843302149296,20.638927426101308,34.86285128387623,18.867509079463613,19.140487491556634,,208.3146370572061,50.0,66.66666666666666,12,1,17604.5889816256,14597.354069079223,19.747432174743803,20.23256480655703,35.07068585380442,18.89731126545941,19.163914496039958,,33.296513059221375,50.0,66.66666666666666,0,0.0,False,True,True
3580,友威科,其他電子類,12,1,7616.422158843273,6795.012705032846,19.948199550226562,18.44115948007791,27.905539554817434,18.872064688982785,19.10248861878433,,855.1225932933324,41.66666666666667,58.333333333333336,12,1,7616.422158843273,6795.012705032846,19.948199550226562,18.44115948007791,27.905539554817434,18.872064688982785,19.10248861878433,,855.1225932933318,41.66666666666667,58.333333333333336,12,1,7896.5143070599015,6944.041643278358,20.38216183385564,20.513187067914906,28.49946588651852,19.285968810312333,19.66245340478407,,522.7702667903653,50.0,58.333333333333336,0,0.0,False,True,True
4541,晟田,其他,12,1,31742.7487296555,25854.939045447052,19.934321343001734,19.288709360444336,34.90211235132106,18.872103487531376,19.570120793075883,,-2055.0200677003318,58.333333333333336,50.0,12,1,31742.7487296555,25854.939045447052,19.934321343001734,19.28870936044434,34.90211235132106,18.872103487531376,19.570120793075883,,-2055.0200677003318,58.333333333333336,50.0,12,1,32523.08589076364,26649.73585877195,20.582955595319543,18.782110217334083,37.48215783105485,19.452243618059708,20.216584729139516,,-1733.6897625808572,50.0,41.66666666666667,0,0.0,False,True,True
4577,達航科技,其他電子類,12,1,14158.706593453046,11743.857627590842,19.93627386110246,14.882806099250768,39.01558884685658,18.87930770894183,18.91732051392456,,2247.968296637167,41.66666666666667,50.0,12,1,14158.706593453047,11743.857627590842,19.936273861102464,14.882806099250768,39.01558884685658,18.87930770894183,18.91732051392456,,2247.968296637167,41.66666666666667,50.0,12,1,14342.884280727532,11904.862465163395,20.05711716208176,14.764081633902437,39.78047864013163,19.138137470639478,19.041520528504496,,2658.0925821472733,41.66666666666667,58.333333333333336,0,0.0,False,True,True
9962,有益,鋼鐵工業,12,1,40146.7071450909,30326.479473287978,18.83189568541798,15.875034776633534,35.317822572166556,18.886275484301425,17.83073138723339,,1179.2723098805861,66.66666666666666,50.0,12,1,40146.707145090906,30326.479473287985,18.831895685417983,15.875034776633534,35.317822572166556,18.886275484301432,17.83073138723339,,1179.2723098805873,66.66666666666666,50.0,12,1,40349.98442327195,30689.38155728405,19.152739562229115,16.16703938256764,34.75961642870969,19.11227826639863,18.203828097174792,,630.6772113696255,66.66666666666666,50.0,0,-7.105427357601002e-15,False,True,True
2231,為升,汽車工業,12,1,80325.49622250009,57616.18429144381,18.45259979202579,13.302079012986068,42.98656923032087,18.887615873306192,17.271157967459946,,15230.25942523859,41.66666666666667,50.0,12,1,80325.49622250009,57616.18429144381,18.452599792025794,13.302079012986068,42.986569230320896,18.887615873306192,17.271157967459946,,15230.25942523859,41.66666666666667,50.0,12,1,82154.68452649385,59097.57311939215,18.880387423440755,13.623431462834912,42.54151921746753,19.373241630814935,17.750447771644662,,15127.430062096033,41.66666666666667,50.0,0,0.0,False,True,True
6716,應廣,半導體業,12,1,25263.193641985756,17033.37991197609,24.202914334324664,12.545197180892886,28.971138539945613,18.89267060143165,19.134465021497714,,3190.147005078412,50.0,83.33333333333334,12,1,25263.193641985763,17033.37991197609,24.202914334324667,12.54519718089289,28.971138539945617,18.892670601431654,19.134465021497714,,3190.147005078417,50.0,83.33333333333334,12,1,25186.46885664273,16798.153778960772,23.910513903194648,12.047121712002903,26.788835648416608,18.631768192698175,18.760824917997677,,3273.658330946347,50.0,83.33333333333334,0,-3.552713678800501e-15,False,True,True
1441,大東,紡織纖維,12,1,33745.24401644131,23884.389488054414,20.216742101728038,11.772220515524811,43.34580522407386,18.904988747652844,17.40877131735079,,7612.124905029726,58.333333333333336,66.66666666666666,12,1,33745.24401644131,23884.389488054414,20.216742101728038,11.772220515524811,43.34580522407386,18.904988747652844,17.40877131735079,,7612.124905029724,58.333333333333336,66.66666666666666,12,1,35609.666216365105,25141.144778370726,21.260729792185384,11.861570122628093,47.03651357758011,19.899736577982182,18.19081910042322,,8022.610673356462,58.333333333333336,58.333333333333336,0,0.0,False,True,True
2406,國碩,電子工業,12,1,150303.93970768593,100509.57513371442,15.973419264537892,11.839716362033778,31.526069852189064,18.949096226858664,18.30956210824444,,-84926.03727328726,75.0,58.333333333333336,12,1,150303.93970768593,100509.57513371442,15.973419264537892,11.839716362033778,31.526069852189064,18.949096226858664,18.30956210824444,,-84926.03727328726,75.0,58.333333333333336,12,1,159255.92361387025,108817.5018196567,17.411506324093647,12.874917005555512,32.51568913739738,20.51539179629243,19.962088937522452,,-88959.5381316521,75.0,58.333333333333336,0,0.0,False,True,True
1437,勤益控,其他,12,1,22263.80299369061,14640.329768935359,17.14218565394746,12.647506843424615,35.572611642366255,18.95621838297694,16.39235395647393,,-1042.1964577371273,58.333333333333336,58.333333333333336,12,1,22263.802993690613,14640.329768935364,17.142185653947465,12.647506843424615,35.572611642366255,18.956218382976946,16.392353956473933,,-1042.1964577371266,58.333333333333336,58.333333333333336,12,1,23783.554582688063,15338.165518269312,17.914951596944576,12.273621344132108,37.83466765845904,19.859772269303416,17.034592484545634,,-823.6765447510188,58.333333333333336,58.333333333333336,0,-7.105427357601002e-15,False,True,True
3373,熱映,其他電子類,12,1,7264.187707486271,6126.790976788328,19.455507202439012,14.707236646530761,36.61407063630972,18.969469815484867,18.315840910421866,,1409.7165360301951,41.66666666666667,75.0,12,1,7264.18770748627,6126.790976788328,19.455507202439012,14.707236646530761,36.6140706363097,18.969469815484867,18.315840910421866,,1409.7165360301944,41.66666666666667,75.0,12,1,7489.132272234671,6394.431307768421,20.25927866464387,16.614199210901347,37.477878757242856,19.79812468541069,19.019435146560095,,1446.1676355891468,41.66666666666667,66.66666666666666,0,0.0,False,True,True
1236,宏亞,食品工業,12,1,35626.5887186417,28731.58158346542,22.237631042729685,14.446888183197876,47.176927808002404,19.011673427117387,19.924986789113767,,2842.272018646385,50.0,91.66666666666666,12,1,35626.5887186417,28731.58158346543,22.23763104272969,14.446888183197876,47.176927808002404,19.011673427117394,19.92498678911377,,2842.272018646381,50.0,91.66666666666666,12,1,38367.894622945314,31280.75412883595,24.095835298603856,15.179192011246151,50.2133020588847,20.698459648793687,21.52026731750409,,2400.876234317151,50.0,91.66666666666666,0,-7.105427357601002e-15,False,True,True
8047,星雲,其他電子類,12,1,8768.766415837807,7343.742749988948,21.2527309507442,20.178672763266594,37.868231894553006,19.088787154098352,19.90964751524664,,396.42787483177653,66.66666666666666,41.66666666666667,12,1,8768.766415837807,7343.742749988948,21.252730950744212,20.178672763266594,37.868231894553006,19.088787154098352,19.90964751524664,,396.427874831775,66.66666666666666,41.66666666666667,12,1,8986.266742389587,7434.823079870036,21.502826213931968,20.736210950412875,37.63529886456487,19.3255346941763,20.190846869216962,,443.5451559170806,66.66666666666666,41.66666666666667,0,0.0,False,True,True
1229,聯華,食品工業,12,1,334259.59632619884,213532.78450930104,17.00161865692534,13.8938816429029,37.24707467479516,19.09359023392549,17.7668737382646,,-68678.21330035118,50.0,75.0,12,1,334259.59632619884,213532.78450930104,17.00161865692534,13.893881642902913,37.24707467479516,19.09359023392549,17.766873738264604,,-68678.21330035113,50.0,75.0,12,1,349236.9480612692,218940.43394929718,17.345844584215666,12.210768830227318,41.95560375568473,19.577129296900175,18.096699986352817,,-68195.73907470187,50.0,75.0,0,0.0,False,True,True
4540,全球傳動,電機機械,12,1,54936.35029945149,40790.148840924216,22.226670150119002,14.378016112206959,37.1251460201654,19.125387741756263,19.427706349018877,,3277.1232771114105,66.66666666666666,50.0,12,1,54936.3502994515,40790.14884092422,22.226670150119006,14.378016112206959,37.1251460201654,19.12538774175627,19.42770634901888,,3277.1232771114032,66.66666666666666,50.0,12,1,55219.56091647672,39871.32077121156,22.042589742519848,12.77344293462541,39.16883774875814,18.694574332131406,19.134609113953417,,3588.0266079791836,66.66666666666666,58.333333333333336,0,-7.105427357601002e-15,False,True,True
8933,愛地雅,運動休閒類,12,1,42546.89678708469,34985.489303863666,28.045759295657252,16.45535030680705,34.01845137282374,19.127299947804733,22.373433394141713,,15162.552136023636,41.66666666666667,66.66666666666666,12,1,42546.89678708469,34985.48930386366,28.045759295657252,16.45535030680704,34.01845137282374,19.127299947804726,22.373433394141713,,15162.552136023636,41.66666666666667,66.66666666666666,12,1,42285.81336263043,34723.57048938473,27.996789593751714,15.878209279151614,34.36553745894097,18.984103444734565,22.28533907268372,,15886.647563038297,41.66666666666667,66.66666666666666,0,7.105427357601002e-15,True,True,True
6203,元大MSCI台灣,ETF,12,1,56500.38115516576,44467.55130575857,20.773724840787043,14.409948547678173,31.779035505782645,19.138621898477044,20.80876869984798,,-8955.437550558387,50.0,66.66666666666666,12,1,56500.38115516578,44467.55130575857,20.773724840787043,14.40994854767818,31.779035505782645,19.138621898477044,20.80876869984798,,-8955.437550558383,50.0,66.66666666666666,12,1,60401.24861771243,48433.04951325146,22.41661866626444,16.526076566506205,37.50995358623004,20.84535340501868,22.878952916341202,,-10500.673624049261,58.333333333333336,58.333333333333336,0,0.0,False,True,True
1294,漢田生技,食品工業,12,1,14306.866393379689,12425.44316246733,20.69017803089168,22.523451159345438,38.256630868823684,19.151841060751682,20.64616196148518,,-2358.943162467329,58.333333333333336,33.33333333333333,12,1,14306.866393379689,12425.44316246733,20.690178030891683,22.523451159345438,38.256630868823684,19.151841060751682,20.64616196148518,,-2358.9431624673293,58.333333333333336,33.33333333333333,12,1,14306.866393379689,12425.44316246733,20.690178030891683,22.523451159345438,38.256630868823684,19.151841060751682,20.64616196148518,,-2358.9431624673293,58.333333333333336,33.33333333333333,0,0.0,False,True,True
5906,台南-KY,貿易百貨,12,1,40206.87293857673,26878.060603203103,17.691248827857187,7.603207105092623,37.56489646190296,19.178922073373307,17.45715950358319,,-4471.264669660988,58.333333333333336,75.0,12,1,40206.87293857673,26878.060603203092,17.691248827857187,7.6032071050926175,37.56489646190296,19.178922073373297,17.457159503583185,,-4471.264669660989,58.333333333333336,75.0,12,1,42090.0497108445,27612.26433625442,18.102087570521626,7.676472781309437,38.897511717114014,19.702815385098813,17.874100536686164,,-5018.865006850195,66.66666666666666,75.0,0,1.0658141036401503e-14,True,True,True
5351,鈺創,半導體業,12,1,80962.6393106797,64779.981041192426,17.507982665443404,16.22372498850756,30.2153226571794,19.256931640159372,18.89593953275783,,-46569.742390415544,75.0,33.33333333333333,12,1,80962.6393106797,64779.981041192426,17.5079826654434,16.22372498850756,30.2153226571794,19.256931640159372,18.89593953275783,,-46569.742390415544,75.0,33.33333333333333,12,1,84801.01358346934,67511.3584215734,18.198581306209224,16.28937692984167,32.90850185977585,20.068879199452848,19.7467061491443,,-48398.339980445395,66.66666666666666,33.33333333333333,0,0.0,False,True,True
3043,科風,電子工業,12,1,15959.664077095827,13706.73379870608,21.202284502092198,21.125533145904292,31.473503842445457,19.26654487514208,19.19686210257758,,7086.817873882655,33.33333333333333,58.333333333333336,12,1,15959.664077095827,13706.73379870608,21.202284502092194,21.125533145904292,31.473503842445457,19.26654487514208,19.19686210257758,,7086.817873882655,33.33333333333333,58.333333333333336,12,1,16065.321554164155,13815.57478029133,21.439470927384175,22.301437682603108,33.43450848553974,19.4195346162987,19.366911577152347,,7332.517771947154,33.33333333333333,58.333333333333336,0,0.0,False,True,True
6922,宸曜,電腦及週邊設備業,12,1,30685.383411405477,26467.18617389408,21.51029334729147,17.90188257353321,48.593272036816956,19.33202553084292,19.476933132116876,,10634.6024438759,41.66666666666667,50.0,12,1,30685.383411405477,26467.18617389408,21.51029334729147,17.90188257353321,48.593272036816956,19.33202553084292,19.476933132116873,,10634.602443875901,41.66666666666667,50.0,12,1,30685.383411405477,26467.18617389408,21.51029334729147,17.90188257353321,48.593272036816956,19.33202553084292,19.476933132116873,,10634.602443875901,41.66666666666667,50.0,0,0.0,False,True,True
3709,鑫聯大投控,電腦及週邊設備業,12,1,764581.5637765639,660691.023186843,21.19605423815013,17.776029449141966,43.88894715763353,19.342138019955083,19.536458319539644,,140918.82703667996,41.66666666666667,58.333333333333336,12,1,764581.5637765637,660691.0231868429,21.19605423815013,17.776029449141966,43.88894715763353,19.34213801995508,19.536458319539644,,140918.82703667987,41.66666666666667,58.333333333333336,12,1,780533.5142526029,667019.9202526391,21.470799113578284,18.397941305750205,45.714467660492446,19.527420392901895,19.657689540125155,,154177.83758125931,50.0,58.333333333333336,0,3.552713678800501e-15,True,True,True
6167,久正,光電業,12,1,25202.343376094097,19547.67573529491,19.215823047556547,12.463474511017962,48.02347152945859,19.357935702187305,18.70325198274587,,-1862.8343017878553,75.0,58.333333333333336,12,1,25202.343376094093,19547.67573529491,19.215823047556547,12.463474511017957,48.02347152945859,19.357935702187305,18.70325198274587,,-1862.8343017878553,75.0,58.333333333333336,12,1,24342.697111561847,18850.384841967138,18.46753045438113,12.849533288863265,43.56626486339705,18.667413081414143,18.072931350896617,,-1906.2755063999684,75.0,58.333333333333336,0,0.0,False,True,True
5272,笙科,半導體業,12,1,6988.802631082399,5505.815423518004,19.973634090806502,15.422094868549857,40.91986823548005,19.359010182695513,19.392889750052653,,334.8480466306258,41.66666666666667,75.0,12,1,6988.802631082399,5505.8154235180045,19.973634090806502,15.422094868549857,40.91986823548005,19.359010182695517,19.392889750052657,,334.8480466306252,41.66666666666667,75.0,12,1,7171.855586788021,5609.342333013533,20.352317890421933,14.830222793158063,42.19705255804446,19.723021385567687,19.759383149354118,,352.818536580593,41.66666666666667,75.0,0,-3.552713678800501e-15,False,True,True
2488,漢平,電子工業,12,1,56854.81066553783,46532.79784484691,20.661210487189628,15.287242430550647,28.618920980286255,19.372340535880454,18.52413039654174,,21506.718464616042,25.0,58.333333333333336,12,1,56854.81066553783,46532.7978448469,20.66121048718962,15.287242430550647,28.618920980286255,19.37234053588045,18.524130396541736,,21506.718464616046,25.0,58.333333333333336,12,1,59095.33349583861,47557.529078346306,21.25844130709076,15.73555360550955,29.425968234849776,19.798952373820942,18.928144453369423,,21681.360028957788,25.0,58.333333333333336,0,3.552713678800501e-15,True,True,True
6796,晉弘,生技醫療業,12,1,13993.911827678261,10682.158239014807,20.998151206587778,16.612045584275688,36.88711375194467,19.381317026466675,19.465365628430277,,2584.611094132562,58.333333333333336,58.333333333333336,12,1,13993.911827678261,10682.158239014807,20.998151206587778,16.612045584275688,36.88711375194467,19.381317026466675,19.465365628430277,,2584.611094132562,58.333333333333336,58.333333333333336,12,1,15090.004443636353,11252.850684698553,22.260855263229438,17.18827905550046,40.174284717929844,20.416760517090946,20.51822653045799,,2997.827021904966,58.333333333333336,58.333333333333336,0,0.0,False,True,True
6863,永道-KY,電子工業,12,1,80008.53494382309,63855.073217039266,19.80034447812378,12.239034496852621,38.96962691229331,19.38568008944916,17.606427669817858,,28750.59960406555,41.66666666666667,66.66666666666666,12,1,80008.53494382309,63855.073217039266,19.800344478123787,12.239034496852621,38.96962691229331,19.38568008944916,17.606427669817858,,28750.599604065545,41.66666666666667,66.66666666666666,12,1,80008.53494382309,63855.073217039266,19.800344478123787,12.239034496852621,38.96962691229331,19.38568008944916,17.606427669817858,,28750.599604065545,41.66666666666667,66.66666666666666,0,0.0,False,True,True
4506,崇友,電機機械,12,1,112040.0117029206,97317.43203403933,20.51144033703678,19.67697341658709,33.289133006617696,19.396184877978758,19.310546512015577,,24764.98590571362,33.33333333333333,66.66666666666666,12,1,112040.0117029206,97317.43203403933,20.51144033703678,19.67697341658709,33.289133006617696,19.396184877978758,19.310546512015577,,24764.985905713616,33.33333333333333,66.66666666666666,12,1,115675.39066227242,100293.76541326423,21.102493301616995,20.556998927574096,37.02822502687822,19.989393219745864,19.782900563302267,,27447.047735954406,33.33333333333333,66.66666666666666,0,0.0,False,True,True
7714,創泓科技,數位雲端類,12,1,37857.359364902004,29196.25,20.75090842823154,15.016851118138813,29.60569186869148,19.41109887911992,19.383720807792674,,1326.4166666666667,58.333333333333336,16.666666666666664,12,1,37857.359364902004,29196.25,20.75090842823154,15.016851118138813,29.60569186869148,19.41109887911992,19.383720807792674,,1326.4166666666667,58.333333333333336,16.666666666666664,12,1,37857.359364902004,29196.25,20.75090842823154,15.016851118138813,29.60569186869148,19.41109887911992,19.383720807792674,,1326.4166666666667,58.333333333333336,16.666666666666664,0,0.0,False,True,True
6462,神盾,半導體業,12,1,115697.19182306889,86272.76267265693,19.699664590838754,11.702311616420067,54.44810576442678,19.41559934810586,18.34057393858231,,332.58107594324974,58.333333333333336,58.333333333333336,12,1,115697.19182306888,86272.76267265693,19.69966459083875,11.702311616420067,54.44810576442677,19.41559934810586,18.340573938582313,,332.58107594324,58.333333333333336,58.333333333333336,12,1,116504.61657711008,86600.56697745678,19.89702167091087,11.576549076453539,55.926455450905934,19.48937138054589,18.364328123981267,,1956.6424522051336,58.333333333333336,50.0,0,0.0,False,True,True
3306,鼎天,通信網路業,12,1,25065.57704660472,17528.62056933566,17.77502369328195,12.468556205686083,39.684488667979764,19.424428615150504,18.54049253001039,,-2455.0819064178336,50.0,91.66666666666666,12,1,25065.57704660472,17528.620569335657,17.775023693281945,12.468556205686083,39.684488667979764,19.4244286151505,18.54049253001039,,-2455.081906417836,50.0,91.66666666666666,12,1,25781.579429687394,17913.84159778545,18.254492413635322,12.370785896885849,41.86675995328393,19.85131322586927,19.03398308457211,,-1841.6658443054464,50.0,91.66666666666666,0,3.552713678800501e-15,True,True,True
6215,和椿,電子工業,12,1,54403.543446159165,40425.22022699916,20.733428124454093,14.806984064697549,50.26164965176226,19.432025643404042,18.479833644990997,,9084.00667438605,41.66666666666667,75.0,12,1,54403.543446159165,40425.22022699917,20.733428124454097,14.806984064697554,50.26164965176226,19.432025643404042,18.479833644991004,,9084.00667438605,41.66666666666667,75.0,12,1,55820.04167440152,41055.3787934849,21.184979602080144,13.622307173618378,52.72951989672146,19.734936978323205,18.691463440002533,,10833.442037204406,41.66666666666667,66.66666666666666,0,0.0,False,True,True
3150,鈺寶-創,電子工業,12,1,6902.556833636527,4903.506074688273,20.303484040893537,14.16956103541995,40.722793607523634,19.496073056759695,18.881522699863563,,1400.7291303829843,33.33333333333333,58.333333333333336,12,1,6902.556833636527,4903.506074688273,20.303484040893537,14.169561035419942,40.722793607523634,19.4960730567597,18.881522699863563,,1400.7291303829843,33.33333333333333,58.333333333333336,12,1,6902.556833636527,4903.506074688273,20.303484040893537,14.169561035419942,40.722793607523634,19.4960730567597,18.881522699863563,,1400.7291303829843,33.33333333333333,58.333333333333336,0,-3.552713678800501e-15,False,True,True
4754,國碳科,化學工業,12,1,12660.218073891754,10121.636851902858,21.79162505564939,13.908590179892816,44.95947616790126,19.50209652535943,19.35417656416766,,1851.0291895382463,58.333333333333336,83.33333333333334,12,1,12660.218073891754,10121.63685190286,21.79162505564939,13.908590179892816,44.95947616790126,19.502096525359434,19.35417656416766,,1851.0291895382459,58.333333333333336,83.33333333333334,12,1,12778.027944196603,9877.099177689013,21.30186414554214,12.904165607686041,48.04154474312792,19.03092793905427,18.802132208845048,,1935.2254162743382,58.333333333333336,83.33333333333334,0,-3.552713678800501e-15,False,True,True
4433,興采,紡織纖維,12,1,69629.92939098799,58736.586981896915,19.291458893712722,21.328205575990467,29.32949235270109,19.524156724831368,19.210967672518876,,-17939.25907942029,66.66666666666666,83.33333333333334,12,1,69629.92939098798,58736.5869818969,19.29145889371273,21.328205575990474,29.32949235270109,19.52415672483136,19.210967672518883,,-17939.25907942029,66.66666666666666,83.33333333333334,12,1,71693.10366008659,61358.621937587064,20.203518062591538,21.682310614663177,30.85371189040289,20.395726287234762,20.119779538190265,,-18865.11367160064,66.66666666666666,83.33333333333334,0,7.105427357601002e-15,True,True,True
6499,益安,生技醫療業,12,1,8650.117744814002,6826.3482367365,20.82454721197183,12.574277496007626,37.033916371048406,19.530590413265305,19.577584320380545,,625.7292616663284,50.0,41.66666666666667,12,1,8650.117744814002,6826.3482367365,20.82454721197183,12.574277496007626,37.033916371048406,19.530590413265305,19.57758432038055,,625.7292616663281,50.0,41.66666666666667,12,1,8658.803233002865,6628.837187424256,20.431455007426493,12.857879359333529,37.08702338072541,18.96549949313729,18.87865385363736,,965.3029441583482,50.0,41.66666666666667,0,0.0,False,True,True
5546,永固-KY,建材營造,12,1,37417.8587030688,31810.050446038586,19.4545708717602,18.606003056772526,34.71835291592235,19.579914018834227,18.304806387417173,,12011.899216838201,25.0,58.333333333333336,12,1,37417.8587030688,31810.050446038575,19.4545708717602,18.60600305677252,34.71835291592235,19.57991401883422,18.304806387417173,,12011.899216838208,25.0,58.333333333333336,12,1,39545.581496163344,31777.738226197584,18.85846976630832,16.951293241732042,35.577513495592825,19.56002500648205,17.81447183219185,,10568.182008100875,25.0,50.0,0,7.105427357601002e-15,True,True,True
6231,系微,資訊服務業,12,1,30901.51614251584,27567.643508638237,20.681148625545642,19.630040632761503,37.49474857479536,19.580300483255165,19.814762061678806,,-1505.5684248185971,58.333333333333336,100.0,12,1,30901.51614251584,27567.643508638237,20.681148625545642,19.630040632761496,37.49474857479536,19.580300483255165,19.814762061678806,,-1505.568424818596,58.333333333333336,100.0,12,1,33068.83580378526,29696.233141994424,22.168930785943093,20.98712935738376,40.147473702914425,21.09216074122739,21.212234288769324,,-1882.7710226524057,58.333333333333336,100.0,0,0.0,False,True,True
8916,光隆,其他,12,1,163631.54285735937,139363.22872272242,18.89547848341515,19.84549568211306,29.450910534297098,19.588217317829347,19.623217509378023,,-20291.984948119487,41.66666666666667,41.66666666666667,12,1,163631.54285735937,139363.22872272242,18.89547848341515,19.84549568211306,29.450910534297098,19.588217317829347,19.623217509378023,,-20291.984948119487,41.66666666666667,41.66666666666667,12,1,162984.79986879535,139286.3655621728,18.836093325555325,18.956332242988346,29.33862832072794,19.57741380598207,19.547107794567275,,-19417.007103756743,41.66666666666667,50.0,0,0.0,False,True,True
2929,淘帝-KY,貿易百貨,12,1,34421.125927224864,28859.697000901633,20.83000403225553,20.305528422654177,33.36009644328647,19.642680285864326,20.076473375717807,,3791.656660731889,33.33333333333333,91.66666666666666,12,1,34421.125927224864,28859.697000901633,20.83000403225553,20.305528422654177,33.36009644328647,19.642680285864326,20.076473375717807,,3791.656660731887,33.33333333333333,91.66666666666666,12,1,38040.12731251914,31875.66220162094,23.071013297488683,22.883667289810543,37.36140361383322,21.695426722847746,22.304754010156618,,3239.6879938015904,33.33333333333333,91.66666666666666,0,0.0,False,True,True
5490,同亨,電腦及週邊設備業,12,1,28499.181906124493,25193.762645132705,19.980960144580507,18.397415636829308,32.359465192940604,19.67382763969451,19.812113005301953,,2651.222752799926,33.33333333333333,58.333333333333336,12,1,28499.181906124493,25193.762645132705,19.980960144580507,18.397415636829308,32.359465192940604,19.67382763969451,19.812113005301953,,2651.222752799926,33.33333333333333,58.333333333333336,12,1,29594.294286933895,27183.606189901726,21.506104871169317,19.43298333581164,32.81482043234784,21.227697916284885,21.51620314609163,,2798.140471456787,33.33333333333333,50.0,0,0.0,False,True,True
4161,聿新科,生技醫療業,12,1,16662.26858660288,13728.128997674743,19.76437260051076,19.05614526284967,33.78121362436781,19.677415066824285,19.733647959812984,,82.76857029461826,41.66666666666667,66.66666666666666,12,1,16662.26858660288,13728.128997674743,19.76437260051076,19.05614526284967,33.78121362436781,19.677415066824285,19.733647959812984,,82.76857029461826,41.66666666666667,66.66666666666666,12,1,17300.292534464967,14199.118691203223,20.40468984727215,19.28552148219288,34.579035458456886,20.35251505265091,20.39083743108798,,-105.66885811779139,50.0,58.333333333333336,0,0.0,False,True,True
6221,晉泰,資訊服務業,12,1,109144.55210733842,86341.059771271,21.126195473999534,19.03216753393743,39.50404013865001,19.74098783094637,18.845673499448555,,22790.515995996746,33.33333333333333,50.0,12,1,109144.5521073384,86341.059771271,21.12619547399953,19.03216753393743,39.50404013865001,19.74098783094637,18.845673499448555,,22790.515995996742,33.33333333333333,50.0,12,1,109618.80783916349,85224.44261974962,20.915668180969835,17.84731530196359,40.321002015413576,19.485684900238727,18.574703856623728,,20753.909051132567,41.66666666666667,58.333333333333336,0,0.0,False,True,True
5292,華懋,綠能環保,12,1,54098.978368986536,47073.157521637004,19.654548427121274,19.653089545307513,32.03715795359495,19.74239483537903,19.896857393913212,,-284.8118507097849,41.66666666666667,75.0,12,1,54098.978368986536,47073.157521637004,19.654548427121274,19.653089545307513,32.03715795359495,19.74239483537903,19.896857393913212,,-284.8118507097897,41.66666666666667,75.0,12,1,54098.978368986536,47073.157521637004,19.654548427121274,19.653089545307513,32.03715795359495,19.74239483537903,19.896857393913212,,-284.8118507097897,41.66666666666667,75.0,0,0.0,False,True,True
4148,全宇生技-KY,生技醫療業,12,1,58380.50269291371,48592.74768113575,21.758291692095426,20.683726779896283,37.81213381068713,19.74652715294088,20.81943765711356,,182.371232213792,58.333333333333336,75.0,12,1,58380.50269291371,48592.74768113575,21.758291692095426,20.683726779896283,37.81213381068713,19.74652715294088,20.81943765711356,,182.371232213792,58.333333333333336,75.0,12,1,60598.55620749373,50073.272342541655,22.673493812370722,21.816217004172213,39.696774449200056,20.348164677513296,21.61804474943719,,1009.9020807664516,58.333333333333336,66.66666666666666,0,0.0,False,True,True
4167,松瑞藥,生技醫療業,12,1,24481.49884734266,19789.018548113232,19.845192441330887,17.583713716448035,43.7465385140548,19.761188208053557,20.424484959150767,,-4404.035604226189,58.333333333333336,58.333333333333336,12,1,24481.49884734266,19789.018548113232,19.845192441330887,17.583713716448035,43.7465385140548,19.761188208053557,20.424484959150778,,-4404.035604226187,58.333333333333336,58.333333333333336,12,1,25414.82127776465,20518.498098578708,20.580969079461784,18.808921699304747,45.67436399266287,20.489641852969108,21.235504409558505,,-4306.506028877587,66.66666666666666,58.333333333333336,0,0.0,False,True,True
8416,實威,資訊服務業,12,1,36090.39157518475,27925.656905170847,22.115297827380154,13.293902832564267,32.352482078659186,19.764861066029958,20.113685619967544,,-294.74232053782424,58.333333333333336,66.66666666666666,12,1,36090.39157518475,27925.656905170847,22.11529782738015,13.29390283256426,32.352482078659186,19.764861066029958,20.113685619967544,,-294.74232053782424,58.333333333333336,66.66666666666666,12,1,39189.282788602315,29870.5827021119,23.71040537993657,14.546152291269143,35.16726466122535,21.141415547481017,21.17474484565495,,819.4697761139845,58.333333333333336,66.66666666666666,0,0.0,False,True,True
6811,宏碁資訊,數位雲端類,12,1,238497.07706344692,159143.44045424028,17.467401289439263,12.739283957253612,36.73500181398156,19.770302694908334,18.408450461140706,,-33925.87607453482,25.0,91.66666666666666,12,1,238497.07706344692,159143.44045424028,17.467401289439263,12.739283957253612,36.73500181398156,19.770302694908334,18.408450461140706,,-33925.87607453482,25.0,91.66666666666666,12,1,238497.07706344692,159143.44045424028,17.467401289439263,12.739283957253612,36.73500181398156,19.770302694908334,18.408450461140706,,-33925.87607453482,25.0,91.66666666666666,0,0.0,False,True,True
1626,艾美特-KY,電器電纜,12,1,151127.47056138035,128439.96231225102,22.021405459953193,18.711145369623477,37.993681616820375,19.77520589872995,21.186707045663354,,31567.897939225353,33.33333333333333,91.66666666666666,12,1,151127.47056138035,128439.96231225102,22.021405459953193,18.711145369623477,37.99368161682037,19.77520589872995,21.186707045663347,,31567.897939225353,33.33333333333333,91.66666666666666,12,1,155951.2430662822,132193.21634415866,22.535150556118808,17.475167524303092,40.87017217600255,20.353074109955145,21.648495837917096,,33076.95971091504,25.0,91.66666666666666,0,0.0,False,True,True
2365,昆盈,電腦及週邊設備業,12,1,17652.01216197256,15799.240817047132,20.020028835795774,18.41185073954947,33.42765823561979,19.798898873994794,19.545502811982686,,367.23481299294446,50.0,83.33333333333334,12,1,17652.01216197256,15799.240817047132,20.020028835795774,18.411850739549475,33.42765823561979,19.798898873994794,19.545502811982686,,367.2348129929439,50.0,83.33333333333334,12,1,18008.620875823915,16097.560857303592,20.392160880192677,18.42931415455043,34.265778222047565,20.172740147605282,19.824943620734,,558.0047436605,50.0,83.33333333333334,0,0.0,False,True,True
5474,聰泰,電腦及週邊設備業,12,1,28157.903210364453,24264.920519515043,19.98275326106885,17.1886124964644,36.323345020260064,19.835801036017003,19.807505096949043,,-4670.0968484514515,66.66666666666666,58.333333333333336,12,1,28157.903210364453,24264.920519515046,19.98275326106885,17.18861249646439,36.323345020260064,19.835801036017006,19.807505096949043,,-4670.096848451453,66.66666666666666,58.333333333333336,12,1,28428.7487442847,24546.16534296038,20.087043029334552,17.295714472280157,37.5045196644067,20.06570973717202,19.993444554268645,,-4814.6697631861825,66.66666666666666,58.333333333333336,0,-3.552713678800501e-15,False,True,True
6113,亞矽,電子通路業,12,1,13160.771934641123,10603.653811802498,19.102299434796297,18.269821747673223,31.99640313689623,19.839320354120538,20.145407858922514,,-2850.503783603221,58.333333333333336,33.33333333333333,12,1,13160.771934641123,10603.653811802498,19.102299434796297,18.269821747673223,31.99640313689623,19.839320354120538,20.145407858922514,,-2850.503783603221,58.333333333333336,33.33333333333333,12,1,13513.24416355509,11058.59766459906,19.84344088512816,19.295917498584902,31.69563017416427,20.690515328886935,20.960299522493433,,-3089.2091283564655,58.333333333333336,33.33333333333333,0,0.0,False,True,True
6160,欣技,電腦及週邊設備業,12,1,23352.456375752347,19714.772029965174,19.749580903919636,17.871191678190282,35.17920369295168,19.854081501836394,18.738042713088383,,6350.967951067254,33.33333333333333,50.0,12,1,23352.45637575235,19714.772029965177,19.749580903919636,17.871191678190282,35.17920369295169,19.854081501836397,18.738042713088383,,6350.967951067254,33.33333333333333,50.0,12,1,24037.099398219594,20139.72828671975,20.093698769473175,17.19845199280383,37.16102336352374,20.282040604964585,19.050590415378608,,6301.309467578204,33.33333333333333,58.333333333333336,0,-3.552713678800501e-15,False,True,True
2014,中鴻,鋼鐵工業,12,1,369884.4559150613,314766.41366435884,21.210532676610196,16.569487894960172,36.00049026003787,19.85745730329029,19.77290034434156,,72371.29532707135,50.0,50.0,12,1,369884.45591506123,314766.41366435884,21.210532676610192,16.569487894960165,36.00049026003787,19.85745730329029,19.77290034434156,,72371.29532707138,50.0,50.0,12,1,383751.1979100348,327824.7001750036,22.067753338552343,18.099891415587518,39.05097222661218,20.681256652847836,20.57502829402825,,72317.55185368664,41.66666666666667,41.66666666666667,0,0.0,False,True,True
6821,聯寶,電子零組件業,12,1,12069.216388775523,9642.977190677053,19.025893318787492,14.931538734795726,34.63988567144446,19.877679778905833,18.86294875623796,,726.7875138615054,33.33333333333333,58.333333333333336,12,1,12069.216388775523,9642.97719067705,19.025893318787492,14.931538734795726,34.63988567144447,19.877679778905826,18.862948756237955,,726.7875138615049,33.33333333333333,58.333333333333336,12,1,12069.216388775523,9642.97719067705,19.025893318787492,14.931538734795726,34.63988567144447,19.877679778905826,18.862948756237955,,726.7875138615049,33.33333333333333,58.333333333333336,0,7.105427357601002e-15,True,True,True
8064,東捷,光電業,12,1,82675.07297534276,47590.66531604349,16.77427738695183,16.615629364274735,27.006541532901757,19.89379478174964,18.47031101004067,,-32146.969000972065,75.0,58.333333333333336,12,1,82675.07297534276,47590.66531604348,16.77427738695183,16.615629364274735,27.006541532901757,19.893794781749637,18.470311010040664,,-32146.96900097206,75.0,58.333333333333336,12,1,83568.9523039965,47786.67432964559,16.834093991721204,16.12675536213377,27.528594708754557,19.975730242539655,18.51879111975345,,-31817.596970178205,75.0,66.66666666666666,0,3.552713678800501e-15,True,True,True
4417,金洲,紡織纖維,12,1,72472.33550517308,58001.91264580501,21.023736206430677,23.199326684544435,41.01286189238625,19.937221357148935,19.67101593756664,,17886.516655214695,41.66666666666667,58.333333333333336,12,1,72472.33550517308,58001.912645805016,21.02373620643068,23.199326684544445,41.01286189238625,19.93722135714894,19.67101593756664,,17886.516655214702,41.66666666666667,58.333333333333336,12,1,76148.38133244506,60780.17273172146,22.068487478058675,24.899375515640163,43.82513752564915,20.89220342229044,20.58188351780462,,19387.56280996431,41.66666666666667,58.333333333333336,0,-3.552713678800501e-15,False,True,True
7732,金興精密,汽車工業,12,1,22316.469292131915,18154.0,21.03072452165019,16.613699558712536,35.95184554043508,19.943661043451673,19.377519571803777,,6230.166666666667,33.33333333333333,8.333333333333332,12,1,22316.469292131915,18154.0,21.03072452165019,16.613699558712536,35.95184554043508,19.943661043451673,19.377519571803777,,6230.166666666667,33.33333333333333,8.333333333333332,12,1,22316.469292131915,18154.0,21.03072452165019,16.613699558712536,35.95184554043508,19.943661043451673,19.377519571803777,,6230.166666666667,33.33333333333333,8.333333333333332,0,0.0,False,True,True
7703,銳澤,其他電子類,12,1,52331.87784778775,42635.1856630811,19.536730128710712,16.265856179167372,37.973839879163215,19.950812541363117,19.158739531024036,,-4983.481003585567,58.333333333333336,0.0,12,1,52331.87784778775,42635.1856630811,19.536730128710712,16.265856179167372,37.973839879163215,19.950812541363117,19.158739531024036,,-4983.481003585567,58.333333333333336,0.0,12,1,52331.87784778775,42635.1856630811,19.536730128710712,16.265856179167372,37.973839879163215,19.950812541363117,19.158739531024036,,-4983.481003585567,58.333333333333336,0.0,0,0.0,False,True,True
4406,新昕纖,紡織纖維,12,1,9919.263659514498,7976.682330584245,21.15380863348102,21.079649167326163,32.13422742521658,19.97166332144278,19.28401892962075,,1899.5527484481136,41.66666666666667,58.333333333333336,12,1,9919.263659514496,7976.682330584244,21.15380863348102,21.079649167326163,32.13422742521658,19.971663321442772,19.28401892962075,,1899.5527484481133,41.66666666666667,58.333333333333336,12,1,10074.798013351061,8201.112599437954,21.635866054532226,20.5250589377788,34.85348566569638,20.53358187140199,19.767825890636257,,1955.0992708398223,41.66666666666667,66.66666666666666,0,7.105427357601002e-15,True,True,True
2851,中再保,金融保險,12,1,439523.0945186504,381178.9583580257,21.0774044573681,22.918688773948176,37.64836804074883,19.975855499549546,21.302274875745432,,-60863.30442520231,58.333333333333336,66.66666666666666,12,1,439523.0945186504,381178.9583580257,21.077404457368097,22.918688773948176,37.64836804074883,19.975855499549546,21.302274875745432,,-60863.30442520229,58.333333333333336,66.66666666666666,12,1,438834.1869662429,379346.5139965384,20.870425530167825,22.532289130684813,38.42365024215327,19.87982542503097,21.11968183078021,,-59157.701150462344,58.333333333333336,66.66666666666666,0,0.0,False,True,True
4972,湯石照明,光電業,12,1,20864.209320104106,15548.256223628465,18.642294628854327,21.440247323801856,35.47185011085158,20.000072321720154,18.474281227335236,,2253.772681966397,25.0,83.33333333333334,12,1,20864.209320104106,15548.256223628465,18.642294628854327,21.440247323801856,35.47185011085158,20.000072321720154,18.474281227335236,,2253.772681966397,25.0,83.33333333333334,12,1,21941.917882798778,16198.883813726161,19.351945582607957,21.252063232333356,37.33417107036722,20.83698925113667,19.390935946377205,,1560.9624207058623,33.33333333333333,83.33333333333334,0,0.0,False,True,True
4977,眾達-KY,電子工業,12,1,22234.396622946148,17945.19345754497,22.375833442104224,15.542963972225163,44.70042482491085,20.032309727253157,20.406110802521074,,8506.621780268422,33.33333333333333,66.66666666666666,12,1,22234.396622946148,17945.193457544967,22.375833442104224,15.542963972225163,44.70042482491083,20.032309727253153,20.40611080252107,,8506.62178026842,33.33333333333333,66.66666666666666,12,1,23247.497912729228,19016.61268804707,23.650009855028355,16.831280188212748,48.96075724156927,21.22834040387589,21.30957014738597,,10131.884349526936,25.0,58.333333333333336,0,3.552713678800501e-15,True,True,True
3036,文曄,電子通路業,12,1,22975462.773199245,19666128.467447083,21.415152088939937,18.295505502668526,40.2915578253537,20.034276546882946,20.48805681990149,,342827.10080356774,50.0,50.0,12,1,22975462.773199245,19666128.467447083,21.415152088939937,18.295505502668526,40.2915578253537,20.034276546882946,20.488056819901495,,342827.10080357146,50.0,50.0,12,1,23618586.21507545,20127362.46835135,21.90013975992378,18.70821971889306,40.03448506757874,20.50414480500182,20.93230732197451,,407377.03924120404,50.0,50.0,0,0.0,False,True,True
3661,世芯-KY,電子工業,12,1,633986.1794386015,518510.2622809619,21.85544877802235,16.785628913047873,43.93390849285239,20.044657102436712,18.836157118525133,,518510.2622809619,0.0,33.33333333333333,12,1,633986.1794386015,518510.2622809619,21.855448778022346,16.785628913047873,43.93390849285239,20.044657102436712,18.836157118525133,,518510.2622809619,0.0,33.33333333333333,12,1,638253.6450682224,525297.3801417007,22.264357480930787,16.887381865360574,44.72773097506697,20.30703464851239,19.189523128114352,,525297.3801417007,0.0,33.33333333333333,0,0.0,False,True,True
3708,上緯投控,綠能環保,12,1,193668.2640751406,109551.83767805733,115.07266349342453,8.493795102740641,169.8583681727454,23.34692317429516,37.4352568976051,,76831.09338507953,25.0,75.0,12,1,188200.10117280422,94585.88954736321,94.24645345832155,8.493795102740641,58.97606440850666,20.157484743653605,29.140504843591607,,53037.31192105208,33.33333333333333,75.0,12,1,188203.38662081992,95857.92793256712,94.27354875402047,8.434438508068368,58.959093618530645,20.428572687804614,29.457689703313438,,53435.00196653953,33.33333333333333,66.66666666666666,3,3.1894384306415553,True,True,True
1540,喬福,電機機械,12,1,10753.163933260159,8330.520574254266,20.10129550463079,15.570365798940387,41.945404860534346,20.177306770571388,20.76725055281574,,-1492.7451627990577,41.66666666666667,100.0,12,1,10753.163933260157,8330.520574254266,20.10129550463079,15.570365798940378,41.945404860534346,20.177306770571388,20.76725055281573,,-1492.7451627990583,41.66666666666667,100.0,12,1,11608.91229847794,8929.331311559785,20.96000573654515,14.949356728319929,44.49933441462253,21.627682870891757,21.73107497935334,,-1322.9299366066318,33.33333333333333,100.0,0,0.0,False,True,True
9949,琉園,文化創意業,12,1,2952.2276604076587,2366.6231511019555,19.376546725382436,14.534058367063151,34.71554651650645,20.18843679852669,19.276579691565363,,0.07526115047812709,41.66666666666667,83.33333333333334,12,1,2952.2276604076587,2366.6231511019555,19.376546725382436,14.534058367063151,34.71554651650645,20.18843679852669,19.276579691565363,,0.07526115047812709,41.66666666666667,83.33333333333334,12,1,2999.3358423623463,2381.6910159979493,19.55405647639269,14.591792009917048,35.069988639896344,20.316972952666763,19.423543547342863,,-38.05607339268545,41.66666666666667,83.33333333333334,0,0.0,False,True,True
2354,鴻準,其他電子業,12,1,3175453.397236764,2628901.5004017134,21.055852697717388,25.986782551716615,36.54532071068189,20.200008842042244,21.642027207861766,,-317267.3867168009,58.333333333333336,58.333333333333336,12,1,3175453.3972367644,2628901.5004017144,21.05585269771739,25.98678255171662,36.54532071068189,20.20000884204225,21.642027207861766,,-317267.38671680074,58.333333333333336,58.333333333333336,12,1,3386789.040743828,2776353.8838434713,21.91008148155398,24.75013270116675,35.80193545780693,21.333006578491695,22.8153455512787,,-488417.7382482216,66.66666666666666,58.333333333333336,0,-7.105427357601002e-15,False,True,True
8033,雷虎,其他,12,1,30998.36329265681,24058.558549470414,21.193904173842785,15.635692541057084,45.01171517847264,20.28115890203491,19.50581557856118,,5757.609237171014,41.66666666666667,75.0,12,1,30998.36329265681,24058.558549470414,21.193904173842782,15.635692541057084,45.01171517847265,20.28115890203491,19.505815578561183,,5757.609237171014,41.66666666666667,75.0,12,1,31973.826960079714,24809.092608195107,21.948932620475677,17.369091764914984,48.24436015210083,20.913852688534423,19.981993873116856,,6732.469387847094,41.66666666666667,75.0,0,0.0,False,True,True
1760,寶齡富錦,生技醫療業,12,1,42406.67741027839,34910.36688261263,20.043599949028902,21.02387565248089,35.57644267600127,20.302705573703474,19.74689962535725,,-4716.269074988754,41.66666666666667,100.0,12,1,42406.67741027839,34910.36688261264,20.043599949028902,21.02387565248089,35.57644267600127,20.302705573703477,19.746899625357255,,-4716.269074988758,41.66666666666667,100.0,12,1,45917.20999908242,38005.40060035359,21.674523882818946,24.09019334695271,36.83844223791151,22.10267400495122,21.408324032615848,,-5382.548046144115,41.66666666666667,100.0,0,-3.552713678800501e-15,False,True,True
8482,商億-KY,居家生活,12,1,68486.71389877719,58039.87498915209,21.385173747083176,22.451191679741708,37.42247361060598,20.335376175775046,19.955093420555713,,11968.293231806854,50.0,83.33333333333334,12,1,68486.71389877719,58039.87498915209,21.385173747083176,22.451191679741708,37.42247361060598,20.335376175775046,19.955093420555713,,11968.293231806854,50.0,83.33333333333334,12,1,69979.84155519014,59736.28589401435,22.006404608831954,22.84447956201428,37.337340868787244,20.929746062090423,20.54405138126392,,12425.33774404563,50.0,75.0,0,0.0,False,True,True
6236,中湛,數位雲端類,12,1,808.3203967813208,613.303529447614,21.036109193334184,15.27549978971246,48.440017034635474,20.361439627531798,18.501135369809845,,380.05321603290486,41.66666666666667,33.33333333333333,12,1,808.3203967813208,613.3035294476141,21.036109193334184,15.27549978971246,48.440017034635474,20.361439627531798,18.501135369809848,,380.0532160329048,41.66666666666667,33.33333333333333,12,1,835.6681834365439,639.8594945807728,21.947919676956516,18.047874667576245,48.06352008866697,21.243087384062175,19.38607402567776,,396.0952255939499,41.66666666666667,33.33333333333333,0,0.0,False,True,True
3086,華義*,文化創意業,12,1,3267.466977321219,2712.09690126126,20.32599971948126,18.895886213149193,30.064266776895238,20.406409891297063,19.91474063327846,,-402.5513062730676,58.333333333333336,58.333333333333336,12,1,3267.4669773212186,2712.09690126126,20.32599971948126,18.895886213149193,30.06426677689523,20.406409891297063,19.91474063327846,,-402.5513062730676,58.333333333333336,58.333333333333336,12,1,3341.480991986015,2735.8882983500007,20.48960744350691,19.365887936094563,30.167069966920206,20.58542156328182,20.06169845294304,,-411.1796517372054,58.333333333333336,58.333333333333336,0,0.0,False,True,True
5301,寶得利,觀光餐旅,12,1,5359.550527750004,3971.8263371181206,22.600236319443187,14.914280426140747,45.104698052609415,20.429716646771045,21.316724535635597,,506.360474827849,41.66666666666667,83.33333333333334,12,1,5359.550527750004,3971.82633711812,22.60023631944318,14.91428042614073,45.104698052609415,20.42971664677104,21.316724535635597,,506.36047482784835,41.66666666666667,83.33333333333334,12,1,5338.399573629152,4114.890836012416,23.379970653421108,15.859007927001665,45.16354665444065,21.165591513028026,22.36891204487926,,496.2363021583671,41.66666666666667,83.33333333333334,0,3.552713678800501e-15,True,True,True
8024,佑華,半導體業,12,1,3513.9544586499887,2622.0014828739654,22.563372358776565,16.062174300968536,58.27870305351396,20.460143446234007,20.127912207049434,,965.3598444201792,33.33333333333333,83.33333333333334,12,1,3513.954458649988,2622.0014828739645,22.563372358776558,16.062174300968536,58.27870305351394,20.460143446234003,20.127912207049427,,965.359844420179,33.33333333333333,83.33333333333334,12,1,3596.800750059346,2633.3433944994467,22.7072250628493,15.597544773569322,60.31780668022117,20.54864726300436,20.13381431915535,,1006.4831782396687,33.33333333333333,75.0,0,3.552713678800501e-15,True,True,True
5438,東友,電腦及週邊設備業,12,1,28660.840619256527,22127.268471979205,22.465961474630557,15.56653266361742,45.55214521527076,20.463106348210953,19.907644384138266,,5787.67273007274,41.66666666666667,58.333333333333336,12,1,28660.840619256527,22127.268471979205,22.465961474630557,15.56653266361741,45.55214521527076,20.463106348210953,19.907644384138266,,5787.672730072737,41.66666666666667,58.333333333333336,12,1,29552.37593273759,22774.122733821638,23.104619376850355,15.487054583582955,49.80532419172948,21.06131157036195,20.40762991789218,,6085.905924096448,41.66666666666667,58.333333333333336,0,0.0,False,True,True
4714,永捷,化學工業,12,1,33308.11605132244,26134.754213665496,20.267784045388083,15.935450768762438,35.909400760787946,20.51286239364672,20.424180926362258,,-6895.67951348609,66.66666666666666,33.33333333333333,12,1,33308.11605132244,26134.754213665496,20.267784045388083,15.935450768762438,35.909400760787946,20.51286239364672,20.424180926362258,,-6895.679513486089,66.66666666666666,33.33333333333333,12,1,33999.96782605571,26557.509172082933,20.575840254478997,14.164205215671688,36.012534176362756,20.844677807610484,20.677995554754858,,-6995.984300630315,66.66666666666666,33.33333333333333,0,0.0,False,True,True
9955,佳龍,綠能環保,12,1,32199.65373293528,25783.483361019582,19.976129784533615,17.07123854835009,33.493723640664314,20.5302125688916,21.39943861368211,,-10119.519534848227,58.333333333333336,58.333333333333336,12,1,32199.653732935276,25783.48336101958,19.976129784533615,17.07123854835009,33.4937236406643,20.530212568891596,21.399438613682108,,-10119.519534848225,58.333333333333336,58.333333333333336,12,1,31962.87024732947,25901.425538170733,20.183444947871067,17.301188525001898,33.831758405725395,20.62412454865969,21.561527557035454,,-10040.076339763576,58.333333333333336,50.0,0,3.552713678800501e-15,True,True,True
6024,群益期,金融保險,12,1,61447.496329598594,49719.519869361415,20.36826570364343,21.00596284050336,37.33649690822402,20.56882104367976,19.457220784801066,,5987.128087173301,41.66666666666667,75.0,12,1,61447.496329598594,49719.5198693614,20.36826570364343,21.00596284050336,37.33649690822402,20.568821043679755,19.457220784801063,,5987.128087173306,41.66666666666667,75.0,12,1,61687.74528151276,49677.745894531465,20.420453304786335,20.361942699428422,38.023674690106446,20.551539271554482,19.524375670941904,,6217.2776226068745,41.66666666666667,75.0,0,3.552713678800501e-15,True,True,True
2520,冠德,建材營造,12,1,529560.9672531715,393394.1432062613,20.855271879899977,14.90176627087909,42.4645420188491,20.638163291865496,20.99645088369753,,-98438.15789024044,66.66666666666666,58.333333333333336,12,1,529560.9672531715,393394.1432062613,20.855271879899977,14.901766270879085,42.4645420188491,20.638163291865496,20.99645088369753,,-98438.15789024041,66.66666666666666,58.333333333333336,12,1,554758.8972038246,417006.2045675095,21.865862843123978,14.431849524074943,43.4012299406651,21.87689443834189,22.292112238652205,,-124329.10645390976,66.66666666666666,58.333333333333336,0,0.0,False,True,True
2392,正崴,電子零組件業,12,1,2292133.7749783625,1625161.7784343606,18.996242816109472,11.607778693798819,36.83801515839116,20.645569201296016,19.637263246808725,,41926.25751625964,16.666666666666664,83.33333333333334,12,1,2292133.7749783625,1625161.7784343606,18.99624281610947,11.607778693798819,36.83801515839116,20.645569201296016,19.637263246808725,,41926.25751625956,16.666666666666664,83.33333333333334,12,1,2328423.595292788,1655489.922921432,19.330995156880494,12.164184778895667,36.60936879154873,21.030848878718615,20.068060617098617,,2275.068324126769,25.0,66.66666666666666,0,0.0,False,True,True
1713,國化,化學生技醫療,12,1,8942.851349537414,7950.652568540194,21.587513979351858,23.858952481061056,34.53771284717359,20.738984312807407,20.72831367260905,,775.0369379917951,50.0,58.333333333333336,12,1,8942.851349537412,7950.652568540193,21.587513979351858,23.858952481061056,34.53771284717359,20.738984312807403,20.72831367260905,,775.0369379917944,50.0,58.333333333333336,12,1,9266.806729350421,8158.19508047797,22.178008607909007,25.507281160830054,35.098912141276756,21.280351309064983,21.321618910443004,,817.6330328347282,50.0,58.333333333333336,0,3.552713678800501e-15,True,True,True
6643,M31,半導體業,12,1,38980.41072148623,30942.922390314223,20.436353897005887,19.706780071284946,34.50916858028934,20.835008839440626,21.91623549371542,,-15089.51306796832,66.66666666666666,66.66666666666666,12,1,38980.41072148623,30942.922390314223,20.436353897005883,19.70678007128494,34.50916858028934,20.835008839440626,21.916235493715423,,-15089.51306796832,66.66666666666666,66.66666666666666,12,1,39164.10344874781,30909.242135712488,20.259786424529377,19.42901639940328,36.06839841222689,20.81233068404567,21.750192376954733,,-15514.849879562671,66.66666666666666,66.66666666666666,0,0.0,False,True,True
5014,建錩,鋼鐵工業,12,1,308340.05262635084,259829.00980967694,22.410956156364385,18.96110908327925,41.17108273975392,20.851614139181983,20.572801624945313,,39109.83696832205,58.333333333333336,41.66666666666667,12,1,308340.05262635084,259829.00980967694,22.41095615636438,18.961109083279243,41.17108273975392,20.851614139181983,20.572801624945313,,39109.83696832207,58.333333333333336,41.66666666666667,12,1,323977.06659399107,272344.9075779307,23.458924664821463,20.416390974288067,42.37934918911051,21.856031125030636,21.48174522741188,,39950.025518942624,58.333333333333336,33.33333333333333,0,0.0,False,True,True
6150,撼訊,電腦及週邊設備業,12,1,168113.52303765895,132035.81255861756,20.257610090806345,18.034489818834682,42.922869232237126,20.929470181591984,21.336554778664794,,-22140.389265907794,41.66666666666667,66.66666666666666,12,1,168113.52303765895,132035.8125586176,20.257610090806345,18.034489818834682,42.922869232237126,20.92947018159199,21.336554778664794,,-22140.389265907812,41.66666666666667,66.66666666666666,12,1,173512.35037789497,136457.1335333402,21.104472851726577,18.84413243647615,44.2987468927965,21.63030962591035,22.191691485554212,,-23299.336435848487,41.66666666666667,66.66666666666666,0,-7.105427357601002e-15,False,True,True
7402,邑錡,光電業,12,1,10720.876886561378,9090.52800701758,24.48411971512912,19.126982516941307,51.02059952195942,20.942338211060505,21.876099257561226,,1287.3914728485277,58.333333333333336,66.66666666666666,12,1,10720.876886561377,9090.52800701758,24.484119715129115,19.126982516941307,51.0205995219594,20.942338211060505,21.876099257561226,,1287.3914728485258,58.333333333333336,66.66666666666666,12,1,10850.234753477262,9161.497966143841,24.66583991207354,20.664323231647984,50.95182654388155,21.105835522294786,22.015412593827012,,1400.7818341867885,58.333333333333336,66.66666666666666,0,0.0,False,True,True
8054,安國,半導體業,12,1,64074.85262299394,50319.04744879364,23.017562545067687,17.800500313733636,45.58865343450378,20.960993131434748,22.475040370537567,,-16009.390824341646,75.0,75.0,12,1,64074.85262299394,50319.04744879365,23.017562545067683,17.800500313733643,45.58865343450378,20.96099313143475,22.475040370537567,,-16009.390824341654,75.0,75.0,12,1,64275.05296145224,50428.68211109397,23.540344213698724,16.64081827115124,45.46507202447804,21.006662744035882,22.89629987746887,,-14618.423769072162,66.66666666666666,66.66666666666666,0,-3.552713678800501e-15,False,True,True
6229,研通,半導體業,12,1,43882.693569723444,37789.83463522977,22.43065815551841,16.600715960937297,38.09425073130879,21.070136784701884,21.66112475406983,,4482.730266203672,41.66666666666667,41.66666666666667,12,1,43882.69356972343,37789.83463522976,22.4306581555184,16.600715960937283,38.09425073130879,21.07013678470188,21.661124754069824,,4482.73026620367,41.66666666666667,41.66666666666667,12,1,46036.240660124065,39803.62766515259,23.642553722410124,17.622566635391195,41.996629974325685,22.19294917607966,22.72795971754168,,4932.681529166115,41.66666666666667,41.66666666666667,0,3.552713678800501e-15,True,True,True
2102,泰豐,橡膠工業,12,1,6085.383679273485,4684.069086439592,21.37119818753187,18.768127833920644,44.310660380342746,21.142902455981186,21.433543479479734,,2.0363948671849053,41.66666666666667,75.0,12,1,6085.3836792734855,4684.069086439592,21.371198187531867,18.768127833920637,44.310660380342746,21.14290245598119,21.433543479479734,,2.0363948671849053,41.66666666666667,75.0,12,1,6341.758423390631,5008.704272078572,22.85267588772494,20.420182773978045,48.76843094428599,22.608237389578736,22.73867919190787,,102.953544161423,41.66666666666667,75.0,0,-3.552713678800501e-15,False,True,True
4108,懷特,生技醫療業,12,1,2871.6040373401006,2372.7690792352796,21.09955699578898,19.647332379015577,31.56562403467666,21.157574437551258,20.385356493172303,,154.02626168433758,50.0,75.0,12,1,2871.6040373401006,2372.76907923528,21.09955699578899,19.647332379015577,31.56562403467666,21.15757443755126,20.38535649317231,,154.0262616843373,50.0,75.0,12,1,2913.720497906688,2414.752697294554,21.51185219982776,19.841967851352354,33.424094240320485,21.531935150534377,20.912134054871764,,117.54609156533934,50.0,66.66666666666666,0,-3.552713678800501e-15,False,True,True
4123,晟德,生技醫療業,12,1,31926.01132054311,26791.157052167895,21.274019383286227,20.178269923471788,39.641109677890405,21.204063120454215,21.638656308354555,,-4330.086952580445,50.0,66.66666666666666,12,1,31926.01132054311,26791.157052167895,21.274019383286227,20.178269923471788,39.641109677890405,21.204063120454215,21.638656308354555,,-4330.086952580448,50.0,66.66666666666666,12,1,31481.84332908444,26488.571025918154,20.97086250769556,20.58536062189053,38.394150120207556,20.964579129991485,21.452414239756408,,-5025.132115661409,50.0,66.66666666666666,0,0.0,False,True,True
3691,碩禾,光電業,12,1,153905.97296257794,102610.63693362805,17.55545715654401,13.644226041285737,31.735472318531926,21.208063313139704,20.318435357678567,,-87378.46973901134,66.66666666666666,66.66666666666666,12,1,153905.97296257794,102610.63693362805,17.55545715654401,13.644226041285737,31.735472318531926,21.208063313139704,20.318435357678574,,-87378.46973901134,66.66666666666666,66.66666666666666,12,1,159531.77870608677,108180.69968356867,18.74067391066605,13.938731927855336,33.58564901752689,22.3593108542237,21.705558269345275,,-89181.10931981135,66.66666666666666,58.333333333333336,0,0.0,False,True,True
4523,永彰,電機機械,12,1,13070.76106413946,10165.937961381198,23.19482978443709,18.908496081427806,52.70509918728633,21.247279550043434,19.823329422519993,,5891.395097010184,33.33333333333333,66.66666666666666,12,1,13070.76106413946,10165.937961381198,23.19482978443709,18.9084960814278,52.70509918728633,21.247279550043434,19.823329422519993,,5891.395097010184,33.33333333333333,66.66666666666666,12,1,13636.994630298894,10605.54553907988,24.061437219659467,17.98365357707415,54.5512031057346,22.16607967760316,20.513150771643208,,6177.374910150208,50.0,66.66666666666666,0,0.0,False,True,True
8067,志旭,電子通路業,12,1,2453.5504526654245,1900.792143581416,20.11527917897795,14.115551187515733,37.192317521994596,21.290830764542196,19.070654654077003,,420.8762624526252,33.33333333333333,66.66666666666666,12,1,2453.5504526654245,1900.792143581416,20.11527917897795,14.115551187515733,37.192317521994596,21.290830764542196,19.070654654077003,,420.8762624526252,33.33333333333333,66.66666666666666,12,1,2589.5532190279628,1963.4677290943685,20.67576271705016,14.286428147596105,39.67057812622328,21.99286190915257,19.48689048685074,,449.2697831583254,33.33333333333333,75.0,0,0.0,False,True,True
8472,夠麻吉,數位雲端類,12,1,12551.15824124222,8862.866963787967,23.363033545775266,16.59948357260263,55.51015692204147,21.301384295402137,23.542068175551446,,-2215.6649113443327,58.333333333333336,66.66666666666666,12,1,12551.158241242218,8862.866963787967,23.36303354577526,16.59948357260263,55.51015692204145,21.301384295402137,23.542068175551442,,-2215.6649113443327,58.333333333333336,66.66666666666666,12,1,12656.061603643719,9190.004621009604,24.150471378095748,16.459804656647712,55.91710498308275,22.08764059175044,24.466862983189884,,-2391.421462101742,58.333333333333336,66.66666666666666,0,0.0,False,True,True
3556,禾瑞亞,半導體業,12,1,23096.662910959545,17198.485514247852,21.23085020361932,17.695262274584632,52.56296638453391,21.332160461221893,21.493023401655563,,-1278.4342521095325,41.66666666666667,50.0,12,1,23096.662910959545,17198.485514247852,21.230850203619315,17.695262274584625,52.56296638453391,21.332160461221893,21.493023401655563,,-1278.4342521095289,41.66666666666667,50.0,12,1,23527.607214855412,17547.91361445146,21.638424365720425,17.76209698466829,53.483948191092466,21.76557399039736,21.861400598062506,,-1290.5802499040371,50.0,50.0,0,0.0,False,True,True
3522,御嵿,觀光餐旅,12,1,30709.222938872692,20296.12641485506,20.149456504575035,13.233485375611693,32.21022579566374,21.33253192417104,19.070867560517755,,516.1867893284198,41.66666666666667,66.66666666666666,12,1,30709.222938872685,20296.126414855058,20.149456504575024,13.233485375611693,32.21022579566374,21.332531924171033,19.070867560517748,,516.1867893284161,41.66666666666667,66.66666666666666,12,1,32261.51408941028,21296.40185684047,21.51299527185978,15.531467274625507,31.725797787576475,22.383885633886806,20.084599659937094,,1303.591724065897,41.66666666666667,66.66666666666666,0,7.105427357601002e-15,True,True,True
2434,統懋,半導體業,12,1,985.2314425479259,810.447118863293,22.43897552480129,19.226253996603614,42.58175023945016,21.35049818085117,22.959889328187945,,-62.18724738315109,50.0,75.0,12,1,985.2314425479258,810.4471188632932,22.43897552480129,19.226253996603614,42.58175023945016,21.350498180851176,22.959889328187945,,-62.18724738315109,50.0,75.0,12,1,1030.6979881930988,842.3579461446683,23.288922385959975,20.349808724201164,43.29090353326683,22.191160136409778,23.788209464552587,,-48.348673083255356,50.0,75.0,0,-7.105427357601002e-15,False,True,True
4304,勝昱,塑膠工業,12,1,7659.402482363073,6224.994389228698,21.368627161709977,19.659124423213214,37.05509852596493,21.35284323818715,21.3168637304438,,349.61024339849183,41.66666666666667,58.333333333333336,12,1,7659.402482363073,6224.994389228698,21.368627161709977,19.659124423213214,37.05509852596493,21.35284323818715,21.3168637304438,,349.61024339849183,41.66666666666667,58.333333333333336,12,1,7778.158480996465,6284.163104248862,21.498507818571714,18.97810625321097,38.03255175770756,21.5558025048841,21.469623254013527,,364.17337747203993,41.66666666666667,58.333333333333336,0,0.0,False,True,True
1445,大宇,紡織纖維,12,1,15869.76149779211,13711.10414863335,21.533964412163357,23.63377998295266,36.42531481981718,21.36540176804852,21.90283703071866,,-2064.9358034016045,58.333333333333336,50.0,12,1,15869.76149779211,13711.104148633347,21.533964412163357,23.63377998295266,36.42531481981718,21.365401768048514,21.90283703071866,,-2064.935803401604,58.333333333333336,50.0,12,1,16316.592751526314,14017.301187925155,21.977280590695777,23.900957577336843,37.66102748153379,21.842534951032068,22.469105446156302,,-2162.0993864130487,58.333333333333336,50.0,0,7.105427357601002e-15,True,True,True
2359,所羅門,電子工業,12,1,89107.48806563011,75750.93336414441,22.006894819094484,22.565008358834202,34.89074734712771,21.42083168758804,21.558924022105234,,-3563.526148688727,58.333333333333336,66.66666666666666,12,1,89107.4880656301,75750.93336414441,22.006894819094484,22.565008358834206,34.8907473471277,21.42083168758804,21.558924022105234,,-3563.526148688725,58.333333333333336,66.66666666666666,12,1,91057.50249806119,76968.29078080908,22.44117441238478,23.951606420130073,36.8437387854561,21.76507574066995,21.938788569967517,,-2705.4931828220747,58.333333333333336,66.66666666666666,0,0.0,False,True,True
3622,洋華,電子工業,12,1,40137.95223054732,30865.314854638767,20.798628264951713,17.315775047111217,26.43441701818714,21.463647151837336,23.451330694234287,,-12741.536352461044,58.333333333333336,58.333333333333336,12,1,40137.95223054732,30865.31485463878,20.798628264951713,17.315775047111217,26.43441701818714,21.463647151837346,23.451330694234287,,-12741.536352461044,58.333333333333336,58.333333333333336,12,1,40319.788231312974,31074.412789287595,20.924784269922167,18.403792226434966,27.261249897256462,21.609053226928964,23.760522100300825,,-13573.80061038575,58.333333333333336,58.333333333333336,0,-1.0658141036401503e-14,False,True,True
8450,霹靂,文化創意業,12,1,5155.658663280126,4205.292778376333,22.85114898404546,18.858635086353843,55.094342493243964,21.502933050049002,21.506093408962677,,-172.49273244900905,58.333333333333336,58.333333333333336,12,1,5155.658663280125,4205.2927783763325,22.85114898404546,18.858635086353843,55.09434249324394,21.502933050049,21.506093408962677,,-172.49273244900905,58.333333333333336,58.333333333333336,12,1,5270.875321997207,4352.12562082395,23.738313310685278,19.800016504210816,55.31947431634651,22.253733754564646,22.281961318201425,,-147.82888565137742,58.333333333333336,58.333333333333336,0,3.552713678800501e-15,True,True,True
5348,正能量智能,運動休閒類,12,1,6081.065478665231,4808.167070859731,23.51122595291308,13.50888795257783,53.063677828750535,21.54068038435457,22.5677545315794,,639.5020001180718,41.66666666666667,41.66666666666667,12,1,6081.065478665231,4808.167070859731,23.511225952913072,13.50888795257783,53.063677828750514,21.54068038435457,22.567754531579396,,639.5020001180716,41.66666666666667,41.66666666666667,12,1,6522.7967379543325,5076.0182350150835,24.87567507434655,14.245742119232649,56.29826723628604,22.740658719678112,24.05142554997666,,609.7561468463961,33.33333333333333,41.66666666666667,0,0.0,False,True,True
1316,上曜,建材營造,12,1,97715.45528075188,80654.75152898722,20.914070137016473,18.35165465342837,36.67793122626282,21.589200288549424,24.089942233291513,,-80654.75152898722,100.0,25.0,12,1,97715.45528075188,80654.75152898722,20.914070137016473,18.351654653428376,36.67793122626282,21.589200288549424,24.089942233291513,,-80654.75152898722,100.0,25.0,12,1,101301.18758346376,84085.90050591221,21.763895386027528,18.653394825041616,37.57815039934004,22.507630524566732,25.181617229069424,,-84085.90050591221,100.0,25.0,0,0.0,False,True,True
4989,榮科,電子零組件業,12,1,55111.85727313396,48320.25918848897,21.043196277620158,21.218124273324324,32.08114279495774,21.728396140212592,22.635671603469497,,-23803.819130334916,58.333333333333336,50.0,12,1,55111.85727313397,48320.25918848899,21.04319627762016,21.218124273324335,32.08114279495774,21.728396140212602,22.635671603469497,,-23803.819130334912,58.333333333333336,50.0,12,1,54253.880523046704,48091.92066510432,21.087652599315344,21.464162725666938,31.21150472646239,21.625718092257195,22.635554935785105,,-23607.654178828438,58.333333333333336,58.333333333333336,0,-1.0658141036401503e-14,False,True,True
3685,元創精密,電機機械,12,1,28039.30093335261,21676.525647338683,20.667287515129296,15.544554465398502,32.51701701894381,21.7454951093271,19.838217650226838,,-1738.1060669957733,66.66666666666666,50.0,12,1,28039.30093335261,21676.525647338683,20.667287515129296,15.544554465398509,32.51701701894382,21.7454951093271,19.838217650226838,,-1738.1060669957744,66.66666666666666,50.0,12,1,28109.13609179432,21908.604858152234,20.973305512482774,15.860342063965977,32.74616441819514,21.978312740059454,20.066594833084427,,-1394.2633910410295,66.66666666666666,50.0,0,0.0,False,True,True
3205,佰研,生技醫療業,12,1,8013.933748782156,5813.8213623472975,39.02040386437744,7.640045877263614,74.12249041319441,20.15888128414458,26.30680016450844,,3690.586196905804,41.66666666666667,58.333333333333336,12,1,8527.40634697569,6282.45808463751,41.709082707121055,7.640045877263614,75.4225081029898,21.783835244928955,31.275125841068668,,3221.949474615591,41.66666666666667,58.333333333333336,12,1,8637.904821805716,6379.259514684866,41.646341937069444,8.267442132014867,76.50864084182126,22.119485141070967,31.649072790469962,,3162.529177632237,41.66666666666667,41.66666666666667,1,-1.6249539607843744,False,True,True
6895,宏碩系統,半導體業,12,1,17774.45455546141,15489.70158836035,24.810796398161607,22.664651503551553,37.56819132159265,21.848022269276562,24.371723082052046,,-6414.261960162887,75.0,33.33333333333333,12,1,17774.454555461405,15489.70158836035,24.810796398161603,22.664651503551553,37.56819132159263,21.848022269276562,24.371723082052046,,-6414.261960162888,75.0,33.33333333333333,12,1,17774.454555461405,15489.70158836035,24.810796398161603,22.664651503551553,37.56819132159263,21.848022269276562,24.371723082052046,,-6414.261960162888,75.0,33.33333333333333,0,0.0,False,True,True
5302,太欣,半導體業,12,1,419.85987953160867,354.32620862441564,31.145698261714287,19.211245130360822,50.878378222249054,21.87986673953063,25.685551036631004,,-104.72594123347749,83.33333333333334,50.0,12,1,419.8598795316087,354.32620862441576,31.145698261714287,19.21124513036083,50.878378222249054,21.879866739530637,25.68555103663101,,-104.72594123347756,83.33333333333334,50.0,12,1,414.9035650413321,326.63058879399955,30.346074528809908,17.84916021713338,47.552909961271574,20.16964475648636,23.803707421716425,,-67.58735297870821,83.33333333333334,50.0,0,-7.105427357601002e-15,False,True,True
2444,兆勁,電子工業,12,1,30335.27216294163,20721.414851324113,22.655178415772106,17.529752597166148,59.127699350742745,21.88666066513595,22.651109363318042,,337.1144164546713,50.0,58.333333333333336,12,1,30335.272162941634,20721.414851324116,22.655178415772113,17.529752597166148,59.127699350742745,21.886660665135953,22.651109363318046,,337.1144164546725,50.0,58.333333333333336,12,1,30162.118055215138,20574.665438280073,22.314016910124305,18.09731004789501,57.93793182079527,21.731658961384166,22.50116449475001,,-30.473447974309238,50.0,50.0,0,-3.552713678800501e-15,False,True,True
4807,日成-KY,貿易百貨,12,1,47180.73041627184,38860.32134314129,21.050364389398105,20.89850935603514,35.31562501415663,21.931204354115827,20.749059845055566,,3306.2624073866414,41.66666666666667,75.0,12,1,47180.73041627185,38860.321343141295,21.05036438939811,20.898509356035156,35.31562501415663,21.93120435411583,20.74905984505557,,3306.262407386644,41.66666666666667,75.0,12,1,47884.95863983667,39612.747951998674,21.564922470812146,21.470474350059405,35.4079669072381,22.3558437073166,21.202737088002387,,3680.4580926933363,41.66666666666667,75.0,0,-3.552713678800501e-15,False,True,True
8084,巨虹,電子通路業,12,1,12538.096844223757,10361.218423833112,22.251050243753244,22.580620264582752,40.7442472942626,21.938603322869497,20.963153844529096,,1323.9204952599982,33.33333333333333,41.66666666666667,12,1,12538.096844223754,10361.218423833112,22.25105024375324,22.580620264582752,40.74424729426259,21.938603322869497,20.963153844529096,,1323.9204952599982,33.33333333333333,41.66666666666667,12,1,12905.246817300389,10673.379190567839,22.85308802219543,21.455460111784884,43.574902890702184,22.599565282575238,21.442653785096493,,1465.497652588337,33.33333333333333,50.0,0,0.0,False,True,True
6547,高端疫苗,生技醫療業,12,1,14481.84280937121,11214.032422193055,23.353533198516395,19.687995557347275,42.55054524757687,21.946271040803666,23.12251600990343,,-699.305346457455,50.0,83.33333333333334,12,1,14481.84280937121,11214.032422193055,23.353533198516395,19.687995557347275,42.55054524757687,21.946271040803666,23.12251600990343,,-699.305346457455,50.0,83.33333333333334,12,1,16159.172574909879,12268.07772828827,24.809545377090533,16.32862272538124,44.38403366240007,24.009076203652356,24.000806012579744,,51.93149258243284,50.0,83.33333333333334,0,0.0,False,True,True
3557,嘉威,居家生活,12,1,107399.28927430959,79471.3773275049,26.194551242931947,14.893209380998595,71.45789306696469,22.060160059229013,23.444670988719928,,514.3618579039297,58.333333333333336,66.66666666666666,12,1,107399.28927430959,79471.3773275049,26.19455124293194,14.893209380998595,71.45789306696469,22.060160059229013,23.444670988719928,,514.3618579039297,58.333333333333336,66.66666666666666,12,1,109261.03792196911,80189.53773874562,26.499088820285866,15.01699452412017,70.49464117373742,22.259511500627635,23.70662884761839,,-1970.5255880481054,66.66666666666666,66.66666666666666,0,0.0,False,True,True
5706,鳳凰,觀光餐旅,12,1,76980.18622391611,57836.15828582101,24.637921630041234,17.371700688049824,46.85467556302924,22.09312591734048,21.670709411334812,,19635.57149911722,50.0,83.33333333333334,12,1,76980.18622391611,57836.15828582101,24.637921630041234,17.371700688049824,46.85467556302924,22.09312591734048,21.670709411334812,,19635.571499117217,50.0,83.33333333333334,12,1,77535.35346768907,55859.89579213653,23.98848938240007,15.905947951276772,47.65437174020584,21.33820343609759,20.936530468728208,,20986.983378713336,33.33333333333333,83.33333333333334,0,0.0,False,True,True
6751,智聯服務,資訊服務業,12,1,35707.67529617551,32408.21149062198,24.52572701522968,22.62814271706377,45.323087799096726,22.093131100272956,22.306002075326102,,11160.001070240027,41.66666666666667,75.0,12,1,35707.67529617551,32408.21149062198,24.525727015229677,22.62814271706377,45.323087799096726,22.093131100272956,22.306002075326102,,11160.001070240027,41.66666666666667,75.0,12,1,36322.369900390164,32576.497211084683,24.275277557459063,23.521504808187007,45.346464360213076,22.207853829898507,22.27611898265787,,10208.660294388319,41.66666666666667,75.0,0,0.0,False,True,True
6164,華興,電子工業,12,1,15465.340506399947,13496.012526064946,23.079285582562623,20.948726211028475,41.358257812523455,22.11959450627035,22.017948953932176,,3400.3959977974937,41.66666666666667,75.0,12,1,15465.340506399947,13496.012526064946,23.079285582562623,20.948726211028475,41.358257812523455,22.11959450627035,22.017948953932173,,3400.3959977974932,41.66666666666667,75.0,12,1,15897.560461007017,13713.501725153978,23.346981431855323,21.424434904027546,41.835970580599074,22.47605334061507,22.334752570098637,,3563.043998145386,41.66666666666667,66.66666666666666,0,0.0,False,True,True
2740,華軒,觀光餐旅,12,1,3037.9774709469893,2377.2122416510356,24.245506169756624,16.574808541276738,47.3667465010305,22.248646357201014,20.46205650691593,,2211.796836377873,8.333333333333332,58.333333333333336,12,1,3037.9774709469893,2377.2122416510356,24.245506169756624,16.574808541276738,47.3667465010305,22.248646357201014,20.46205650691593,,2211.796836377873,8.333333333333332,58.333333333333336,12,1,3124.388407716026,2433.382161414039,24.830988274345675,18.41745842735142,46.70115198679047,22.774348126198916,20.87048625059574,,2317.564922461636,8.333333333333332,50.0,0,0.0,False,True,True
6442,光聖,電子工業,12,1,221912.48181247167,195282.18419947472,22.96674510241614,22.068633613834827,38.24040192597709,22.25588271338831,22.33534851999622,,25183.561871407146,41.66666666666667,91.66666666666666,12,1,221912.48181247164,195282.18419947472,22.96674510241614,22.068633613834827,38.24040192597709,22.25588271338831,22.335348519996224,,25183.561871407135,41.66666666666667,91.66666666666666,12,1,213905.7969226223,187942.6595400436,21.809023645569983,21.912946043738604,38.27690485952872,21.419413167218824,21.638638575094113,,6792.528787942312,50.0,91.66666666666666,0,0.0,False,True,True
4931,新盛力,電腦及週邊設備業,12,1,55114.80709637264,45602.791314648646,22.246093425747915,23.28552375780084,39.68138449452131,22.323514325857825,22.48196858345075,,-7082.061553491233,50.0,41.66666666666667,12,1,55114.80709637264,45602.791314648646,22.246093425747915,23.28552375780084,39.68138449452131,22.323514325857825,22.48196858345075,,-7082.061553491233,50.0,41.66666666666667,12,1,55193.07090429554,46049.03708899618,22.47134427913837,22.924310384157693,41.13165616963097,22.541960908826105,22.714206808390085,,-6028.084246510679,50.0,41.66666666666667,0,0.0,False,True,True
6139,亞翔,電子工業,12,1,1757172.0896362786,1429461.2559857543,19.57678116417199,20.735808443168406,36.45115499180018,22.353133426776303,22.289854346677505,,-1101550.6419490047,75.0,58.333333333333336,12,1,1757172.0896362786,1429461.2559857545,19.57678116417199,20.735808443168406,36.45115499180018,22.35313342677631,22.289854346677505,,-1101550.6419490052,75.0,58.333333333333336,12,1,1855150.138753261,1487758.778750234,20.062603767447033,21.218835364091575,37.244051543941765,23.264758208034404,23.088983453687206,,-1177144.1786496367,75.0,58.333333333333336,0,-7.105427357601002e-15,False,True,True
6841,長佳智能,生技醫療業,12,1,10241.646308517531,6976.94525607759,21.147970888902705,16.534421563437256,41.959953437853784,22.364333643977623,21.657040176362568,,-672.9678096411062,25.0,75.0,12,1,10241.646308517531,6976.94525607759,21.14797088890271,16.534421563437256,41.959953437853784,22.364333643977623,21.657040176362568,,-672.9678096411062,25.0,75.0,12,1,10241.646308517531,6976.94525607759,21.14797088890271,16.534421563437256,41.959953437853784,22.364333643977623,21.657040176362568,,-672.9678096411062,25.0,75.0,0,0.0,False,True,True
6613,朋億*,其他電子類,12,1,192186.26563110008,166201.29819620145,23.185175839249002,20.19528287500721,47.16183507600227,22.371353700346194,22.32360122452143,,16011.33874025255,50.0,58.333333333333336,12,1,192186.26563110008,166201.29819620145,23.185175839249002,20.19528287500721,47.16183507600227,22.371353700346194,22.32360122452143,,16011.33874025256,50.0,58.333333333333336,12,1,198438.13140370444,173275.31890437496,23.98547767055076,19.38657507525076,47.06833196164417,23.323544935093963,23.310870810353034,,10556.925110876648,50.0,58.333333333333336,0,0.0,False,True,True
6593,台灣銘板,資訊服務業,12,1,9505.438504711594,7801.420713115983,25.78021471471662,19.442404905937284,41.846534756162434,22.39567300554331,22.96410979192526,,1363.5533373832816,41.66666666666667,58.333333333333336,12,1,9505.438504711594,7801.420713115983,25.780214714716625,19.44240490593728,41.84653475616245,22.39567300554331,22.96410979192526,,1363.553337383282,41.66666666666667,58.333333333333336,12,1,9495.14490073212,7715.795780790406,25.644561588680403,19.545625883579895,42.72229475996466,22.14986803539711,22.725550152627235,,1377.2930400866305,41.66666666666667,58.333333333333336,0,0.0,False,True,True
3325,旭品,電腦及週邊設備業,12,1,28448.674957889947,23670.79207877952,25.37828504883095,19.20111984621205,62.43541391356339,22.41585889824376,24.18944695234515,,-2814.526198191344,50.0,66.66666666666666,12,1,28448.674957889947,23670.79207877952,25.37828504883095,19.20111984621205,62.43541391356339,22.41585889824376,24.18944695234515,,-2814.526198191345,50.0,66.66666666666666,12,1,29672.37644093811,24448.799777123513,26.29508338962227,19.761999152981986,63.6373805339596,23.15261965934481,25.052686042967366,,-2888.0595011118785,50.0,66.66666666666666,0,0.0,False,True,True
3164,景岳,生技醫療業,12,1,8478.651759275706,7584.01143634094,22.892062220757943,24.27962296116435,33.34036450301447,22.527770355137427,22.363446541277007,,553.7315117915927,41.66666666666667,50.0,12,1,8478.651759275706,7584.01143634094,22.892062220757943,24.27962296116435,33.34036450301447,22.527770355137427,22.363446541277007,,553.7315117915927,41.66666666666667,50.0,12,1,9039.34913702199,8061.018945441836,24.437564029603063,25.516565763672233,35.56571916853604,23.94468747253641,23.70976474508055,,813.6397442476961,41.66666666666667,41.66666666666667,0,0.0,False,True,True
6451,訊芯-KY,電子工業,12,1,161991.1528987036,141683.61306655302,23.029873700840238,21.41208169606636,38.59313954550348,22.573276129738808,22.422253027613166,,1579.9978471636762,50.0,50.0,12,1,161991.15289870364,141683.61306655302,23.029873700840238,21.41208169606636,38.59313954550348,22.573276129738808,22.422253027613166,,1579.9978471636714,50.0,50.0,12,1,161974.08404799935,142554.35064797237,23.174594387785206,21.094977586462385,37.93276545483305,22.71200353396365,22.595429579410332,,850.2766117165156,50.0,50.0,0,0.0,False,True,True
3285,微端,其他電子類,12,1,15885.327915765425,12780.903183128261,24.538864675985785,18.013017183297777,43.26129319907594,22.60186599548748,22.626495481885364,,472.7548693365267,58.333333333333336,75.0,12,1,15885.327915765425,12780.903183128263,24.538864675985785,18.013017183297787,43.26129319907594,22.601865995487486,22.626495481885367,,472.7548693365243,58.333333333333336,75.0,12,1,16597.06783810412,13705.485885521071,26.29821576460751,20.6722775374189,45.74724707436852,24.236906496288235,24.278530860540556,,376.0213945955699,58.333333333333336,66.66666666666666,0,-7.105427357601002e-15,False,True,True
5210,寶碩,資訊服務業,12,1,6046.372236819455,5236.639931970119,22.643334344703046,18.142601012381743,33.66769016511255,22.604689016180718,22.394663881001446,,-540.6509981310604,41.66666666666667,83.33333333333334,12,1,6046.372236819456,5236.639931970119,22.643334344703046,18.14260101238175,33.66769016511255,22.604689016180718,22.394663881001446,,-540.650998131061,41.66666666666667,83.33333333333334,12,1,6439.330605211322,5521.815193091061,23.88395467128165,19.530632137304387,37.149800373156296,23.83568793466504,23.47338131327276,,-491.88110693061907,41.66666666666667,75.0,0,0.0,False,True,True
2887,台新新光金,金融保險,12,1,3784198.6107842214,2848278.796208814,19.956389025307463,17.26456014760708,39.02095093142963,22.655896284720313,22.250090761669703,,-2199145.8946390892,66.66666666666666,41.66666666666667,12,1,3784198.610784221,2848278.796208814,19.956389025307463,17.264560147607078,39.020950931429624,22.655896284720313,22.250090761669696,,-2199145.8946390883,66.66666666666666,41.66666666666667,12,1,3760788.4384114803,2850532.4575482868,19.853214875097784,18.350605041770308,37.44686918979316,22.673822450387785,22.15501012961185,,-2211291.827563242,66.66666666666666,41.66666666666667,0,0.0,False,True,True
6210,慶生,電子零組件業,12,1,7070.150957458943,6165.259164062965,23.926247403631862,26.015143333161173,38.08281711631683,22.66903314992419,24.60317606645551,,-1812.7648849585828,58.333333333333336,41.66666666666667,12,1,7070.150957458944,6165.259164062965,23.926247403631855,26.015143333161184,38.08281711631683,22.66903314992419,24.60317606645551,,-1812.7648849585833,58.333333333333336,41.66666666666667,12,1,7086.738021635641,6181.433773853693,24.09401376095817,26.228153887535193,36.90820810027118,22.728505550966204,24.658911406386053,,-1656.4359361560726,58.333333333333336,41.66666666666667,0,0.0,False,True,True
1410,南染,紡織纖維,12,1,4483.087260575825,3594.435893142158,24.328851854284597,22.357992884280034,43.72847988819144,22.759437477023763,22.940485749640086,,709.4950527512732,33.33333333333333,66.66666666666666,12,1,4483.087260575825,3594.435893142158,24.328851854284594,22.357992884280034,43.728479888191444,22.759437477023763,22.940485749640086,,709.4950527512729,33.33333333333333,66.66666666666666,12,1,4534.437839963585,3579.6054884294367,24.34221023530681,21.775423891654768,44.15568919091814,22.665533543596514,22.847868593320054,,738.0593391717902,33.33333333333333,66.66666666666666,0,0.0,False,True,True
9945,潤泰新,其他,12,1,1035443.3123499231,736636.5750934677,21.76372967567829,22.133628507339733,43.75655895696729,22.783963252197236,21.748756408162883,,-249650.25053889933,66.66666666666666,58.333333333333336,12,1,1035443.3123499231,736636.5750934677,21.76372967567829,22.133628507339743,43.75655895696729,22.783963252197236,21.748756408162887,,-249650.25053889942,66.66666666666666,58.333333333333336,12,1,1057878.2053064622,755514.4585754887,22.490071427158966,23.21586466076051,46.371836611412576,23.367850908710967,22.374914059593,,-244143.23360668137,66.66666666666666,58.333333333333336,0,0.0,False,True,True
3360,尚立,電子通路業,12,1,169860.65659244114,139545.19940003447,22.743128199152004,16.780843507489628,38.414352051067254,22.80330097920865,22.423607943056982,,-34650.73522877824,66.66666666666666,33.33333333333333,12,1,169860.65659244114,139545.19940003447,22.743128199152004,16.780843507489628,38.414352051067254,22.80330097920865,22.423607943056982,,-34650.73522877824,66.66666666666666,33.33333333333333,12,1,171336.7196474361,137700.5763162078,22.59881352492343,15.275923969163216,39.05999564854538,22.501868213663546,22.017201265763923,,-27778.500986086132,66.66666666666666,33.33333333333333,0,0.0,False,True,True
2063,世鎧,鋼鐵工業,12,1,21100.11174014619,18533.95807308935,23.846996916225336,23.03617309577504,38.88594144277828,22.803611223537803,22.13291188720675,,2963.8698023646757,50.0,91.66666666666666,12,1,21100.11174014619,18533.95807308935,23.84699691622533,23.03617309577503,38.88594144277826,22.803611223537803,22.13291188720675,,2963.8698023646734,50.0,91.66666666666666,12,1,21681.92926857673,19180.688243967074,24.646292984029806,23.268863154804702,40.53042879076397,23.59932810846165,22.891617499144104,,2968.4419822847035,50.0,91.66666666666666,0,0.0,False,True,True
1467,南緯,紡織纖維,12,1,121298.47688059087,97866.57408648368,23.57598738476413,21.46098725146208,46.344012429784684,22.80429586888846,22.46985186630117,,10835.504531823937,41.66666666666667,50.0,12,1,121298.47688059087,97866.57408648368,23.57598738476413,21.460987251462083,46.344012429784684,22.80429586888846,22.46985186630117,,10835.504531823928,41.66666666666667,50.0,12,1,124805.31109856794,99681.55665618186,24.06957891503255,22.2846037144251,50.05412855087097,23.227212476551635,22.789405016612776,,11668.121837062796,50.0,50.0,0,0.0,False,True,True
2515,中工,建材營造,12,1,527220.2405476959,393829.55337719293,22.016551611944855,22.477287679203677,41.5970040448692,22.810386483023667,20.926866132149488,,86439.17885325944,41.66666666666667,50.0,12,1,527220.2405476959,393829.55337719293,22.01655161194486,22.477287679203673,41.5970040448692,22.810386483023667,20.926866132149488,,86439.17885325948,41.66666666666667,50.0,12,1,527739.5352137915,395968.4088611588,22.167874688797752,22.78792012158143,40.99758177446829,22.934267791072354,21.0152849831207,,88293.5110664052,41.66666666666667,58.333333333333336,0,0.0,False,True,True
2419,仲琦,電子工業,12,1,200179.06989426364,168975.3584949509,22.539472282787084,20.596915175241595,41.5614528813239,22.833883058598854,22.655878495087087,,-18983.948615262972,41.66666666666667,66.66666666666666,12,1,200179.06989426364,168975.3584949509,22.539472282787084,20.596915175241595,41.5614528813239,22.833883058598854,22.655878495087087,,-18983.948615262972,41.66666666666667,66.66666666666666,12,1,210779.88829653768,179857.07786813393,24.095298540237124,20.896398267997228,42.122997745252924,24.30434543759227,24.0992256558904,,-16169.445771717737,41.66666666666667,66.66666666666666,0,0.0,False,True,True
6216,居易,電子工業,12,1,18815.823492077183,14451.641931113387,24.007971578328767,17.90941315115343,57.210143993831664,22.902821081587728,21.799488361768553,,2224.644458423753,58.333333333333336,66.66666666666666,12,1,18815.823492077183,14451.641931113387,24.00797157832877,17.90941315115343,57.210143993831664,22.902821081587728,21.799488361768553,,2224.6444584237524,58.333333333333336,66.66666666666666,12,1,19290.69980385004,14895.459189856614,24.838150085703447,19.6318244217777,57.820214906467115,23.60617834150108,22.577158887047286,,2146.1045595418786,58.333333333333336,66.66666666666666,0,0.0,False,True,True
6124,業強,電子零組件業,12,1,41693.97086567072,34677.96645073732,23.870101204067225,20.023770310006743,46.87316422351145,22.955937715285103,22.41995267981647,,6918.836329290544,41.66666666666667,41.66666666666667,12,1,41693.97086567072,34677.96645073732,23.87010120406723,20.023770310006743,46.87316422351145,22.955937715285103,22.41995267981647,,6918.836329290539,41.66666666666667,41.66666666666667,12,1,42955.90901751118,35591.0638481682,24.59784140809035,19.692082632872182,47.874998999552474,23.560385124656374,23.066192132768517,,7426.769872719458,41.66666666666667,41.66666666666667,0,0.0,False,True,True
3064,泰偉,文化創意業,12,1,2273.832467480556,1572.3528659402916,22.8850720907227,13.77873368018116,69.30199820921472,22.958804608353915,19.503465978801195,,749.5872738306545,41.66666666666667,58.333333333333336,12,1,2273.832467480556,1572.3528659402916,22.8850720907227,13.77873368018116,69.30199820921472,22.958804608353915,19.503465978801195,,749.5872738306545,41.66666666666667,58.333333333333336,12,1,2294.3356377821838,1593.6348855621793,23.2174820100375,14.469692438043454,70.38121324067609,23.269555293364995,19.781527528033465,,787.1215863903353,41.66666666666667,66.66666666666666,0,0.0,False,True,True
8926,台汽電,油電燃氣業,12,1,208850.7497008179,145912.86296346175,28.81843486269101,16.550324907524576,95.34537848145021,22.989696324080725,23.2235015873691,,49348.50312820497,58.333333333333336,91.66666666666666,12,1,208850.7497008179,145912.86296346175,28.81843486269101,16.550324907524576,95.34537848145021,22.989696324080725,23.2235015873691,,49348.50312820497,58.333333333333336,91.66666666666666,12,1,210848.7926001116,143414.1920007281,28.53416244139815,17.18775694777287,92.94065171860666,22.596011452984545,22.929462457296438,,48791.13200066165,58.333333333333336,83.33333333333334,0,0.0,False,True,True
2535,達欣工,建材營造,12,1,597963.3950144516,422968.9897442846,21.171990840114542,21.430945158656677,47.053730383452674,22.995361206235057,22.839830484930705,,-114421.22220834049,58.333333333333336,66.66666666666666,12,1,597963.3950144515,422968.9897442845,21.17199084011454,21.430945158656677,47.05373038345265,22.995361206235053,22.8398304849307,,-114421.22220834049,58.333333333333336,66.66666666666666,12,1,601132.8849762582,427185.8769462505,21.495515478228686,22.931486799388196,47.61990599858082,23.224618780020272,23.061500244931942,,-110383.86634658382,58.333333333333336,66.66666666666666,0,3.552713678800501e-15,True,True,True
8114,振樺電,電腦及週邊設備業,12,1,400053.02045501187,348061.8789686066,22.588159851515098,27.984131593652744,31.758432134406107,23.0134701709426,21.460731238538585,,82664.38632474403,25.0,33.33333333333333,12,1,400053.02045501175,348061.8789686066,22.58815985151509,27.984131593652744,31.7584321344061,23.0134701709426,21.460731238538582,,82664.38632474399,25.0,33.33333333333333,12,1,411889.8477458131,360957.72814810293,23.5348945730764,27.424983889935422,31.812675303574263,23.86612959259699,22.361365631276673,,83837.18083351785,25.0,33.33333333333333,0,0.0,False,True,True
9950,萬國通,塑膠工業,12,1,47212.96491304604,40950.42937552685,23.304519805560993,23.540834205189146,41.25285870364134,23.017044448862425,23.065736595502027,,-3593.2515305450665,50.0,58.333333333333336,12,1,47212.96491304604,40950.42937552685,23.304519805560993,23.540834205189146,41.25285870364134,23.017044448862425,23.065736595502027,,-3593.251530545069,50.0,58.333333333333336,12,1,47995.79745010429,41572.32909561161,23.608348020191258,25.642947835107332,39.917334038327006,23.366596180509973,23.399302639468612,,-3762.912040056319,50.0,50.0,0,0.0,False,True,True
4563,百德,電機機械,12,1,63905.10583745402,55044.023920810454,24.46038934724012,21.48675336357956,48.78286988354558,23.019246020410293,22.720083558011083,,2750.5312087262887,58.333333333333336,50.0,12,1,63905.10583745403,55044.023920810454,24.46038934724012,21.48675336357956,48.78286988354558,23.019246020410293,22.720083558011083,,2750.5312087262987,58.333333333333336,50.0,12,1,65523.589586185306,56906.84793722987,25.183949884225775,22.756307111667713,46.0064212809493,23.79827344740906,23.580070890228345,,21.10269804152631,58.333333333333336,58.333333333333336,0,0.0,False,True,True
6523,達爾膚,生技醫療業,12,1,27230.29877854397,22417.97529050532,23.090535583377847,24.220409137523102,40.74323344976066,23.027001091027856,22.203335608407723,,-2268.0460316086196,50.0,83.33333333333334,12,1,27230.29877854397,22417.97529050532,23.090535583377847,24.22040913752311,40.74323344976064,23.027001091027856,22.203335608407716,,-2268.0460316086223,50.0,83.33333333333334,12,1,28488.27122139387,23285.446891327854,23.964958658821658,25.9584401492277,40.05184220400583,23.918039163812075,22.95370422989975,,-2473.406956843252,50.0,83.33333333333334,0,0.0,False,True,True
6782,視陽,生技醫療業,12,1,90377.94233906145,80953.57778594973,23.069549938020415,19.022440858620435,37.62609828900034,23.03114646918533,22.760867029629665,,-2532.3473330779475,50.0,33.33333333333333,12,1,90377.94233906144,80953.5777859497,23.069549938020415,19.022440858620435,37.62609828900034,23.031146469185327,22.76086702962966,,-2532.3473330779525,50.0,33.33333333333333,12,1,90890.96301526374,81098.3481218841,23.081791907036177,18.80985864741683,36.490679268043884,23.072333367930113,22.799580426663344,,-1945.8276863767726,50.0,33.33333333333333,0,3.552713678800501e-15,True,True,True
4192,杏國,生技醫療業,12,1,653.6789513387404,519.7011222686879,21.87298847129724,18.372217503449118,36.594355817107264,23.06110071820528,21.439752399069,,24.016971523738658,50.0,66.66666666666666,12,1,653.6789513387404,519.7011222686879,21.87298847129724,18.372217503449118,36.594355817107264,23.06110071820528,21.439752399068997,,24.016971523738658,50.0,66.66666666666666,12,1,678.5096547048589,546.1276243695914,23.004166589754313,19.863997699866232,39.67363402587656,24.233744379081827,22.60363730197981,,20.19481742606297,50.0,66.66666666666666,0,0.0,False,True,True
3577,泓格,電腦及週邊設備業,12,1,26296.80195393189,22576.44177654367,22.424192196732143,25.51875786896917,31.81135672907523,23.11732949336467,23.304645129827755,,-4663.521240706595,58.333333333333336,41.66666666666667,12,1,26296.80195393189,22576.44177654367,22.424192196732143,25.518757868969168,31.81135672907523,23.11732949336467,23.304645129827755,,-4663.521240706596,58.333333333333336,41.66666666666667,12,1,26677.28630523421,23004.164591407112,22.847208000365114,25.392268305677803,32.68261625704284,23.555299716524495,23.85704512772024,,-5099.173251189072,58.333333333333336,41.66666666666667,0,0.0,False,True,True
8050,廣積,電腦及週邊設備業,12,1,120082.83533840194,103500.45056879286,26.780306567457046,18.765645699420535,50.96805740966904,23.173735778870427,23.348098921880926,,29418.620042384475,50.0,41.66666666666667,12,1,120082.83533840194,103500.45056879286,26.780306567457046,18.765645699420535,50.96805740966904,23.173735778870427,23.348098921880926,,29418.620042384482,50.0,41.66666666666667,12,1,122058.37671782153,105959.73240261758,27.257870598478746,19.593289899609335,51.63371599087715,23.724368622588827,23.768979050897578,,30032.33954198164,50.0,41.66666666666667,0,0.0,False,True,True
5701,劍湖山,觀光餐旅,12,1,12988.551197920086,10503.19446738687,21.549067315897872,21.071570439239416,33.92133823816367,23.179079998426218,22.688125260342183,,-2338.841110669853,41.66666666666667,91.66666666666666,12,1,12988.551197920086,10503.194467386867,21.549067315897872,21.071570439239416,33.92133823816367,23.179079998426218,22.688125260342183,,-2338.8411106698536,41.66666666666667,91.66666666666666,12,1,13159.12818170784,10773.082831319449,22.09191419448857,20.959267454766984,35.516796582888034,23.774685839835918,23.453116925671118,,-2590.0994654897586,41.66666666666667,83.33333333333334,0,0.0,False,True,True
6928,攸泰科技,電腦及週邊設備業,12,1,47567.56001033193,38040.26610583308,22.46488556612036,22.56650185409354,36.47297327537193,23.2105810216386,22.791564722285017,,-830.6033693613717,41.66666666666667,66.66666666666666,12,1,47567.56001033193,38040.26610583308,22.46488556612036,22.56650185409354,36.47297327537193,23.2105810216386,22.791564722285017,,-830.6033693613741,41.66666666666667,66.66666666666666,12,1,47567.56001033193,38040.26610583308,22.46488556612036,22.56650185409354,36.47297327537193,23.2105810216386,22.791564722285017,,-830.6033693613741,41.66666666666667,66.66666666666666,0,0.0,False,True,True
6578,達邦蛋白,農業科技業,12,1,6818.452969991278,5985.85220741321,23.64039233883907,24.90101590375806,38.67094575392393,23.220853278471083,24.82881345101935,,-1802.679175369896,50.0,66.66666666666666,12,1,6818.452969991279,5985.85220741321,23.64039233883907,24.90101590375807,38.67094575392393,23.220853278471083,24.82881345101935,,-1802.679175369896,50.0,66.66666666666666,12,1,6975.307441095073,6148.59183769086,24.30526775127591,25.01821832490243,38.99328107056901,23.852167408243595,25.498424377167428,,-1780.1789367239269,58.333333333333336,66.66666666666666,0,0.0,False,True,True
4442,竣邦-KY,紡織纖維,12,1,40824.92908661006,32327.53440095269,23.720786808884785,17.790137905366322,39.2463690107358,23.221982280570206,22.057669762242927,,1428.7611431489931,66.66666666666666,83.33333333333334,12,1,40824.92908661005,32327.534400952678,23.720786808884778,17.790137905366322,39.2463690107358,23.2219822805702,22.057669762242924,,1428.7611431489884,66.66666666666666,83.33333333333334,12,1,40824.92908661005,32327.534400952678,23.720786808884778,17.790137905366322,39.2463690107358,23.2219822805702,22.057669762242924,,1428.7611431489884,66.66666666666666,83.33333333333334,0,7.105427357601002e-15,True,True,True
8432,東生華,生技醫療業,12,1,38177.2842091965,26017.57563815628,22.123713630396665,17.51809248850557,40.8982337942836,23.224085827768054,21.218989908413935,,897.5438701521634,41.66666666666667,66.66666666666666,12,1,38177.2842091965,26017.575638156282,22.12371363039666,17.51809248850557,40.8982337942836,23.224085827768057,21.21898990841393,,897.5438701521683,41.66666666666667,66.66666666666666,12,1,37701.1268435114,26137.885086210084,22.625732084849503,15.41457977344089,41.245233653157975,23.33147773031701,21.473631714993143,,1179.2668388114264,41.66666666666667,66.66666666666666,0,-3.552713678800501e-15,False,True,True
4538,大詠城,電機機械,12,1,8168.602928091584,7371.618847426519,23.259812133645383,25.748795434942796,36.957908911640324,23.291913385200676,25.476559150836113,,-2620.424309673493,50.0,41.66666666666667,12,1,8168.602928091585,7371.618847426521,23.259812133645386,25.74879543494281,36.95790891164033,23.291913385200676,25.47655915083612,,-2620.424309673493,50.0,41.66666666666667,12,1,8358.94592006723,7504.418502998774,23.611300990161745,27.66055107999813,37.20230690053329,23.711517021687285,25.884144161101545,,-2593.4529516346515,50.0,41.66666666666667,0,0.0,False,True,True
1615,大山,電器電纜,12,1,129526.10037831725,111277.40836796012,24.63313708810306,19.182749249028607,45.16812822171815,23.34878462205568,23.71592588304596,,7723.895934187046,50.0,33.33333333333333,12,1,129526.10037831725,111277.40836796012,24.63313708810306,19.182749249028607,45.16812822171815,23.34878462205568,23.71592588304596,,7723.895934187046,50.0,33.33333333333333,12,1,131070.87657467305,113220.92087609581,25.03005220885184,18.728759707190214,45.988089399555705,23.756582176188843,24.28559009464978,,1859.378839537191,50.0,33.33333333333333,0,0.0,False,True,True
2915,潤泰全,貿易百貨,12,1,62405.2554751502,47144.70457747055,24.51893053596571,16.818729668321637,54.87893951766942,23.371619293527985,21.58174883697114,,23174.372343366762,25.0,50.0,12,1,62405.25547515022,47144.704577470555,24.518930535965712,16.818729668321627,54.87893951766942,23.37161929352799,21.581748836971144,,23174.372343366766,25.0,50.0,12,1,63934.31079161155,48245.608640116894,24.85169917445823,17.87106097353101,56.99899600477235,23.91738388918025,21.965752475180167,,22729.489176298117,25.0,50.0,0,-3.552713678800501e-15,False,True,True
3499,環天科,通信網路業,12,1,7697.874410488381,6977.197898252222,25.528425877342304,22.83322902838187,35.008654424357296,23.44173464000881,23.370696816627824,,2023.4664898322437,41.66666666666667,50.0,12,1,7697.874410488382,6977.197898252224,25.528425877342308,22.83322902838187,35.008654424357296,23.441734640008818,23.37069681662783,,2023.4664898322435,41.66666666666667,50.0,12,1,8114.89782220044,7388.5150894075605,26.847914402137814,23.964475274913106,35.64141091216982,24.82366311452614,24.713128969179486,,2080.082059273135,41.66666666666667,50.0,0,-7.105427357601002e-15,False,True,True
3703,欣陸,建材營造,12,1,1517485.6477269256,677444.3774047557,15.812281785310036,10.724355873139272,27.16208066012353,23.487216787813647,18.797370791146196,,-441089.72197160404,50.0,75.0,12,1,1517485.647726926,677444.3774047558,15.812281785310036,10.724355873139272,27.16208066012353,23.48721678781365,18.797370791146196,,-441089.7219716041,50.0,75.0,12,1,1532294.3409845147,690178.3449948954,16.16936490595781,10.697210157062697,27.735372197585086,23.92870758371394,19.27518491450828,,-456958.1968622887,58.333333333333336,75.0,0,-3.552713678800501e-15,False,True,True
3570,大塚,資訊服務業,12,1,60000.702839222984,47643.4330254934,23.686079043411855,18.84115262971997,42.76684974742998,23.49460311150876,21.753196521535887,,9493.95764753636,50.0,58.333333333333336,12,1,60000.702839222984,47643.43302549338,23.686079043411844,18.841152629719957,42.76684974742998,23.49460311150875,21.753196521535887,,9493.95764753636,50.0,58.333333333333336,12,1,61724.453070078314,49650.568255468505,24.736550129900333,19.086907406909738,45.988001597501885,24.48439000604591,22.64235757298114,,9800.35563303024,50.0,66.66666666666666,0,1.0658141036401503e-14,True,True,True
3434,哲固,光電業,12,1,15608.809216152535,13582.609272060523,25.142177629678336,19.186721549230967,46.536008746616346,23.576586950130153,23.51635642195159,,2380.226971519251,50.0,75.0,12,1,15608.809216152535,13582.609272060523,25.142177629678336,19.186721549230967,46.536008746616346,23.576586950130153,23.516356421951592,,2380.22697151925,50.0,75.0,12,1,15950.018687110156,13824.183882988602,25.467962115306637,18.982581197780057,50.03733096819947,23.99591027051789,23.78848467441692,,2329.4252065108963,50.0,75.0,0,0.0,False,True,True
4102,永日,生技醫療業,12,1,10385.769254611498,9329.265186936902,23.573008198835286,24.28416647829498,35.63800569888148,23.60743584058935,23.744207276918598,,-213.5887097957293,50.0,50.0,12,1,10385.769254611498,9329.2651869369,23.573008198835286,24.284166478294978,35.63800569888148,23.607435840589346,23.744207276918594,,-213.5887097957302,50.0,50.0,12,1,11056.28113351818,9858.561305364763,24.8097740048959,27.144348160899735,38.41493401330084,24.946804365985653,25.34500714134162,,-724.3793200967424,50.0,50.0,0,3.552713678800501e-15,True,True,True
6823,濾能,半導體業,12,1,16071.498556695242,12498.85686541438,24.2613610749253,14.82289534040464,48.76202336161124,23.613156310559123,24.066627714382708,,657.6145221426663,41.66666666666667,50.0,12,1,16071.498556695244,12498.85686541438,24.261361074925304,14.822895340404651,48.76202336161124,23.613156310559123,24.066627714382708,,657.6145221426641,41.66666666666667,50.0,12,1,15416.573292276385,12057.70073994231,23.164782359733625,17.222910295686788,47.804471400105065,22.77971300767934,23.279075205479252,,-18.307683647370748,41.66666666666667,50.0,0,0.0,False,True,True
2035,唐榮,鋼鐵工業,12,1,246650.42454408473,189422.35301911147,26.056511550631683,15.611475929061552,60.68739005628437,23.67180713283492,22.77618512241101,,61935.87335232444,50.0,58.333333333333336,12,1,246650.42454408476,189422.35301911147,26.056511550631683,15.611475929061552,60.68739005628437,23.67180713283492,22.77618512241101,,61935.87335232442,50.0,58.333333333333336,12,1,252358.95360868043,193550.1596421157,26.70638776946123,15.58555962153066,62.34048609415899,24.18765249482098,23.179070696836934,,65911.73753763293,50.0,58.333333333333336,0,0.0,False,True,True
6515,穎崴,電子工業,12,1,180568.5302008906,155066.92067885457,23.921867790279393,19.09505973271045,40.749910575524844,23.682838944438643,24.081518118375232,,-30984.462275274785,58.333333333333336,41.66666666666667,12,1,180568.5302008906,155066.92067885457,23.921867790279393,19.09505973271045,40.749910575524844,23.682838944438643,24.081518118375232,,-30984.462275274785,58.333333333333336,41.66666666666667,12,1,175713.06184809885,149762.48665049134,23.042237345096076,18.520637232972064,40.39666724418552,22.87271092851386,23.232446405512434,,-30101.012349195993,58.333333333333336,50.0,0,0.0,False,True,True
3491,昇達科,通信網路業,12,1,52070.455425180866,48460.13130499023,25.156763694788204,25.90298864449576,37.71270619217806,23.71462820838585,24.874100777093886,,-4301.170967020235,50.0,16.666666666666664,12,1,52070.45542518087,48460.131304990246,25.156763694788214,25.90298864449576,37.71270619217806,23.714628208385857,24.874100777093886,,-4301.170967020225,50.0,16.666666666666664,12,1,52279.72261396147,48126.08207786679,24.98717755641301,25.317488719498915,38.95672857271963,23.55115664916382,24.651745420056383,,-4177.208269521939,50.0,25.0,0,-7.105427357601002e-15,False,True,True
5548,安倉,建材營造,12,1,54751.816692343375,49478.299617592325,23.051919100315,24.193004449516682,32.316399029764526,23.808619669777496,23.676278737358793,,-6824.830482270033,41.66666666666667,58.333333333333336,12,1,54751.816692343375,49478.299617592325,23.051919100315,24.193004449516692,32.316399029764526,23.808619669777496,23.676278737358793,,-6824.8304822700275,41.66666666666667,58.333333333333336,12,1,54751.816692343375,49478.299617592325,23.051919100315,24.193004449516692,32.316399029764526,23.808619669777496,23.676278737358793,,-6824.8304822700275,41.66666666666667,58.333333333333336,0,0.0,False,True,True
3226,龍鋒,電機機械,12,1,43486.67971966565,31876.312186227176,24.32887222034897,15.733338921047846,33.498018044498934,23.809748102284093,21.897983393450584,,1179.8201725173578,66.66666666666666,50.0,12,1,43486.679719665655,31876.312186227176,24.32887222034897,15.733338921047855,33.498018044498934,23.809748102284093,21.897983393450595,,1179.8201725173615,66.66666666666666,50.0,12,1,43851.57219560457,31802.379928815946,24.315693359146103,16.396079655085945,33.88622157800158,23.75452501326079,21.92410463487981,,606.4545851474273,66.66666666666666,50.0,0,0.0,False,True,True
6609,瀧澤科,電機機械,12,1,45295.82427959729,40548.855636712375,24.854808877697906,20.842069549872335,40.41441035484656,23.871130895616954,23.24168139328293,,9641.86308654742,50.0,33.33333333333333,12,1,45295.8242795973,40548.85563671239,24.85480887769791,20.84206954987234,40.41441035484656,23.87113089561696,23.24168139328293,,9641.863086547424,50.0,33.33333333333333,12,1,46241.133719118785,41090.96046831155,25.368640740509026,21.076623243319606,41.584425615136716,24.190268271778415,23.579392867965055,,10102.868326005022,50.0,33.33333333333333,0,-7.105427357601002e-15,False,True,True
6715,嘉基,電子零組件業,12,1,36758.94824514017,33551.007339106865,25.161639004426146,20.791114622665688,33.14861900435301,23.959471745173282,24.157226638764904,,19.221196477842266,50.0,41.66666666666667,12,1,36758.94824514017,33551.007339106865,25.161639004426146,20.79111462266568,33.14861900435301,23.95947174517328,24.157226638764897,,19.221196477843478,50.0,41.66666666666667,12,1,38428.887634474566,34910.43523404099,25.883912630172528,21.98193051755422,34.72536685554417,24.930267462543885,24.938799619246844,,222.55603859735493,50.0,33.33333333333333,0,3.552713678800501e-15,True,True,True
4419,皇家美食,觀光餐旅,12,1,66112.71694583996,53198.70720245252,23.510906136968117,18.82866089851593,43.73461053776158,23.97835008976813,25.67830998836807,,-9608.357546542456,50.0,41.66666666666667,12,1,66112.71694583996,53198.70720245252,23.51090613696812,18.828660898515935,43.73461053776158,23.97835008976813,25.67830998836807,,-9608.357546542451,50.0,41.66666666666667,12,1,71353.6783197157,55575.92602454908,24.426941345977195,19.148840005334637,50.46742235297209,25.049838254683344,26.997663212638017,,-13977.943287009097,50.0,41.66666666666667,0,0.0,False,True,True
1721,三晃,化學生技醫療,12,1,41511.634473218466,35540.772585223014,24.86178008056561,22.46360255337676,44.011001097962996,24.03086796284538,24.335997968952206,,986.8591238054141,41.66666666666667,58.333333333333336,12,1,41511.634473218466,35540.772585223014,24.86178008056561,22.46360255337676,44.011001097962996,24.03086796284538,24.335997968952206,,986.8591238054141,41.66666666666667,58.333333333333336,12,1,41756.141065774274,35611.42780176165,24.755002240366377,22.40304860450138,44.15133817650562,24.07864143697161,24.316798859808628,,699.7876607055272,50.0,58.333333333333336,0,0.0,False,True,True
6517,保勝光學,光電業,12,1,12086.85140794493,9823.634318480943,25.937955243726346,15.30044974123848,65.31092618654475,24.042129915253742,24.176654865735443,,74.12652003388727,41.66666666666667,58.333333333333336,12,1,12086.85140794493,9823.634318480943,25.937955243726346,15.30044974123848,65.31092618654475,24.042129915253742,24.176654865735443,,74.12652003388727,41.66666666666667,58.333333333333336,12,1,12086.85140794493,9823.634318480943,25.937955243726346,15.30044974123848,65.31092618654475,24.042129915253742,24.176654865735443,,74.12652003388727,41.66666666666667,58.333333333333336,0,0.0,False,True,True
8437,大地-KY,其他,12,1,5389.504237631096,4303.218722073386,24.29713160009431,21.605613861182437,39.12720887404157,24.06632147611975,23.135273887436167,,83.97047869607543,41.66666666666667,100.0,12,1,5389.504237631096,4303.218722073387,24.29713160009431,21.605613861182437,39.12720887404157,24.066321476119757,23.135273887436167,,83.97047869607513,41.66666666666667,100.0,12,1,5957.850257550652,4738.955839843148,26.35153521095849,24.423000998354283,40.0280551472635,26.503239102810195,25.162384790822273,,-37.18996760139468,33.33333333333333,100.0,0,-7.105427357601002e-15,False,True,True
6846,綠茵,食品工業,12,1,22308.70966446348,18367.860129905082,24.706513721675996,18.57437782079363,41.580680875565754,24.08054896138743,23.864762193847845,,-560.6312173700329,41.66666666666667,75.0,12,1,22308.70966446348,18367.860129905082,24.706513721675996,18.57437782079363,41.580680875565754,24.08054896138743,23.864762193847845,,-560.631217370034,41.66666666666667,75.0,12,1,22308.70966446348,18367.860129905082,24.706513721675996,18.57437782079363,41.580680875565754,24.08054896138743,23.864762193847845,,-560.631217370034,41.66666666666667,75.0,0,0.0,False,True,True
3219,倚強科,其他電子類,12,1,40315.422240709755,34337.10931059208,25.68393247916584,24.480626723420272,46.60307455289171,24.19274753751988,26.941324850752164,,-7507.8704029379805,66.66666666666666,66.66666666666666,12,1,40315.42224070975,34337.10931059207,25.683932479165833,24.480626723420265,46.60307455289171,24.192747537519878,26.941324850752153,,-7507.87040293798,66.66666666666666,66.66666666666666,12,1,39668.93020343097,34400.93499028675,25.642744522397532,24.45245454124799,45.43653099078512,24.237716918643276,27.001747572356,,-8462.015980956834,66.66666666666666,58.333333333333336,0,3.552713678800501e-15,True,True,True
1570,力肯,電機機械,12,1,12146.925502445805,9972.061048813715,50.53498737693608,21.047306665598693,63.52417741401879,24.242916446842244,28.944562401896185,,6359.899024924143,25.0,58.333333333333336,12,1,12146.925502445805,9972.061048813715,50.53498737693608,21.047306665598693,63.52417741401879,24.242916446842244,28.944562401896185,,6359.899024924143,25.0,58.333333333333336,12,1,12442.84671148781,10440.165884891021,50.60052533334334,22.892035046909463,65.03717185819472,25.380918548296975,29.86579356570358,,6552.2227164276455,33.33333333333333,58.333333333333336,0,0.0,False,True,True
6419,京晨科,光電業,12,1,12393.291739018607,10072.45127423641,24.399195059623793,20.997857495097904,49.447641146893716,24.259324398699604,21.793169727998627,,4654.179208957931,41.66666666666667,41.66666666666667,12,1,12393.291739018605,10072.451274236411,24.39919505962379,20.997857495097904,49.447641146893716,24.259324398699608,21.793169727998627,,4654.179208957931,41.66666666666667,41.66666666666667,12,1,12469.31281354153,10150.116310222586,24.55292958278713,20.883366122723064,48.31550046035688,24.446379292402046,21.84774587171393,,4805.763180564608,41.66666666666667,41.66666666666667,0,-3.552713678800501e-15,False,True,True
6859,伯特光,光電業,12,1,25016.529189158904,18727.760854217053,22.86271805317195,19.821140601308972,49.271619626340154,24.307903419868175,21.244025851783714,,2066.8400572532064,50.0,50.0,12,1,25016.529189158904,18727.760854217053,22.862718053171946,19.821140601308983,49.271619626340154,24.307903419868175,21.244025851783714,,2066.8400572532023,50.0,50.0,12,1,25016.529189158904,18727.760854217053,22.862718053171946,19.821140601308983,49.271619626340154,24.307903419868175,21.244025851783714,,2066.8400572532023,50.0,50.0,0,0.0,False,True,True
6697,東捷資訊,資訊服務業,12,1,32115.823314836067,27588.732597599916,27.022335292204737,25.211497289310646,45.34654182913705,24.481192079939408,25.20057844363402,,-13.525295510433352,50.0,83.33333333333334,12,1,32115.823314836067,27588.732597599916,27.02233529220473,25.211497289310643,45.34654182913707,24.481192079939408,25.20057844363402,,-13.525295510429714,50.0,83.33333333333334,12,1,33310.32807242066,28732.23370324446,28.159258975836416,26.01650472941656,43.34436136687195,25.495891472594458,26.03649635488379,,289.6184959253757,50.0,83.33333333333334,0,0.0,False,True,True
6533,晶心科,半導體業,12,1,37279.85895009942,30317.615957936334,23.513145404521634,18.771723172773488,43.15789984261584,24.612000477289815,24.2527785525591,,-73.54578821652103,41.66666666666667,58.333333333333336,12,1,37279.85895009942,30317.615957936334,23.513145404521634,18.771723172773488,43.15789984261584,24.612000477289815,24.2527785525591,,-73.5457882165174,41.66666666666667,58.333333333333336,12,1,40496.41203147226,32842.54727158823,25.131276618896152,22.95199519370185,45.345242344726095,26.661753029830376,26.24654573811089,,-678.3298369242111,41.66666666666667,66.66666666666666,0,0.0,False,True,True
3046,建碁,電腦及週邊設備業,12,1,181767.77573725293,154128.24688019376,26.920189904135267,20.90934705849978,28.46459776010694,24.616908186288175,24.93677463537927,,-32030.341514865922,66.66666666666666,58.333333333333336,12,1,181767.77573725293,154128.24688019376,26.920189904135267,20.90934705849978,28.46459776010694,24.616908186288175,24.93677463537927,,-32030.341514865922,66.66666666666666,58.333333333333336,12,1,188960.10392399537,160120.70855160718,27.910977895517032,21.00151507438809,30.868655632552937,25.574006458415422,25.99381590752718,,-36440.27196684306,66.66666666666666,58.333333333333336,0,0.0,False,True,True
6865,偉康科技,數位雲端類,12,1,12234.634144661735,8806.47029344827,24.255093653362678,20.58204906560889,48.302764848459084,24.718297636968632,22.496793801805737,,639.7217439596931,41.66666666666667,100.0,12,1,12234.634144661735,8806.47029344827,24.255093653362678,20.58204906560889,48.302764848459084,24.718297636968632,22.496793801805737,,639.7217439596931,41.66666666666667,100.0,12,1,12234.634144661735,8806.47029344827,24.255093653362678,20.58204906560889,48.302764848459084,24.718297636968632,22.496793801805737,,639.7217439596931,41.66666666666667,100.0,0,0.0,False,True,True
5432,新門,綠能環保類,12,1,5801.7157217886015,4092.2522501626677,27.02318285898155,13.66481386633841,63.0703664916202,24.725105734775347,27.989994572972883,,-1553.8532226459004,41.66666666666667,91.66666666666666,12,1,5801.7157217886015,4092.252250162668,27.02318285898155,13.664813866338404,63.0703664916202,24.725105734775347,27.989994572972883,,-1553.8532226459001,41.66666666666667,91.66666666666666,12,1,5799.660751427945,4090.955125303843,26.792732280729393,13.20047757879468,63.54866638811304,24.717268595878455,27.983424222760995,,-1623.9432261137263,50.0,91.66666666666666,0,0.0,False,True,True
1235,興泰,食品工業,12,1,5346.791924369645,3639.0081527561524,34.325898779831455,18.189106831848623,79.84464042064572,24.82326669153109,32.6521234612142,,-730.1923724338125,50.0,75.0,12,1,5346.791924369645,3639.008152756153,34.325898779831455,18.18910683184863,79.84464042064575,24.823266691531092,32.652123461214195,,-730.1923724338127,50.0,75.0,12,1,5437.041577906458,3686.584315243088,34.41646540956518,18.610139301100766,80.25073913139204,25.1478045106284,33.10496572084491,,-898.0098821403038,58.333333333333336,75.0,0,-3.552713678800501e-15,False,True,True
4991,環宇-KY,半導體業,12,1,53799.375694418864,45449.201751050154,27.85028732856582,28.229212350247966,57.57748955972689,24.941140846870496,26.914511746367324,,-4779.385257574427,41.66666666666667,66.66666666666666,12,1,53799.37569441886,45449.201751050154,27.850287328565816,28.229212350247966,57.57748955972689,24.941140846870496,26.914511746367324,,-4779.385257574431,41.66666666666667,66.66666666666666,12,1,57110.03890739555,48060.16232894356,29.660664055267773,28.879216445104138,64.06323946763818,26.373956672230097,28.40371430742949,,-3733.2321929816303,41.66666666666667,66.66666666666666,0,0.0,False,True,True
2020,美亞,鋼鐵工業,12,1,157038.69179130447,98619.41210166283,22.713349955025684,23.45745504703856,40.777536931386656,24.946756057492596,24.038150814655715,,-20242.760009809295,41.66666666666667,41.66666666666667,12,1,157038.69179130447,98619.41210166283,22.713349955025684,23.45745504703856,40.777536931386656,24.946756057492596,24.038150814655715,,-20242.760009809295,41.66666666666667,41.66666666666667,12,1,160031.9909650504,102262.57095099421,23.588458885991944,24.86100684781928,41.41263321175978,25.868329134801915,25.064719200215063,,-22060.006967546167,50.0,33.33333333333333,0,0.0,False,True,True
3052,夆典,建材營造,12,1,89131.56312006188,71332.78264168861,23.74989630112979,25.250103267914643,39.01468802158935,25.02813177004534,24.49967337546955,,-21424.855159760216,58.333333333333336,66.66666666666666,12,1,89131.56312006188,71332.78264168861,23.749896301129787,25.250103267914643,39.01468802158935,25.02813177004534,24.499673375469545,,-21424.85515976022,58.333333333333336,66.66666666666666,12,1,87562.8281987809,71099.1446631499,23.686919906123492,25.34411136169225,37.600667851206,24.946156528132708,24.379509538456688,,-20885.90632541011,50.0,66.66666666666666,0,0.0,False,True,True
3593,力銘,電子零組件業,12,1,27655.15552922842,22862.69002097579,26.170502969549368,25.711535366839527,41.038124569623655,25.10073423741973,25.25329496234965,,1173.4897811541705,41.66666666666667,33.33333333333333,12,1,27655.15552922842,22862.69002097579,26.170502969549368,25.711535366839527,41.038124569623655,25.10073423741973,25.25329496234965,,1173.4897811541705,41.66666666666667,33.33333333333333,12,1,28068.64049370846,23102.042326065024,26.5304088759723,26.946079768931575,42.08822896309165,25.363516901823896,25.56108320997356,,1054.1411040423081,41.66666666666667,33.33333333333333,0,0.0,False,True,True
8045,達運光電,電子工業,12,1,29767.70647726604,25344.583333333332,31.52655953249834,20.223687774876886,80.16550822710474,25.13252763144303,26.818593640310816,,4206.583333333333,41.66666666666667,8.333333333333332,12,1,29767.70647726604,25344.583333333332,31.52655953249834,20.223687774876886,80.16550822710474,25.13252763144303,26.818593640310816,,4206.583333333333,41.66666666666667,8.333333333333332,12,1,29767.70647726604,25344.583333333332,31.52655953249834,20.223687774876886,80.16550822710474,25.13252763144303,26.818593640310816,,4206.583333333333,41.66666666666667,8.333333333333332,0,0.0,False,True,True
4164,承業醫,生技醫療業,12,1,120627.91499710361,92121.7086624644,24.526423130843696,18.279687855908172,52.287410047411484,25.133927443218095,25.25825581687972,,-20195.72489177633,41.66666666666667,83.33333333333334,12,1,120627.91499710361,92121.7086624644,24.526423130843696,18.279687855908165,52.287410047411484,25.133927443218095,25.25825581687972,,-20195.72489177634,41.66666666666667,83.33333333333334,12,1,123793.69445605937,95293.82763029162,25.661938360085497,18.967608699129133,53.045401061929695,25.99938911491536,26.234946615925843,,-19520.675306544214,41.66666666666667,83.33333333333334,0,0.0,False,True,True
3666,光耀,光電業,12,1,11535.503993580027,9634.425333105253,26.807676297723066,28.00454198651481,44.27218862536573,25.149028956664832,24.71036514892615,,3521.47711723124,25.0,50.0,12,1,11535.503993580027,9634.425333105253,26.807676297723066,28.00454198651481,44.27218862536573,25.149028956664832,24.71036514892615,,3521.47711723124,25.0,50.0,12,1,11654.879600839224,9792.777403318205,27.36563315820674,27.43171949274345,44.847069821729555,25.562380107506105,25.14431958574343,,3595.7523113652715,25.0,50.0,0,0.0,False,True,True
8923,時報,文化創意業,12,1,10314.126338382312,9389.383911530489,26.42129007777626,24.66186062356256,36.99698855532489,25.185608957787835,25.136095571840272,,-54.30234844927994,50.0,75.0,12,1,10314.126338382312,9389.383911530489,26.42129007777626,24.661860623562564,36.99698855532489,25.185608957787835,25.136095571840272,,-54.302348449280544,50.0,75.0,12,1,10639.451777015078,9688.732960014639,27.288283717234833,25.690829956275685,41.28734392522195,25.988567719304573,25.894958470919526,,-74.89424977018977,50.0,75.0,0,0.0,False,True,True
4109,加捷生醫,生技醫療業,12,1,14072.998868668537,10164.337752790067,25.026712921515465,18.789566767218258,46.82402072332498,25.198078109934407,23.327209210964195,,958.1764592181247,41.66666666666667,66.66666666666666,12,1,14072.998868668537,10164.337752790068,25.026712921515465,18.789566767218258,46.82402072332498,25.198078109934414,23.327209210964195,,958.1764592181247,41.66666666666667,66.66666666666666,12,1,14548.706810435662,10533.114988263975,26.09471513588658,18.760103047518044,47.76882815699493,26.11230172298647,24.157322611919017,,1128.747021178607,41.66666666666667,66.66666666666666,0,-7.105427357601002e-15,False,True,True
4526,東台,電機機械,12,1,137269.0946714076,113257.01024460576,26.701378552077653,18.88011686065007,37.863427532002106,25.35764611528244,24.589257797638698,,6129.376624037865,41.66666666666667,83.33333333333334,12,1,137269.0946714076,113257.01024460576,26.701378552077653,18.88011686065007,37.863427532002106,25.35764611528244,24.589257797638695,,6129.376624037861,41.66666666666667,83.33333333333334,12,1,139945.1475478432,115657.18130548613,27.153159938577982,21.004628006829133,35.918859356032385,25.8950317327069,25.060823707627183,,6087.897094373281,41.66666666666667,83.33333333333334,0,0.0,False,True,True
6152,百一,通信網路業,12,1,41635.132108169615,33266.498012368465,27.967185050257985,22.225787799833146,58.470017378924524,25.374903136818048,25.211830144828056,,4074.08572128881,58.333333333333336,58.333333333333336,12,1,41635.132108169615,33266.498012368465,27.96718505025798,22.225787799833146,58.470017378924524,25.374903136818048,25.211830144828056,,4074.0857212888127,58.333333333333336,58.333333333333336,12,1,42422.41973110843,33890.915380230734,28.681643539478614,23.025993798974447,59.40649727164635,25.851194035263713,25.721638011037896,,4626.760436998629,50.0,58.333333333333336,0,0.0,False,True,True
6240,松崗,資訊服務業,12,1,1444.7763544760176,1054.2187837382855,25.058780742538705,16.321814628541144,62.983674020457094,25.434527735050523,21.77200056449338,,434.8199094111874,50.0,33.33333333333333,12,1,1444.7763544760176,1054.2187837382855,25.058780742538705,16.321814628541144,62.983674020457094,25.434527735050523,21.772000564493386,,434.8199094111874,50.0,33.33333333333333,12,1,1393.1938208969746,1025.475716614519,24.135133421347255,17.35510348852504,59.11533470545588,24.7410603550087,21.280888121516416,,410.714395471171,41.66666666666667,33.33333333333333,0,0.0,False,True,True
1538,正峰,電機機械,12,1,2882.9615321710453,2450.5425543875813,26.23544268098252,25.134270352031507,42.54809303590513,25.441459231432262,26.294030503009157,,286.5248698836963,41.66666666666667,58.333333333333336,12,1,2882.961532171045,2450.5425543875804,26.23544268098251,25.134270352031507,42.54809303590513,25.44145923143225,26.294030503009154,,286.52486988369645,41.66666666666667,58.333333333333336,12,1,2904.1161625107893,2485.1635954477138,26.52686250565087,25.340521209957455,40.885183529172345,25.800893840353478,26.63845215713622,,269.481558641301,41.66666666666667,58.333333333333336,0,1.0658141036401503e-14,True,True,True
4533,協易機,電機機械,12,1,112257.3148457685,85623.35193068253,28.211271993039738,19.98145592372328,35.629753381274334,25.52153669603601,25.142345976617936,,-4688.621316606824,50.0,58.333333333333336,12,1,112257.3148457685,85623.3519306825,28.211271993039738,19.98145592372328,35.629753381274334,25.521536696036,25.142345976617936,,-4688.621316606829,50.0,58.333333333333336,12,1,117719.18084654899,88706.10347505736,29.363667314848225,19.10437858996209,38.552390639693385,26.440404678782325,25.892091605031702,,-3446.161408766546,50.0,58.333333333333336,0,7.105427357601002e-15,True,True,True
2820,華票,金融保險,12,1,77724.99239010988,63604.09677994517,26.921070599538165,18.79942224473083,48.33889307476276,25.624658565002168,25.640992311103712,,3015.44268800423,50.0,58.333333333333336,12,1,77724.99239010988,63604.09677994517,26.921070599538165,18.799422244730827,48.33889307476276,25.624658565002168,25.640992311103712,,3015.44268800423,50.0,58.333333333333336,12,1,77724.99239010988,63604.09677994517,26.921070599538165,18.799422244730827,48.33889307476276,25.624658565002168,25.640992311103712,,3015.44268800423,50.0,58.333333333333336,0,0.0,False,True,True
4171,瑞基,農業科技業,12,1,6739.388581564109,4973.2199489960085,30.128572939786906,14.893023478502975,58.910760676876215,25.641652905140095,27.133999603659788,,-189.764446735093,58.333333333333336,58.333333333333336,12,1,6739.388581564109,4973.2199489960085,30.128572939786906,14.89302347850297,58.910760676876215,25.641652905140088,27.13399960365978,,-189.76444673509286,58.333333333333336,58.333333333333336,12,1,6737.401716333585,5024.033503915874,30.55101224672414,15.704066577893999,57.96972865454949,25.90364484426486,27.308245079562727,,-80.23241122688826,58.333333333333336,58.333333333333336,0,7.105427357601002e-15,True,True,True
3228,金麗科,半導體業,12,1,9269.611193073755,6621.556275734642,27.010523563421767,20.474895214905054,36.276054873119726,25.71594677714062,24.251205088625206,,176.38795657521496,58.333333333333336,66.66666666666666,12,1,9269.611193073755,6621.556275734642,27.010523563421767,20.474895214905054,36.27605487311972,25.71594677714062,24.251205088625206,,176.38795657521587,58.333333333333336,66.66666666666666,12,1,9512.14384792189,6800.387234858669,27.72512609909206,20.97272616584383,36.38151291618045,26.410467405741368,24.82876498968494,,141.55326411370302,58.333333333333336,66.66666666666666,0,0.0,False,True,True
8076,伍豐,電腦及週邊設備業,12,1,48393.39341918066,42334.07003334605,26.854746587889238,20.043921999602638,43.57625678888069,25.791296218551672,26.260952043102247,,-649.0965718657535,50.0,50.0,12,1,48393.39341918067,42334.07003334606,26.854746587889238,20.043921999602645,43.57625678888069,25.79129621855168,26.260952043102254,,-649.0965718657486,50.0,50.0,12,1,50558.754011920144,43743.27434591315,27.683815619749502,22.745611951958868,45.45844472562047,26.64982944791634,27.06788848078262,,-192.6503660736295,50.0,50.0,0,-7.105427357601002e-15,False,True,True
2425,承啟,電腦及週邊設備業,12,1,222993.84245348437,185133.45422398078,29.962015723357926,30.90646556797434,61.680847316686496,25.873084436129,28.34619206258217,,-13876.461782169281,58.333333333333336,66.66666666666666,12,1,222993.84245348437,185133.4542239808,29.962015723357933,30.90646556797434,61.680847316686496,25.873084436129005,28.34619206258217,,-13876.461782169272,58.333333333333336,66.66666666666666,12,1,226804.11684241402,188286.89171737863,30.590763014301146,30.882616855204116,60.542043091808836,26.313788980171203,28.858940927110854,,-11873.160262847034,58.333333333333336,66.66666666666666,0,-3.552713678800501e-15,False,True,True
5530,龍巖,其他,12,1,111635.00694972498,87799.28117978554,24.723972204930718,24.61072778115024,38.75185272074596,26.03473535972575,24.467868417035934,,-4221.251751752796,41.66666666666667,91.66666666666666,12,1,111635.00694972498,87799.28117978554,24.723972204930718,24.61072778115024,38.75185272074596,26.03473535972575,24.467868417035934,,-4221.251751752796,41.66666666666667,91.66666666666666,12,1,114630.49866726238,88991.88449600054,25.016336812186474,24.711777579297245,41.470509080981856,26.388372784879728,24.795666107957263,,-5703.7152584366,41.66666666666667,91.66666666666666,0,0.0,False,True,True
6680,鑫創電子,電腦及週邊設備業,12,1,14578.155224582006,12313.912593202753,29.404497028963238,22.020221890724322,50.33247172358601,26.205854384598055,26.265307049322402,,681.303405369119,41.66666666666667,75.0,12,1,14578.155224582006,12313.912593202751,29.404497028963238,22.020221890724322,50.33247172358601,26.205854384598048,26.265307049322402,,681.3034053691184,41.66666666666667,75.0,12,1,14683.299844096071,12312.715450141595,29.15711618005194,21.417241468795247,51.0439590985301,26.203306684466128,26.236271248024,,241.52819110797887,41.66666666666667,75.0,0,7.105427357601002e-15,True,True,True
1742,台蠟,化學工業,12,1,2986.8134012267606,2444.4984818005682,27.603445270115273,22.921617756191324,61.335235992271386,26.261163088608715,24.500455924460514,,1100.2680961974472,33.33333333333333,58.333333333333336,12,1,2986.8134012267606,2444.4984818005682,27.603445270115273,22.921617756191324,61.335235992271386,26.261163088608715,24.500455924460514,,1100.2680961974472,33.33333333333333,58.333333333333336,12,1,2853.288915676068,2258.0248152895697,25.406413079502073,17.475897742474924,57.6613425719632,24.257882904785845,22.982915005675334,,848.6358291666237,33.33333333333333,58.333333333333336,0,0.0,False,True,True
3062,建漢,電子工業,12,1,106988.4249630798,91696.27613249444,26.137122723547222,22.03560660984228,51.66205597536828,26.28000359179252,25.0009850670824,,13036.012877301064,41.66666666666667,50.0,12,1,106988.4249630798,91696.27613249444,26.13712272354723,22.03560660984228,51.66205597536828,26.28000359179252,25.0009850670824,,13036.012877301071,41.66666666666667,50.0,12,1,111889.00195158129,97081.9047990087,27.711121630363404,25.0681737707101,52.88163760940725,27.823516007668047,26.40008971717099,,16528.190480259193,41.66666666666667,50.0,0,0.0,False,True,True
6904,伯鑫,其他,12,1,23597.056618924726,18917.771106598368,27.451596237197258,24.911884303834526,46.20469326000396,26.320224610776798,25.73963760528381,,412.2249898803281,41.66666666666667,58.333333333333336,12,1,23597.05661892473,18917.77110659837,27.451596237197258,24.911884303834526,46.20469326000396,26.320224610776798,25.73963760528381,,412.2249898803287,41.66666666666667,58.333333333333336,12,1,23597.05661892473,18917.77110659837,27.451596237197258,24.911884303834526,46.20469326000396,26.320224610776798,25.73963760528381,,412.2249898803287,41.66666666666667,58.333333333333336,0,0.0,False,True,True
4147,中裕,生技醫療業,12,1,15946.519582987377,13416.833291236968,26.65300271613585,23.924751436433635,41.368001366700696,26.335486954255927,25.862217930786308,,-1935.75825838595,58.333333333333336,58.333333333333336,12,1,15946.519582987377,13416.833291236971,26.653002716135845,23.924751436433635,41.36800136670071,26.33548695425593,25.862217930786308,,-1935.7582583859505,58.333333333333336,58.333333333333336,12,1,16462.323039846608,13797.51604078745,27.150574213354002,22.297348648151992,43.33472704392343,27.08271734512953,26.69952397551895,,-2662.138664742299,58.333333333333336,50.0,0,-3.552713678800501e-15,False,True,True
8104,錸寶,電子工業,12,1,103307.0002192509,79165.3099307756,27.325614653407076,20.509886227544914,48.576760560744106,26.476079822270197,25.916720485346524,,-15183.51311345129,66.66666666666666,33.33333333333333,12,1,103307.00021925091,79165.30993077562,27.325614653407076,20.509886227544925,48.576760560744106,26.476079822270204,25.916720485346524,,-15183.513113451294,66.66666666666666,33.33333333333333,12,1,103121.4444776918,79987.22970073855,27.336960293958867,20.882324092631443,49.30333351321799,26.75096301866101,26.186145777172133,,-17144.820381454072,66.66666666666666,33.33333333333333,0,-7.105427357601002e-15,False,True,True
5251,天鉞電,光電業,12,1,10041.139207600518,6741.229572810913,32.829175375524905,9.718086523136286,97.76660554512986,26.489953426309913,24.354194219221405,,4297.635741839192,41.66666666666667,66.66666666666666,12,1,10041.139207600518,6741.229572810913,32.82917537552491,9.718086523136293,97.76660554512986,26.489953426309913,24.354194219221405,,4297.63574183919,41.66666666666667,66.66666666666666,12,1,10224.648064645733,6987.883447676635,33.66707809155658,12.900360293842672,99.97410188216608,27.459190504952737,24.952992985819268,,4586.278748079593,41.66666666666667,66.66666666666666,0,0.0,False,True,True
6265,方土昶,電子通路業,12,1,30851.36712079074,20128.350744882893,22.7273849894283,18.07786574917855,44.41927420931995,26.545301267983206,26.511669048120584,,-16738.18934913521,83.33333333333334,33.33333333333333,12,1,30851.367120790743,20128.350744882893,22.7273849894283,18.07786574917855,44.41927420931995,26.545301267983206,26.511669048120584,,-16738.189349135213,83.33333333333334,33.33333333333333,12,1,30991.585877469566,20225.608226387423,22.961403209824095,18.113048449900976,46.38661753410428,26.67356459068784,26.81586931396292,,-16655.520835305764,83.33333333333334,41.66666666666667,0,0.0,False,True,True
6508,惠光,農業科技業,12,1,37080.14703206456,31485.222613022095,30.54479451230913,27.099349998936844,46.17617716052517,26.549513231184402,29.13432876713226,,-3562.029628246135,58.333333333333336,58.333333333333336,12,1,37080.14703206456,31485.222613022095,30.54479451230913,27.099349998936844,46.17617716052517,26.549513231184402,29.134328767132256,,-3562.029628246135,58.333333333333336,58.333333333333336,12,1,37025.00091693516,31338.880881801848,30.499052924738514,27.068045302183137,48.66774706432665,26.426112428939497,29.153013523403438,,-3792.6553507337903,58.333333333333336,58.333333333333336,0,0.0,False,True,True
4119,旭富,生技醫療業,12,1,37943.28915024531,29729.33293508654,28.950165850027226,27.717459475050312,51.502896095403216,26.549558667389917,28.542815099819123,,-2962.415054755266,41.66666666666667,58.333333333333336,12,1,37943.28915024531,29729.33293508654,28.950165850027233,27.717459475050312,51.502896095403216,26.549558667389917,28.54281509981913,,-2962.415054755266,41.66666666666667,58.333333333333336,12,1,38091.24365567021,30643.164614890236,29.51742080287465,28.5331482583815,51.345066774312606,27.365649221727047,29.255876300993073,,-2695.006210637661,41.66666666666667,50.0,0,0.0,False,True,True
4527,方土霖,電機機械,12,1,88933.74811837672,67939.40763874036,25.685368361093413,22.816870208803664,35.57295492990579,26.57869049270453,24.654495005388245,,-13122.006934692368,50.0,91.66666666666666,12,1,88933.74811837672,67939.40763874036,25.685368361093413,22.816870208803664,35.57295492990579,26.57869049270453,24.654495005388245,,-13122.006934692365,50.0,91.66666666666666,12,1,92372.38637284358,70587.12188510953,26.677977565606998,21.695658834438113,37.698839010675925,27.614507258160742,25.64272908072332,,-15892.988535575185,50.0,83.33333333333334,0,0.0,False,True,True
4183,福永生技,生技醫療業,12,1,14428.133508447643,11083.189839723227,30.487604817696973,20.81232841716148,59.84114661870235,26.615358676955147,27.18338730438515,,880.3633145112675,58.333333333333336,75.0,12,1,14428.133508447643,11083.189839723227,30.487604817696983,20.812328417161474,59.84114661870235,26.615358676955147,27.18338730438515,,880.3633145112663,58.333333333333336,75.0,12,1,14672.615557717972,11304.55740649274,31.27656451354874,19.272305636759732,60.47637458070264,27.14695447872502,27.440986783632255,,1567.3287079415604,50.0,75.0,0,0.0,False,True,True
5201,凱衛,資訊服務業,12,1,8105.099024741217,6769.957815369216,27.58956412371207,23.155113506849577,47.52904591161064,26.671140485438332,25.705076218285512,,813.4272755101443,41.66666666666667,83.33333333333334,12,1,8105.099024741217,6769.957815369216,27.58956412371207,23.155113506849577,47.52904591161064,26.671140485438332,25.705076218285512,,813.4272755101443,41.66666666666667,83.33333333333334,12,1,8483.503682539404,7072.600867860915,29.01583471755473,24.643904285455577,49.233490779886566,27.863442651874763,26.608680004091323,,1172.883080599754,41.66666666666667,83.33333333333334,0,0.0,False,True,True
2889,國票金,金融保險,12,1,235267.68806449827,183462.10688151993,112.70075712303881,20.475455073010085,72.95448653190546,25.553975730063627,38.34226594028684,,-26758.414863511687,41.66666666666667,58.333333333333336,12,1,254489.88772356414,192033.83308677786,114.0385508797901,20.475455073010085,87.40265910481926,26.747909927905194,42.45890666713558,,-35330.14106876956,41.66666666666667,50.0,12,1,248152.0580849615,187134.206867512,111.40024213407953,17.73586817596363,87.51019556355565,26.065453307179908,41.74915827351061,,-23959.015968486976,41.66666666666667,50.0,1,-1.1939341978415676,False,True,True
2429,銘旺科,電子工業,12,1,13128.475514101185,11146.42415621397,27.139005338207596,21.226977736850795,46.41050668671659,26.98157077361244,28.141890825951926,,-3390.034520232754,58.333333333333336,58.333333333333336,12,1,13128.475514101185,11146.42415621397,27.139005338207596,21.226977736850795,46.41050668671659,26.98157077361244,28.141890825951926,,-3390.034520232754,58.333333333333336,58.333333333333336,12,1,12940.480968019749,10815.668249536564,26.247246293916593,20.78912818652906,46.05210658718506,26.180927107111412,27.280923776239945,,-3528.226003984076,58.333333333333336,58.333333333333336,0,0.0,False,True,True
2408,南亞科,電子工業,12,1,2118320.216336836,1505905.5824931357,21.360277345879563,17.36166633704444,38.39403733481777,27.13892690279899,25.07126594541268,,-1491267.3195363607,91.66666666666666,25.0,12,1,2118320.216336836,1505905.5824931357,21.360277345879563,17.36166633704444,38.39403733481777,27.13892690279899,25.071265945412673,,-1491267.3195363607,91.66666666666666,25.0,12,1,2332444.6422188343,1654097.9670496483,23.306848025467666,18.366263996895714,41.71207408407807,29.809600508625138,27.77735766995619,,-1636725.4471771333,91.66666666666666,16.666666666666664,0,0.0,False,True,True
6735,美達科技,其他電子類,12,1,9088.069239587918,7784.653386391355,31.863120587263644,22.84781977258351,50.15779019843096,27.19664164942552,31.399877048695323,,-2601.357815061066,50.0,50.0,12,1,9088.06923958792,7784.653386391355,31.863120587263648,22.847819772583513,50.15779019843096,27.19664164942552,31.399877048695323,,-2601.357815061066,50.0,50.0,12,1,9291.302664055655,7910.172328016183,32.07384152423611,24.162212662513088,50.24804836196798,27.63515747102308,31.743073088199814,,-2729.3750893126366,50.0,50.0,0,0.0,False,True,True
3083,網龍,文化創意業,12,1,10312.713977293573,8980.194158547632,29.611595046987,22.192705320681654,65.75040738272115,27.218208199275505,28.595532008760756,,-2791.3696646004996,75.0,50.0,12,1,10312.713977293573,8980.194158547632,29.611595046987,22.192705320681654,65.75040738272115,27.218208199275505,28.595532008760756,,-2791.3696646004996,75.0,50.0,12,1,10616.381961922456,9216.81429413434,30.607252345816093,23.450445381834793,69.30286918747825,27.935383797133785,29.412805329589027,,-2719.4722844536814,75.0,50.0,0,0.0,False,True,True
6706,惠特,電子工業,12,1,25909.39480092735,20428.062937073766,34.28032391750553,22.23008189560699,48.01877948825171,27.253193820521123,26.929411306856245,,7980.706543592394,25.0,50.0,12,1,25909.39480092735,20428.062937073762,34.28032391750553,22.23008189560699,48.01877948825169,27.253193820521123,26.929411306856245,,7980.706543592391,25.0,50.0,12,1,26717.495531257508,21129.69883644136,35.82268635177052,24.076533396195927,51.122303494910796,28.18925022566356,28.085925344492065,,8097.543285448929,25.0,50.0,0,0.0,False,True,True
4550,長佳,電機機械,12,1,25706.35130871653,20910.526411632953,29.27734563030318,21.382049299557433,49.65541875791669,27.30264423125879,29.413801018977765,,-6962.940942398954,58.333333333333336,75.0,12,1,25706.35130871653,20910.526411632953,29.277345630303188,21.382049299557433,49.655418757916706,27.30264423125879,29.41380101897777,,-6962.940942398957,58.333333333333336,75.0,12,1,26274.590213495194,21197.399081674743,29.842626273531835,21.66378136983215,50.85161606130749,27.6772107197172,29.89212380641881,,-6969.368818315997,58.333333333333336,66.66666666666666,0,0.0,False,True,True
7734,印能科技,半導體業,12,1,66121.8770440868,52398.166666666664,31.507657983866082,28.60794539326406,54.991369402497526,27.305253275073138,29.022371853658317,,710.6666666666666,58.333333333333336,8.333333333333332,12,1,66121.8770440868,52398.166666666664,31.507657983866082,28.60794539326406,54.991369402497526,27.305253275073138,29.022371853658317,,710.6666666666666,58.333333333333336,8.333333333333332,12,1,66121.8770440868,52398.166666666664,31.507657983866082,28.60794539326406,54.991369402497526,27.305253275073138,29.022371853658317,,710.6666666666666,58.333333333333336,8.333333333333332,0,0.0,False,True,True
3515,華擎,電子工業,12,1,1258357.883731723,1091331.3418061247,27.387254835645752,31.33890733366036,37.46510136782657,27.3600267100732,27.632121990267517,,-234003.73916366845,58.333333333333336,91.66666666666666,12,1,1258357.8837317233,1091331.341806125,27.387254835645752,31.33890733366036,37.46510136782657,27.36002671007321,27.632121990267517,,-234003.7391636685,58.333333333333336,91.66666666666666,12,1,1265598.1789245019,1108662.6100842494,27.8695491618495,31.96973960080375,38.15145682571544,27.7945271636423,28.072344710050945,,-231191.2511680833,58.333333333333336,91.66666666666666,0,-1.0658141036401503e-14,False,True,True
8201,無敵,電子工業,12,1,12898.676149307554,10855.371598004343,28.16974427912569,27.961254557858673,48.99261872689842,27.41128549941967,29.017883442785834,,-3037.631965013745,50.0,75.0,12,1,12898.676149307556,10855.371598004342,28.169744279125688,27.961254557858677,48.9926187268984,27.411285499419662,29.01788344278583,,-3037.631965013747,50.0,75.0,12,1,13157.693739909193,11111.459524022963,29.096097386915414,28.70629948441406,51.14074125089483,28.057942243472645,29.62826785709371,,-2887.2479989822364,58.333333333333336,75.0,0,7.105427357601002e-15,True,True,True
1533,車王電,汽車工業,12,1,133585.91422038214,91643.69345161051,27.41790832544727,14.330194235750444,52.82185987856332,27.4705890201339,23.512220087391942,,36720.97658032382,41.66666666666667,58.333333333333336,12,1,133585.91422038214,91643.69345161051,27.41790832544727,14.330194235750444,52.82185987856332,27.4705890201339,23.512220087391942,,36720.97658032382,41.66666666666667,58.333333333333336,12,1,140712.8468780802,96157.75757898421,28.81679708448456,13.878775469799242,58.07834673967371,28.823699046401973,24.548602970467147,,41100.39726286573,41.66666666666667,58.333333333333336,0,0.0,False,True,True
1312,國喬,塑膠工業,12,1,675752.5339561421,521566.9167540066,28.3647041958492,22.375730941666998,48.72649558814503,27.562653287891525,29.069622278102564,,-125263.74531224881,50.0,41.66666666666667,12,1,675752.5339561421,521566.9167540066,28.3647041958492,22.375730941666998,48.72649558814503,27.562653287891525,29.069622278102564,,-125263.74531224881,50.0,41.66666666666667,12,1,692767.6874976738,532649.465520745,29.00741161118376,21.64696932494678,52.31462786502692,28.148320130230438,29.636829199920406,,-117694.13218064175,50.0,33.33333333333333,0,0.0,False,True,True
5704,老爺知,觀光餐旅,12,1,11153.486854037079,7515.379434299462,26.05494025549347,20.564293404233755,64.42982982523282,27.585785446034418,30.956334131121537,,-4113.176986936624,75.0,58.333333333333336,12,1,11153.486854037079,7515.379434299462,26.05494025549347,20.564293404233748,64.42982982523282,27.585785446034418,30.956334131121537,,-4113.176986936624,75.0,58.333333333333336,12,1,11498.06769845872,7851.444918574035,26.97211336637311,21.278216508846086,62.20316330806984,28.819339975923587,32.59709509891586,,-4456.248816030234,75.0,58.333333333333336,0,0.0,False,True,True
2891,中信金,金融保險,12,1,7611876.856734134,5642008.970110702,33.24766645310738,15.097783876221499,80.73596780912085,27.646214926581287,30.85145842726133,,242361.80263365465,25.0,66.66666666666666,12,1,7611876.856734135,5642008.9701107,33.24766645310738,15.097783876221499,80.73596780912085,27.64621492658127,30.85145842726133,,242361.80263365465,25.0,66.66666666666666,12,1,7611876.856734135,5642008.9701107,33.24766645310738,15.097783876221499,80.73596780912085,27.64621492658127,30.85145842726133,,242361.80263365465,25.0,66.66666666666666,0,1.7763568394002505e-14,True,True,True
4503,金雨,電機機械,12,1,19023.414674751282,15462.54452943849,35.02849160007375,22.92004417354433,51.700236697284595,27.743094800709596,29.85298436305241,,-1969.4908304549408,75.0,25.0,12,1,19023.414674751282,15462.54452943849,35.02849160007375,22.92004417354433,51.700236697284595,27.743094800709596,29.85298436305241,,-1969.4908304549408,75.0,25.0,12,1,18961.776260498107,15739.866161291066,35.249047681576876,23.6683595704101,54.96687263491321,28.240668813067373,30.40094613496281,,-2283.582296602743,75.0,25.0,0,0.0,False,True,True
2511,太子,建材營造,12,1,368643.7320333708,216577.7743864098,23.539421752853006,18.84648927509452,54.464223293961055,27.81575429546545,23.470049252855844,,-55026.63820012659,58.333333333333336,66.66666666666666,12,1,368643.73203337076,216577.77438640976,23.539421752853006,18.84648927509452,54.464223293961055,27.815754295465446,23.470049252855844,,-55026.63820012657,58.333333333333336,66.66666666666666,12,1,370259.57355079416,219540.37644940335,23.99881680505761,18.16618406765987,54.06577491629984,28.19625045345274,23.886899245547113,,-53394.59062669298,58.333333333333336,66.66666666666666,0,3.552713678800501e-15,True,True,True
2101,南港,橡膠工業,12,1,459674.78914565634,196084.39334267922,29.887234390004252,8.177097048840897,29.969120352648897,27.903624037545416,18.883331459910035,,139581.50145036646,33.33333333333333,58.333333333333336,12,1,459674.78914565634,196084.39334267922,29.887234390004252,8.177097048840897,29.969120352648897,27.903624037545416,18.883331459910035,,139581.50145036646,33.33333333333333,58.333333333333336,12,1,441633.41517414246,190852.70943786376,29.062067319538997,9.348389036606248,30.83570210303067,27.15913367666225,18.85476603681963,,123974.02991405677,41.66666666666667,66.66666666666666,0,0.0,False,True,True
3693,營邦,電腦及週邊設備業,12,1,201056.0202443555,174802.01726115806,29.500635808758098,29.082903853068387,49.77252577633695,27.90716513962065,27.764555205198338,,14897.022934192579,58.333333333333336,50.0,12,1,201056.0202443555,174802.01726115806,29.5006358087581,29.082903853068387,49.77252577633695,27.90716513962065,27.764555205198338,,14897.022934192568,58.333333333333336,50.0,12,1,202039.0515761994,177328.89031664198,29.935911306849576,29.43377070270997,48.65156270258601,28.310580756620606,28.123035619811926,,14551.219506852605,58.333333333333336,50.0,0,0.0,False,True,True
7584,樂意,文化創意業,12,1,30281.61871090421,22569.659553301623,27.469916924073086,15.572354108327168,76.02178806021129,27.90888510541415,24.148475768178077,,6634.709212053068,50.0,25.0,12,1,30281.61871090421,22569.659553301623,27.469916924073086,15.572354108327168,76.02178806021129,27.90888510541415,24.148475768178077,,6634.709212053068,50.0,25.0,12,1,30281.61871090421,22569.659553301623,27.469916924073086,15.572354108327168,76.02178806021129,27.90888510541415,24.148475768178077,,6634.709212053068,50.0,25.0,0,0.0,False,True,True
6589,台康生技,化學生技醫療,12,1,30435.15141001114,23426.450415923664,30.633218883792406,21.650824620065013,68.8702898471459,27.967539863571815,28.203150452149956,,-2256.3850459856926,75.0,66.66666666666666,12,1,30435.15141001114,23426.450415923664,30.633218883792402,21.650824620065013,68.8702898471459,27.967539863571815,28.203150452149956,,-2256.3850459856935,75.0,66.66666666666666,12,1,31543.532964842474,24173.590245419822,31.856065005158197,22.349464899898948,74.54116284824319,28.859508667812545,29.21567268161712,,-2052.0644476757116,75.0,66.66666666666666,0,0.0,False,True,True
3455,由田,光電業,12,1,53608.995560498566,39057.036022118664,31.963746612394168,20.481339180814526,60.54369609029203,27.97541473664059,28.727582759648357,,7090.993805752307,33.33333333333333,58.333333333333336,12,1,53608.995560498566,39057.036022118664,31.963746612394168,20.481339180814526,60.54369609029203,27.97541473664059,28.727582759648357,,7090.993805752307,33.33333333333333,58.333333333333336,12,1,54360.711041714094,38505.11934827359,31.927844099530223,15.369735060381512,61.01562446415625,27.58009293490072,28.265519871043864,,6181.668456558578,33.33333333333333,58.333333333333336,0,0.0,False,True,True
1906,寶隆,造紙工業,12,1,80330.51568110086,72736.03178634497,29.918773010008863,26.591511540915548,41.78272614090923,28.05129717768847,29.134130974359067,,-6793.58413581561,58.333333333333336,75.0,12,1,80330.51568110086,72736.03178634497,29.918773010008863,26.591511540915548,41.78272614090923,28.05129717768847,29.134130974359067,,-6793.584135815608,58.333333333333336,75.0,12,1,81255.29704627069,73600.68099971833,30.162401751068842,27.643249513728108,42.34085832247169,28.384756832320658,29.41691147127618,,-7225.108929133817,58.333333333333336,66.66666666666666,0,0.0,False,True,True
6234,高僑,光電業,12,1,13524.506120653132,11219.957532092749,30.84309560079629,24.906912188911676,71.67960410885145,28.15194462951386,28.126457234324242,,-220.74399411963472,50.0,75.0,12,1,13524.50612065313,11219.957532092749,30.84309560079629,24.906912188911676,71.67960410885142,28.15194462951386,28.12645723432424,,-220.74399411963532,50.0,75.0,12,1,14458.811075815434,12008.18222288607,32.671094691340066,28.072312756546978,74.09842644085272,30.129675631378923,30.13366703275563,,-791.6088732848017,50.0,66.66666666666666,0,0.0,False,True,True
2431,聯昌,電子零組件業,12,1,11074.41574087296,8805.35365270463,27.77093462033961,29.062998839018462,48.69050835904677,28.170596110357216,28.143898712154865,,-14.30178875886304,33.33333333333333,50.0,12,1,11074.41574087296,8805.353652704633,27.770934620339617,29.062998839018462,48.69050835904677,28.17059611035722,28.14389871215487,,-14.301788758864253,33.33333333333333,50.0,12,1,11308.313175931939,9024.686677092413,28.55981154701904,30.87752827829484,48.860651481971004,28.87229899332927,28.740940596769043,,256.1960720242405,33.33333333333333,50.0,0,-3.552713678800501e-15,False,True,True
3176,基亞,生技醫療業,12,1,67176.7460516222,37235.397513030686,23.780223486275922,13.00379346021564,62.910155153411004,28.235265468590214,23.573850892925087,,-7538.006977351292,58.333333333333336,83.33333333333334,12,1,67176.7460516222,37235.397513030686,23.780223486275922,13.00379346021564,62.910155153411004,28.235265468590214,23.573850892925087,,-7538.006977351294,58.333333333333336,83.33333333333334,12,1,67377.86646606073,36502.62456915453,22.96650526860584,13.74742182966185,62.87499393055248,27.679610366712943,22.908745522328687,,-8756.846716703458,50.0,91.66666666666666,0,0.0,False,True,True
8473,山林水,綠能環保,12,1,196186.9351182527,121883.94189002966,24.481979029186938,14.20071444082917,63.138454244854046,28.540923367834697,26.741718377584377,,-30580.431948826954,33.33333333333333,83.33333333333334,12,1,196186.9351182527,121883.94189002966,24.481979029186938,14.200714440829177,63.138454244854046,28.540923367834697,26.741718377584377,,-30580.431948826943,33.33333333333333,83.33333333333334,12,1,198946.9551970305,127676.60907870294,26.167016786495363,15.78316114336234,64.72459127207858,29.89736185976059,27.890290245655596,,-23755.128294952563,33.33333333333333,75.0,0,0.0,False,True,True
5484,慧友,電子工業,12,1,14962.983009546464,12139.792857934937,28.341618620530205,28.47727090552367,49.76570857326854,28.64385965197731,30.571112477429956,,-5415.449824022246,66.66666666666666,33.33333333333333,12,1,14962.983009546464,12139.79285793494,28.341618620530205,28.477270905523678,49.76570857326854,28.643859651977316,30.571112477429956,,-5415.449824022246,66.66666666666666,33.33333333333333,12,1,15557.302330223596,12801.506442015956,29.928656919096113,28.994243553107967,51.20723191876223,30.205173856760855,32.38352013254037,,-5394.039365324107,66.66666666666666,33.33333333333333,0,-7.105427357601002e-15,False,True,True
5212,凌網,資訊服務業,12,1,36445.366114591394,31539.28260626479,30.05758341465821,27.085434026641543,42.534726273202374,28.70957153700572,29.50207319759352,,-6039.374760094553,58.333333333333336,58.333333333333336,12,1,36445.3661145914,31539.28260626479,30.05758341465821,27.085434026641543,42.534726273202374,28.70957153700572,29.502073197593525,,-6039.374760094554,58.333333333333336,58.333333333333336,12,1,38775.30657262111,33658.53638344677,32.21893853625175,27.295093728007707,46.94076653957232,30.638685419545013,31.288311222118896,,-5850.751864401677,58.333333333333336,58.333333333333336,0,0.0,False,True,True
5364,力麗店,觀光餐旅,12,1,9238.818591242936,7462.119874247076,32.60403403714205,22.83786308848592,56.273507593997216,28.737857112449184,26.910612486979872,,4185.399006956092,41.66666666666667,66.66666666666666,12,1,9238.818591242936,7462.119874247076,32.60403403714205,22.83786308848592,56.27350759399724,28.737857112449184,26.910612486979872,,4185.399006956092,41.66666666666667,66.66666666666666,12,1,9490.91060349532,7547.477333145173,33.221191916900914,23.51597620521299,60.85215069140519,29.066582796119977,27.171272483611155,,4211.0301277603385,50.0,66.66666666666666,0,0.0,False,True,True
8096,擎亞,電子通路業,12,1,1163866.1155289127,833133.7895145739,33.057686132553094,17.951465818917953,45.2162064749215,28.81518864828976,27.949547890129573,,908.5474865430346,50.0,33.33333333333333,12,1,1163866.1155289127,833133.7895145741,33.057686132553094,17.951465818917946,45.2162064749215,28.815188648289762,27.949547890129573,,908.5474865431121,50.0,33.33333333333333,12,1,1174880.9535290152,828034.7114230115,33.24911434026878,18.055916305785694,45.18259981393269,28.63882934202955,27.88104274563653,,-1034.6216735789396,58.333333333333336,33.33333333333333,0,-3.552713678800501e-15,False,True,True
3432,台端,電子零組件業,12,1,4633.707099667105,3729.195599501883,27.623679477440348,24.202663115044317,48.48213972574575,28.817461117028632,34.962073079859266,,-3468.251126888501,75.0,41.66666666666667,12,1,4633.707099667105,3729.195599501883,27.623679477440348,24.202663115044317,48.48213972574575,28.817461117028632,34.96207307985927,,-3468.251126888501,75.0,41.66666666666667,12,1,4722.359664987056,3773.2093184210366,28.102719671422662,23.22811273426486,50.706353390491145,29.157578335266788,35.865382537858956,,-3487.4273665361907,75.0,41.66666666666667,0,0.0,False,True,True
3259,鑫創,半導體業,12,1,8018.033340706757,6805.086726976925,28.990015460603708,25.83537856505167,55.2409198767053,28.970554684940574,27.420399996054496,,-107.18894290269964,58.333333333333336,50.0,12,1,8018.033340706757,6805.086726976927,28.990015460603715,25.835378565051677,55.2409198767053,28.970554684940588,27.4203999960545,,-107.18894290270025,58.333333333333336,50.0,12,1,7870.516256828702,6768.67135078134,29.23421739095196,26.013012893003573,54.41416034526906,28.815527469304264,27.45435449617622,,97.79594798998914,58.333333333333336,50.0,0,-1.4210854715202004e-14,False,True,True
6130,上亞科技,生技醫療業,12,1,5480.781755711491,3738.6264389067837,27.75533273982323,25.057530592332256,61.87504815253219,29.04915647946219,28.963661393530383,,-630.6644142662877,50.0,58.333333333333336,12,1,5480.781755711491,3738.6264389067824,27.75533273982323,25.057530592332267,61.87504815253219,29.04915647946218,28.963661393530387,,-630.6644142662875,50.0,58.333333333333336,12,1,5527.07889185575,3782.5141071789535,27.906413803341408,24.27882281549694,58.301373044715476,29.390164002944474,29.748834234847603,,-850.9816000750476,58.333333333333336,50.0,0,1.0658141036401503e-14,True,True,True
2438,翔耀,電子工業,12,1,13741.55296244921,10866.100546192096,32.83510362893334,21.19368416492412,70.0610445401723,29.1189509829956,28.26084199132416,,1631.856911408958,58.333333333333336,75.0,12,1,13741.55296244921,10866.100546192096,32.83510362893334,21.19368416492412,70.0610445401723,29.1189509829956,28.26084199132416,,1631.856911408958,58.333333333333336,75.0,12,1,13864.41058524905,10995.826733944712,33.39395101409093,19.917030287879218,72.17302703747521,29.466590919357415,28.54284967558475,,1917.8263856734332,50.0,75.0,0,0.0,False,True,True
6227,茂綸,電子通路業,12,1,566702.1797948112,426611.31036264246,29.877848301743903,23.408154801852685,62.70128416998174,29.12680186073699,28.03955049829771,,-15925.887491077301,50.0,75.0,12,1,566702.1797948112,426611.31036264234,29.877848301743903,23.408154801852685,62.70128416998174,29.12680186073698,28.03955049829771,,-15925.887491077243,50.0,75.0,12,1,577979.4878022461,437015.8789062302,30.659513550898236,23.82237288603772,65.64018461745849,29.837171696356034,28.604003015123354,,-11621.047289084643,50.0,75.0,0,1.0658141036401503e-14,True,True,True
6103,合邦,半導體業,12,1,2756.6722472585243,2236.219108767115,30.20569023895005,31.536691114599925,59.08178624619785,29.310165918698665,34.79683569391187,,-868.3278308804198,50.0,58.333333333333336,12,1,2756.6722472585247,2236.219108767115,30.20569023895005,31.536691114599925,59.08178624619785,29.310165918698665,34.79683569391187,,-868.3278308804198,50.0,58.333333333333336,12,1,2679.0836820463032,2143.2519404940176,28.752494792173515,28.819427708564792,58.488848063391316,28.091643495563506,33.410647781192864,,-875.403335182199,50.0,58.333333333333336,0,0.0,False,True,True
9940,信義,其他,12,1,554628.7691074314,281069.1518532526,21.780741743502045,20.15295619334144,34.09103108375008,29.43823739273359,24.503672992288603,,-181255.8571426666,66.66666666666666,41.66666666666667,12,1,554628.7691074314,281069.1518532526,21.780741743502045,20.15295619334144,34.09103108375008,29.43823739273359,24.503672992288603,,-181255.8571426666,66.66666666666666,41.66666666666667,12,1,563480.0724354533,289608.30264993204,22.643634940864356,22.211326171242256,34.85541800513669,30.3325993197808,25.500812971256803,,-186079.63426078612,66.66666666666666,33.33333333333333,0,0.0,False,True,True
5398,慕康生醫,其他,12,1,6741.876506137691,5653.130604395216,35.81857313366125,29.659459505325337,67.3162007733061,29.51397102129772,31.300133502099946,,1024.8005126768523,41.66666666666667,66.66666666666666,12,1,6741.876506137691,5653.130604395216,35.81857313366125,29.659459505325337,67.3162007733061,29.51397102129772,31.300133502099946,,1024.8005126768514,41.66666666666667,66.66666666666666,12,1,6823.041966961676,5789.540984310247,36.37371930993754,29.402720543803056,66.73338677468182,30.226144908928454,31.722369911507197,,1175.3908085299129,41.66666666666667,58.333333333333336,0,0.0,False,True,True
4530,宏易,觀光餐旅,12,1,14411.128231078952,9560.853321418623,25.76543794992808,22.049256877972702,47.68702500860579,29.56522990301024,29.646386011224372,,-6012.607808241417,58.333333333333336,50.0,12,1,14411.128231078952,9560.853321418623,25.765437949928078,22.049256877972702,47.687025008605794,29.56522990301024,29.64638601122438,,-6012.607808241418,58.333333333333336,50.0,12,1,14664.710950227161,9675.239877980484,26.031358001224646,22.787163485819484,48.280509658640604,29.918949882689134,30.1520118193012,,-6214.022578246164,58.333333333333336,33.33333333333333,0,0.0,False,True,True
6933,AMAX-KY,電腦及週邊設備業,12,1,279348.3573212639,172780.1263324841,28.00765391498723,9.744564280651502,67.34932671879359,29.616945481036595,26.953119530545628,,-22625.347344171765,50.0,75.0,12,1,279348.3573212639,172780.12633248416,28.007653914987234,9.744564280651502,67.34932671879359,29.6169454810366,26.953119530545628,,-22625.347344171754,50.0,75.0,12,1,279348.3573212639,172780.12633248416,28.007653914987234,9.744564280651502,67.34932671879359,29.6169454810366,26.953119530545628,,-22625.347344171754,50.0,75.0,0,-3.552713678800501e-15,False,True,True
6140,訊達,資訊服務業,12,1,66786.96986880049,58111.50669514036,33.1424525806961,23.121281225896528,66.2461899212843,29.62692339701029,30.439263920675604,,8291.998513542912,50.0,66.66666666666666,12,1,66786.96986880049,58111.50669514036,33.142452580696094,23.121281225896524,66.2461899212843,29.62692339701029,30.439263920675604,,8291.998513542909,50.0,66.66666666666666,12,1,68447.67233968838,58234.336137165206,33.46394557772782,21.307964912947806,68.29246782439171,29.689545391804863,30.359248045953464,,10036.45566813306,50.0,66.66666666666666,0,0.0,False,True,True
3209,全科,電子通路業,12,1,1481467.0421290065,1181806.2679944912,28.581280241698785,25.420149040563306,52.505041765908125,29.929813414793642,30.268144342473192,,-353731.0457772025,41.66666666666667,83.33333333333334,12,1,1481467.0421290065,1181806.2679944912,28.581280241698785,25.420149040563306,52.505041765908125,29.929813414793642,30.268144342473192,,-353731.0457772026,41.66666666666667,83.33333333333334,12,1,1548805.7254708936,1246529.860414777,30.119696690297143,28.50984994915317,53.65202549750181,31.568969592194573,32.09668981300156,,-368396.2912217436,41.66666666666667,83.33333333333334,0,0.0,False,True,True
5202,力新,資訊服務業,12,1,5272.03378406275,3746.3800644383377,30.90225753853573,20.630656348250504,60.838158752893264,29.952270426039718,27.765033297543273,,385.92647451237644,33.33333333333333,91.66666666666666,12,1,5272.033784062751,3746.3800644383386,30.902257538535732,20.630656348250504,60.83815875289329,29.952270426039725,27.765033297543273,,385.9264745123767,33.33333333333333,91.66666666666666,12,1,5460.144596583074,3842.8908818806426,32.05206683182723,21.497604651090008,64.33664185653328,30.723873427697118,28.09541185323815,,534.3496391464446,33.33333333333333,91.66666666666666,0,-7.105427357601002e-15,False,True,True
8092,建暐,其他電子類,12,1,10842.498391388435,8604.941450219108,30.37907646618534,22.778512254693908,56.23153423658973,30.028585629054383,32.19439447097685,,-3715.8940905425766,50.0,75.0,12,1,10842.498391388435,8604.941450219108,30.379076466185346,22.778512254693915,56.23153423658973,30.028585629054383,32.19439447097685,,-3715.8940905425766,50.0,75.0,12,1,10682.908015493602,8503.681434692158,29.361764653284713,23.344774425343743,56.92207968692124,29.675219477216945,31.444648515627694,,-3580.93486774284,50.0,83.33333333333334,0,0.0,False,True,True
1423,利華,紡織纖維,12,1,3548.628672326093,2144.5398479260966,26.791262559779423,25.770757825590834,47.3911456613856,30.138284273098282,29.93401607451271,,-1042.796776633837,50.0,75.0,12,1,3548.628672326093,2144.5398479260966,26.791262559779423,25.770757825590824,47.3911456613856,30.138284273098282,29.93401607451271,,-1042.796776633837,50.0,75.0,12,1,3550.8704939886084,2162.4893656393056,27.12458158739817,27.034632419602524,49.425924533012505,30.39053776604636,30.199129979731204,,-1040.814433809482,41.66666666666667,66.66666666666666,0,0.0,False,True,True
2498,宏達電,電子工業,12,1,88902.15741412733,73164.5339807347,34.40500306264222,26.403372555335892,70.46765568681168,30.268070108437882,32.47527904838564,,-3757.5057768351035,50.0,75.0,12,1,88902.15741412732,73164.5339807347,34.40500306264222,26.403372555335892,70.46765568681165,30.268070108437882,32.47527904838564,,-3757.5057768351085,50.0,75.0,12,1,94017.88124309556,77689.0146576827,36.719436438799185,28.252647553266506,75.90502701794489,32.139841728963674,34.30998010509038,,-3398.478074951568,58.333333333333336,75.0,0,0.0,False,True,True
3465,進泰電子,其他電子類,12,1,47098.47676956235,42521.121515678526,32.987717258162306,31.279797735640397,50.09619185156223,30.445643524244616,29.985140971583498,,7440.420604077361,50.0,58.333333333333336,12,1,47098.47676956235,42521.121515678526,32.9877172581623,31.279797735640386,50.09619185156223,30.445643524244616,29.985140971583498,,7440.42060407736,50.0,58.333333333333336,12,1,47192.347201295706,41497.7450996628,32.117748790062365,31.554695681584377,47.86687612213418,29.712893482794144,29.50859593096177,,7582.374017664507,50.0,66.66666666666666,0,0.0,False,True,True
4542,科嶠,電子零組件業,12,1,22422.99532669958,18506.243941328215,28.543729792836185,30.24637589395944,40.05498564315416,30.49470261849286,32.01624290535142,,-7107.4251725714785,58.333333333333336,83.33333333333334,12,1,22422.99532669958,18506.243941328215,28.543729792836185,30.24637589395943,40.05498564315416,30.49470261849286,32.01624290535142,,-7107.425172571474,58.333333333333336,83.33333333333334,12,1,22757.036426353858,18902.334606367538,28.96602561210199,31.958626362831176,40.90558859870367,31.14738325312781,32.45103727940307,,-7197.214719529999,58.333333333333336,75.0,0,0.0,False,True,True
3576,聯合再生,電子工業,12,1,101677.19474060017,77509.91530893302,33.51222985068061,22.885624370636528,67.82826373029475,30.530138375978026,27.7901984593586,,25136.32497228829,50.0,83.33333333333334,12,1,101677.19474060017,77509.91530893302,33.51222985068061,22.885624370636528,67.82826373029475,30.530138375978026,27.7901984593586,,25136.32497228829,50.0,83.33333333333334,12,1,101113.39454179344,78994.20202939979,33.9031832083387,25.011322260153552,69.16907127146112,31.114779434929808,28.484256396105117,,23215.989064282927,50.0,83.33333333333334,0,0.0,False,True,True
6617,共信-KY,生技醫療業,12,1,1158.115794747075,929.2241334782931,32.275894068186524,29.545708588149328,41.112721787078414,30.542303546357108,29.2396891234661,,-111.12604044545624,58.333333333333336,25.0,12,1,1158.115794747075,929.2241334782931,32.275894068186524,29.545708588149328,41.112721787078414,30.542303546357108,29.2396891234661,,-111.12604044545624,58.333333333333336,25.0,12,1,1158.115794747075,929.2241334782931,32.275894068186524,29.545708588149328,41.112721787078414,30.542303546357108,29.2396891234661,,-111.12604044545624,58.333333333333336,25.0,0,0.0,False,True,True
3349,寶德,電腦及週邊設備業,12,1,15103.725867120458,12278.816703679879,35.47113766025196,22.28934488921372,66.4230306152701,30.740526796063293,29.450837153345805,,3585.904579366184,50.0,33.33333333333333,12,1,15103.725867120458,12278.816703679879,35.47113766025196,22.28934488921372,66.4230306152701,30.740526796063293,29.450837153345805,,3585.904579366184,50.0,33.33333333333333,12,1,15216.98006477128,12390.236793323755,35.75262696543638,23.077328467976084,63.60540426074813,31.01947161085891,29.595855737891657,,3597.8491682270437,50.0,25.0,0,0.0,False,True,True
6207,復華滬深,ETF,12,1,38939.718230863975,28571.869845048757,34.45833217225685,17.72847417039458,61.55975343306008,30.771575951975745,28.26966873358046,,10203.612891785842,41.66666666666667,58.333333333333336,12,1,38939.71823086397,28571.869845048757,34.458332172256846,17.72847417039458,61.55975343306008,30.771575951975745,28.26966873358046,,10203.61289178584,41.66666666666667,58.333333333333336,12,1,40519.41092073612,29791.0435278943,35.8894516284197,19.438062003749952,64.21676230319306,32.08461201800111,29.361753825976518,,10216.244568469216,41.66666666666667,58.333333333333336,0,0.0,False,True,True
3066,李洲,光電業,12,1,11010.108804401261,6231.23887926216,26.89879990118517,12.441660452057892,59.48964732364478,30.91186188797129,26.01837744081335,,-1565.7252392137336,58.333333333333336,83.33333333333334,12,1,11010.108804401261,6231.23887926216,26.898799901185168,12.441660452057892,59.48964732364478,30.91186188797129,26.01837744081335,,-1565.725239213735,58.333333333333336,83.33333333333334,12,1,11241.969936281825,6422.153394223678,28.06333164646523,12.53129327647411,59.68259897613797,31.858948532095948,26.907062068543276,,-1536.9282357168768,58.333333333333336,83.33333333333334,0,0.0,False,True,True
7728,光焱科技,其他電子類,12,1,11433.929949205274,9206.916666666666,30.314276315361226,35.68192485393742,53.95865735783727,30.972344869153247,32.120071694534,,-2701.5833333333335,41.66666666666667,0.0,12,1,11433.929949205274,9206.916666666666,30.314276315361226,35.68192485393742,53.95865735783727,30.972344869153247,32.120071694534,,-2701.5833333333335,41.66666666666667,0.0,12,1,11433.929949205274,9206.916666666666,30.314276315361226,35.68192485393742,53.95865735783727,30.972344869153247,32.120071694534,,-2701.5833333333335,41.66666666666667,0.0,0,0.0,False,True,True
8099,大世科,資訊服務業,12,1,230564.69155387284,128990.76566301589,24.40064169427498,10.13880152486043,65.63621407207863,30.98998235078628,25.46429535209313,,-57305.31747279924,58.333333333333336,66.66666666666666,12,1,230564.69155387284,128990.76566301589,24.400641694274984,10.13880152486043,65.63621407207863,30.98998235078628,25.46429535209313,,-57305.31747279924,58.333333333333336,66.66666666666666,12,1,235114.1618401932,132864.7565162784,25.581773086720766,11.252266853458982,66.10653530790671,31.920707178665452,26.273115719624435,,-54800.949689301866,58.333333333333336,66.66666666666666,0,0.0,False,True,True
1532,勤美,電機機械,12,1,688932.4723171676,397423.8278271987,25.520110250066878,18.04560958008051,68.06414787460902,30.990335101093898,26.53119702507957,,-59105.72635752182,33.33333333333333,58.333333333333336,12,1,688932.4723171676,397423.8278271987,25.520110250066878,18.04560958008051,68.06414787460902,30.990335101093898,26.53119702507957,,-59105.72635752182,33.33333333333333,58.333333333333336,12,1,703334.6935564175,418349.7670365839,27.121444852252026,19.975767438486574,69.14420136875874,32.6220990341964,28.25986378495713,,-68752.17961633178,41.66666666666667,50.0,0,0.0,False,True,True
3284,太普高,其他,12,1,28224.695275731745,22445.402596108892,28.81666139942192,24.041537561540576,52.951105128362684,31.004613790705537,30.443843806900766,,-4366.45825105054,50.0,50.0,12,1,28224.69527573175,22445.402596108892,28.81666139942193,24.041537561540576,52.951105128362684,31.004613790705537,30.443843806900766,,-4366.458251050539,50.0,50.0,12,1,28780.50531924695,23193.192395901267,29.843887530537927,25.53538251694587,53.570287190282926,32.037561800433416,31.56815680142711,,-4578.248707364724,50.0,41.66666666666667,0,0.0,False,True,True
2388,威盛,電子工業,12,1,317977.3503384058,247112.3656147764,34.24067877101357,20.546857927963107,62.908587977076245,31.060213360977173,27.46423689063989,,122416.0172789177,25.0,50.0,12,1,317977.3503384058,247112.3656147764,34.24067877101356,20.546857927963107,62.908587977076245,31.060213360977173,27.46423689063989,,122416.0172789177,25.0,50.0,12,1,308482.09917800815,241531.8899974476,33.03796479571419,22.751803892247587,62.845778005181344,30.358788473158448,26.962365107199766,,107898.1187499498,33.33333333333333,66.66666666666666,0,0.0,False,True,True
4908,前鼎,通信網路業,12,1,24725.160818703112,21196.589629573456,32.29110669446652,26.013406009998754,54.31424869036064,31.221654861110203,28.47137757794721,,8166.728815680919,41.66666666666667,33.33333333333333,12,1,24725.160818703112,21196.589629573456,32.29110669446652,26.013406009998754,54.31424869036064,31.221654861110203,28.47137757794721,,8166.72881568092,41.66666666666667,33.33333333333333,12,1,25586.606840072305,22103.784310530475,33.62498319376782,26.847674824290728,56.25675271770479,32.55791317981432,29.666052829889395,,8205.875192690624,41.66666666666667,25.0,0,0.0,False,True,True
6431,光麗-KY,生技醫療業,12,1,12349.9170164439,9951.636084575342,34.86457486896237,34.008523037646334,62.95652088550497,31.247859720412723,32.14421800900869,,1283.816590900198,33.33333333333333,58.333333333333336,12,1,12349.9170164439,9951.636084575342,34.864574868962364,34.008523037646334,62.95652088550497,31.247859720412723,32.14421800900868,,1283.816590900198,33.33333333333333,58.333333333333336,12,1,12874.534108091711,10262.254547036471,35.53685795390255,32.41703654327069,69.81247380731307,32.22319302832978,33.07663878159565,,1478.3493505016038,33.33333333333333,58.333333333333336,0,0.0,False,True,True
1599,宏佳騰,電機機械,12,1,56450.229310548195,48701.32753258665,32.06072319479199,25.43921002956062,58.804559403205694,31.34918686325925,31.656501122708182,,-5888.048008326406,50.0,58.333333333333336,12,1,56450.2293105482,48701.32753258664,32.06072319479199,25.43921002956061,58.804559403205694,31.34918686325924,31.656501122708182,,-5888.048008326409,50.0,58.333333333333336,12,1,56379.12190037843,48679.06173161213,31.939971381990873,27.466989298752104,53.69618670908321,31.334854302099735,31.789761946588996,,-7371.840762873236,50.0,58.333333333333336,0,7.105427357601002e-15,True,True,True
1789,神隆,生技醫療業,12,1,94562.22821503348,82784.38540046308,32.881513270376104,33.995709613631774,58.39583764584805,31.403101603439477,31.30372093908871,,-1793.8620103575038,41.66666666666667,75.0,12,1,94562.22821503348,82784.38540046308,32.881513270376104,33.995709613631774,58.39583764584803,31.403101603439477,31.303720939088702,,-1793.8620103575013,41.66666666666667,75.0,12,1,100982.95195322776,87796.03356135024,34.61908349655482,34.60762277611884,61.16007098506198,33.304200411333134,33.095500328025345,,-3959.6338430700853,41.66666666666667,75.0,0,0.0,False,True,True
6425,易發,電機機械,12,1,43291.38182852782,37140.94246661417,39.351426567344205,33.41436377733918,86.68958715699556,31.609469663989113,35.062434332201214,,-2158.3865719710266,58.333333333333336,83.33333333333334,12,1,43291.38182852782,37140.94246661417,39.351426567344205,33.41436377733918,86.68958715699556,31.609469663989113,35.062434332201214,,-2158.3865719710266,58.333333333333336,83.33333333333334,12,1,46219.84135234084,40018.921435526565,42.11405543626155,34.70771217095867,94.94764496174386,34.05882562724204,37.586256965598125,,-2384.3080500519886,58.333333333333336,83.33333333333334,0,0.0,False,True,True
1530,亞崴,電機機械,12,1,57589.385428128924,50805.99371505922,35.114982081003006,26.19417087359286,78.0721138636201,31.647118359065768,30.93546929222688,,9896.37474993459,58.333333333333336,66.66666666666666,12,1,57589.385428128924,50805.99371505922,35.11498208100299,26.19417087359286,78.0721138636201,31.647118359065768,30.935469292226873,,9896.374749934586,58.333333333333336,66.66666666666666,12,1,58939.88467748788,51656.794141456085,35.54668269249657,26.09902152969979,73.65229751548121,32.17708303105179,31.370899512096546,,10675.426781887216,58.333333333333336,58.333333333333336,0,0.0,False,True,True
8927,北基,油電燃氣業,12,1,338618.33315530024,286075.0188781156,31.447012532954883,30.34689324451203,62.164626118319624,32.03214977837538,29.53427940611062,,17991.80801522829,58.333333333333336,41.66666666666667,12,1,338618.33315530024,286075.0188781156,31.447012532954883,30.34689324451203,62.164626118319624,32.03214977837538,29.534279406110613,,17991.808015228267,58.333333333333336,41.66666666666667,12,1,324005.0992594879,275112.72723785246,30.06834776685074,31.21398588382471,59.27843531870135,30.8046893412068,28.609877803502208,,11507.792061584682,58.333333333333336,41.66666666666667,0,0.0,False,True,True
8272,全景軟體,資訊服務業,12,1,18434.62656470733,12804.011685718726,36.96541288158699,19.763515330639574,83.36258861559502,32.12783126225843,28.83775205133946,,242.98831428127414,66.66666666666666,41.66666666666667,12,1,18434.62656470733,12804.011685718726,36.96541288158699,19.763515330639574,83.36258861559502,32.12783126225843,28.83775205133946,,242.98831428127414,66.66666666666666,41.66666666666667,12,1,18434.62656470733,12804.011685718726,36.96541288158699,19.763515330639574,83.36258861559502,32.12783126225843,28.83775205133946,,242.98831428127414,66.66666666666666,41.66666666666667,0,0.0,False,True,True
4432,銘旺實,紡織纖維,12,1,38073.66180677146,29195.119812026274,45.19445628308714,28.12750674972826,66.96269341947357,32.16939482635497,35.90249416667526,,3925.6887166964457,33.33333333333333,75.0,12,1,38073.66180677146,29195.119812026274,45.19445628308714,28.12750674972826,66.96269341947357,32.16939482635497,35.90249416667526,,3925.6887166964448,33.33333333333333,75.0,12,1,39552.190255376976,30934.877442934812,47.67626717207882,27.588149754467178,68.46307197179466,34.086391587841334,37.688528592277834,,5312.201149608831,33.33333333333333,75.0,0,0.0,False,True,True
6625,必應,其他,12,1,135616.32460998878,117984.33362708714,31.71382188080291,31.195578862538127,48.25096951122523,32.39286236319109,33.10083905105929,,-24028.30301124341,58.333333333333336,58.333333333333336,12,1,135616.32460998878,117984.33362708718,31.71382188080291,31.195578862538127,48.25096951122523,32.39286236319111,33.10083905105929,,-24028.303011243417,58.333333333333336,58.333333333333336,12,1,137984.87236722306,119087.41573887625,31.99465110472867,33.368146959341125,48.54832234055751,32.6957160211642,33.78423858602329,,-25989.932935978966,58.333333333333336,58.333333333333336,0,-1.4210854715202004e-14,False,True,True
3027,盛達,電子工業,12,1,81683.53020679596,57058.884031962785,35.42725297017923,30.38577214096986,75.43424607460317,32.47432875653279,30.278890441643075,,8115.272776990557,41.66666666666667,58.333333333333336,12,1,81683.53020679596,57058.884031962785,35.42725297017923,30.38577214096987,75.43424607460317,32.47432875653279,30.278890441643085,,8115.272776990557,41.66666666666667,58.333333333333336,12,1,81967.21197991777,57230.4824147303,35.084445347516464,29.534328856674357,75.90500463932594,32.57199176538098,30.31936888456942,,6755.24168899216,41.66666666666667,50.0,0,0.0,False,True,True
4770,上品,化學生技醫療,12,1,175303.91096202534,128231.41289679334,35.059017468731504,21.117098214346974,82.32419948592833,32.55911435600671,29.301954365828504,,16650.312675841004,50.0,75.0,12,1,175303.91096202534,128231.41289679334,35.059017468731504,21.117098214346974,82.32419948592833,32.55911435600671,29.301954365828504,,16650.312675841004,50.0,75.0,12,1,176365.56292520557,128945.54499412824,35.227214990445326,18.75787862371378,84.54260589963626,32.740438947985865,29.42795102791049,,16490.464675438227,50.0,75.0,0,0.0,False,True,True
6887,寶綠特-KY,綠能環保,12,1,151065.61849215283,129762.58333333333,36.25320254321332,32.824485213152435,57.78655854148427,32.59851773819628,32.55281711987999,,41786.416666666664,50.0,8.333333333333332,12,1,151065.61849215283,129762.58333333333,36.25320254321332,32.824485213152435,57.78655854148427,32.59851773819628,32.55281711987999,,41786.416666666664,50.0,8.333333333333332,12,1,151065.61849215283,129762.58333333333,36.25320254321332,32.824485213152435,57.78655854148427,32.59851773819628,32.55281711987999,,41786.416666666664,50.0,8.333333333333332,0,0.0,False,True,True
1799,易威,生技醫療業,12,1,19618.36487624321,16235.03170632897,40.17117894117485,27.90464213502525,107.25691207767547,32.61083351064556,33.79709249581352,,867.1846169937368,41.66666666666667,75.0,12,1,19618.36487624321,16235.03170632897,40.17117894117485,27.904642135025252,107.25691207767547,32.61083351064556,33.79709249581352,,867.1846169937362,41.66666666666667,75.0,12,1,20053.163138069947,16456.760363876845,40.736031420495614,27.91060146051861,110.00533657619576,33.0562133821868,34.07904108234139,,615.8636685290361,50.0,75.0,0,0.0,False,True,True
6658,聯策,其他電子業,12,1,74013.82452762034,56955.25073669668,39.496357245537446,23.860331581909445,82.88363136914948,32.83576610638789,33.30221330711803,,5653.534055868507,50.0,58.333333333333336,12,1,74013.82452762034,56955.25073669668,39.49635724553745,23.860331581909445,82.8836313691495,32.83576610638789,33.30221330711803,,5653.534055868509,50.0,58.333333333333336,12,1,74013.82452762034,56955.25073669668,39.49635724553745,23.860331581909445,82.8836313691495,32.83576610638789,33.30221330711803,,5653.534055868509,50.0,58.333333333333336,0,0.0,False,True,True
4303,信立,塑膠工業,12,1,31326.292119275757,27108.92915248919,31.933848448423653,33.39462006513041,57.95438278069606,32.919860655799226,36.635396795386804,,-15046.847797420307,66.66666666666666,50.0,12,1,31326.29211927576,27108.92915248919,31.933848448423657,33.39462006513041,57.95438278069606,32.919860655799226,36.635396795386804,,-15046.847797420307,66.66666666666666,50.0,12,1,33552.29321543895,29173.0502865451,34.407120693768235,36.19023870287788,60.39727335776679,35.42643624672668,40.060258783784626,,-16771.328393900756,66.66666666666666,50.0,0,0.0,False,True,True
6179,亞通,其他,12,1,181861.7792330356,114889.46541415162,33.60514123161964,15.984306080508548,83.4795190406809,32.98539936783719,25.534523212224286,,69910.01589813372,33.33333333333333,75.0,12,1,181861.7792330356,114889.46541415162,33.60514123161965,15.984306080508548,83.4795190406809,32.98539936783719,25.534523212224286,,69910.0158981337,33.33333333333333,75.0,12,1,192204.92907445072,118550.0803183316,34.52194408631983,14.439938965372567,88.60321778628925,34.03638210251149,25.823019567105227,,72412.24855544137,25.0,75.0,0,0.0,False,True,True
3213,茂訊,電腦及週邊設備業,12,1,94053.18571245747,79516.66631860765,33.201174807582134,33.70449329906087,47.18965466543286,33.04919508214993,31.798680212907076,,5.37537304431559,41.66666666666667,66.66666666666666,12,1,94053.18571245747,79516.66631860765,33.20117480758214,33.70449329906087,47.18965466543286,33.04919508214993,31.798680212907083,,5.375373044318015,41.66666666666667,66.66666666666666,12,1,96019.43198925814,81019.20655665181,33.50683155601752,36.60101494970571,47.337019672059654,33.673689892419425,32.30460739714939,,-161.03856465198865,41.66666666666667,66.66666666666666,0,0.0,False,True,True
6649,台生材,生技醫療業,12,1,8722.255514141782,6076.2265947883925,31.90418120827627,26.71275921247348,71.75956345797776,33.08275331666404,32.79473189146117,,-2448.1482520797895,66.66666666666666,83.33333333333334,12,1,8722.255514141782,6076.2265947883925,31.90418120827627,26.71275921247348,71.75956345797773,33.08275331666404,32.79473189146117,,-2448.1482520797895,66.66666666666666,83.33333333333334,12,1,8646.007622842035,5994.28475143982,31.009399722731228,25.629751757290993,68.7548252025891,32.63661100325218,32.08906290352911,,-2488.478113769343,66.66666666666666,83.33333333333334,0,0.0,False,True,True
3288,點晶,電子零組件業,12,1,2527.990664801083,2045.5886627808623,37.52489126949737,38.745784179852215,82.58221900096274,33.199972886877134,33.69779642083599,,144.83254731925217,58.333333333333336,83.33333333333334,12,1,2527.990664801083,2045.5886627808623,37.52489126949737,38.745784179852215,82.58221900096274,33.199972886877134,33.69779642083599,,144.83254731925226,58.333333333333336,83.33333333333334,12,1,2635.2264445200594,2134.8764477329396,38.732944453827386,39.089843581665406,88.02246020214434,34.64911664362265,35.21115082003545,,139.22230341186057,41.66666666666667,83.33333333333334,0,0.0,False,True,True
6937,天虹,半導體業,12,1,88969.74826489924,62399.90788860854,38.43752994820904,22.40225838500561,81.75165562522228,33.359331255944255,31.32536791173538,,19001.759241677217,33.33333333333333,83.33333333333334,12,1,88969.74826489924,62399.907888608555,38.43752994820904,22.40225838500561,81.75165562522228,33.35933125594426,31.32536791173538,,19001.759241677213,33.33333333333333,83.33333333333334,12,1,88969.74826489924,62399.907888608555,38.43752994820904,22.40225838500561,81.75165562522228,33.35933125594426,31.32536791173538,,19001.759241677213,33.33333333333333,83.33333333333334,0,-7.105427357601002e-15,False,True,True
2107,厚生,橡膠工業,12,1,53004.27058231938,40382.146130428875,30.350886233719898,26.595533964461048,51.407199284898084,33.54388893262412,30.693672809658302,,-121.53004173319034,33.33333333333333,66.66666666666666,12,1,53004.27058231938,40382.146130428875,30.350886233719898,26.595533964461048,51.407199284898084,33.54388893262412,30.693672809658302,,-121.53004173319034,33.33333333333333,66.66666666666666,12,1,53305.31983599175,41221.37820462416,31.198363102614064,27.14727452631284,51.5299518176083,34.241006599292405,31.360871100799393,,545.6918531194569,33.33333333333333,66.66666666666666,0,0.0,False,True,True
1468,昶和,紡織纖維,12,1,28699.417175873088,23402.370144478715,32.08005688867574,31.81666004570375,47.16588350734226,33.565139025890176,30.449757211378785,,3351.615610847995,41.66666666666667,33.33333333333333,12,1,28699.417175873088,23402.370144478715,32.08005688867574,31.81666004570375,47.16588350734226,33.565139025890176,30.449757211378785,,3351.615610847993,41.66666666666667,33.33333333333333,12,1,29670.66237527886,24145.52147792462,32.95550249556548,32.41919106021898,49.53001685461305,34.6310130237114,31.34093279427726,,3270.544229767255,41.66666666666667,41.66666666666667,0,0.0,False,True,True
3379,彬台,電機機械,12,1,88494.85547477345,55361.789554499286,29.26876977352349,23.7066345565116,57.140352641557456,33.56982545861874,31.923984892899593,,-18927.7710405508,41.66666666666667,75.0,12,1,88494.85547477345,55361.789554499264,29.268769773523484,23.706634556511595,57.140352641557456,33.56982545861872,31.923984892899593,,-18927.771040550808,41.66666666666667,75.0,12,1,87134.46894391051,55577.097587297285,29.89006835625062,23.473409882230246,55.59169347557318,33.700382168201834,32.363986086617416,,-18749.53054772945,50.0,75.0,0,1.4210854715202004e-14,True,True,True
3308,聯德,電子工業,12,1,948.3093636968517,761.733846713946,124.17926029123151,93.22987085684753,263.08187948392936,113.94672351741899,87.69037185561992,,362.3939417801746,33.33333333333333,58.333333333333336,12,1,435.9140672599433,224.53015321588956,26.167186211228806,5.988714369297335,65.48455674889605,33.5871582970665,33.22954896031223,,-100.41182640078556,50.0,58.333333333333336,12,1,438.91611430703057,223.86975612123408,26.208408563687847,2.761638304236306,65.73432094033656,33.488370399586245,34.11574675365293,,-96.69692744284991,50.0,33.33333333333333,6,80.3595652203525,True,True,True
3057,喬鼎,電子工業,12,1,20375.262117473314,16364.347806378268,37.2519494942515,23.95705634575542,62.60681399101243,33.63401107759514,31.656953190176328,,3243.2773263679933,41.66666666666667,33.33333333333333,12,1,20375.262117473314,16364.347806378268,37.2519494942515,23.95705634575542,62.60681399101243,33.63401107759514,31.656953190176328,,3243.2773263679933,41.66666666666667,33.33333333333333,12,1,20375.414347295224,16441.81458651117,37.33490452164696,26.13869715766086,56.94841243383244,33.793230288281926,31.823588903482676,,3309.624937600965,41.66666666666667,33.33333333333333,0,0.0,False,True,True
2485,兆赫,電子工業,12,1,88908.90554461195,73266.04739282472,31.25481792930473,32.039743506273915,47.384950208800745,33.69755911836355,35.008406458413766,,-34045.68093752897,58.333333333333336,75.0,12,1,88908.90554461196,73266.04739282474,31.25481792930473,32.039743506273915,47.38495020880074,33.69755911836355,35.00840645841377,,-34045.68093752898,58.333333333333336,75.0,12,1,88253.38779081605,72380.08133415744,30.784719459799163,31.556869166797654,49.717719756348814,33.2900730494245,34.814290208145685,,-35138.536396502204,58.333333333333336,75.0,0,0.0,False,True,True
6582,申豐,橡膠工業,12,1,29641.332627490498,22417.574363655975,39.089845610002534,22.55953710750441,80.43636283399053,32.75061022798757,29.594018074506895,,22417.574363655975,0.0,41.66666666666667,12,1,29810.95226644941,23182.472328009357,40.70287379294935,25.22593999694141,80.43636283399053,33.868076136133816,31.47694471306048,,21318.922912857848,8.333333333333332,41.66666666666667,12,1,31516.22568708557,24194.56929124135,42.95905879582194,25.555767453348118,82.24061279344618,35.346683616944915,32.67501354755359,,22317.902624574683,8.333333333333332,33.33333333333333,1,-1.1174659081462437,False,True,True
6903,巨漢,其他電子類,12,1,114909.48003837303,102001.32714642893,42.009691192897044,27.9419027772185,83.26662431873014,33.96149986230087,36.86023105830711,,-29208.4938130956,75.0,33.33333333333333,12,1,114909.48003837303,102001.32714642893,42.009691192897044,27.9419027772185,83.26662431873014,33.96149986230087,36.860231058307114,,-29208.493813095603,75.0,33.33333333333333,12,1,114909.48003837303,102001.32714642893,42.009691192897044,27.9419027772185,83.26662431873014,33.96149986230087,36.860231058307114,,-29208.493813095603,75.0,33.33333333333333,0,0.0,False,True,True
6199,天品,其他,12,1,9730.9374991745,7468.901659911834,27.640004788592655,33.0880388753022,44.90962139258884,33.980057824236916,33.30389453122508,,-7036.924456920883,75.0,33.33333333333333,12,1,9730.9374991745,7468.901659911834,27.64000478859266,33.0880388753022,44.90962139258884,33.980057824236916,33.30389453122508,,-7036.924456920883,75.0,33.33333333333333,12,1,10406.056134357632,7964.599819741913,29.402149198144816,36.07854343841164,45.31571155973791,36.23525583076586,35.580943812862756,,-7454.153002349885,75.0,33.33333333333333,0,0.0,False,True,True
5443,均豪,半導體業,12,1,156942.74660670746,132280.08986406054,37.248645104291086,28.139391759657272,63.51981563025105,33.991860477245226,32.669173808280256,,13596.696750815603,58.333333333333336,50.0,12,1,156942.74660670746,132280.08986406054,37.248645104291086,28.139391759657272,63.51981563025105,33.99186047724523,32.669173808280256,,13596.6967508156,58.333333333333336,50.0,12,1,164140.1487713049,136238.25801564296,38.397792790838494,28.33314889932194,64.8054284756014,35.00898633263535,33.33231149277566,,15208.610858693815,58.333333333333336,33.33333333333333,0,-7.105427357601002e-15,False,True,True
4768,晶呈科技,化學工業,12,1,48158.244750459584,34977.655321048944,31.254489355003535,36.967320973181764,50.88796852500327,34.14455659395364,32.07380822453883,,-20109.12409477655,66.66666666666666,50.0,12,1,48158.244750459584,34977.655321048944,31.254489355003535,36.967320973181764,50.88796852500327,34.14455659395364,32.07380822453883,,-20109.12409477655,66.66666666666666,50.0,12,1,47882.478483749015,34741.59805112088,31.148352510807815,36.597650135353454,50.866399841523034,33.91412174237505,31.86554263408823,,-19864.938779592216,66.66666666666666,41.66666666666667,0,0.0,False,True,True
2939,永邑-KY,貿易百貨,12,1,10155.925562432401,8549.179778134587,42.984198150394654,25.276360050198114,99.50503771895762,34.26021471046841,36.90688351127644,,773.6042910032957,50.0,66.66666666666666,12,1,10155.925562432403,8549.179778134589,42.984198150394654,25.276360050198114,99.50503771895762,34.260214710468425,36.90688351127644,,773.6042910032957,50.0,66.66666666666666,12,1,10476.317493823335,8561.548465255328,43.31477230909454,25.662990819401944,106.39205121306591,34.309781322405506,36.85328171801862,,1421.4092100932673,50.0,66.66666666666666,0,-1.4210854715202004e-14,False,True,True
3047,訊舟,電子工業,12,1,138406.9133898806,103925.294990738,32.51761528640061,27.578882004776204,78.42369321760451,34.35957742299922,26.85306960729929,,70826.34740354835,16.666666666666664,41.66666666666667,12,1,138406.9133898806,103925.294990738,32.51761528640061,27.578882004776204,78.42369321760451,34.35957742299922,26.85306960729929,,70826.34740354835,16.666666666666664,41.66666666666667,12,1,134132.0752013505,104515.08987056284,33.07351178625091,28.347997028249804,72.68691880750914,34.554574250661204,27.56649807560648,,71274.3961116405,16.666666666666664,41.66666666666667,0,0.0,False,True,True
8940,新天地,觀光餐旅,12,1,60546.29848807077,45479.10505967543,36.472052684002904,32.70434106646511,48.00540621359153,34.36900813182257,33.80668234625373,,-1459.883230469708,50.0,83.33333333333334,12,1,60546.29848807077,45479.10505967543,36.472052684002904,32.70434106646511,48.00540621359153,34.36900813182257,33.80668234625373,,-1459.8832304697055,50.0,83.33333333333334,12,1,63451.97532296278,46677.01529964277,37.411498038324794,33.7011178767322,51.11713036202528,35.2742807119362,34.607107712145485,,-1388.60321270471,50.0,83.33333333333334,0,0.0,False,True,True
2712,遠雄來,觀光餐旅,12,1,17508.93607117904,15119.114490992617,38.666875269871696,30.027312768761526,69.63556109664023,34.558436758568476,39.62334391309816,,-1433.7960243241516,58.333333333333336,41.66666666666667,12,1,17508.936071179043,15119.114490992617,38.666875269871696,30.027312768761526,69.63556109664025,34.558436758568476,39.62334391309816,,-1433.7960243241505,58.333333333333336,41.66666666666667,12,1,18519.418497821887,15941.902654092102,40.52183926682968,32.13091798645403,71.11036823908647,36.43912049286471,41.67587188297337,,-1382.7037237834945,58.333333333333336,33.33333333333333,0,0.0,False,True,True
6588,東典光電,通信網路業,12,1,6442.349531886288,5015.930423298098,39.43560064354532,25.472626847369252,75.33804931982982,34.752003487013525,36.372938711824105,,-399.1413466013731,58.333333333333336,66.66666666666666,12,1,6442.349531886287,5015.930423298098,39.43560064354532,25.472626847369256,75.3380493198298,34.752003487013525,36.37293871182411,,-399.1413466013735,58.333333333333336,66.66666666666666,12,1,6488.100059917549,5009.448276697211,39.38358257719324,25.423051653316676,74.21735555171634,34.70709305918323,36.38113221740303,,-401.33320390805466,58.333333333333336,66.66666666666666,0,0.0,False,True,True
4721,美琪瑪,化學工業,12,1,94271.30191841806,73418.51406097099,35.51910573396405,30.36041475512663,61.23093032166946,34.81390121366077,34.67145084184428,,-7049.289206834806,50.0,58.333333333333336,12,1,94271.30191841806,73418.51406097102,35.51910573396406,30.36041475512664,61.23093032166946,34.81390121366078,34.67145084184428,,-7049.2892068347965,50.0,58.333333333333336,12,1,94299.08047645299,73267.07364410281,35.49420345301495,29.942818608443524,61.17492226093599,34.742090556906994,34.565091180749334,,-6366.942500928388,50.0,58.333333333333336,0,-7.105427357601002e-15,False,True,True
2506,太設,建材營造,12,1,53207.19185711052,33082.11487662915,28.207892811977835,19.001684292436874,63.145271365502865,34.83498214922644,30.253556828101765,,-10965.571647702673,50.0,83.33333333333334,12,1,53207.19185711052,33082.11487662915,28.207892811977835,19.001684292436874,63.145271365502865,34.83498214922644,30.253556828101765,,-10965.571647702673,50.0,83.33333333333334,12,1,53027.574664090724,32562.30132970953,27.42889418237909,16.679879313981537,58.43094185819546,34.28762610214786,29.87039019115952,,-12434.142318415046,58.333333333333336,83.33333333333334,0,0.0,False,True,True
6163,華電網,資訊服務業,12,1,256068.8424194332,178203.32068133648,36.25892385808855,36.01362829865669,52.854153561743274,35.022998534119566,35.05138741650997,,-45275.43973613327,50.0,66.66666666666666,12,1,256068.84241943317,178203.32068133648,36.25892385808855,36.013628298656684,52.85415356174327,35.022998534119566,35.05138741650997,,-45275.43973613327,50.0,66.66666666666666,12,1,272857.75411212374,193726.4467942144,39.15343031961913,38.52200870147132,55.666618634821,38.0738194785197,38.30337977277618,,-48384.84911992407,50.0,50.0,0,0.0,False,True,True
5410,國眾,資訊服務業,12,1,179261.38995536912,128230.09169947523,35.92665316282258,24.432525162120918,64.5574633953677,35.05967564636823,33.98646208875092,,-18921.466919722956,50.0,50.0,12,1,179261.38995536912,128230.09169947523,35.92665316282258,24.43252516212093,64.5574633953677,35.05967564636823,33.98646208875092,,-18921.466919722956,50.0,50.0,12,1,182987.78441782735,133883.25951725527,37.55333803141447,26.085394849387654,64.8308697984989,36.60532088017466,35.573099387027085,,-19690.047211721223,50.0,50.0,0,0.0,False,True,True
6727,亞泰金屬,電子零組件業,12,1,54093.1810714221,47753.36762820053,42.69758009731704,35.81923613481274,71.73408506655704,35.148004466389494,39.0724861824252,,-11229.749128184752,50.0,33.33333333333333,12,1,54093.1810714221,47753.367628200525,42.69758009731704,35.81923613481273,71.73408506655701,35.14800446638949,39.0724861824252,,-11229.749128184749,50.0,33.33333333333333,12,1,54306.40795633686,48286.49563022433,42.85438616380812,34.591792269426406,74.69787408021644,35.54040371123823,39.69088053459995,,-10757.039328227731,50.0,33.33333333333333,0,7.105427357601002e-15,True,True,True
6674,鋐寶科技,電子工業,12,1,21831.890790225334,17551.13649058829,37.14446918746452,30.017258802914267,83.92727367390007,35.226151614353725,31.76070781834609,,5865.394015200268,50.0,41.66666666666667,12,1,21831.890790225334,17551.13649058829,37.14446918746452,30.017258802914277,83.92727367390007,35.226151614353725,31.760707818346095,,5865.394015200269,50.0,41.66666666666667,12,1,22679.13892381836,18128.393260201097,38.215753601292406,27.27600179963853,88.24442976112365,36.38473952105122,32.2321126571631,,6266.099390567261,50.0,41.66666666666667,0,0.0,False,True,True
6804,明係,運動休閒類,12,1,47359.1994112302,39360.44101213475,37.41757845550217,35.01252547588822,57.10761006061057,35.25744409875266,36.86546714285741,,-6930.391232282026,58.333333333333336,66.66666666666666,12,1,47359.1994112302,39360.44101213475,37.41757845550217,35.01252547588821,57.10761006061057,35.25744409875266,36.86546714285741,,-6930.391232282025,58.333333333333336,66.66666666666666,12,1,47397.35320952136,39618.16931635456,37.589887704115874,36.760163374691835,56.327123631835796,35.4883063819241,37.29288426774811,,-7277.447357968148,58.333333333333336,66.66666666666666,0,0.0,False,True,True
5512,力麒,建材營造,12,1,292794.68578826805,205773.9576217129,35.35670395678639,19.066111828604594,55.49125180575775,35.28609621680424,32.0776274300972,,11952.165690793181,25.0,75.0,12,1,292794.68578826805,205773.9576217129,35.35670395678639,19.066111828604587,55.49125180575775,35.28609621680424,32.0776274300972,,11952.16569079319,25.0,75.0,12,1,304402.67327432596,211892.72866681908,36.699564378227386,20.45470063099164,55.96318848340353,36.335342420364796,32.59195368694393,,19141.25924409454,25.0,75.0,0,0.0,False,True,True
6598,ABC-KY,生技醫療業,12,1,15586.718285024608,14032.544951124093,37.2341796024276,30.494391055311787,78.27311206802192,35.31103120997175,36.94095499438233,,-3014.0383833917713,58.333333333333336,58.333333333333336,12,1,15586.718285024608,14032.544951124093,37.2341796024276,30.494391055311787,78.27311206802192,35.31103120997175,36.94095499438233,,-3014.0383833917713,58.333333333333336,58.333333333333336,12,1,16076.314832456786,14444.872637737104,38.4375442346268,30.549653126163477,83.58416556049137,36.348598939948005,37.7642459423157,,-2777.548354717252,58.333333333333336,58.333333333333336,0,0.0,False,True,True
4772,台特化,化學工業,12,1,91307.99276421234,58651.870683443565,26.75241923038633,22.661562429660304,67.86421522130468,35.34134077904748,34.984758357044704,,-53046.7040167769,66.66666666666666,8.333333333333332,12,1,91307.99276421234,58651.870683443565,26.752419230386327,22.661562429660304,67.86421522130468,35.34134077904748,34.984758357044704,,-53046.7040167769,66.66666666666666,8.333333333333332,12,1,91307.99276421234,58651.870683443565,26.752419230386327,22.661562429660304,67.86421522130468,35.34134077904748,34.984758357044704,,-53046.7040167769,66.66666666666666,8.333333333333332,0,0.0,False,True,True
6957,裕慶-KY,其他,12,1,151153.7735528723,112748.58787982138,37.06969612818729,21.560507991993983,85.0278140604838,35.38299378809784,32.505599591693716,,14961.83724783634,33.33333333333333,50.0,12,1,151153.7735528723,112748.58787982138,37.06969612818729,21.560507991993983,85.0278140604838,35.38299378809784,32.505599591693716,,14961.83724783634,33.33333333333333,50.0,12,1,151153.7735528723,112748.58787982138,37.06969612818729,21.560507991993983,85.0278140604838,35.38299378809784,32.505599591693716,,14961.83724783634,33.33333333333333,50.0,0,0.0,False,True,True
5381,光譜,電機機械,12,1,80219.36102376295,64795.85449920996,39.50143585828525,27.324005780061146,79.96100782380768,35.38686397033246,35.85252344827251,,-4825.892791663403,58.333333333333336,66.66666666666666,12,1,80219.36102376295,64795.85449920996,39.50143585828524,27.324005780061146,79.96100782380768,35.38686397033246,35.852523448272514,,-4825.892791663406,58.333333333333336,66.66666666666666,12,1,81309.05835511866,66443.20473055822,40.29923019848289,27.66961364390328,74.62030106492803,36.2865289103006,36.84504573774396,,-5517.859872888759,58.333333333333336,66.66666666666666,0,0.0,False,True,True
6969,成信實業*-創,綠能環保,12,1,15855.40903849934,10738.538000433966,33.00753424775385,24.06032843121708,68.5535666871084,35.78389450122811,39.20614070937068,,-4918.4017826783065,58.333333333333336,16.666666666666664,12,1,15855.40903849934,10738.538000433966,33.00753424775385,24.06032843121708,68.5535666871084,35.78389450122811,39.20614070937068,,-4918.4017826783065,58.333333333333336,16.666666666666664,12,1,15855.40903849934,10738.538000433966,33.00753424775385,24.06032843121708,68.5535666871084,35.78389450122811,39.20614070937068,,-4918.4017826783065,58.333333333333336,16.666666666666664,0,0.0,False,True,True
8027,鈦昇,電機機械,12,1,78812.40836050671,53977.32697515579,35.040241077288584,22.674134674168748,81.38588216755434,35.7989884583703,34.129399424554244,,-20198.19555502472,50.0,75.0,12,1,78812.40836050671,53977.32697515579,35.0402410772886,22.674134674168748,81.38588216755434,35.7989884583703,34.129399424554244,,-20198.195555024722,50.0,75.0,12,1,79687.54007529326,54514.10086400391,35.42632321129979,23.699392963773867,81.64889903674651,36.15498908545718,34.503878548468094,,-20038.068293791785,50.0,83.33333333333334,0,0.0,False,True,True
5314,世紀*,其他,12,1,108583.90174096925,93468.87421720079,35.9611331261998,37.30567248705612,54.14656220451882,36.66955970780156,45.737204091707035,,-93468.87421720079,100.0,25.0,12,1,108583.90174096926,93468.87421720079,35.961133126199805,37.30567248705612,54.14656220451882,36.66955970780156,45.737204091707035,,-93468.87421720079,100.0,25.0,12,1,116194.77050389904,101083.95713497221,38.154418788223275,37.04613262019475,53.94881099875827,39.65709689675051,49.34519200746714,,-101083.95713497221,100.0,25.0,0,0.0,False,True,True
8487,愛爾達-創,數位雲端,12,1,49052.97504866629,31183.648833796167,36.13847290837422,22.98656844719092,94.99749263148709,36.737069115016105,28.811705548231487,,13526.338846682775,50.0,66.66666666666666,12,1,49052.97504866629,31183.648833796167,36.13847290837422,22.986568447190926,94.99749263148709,36.737069115016105,28.811705548231487,,13526.338846682775,50.0,66.66666666666666,12,1,49052.97504866629,31183.648833796167,36.13847290837422,22.986568447190926,94.99749263148709,36.737069115016105,28.811705548231487,,13526.338846682775,50.0,66.66666666666666,0,0.0,False,True,True
8937,合騏*,其他,12,1,2255.5695730586076,2011.3789440375551,40.403317025669814,36.17630766591746,72.28247081757688,36.75541714145499,36.90979434357107,,477.1511323721672,41.66666666666667,50.0,12,1,2255.5695730586076,2011.3789440375551,40.403317025669814,36.17630766591746,72.28247081757688,36.75541714145499,36.90979434357107,,477.1511323721672,41.66666666666667,50.0,12,1,2223.316426105136,1994.4774538758832,39.34881504617649,35.10034736588244,63.556807948875885,36.44656369390053,36.89807019282459,,371.3930454181165,41.66666666666667,50.0,0,0.0,False,True,True
3085,新零售,數位雲端類,12,1,2007.515083098163,1674.5833468655565,38.344719200707935,28.926244146714037,72.26691120604099,36.8020075131159,34.94793763799935,,279.295272918221,41.66666666666667,58.333333333333336,12,1,2007.515083098163,1674.5833468655565,38.34471920070793,28.926244146714037,72.26691120604099,36.8020075131159,34.947937637999345,,279.29527291822103,41.66666666666667,58.333333333333336,12,1,2115.7459637444704,1738.7510125063625,40.074964257402186,29.873448464814796,79.11607659005601,38.21220839528295,35.94008418187276,,343.1591222015022,41.66666666666667,66.66666666666666,0,0.0,False,True,True
1449,佳和,紡織纖維,12,1,116175.34959775598,82912.51513227815,32.29841120158781,28.022893099761177,54.295707751111536,36.80731024557209,35.099505214909534,,-28525.42859692566,41.66666666666667,41.66666666666667,12,1,116175.34959775601,82912.51513227815,32.29841120158781,28.022893099761177,54.29570775111154,36.80731024557209,35.09950521490954,,-28525.42859692566,41.66666666666667,41.66666666666667,12,1,117357.52181272958,83129.88277725031,32.10022528536824,29.13880209611027,57.11668562448467,36.903806152529874,35.00862215039009,,-29580.321402974052,41.66666666666667,41.66666666666667,0,0.0,False,True,True
8476,台境*,綠能環保,12,1,50804.49166490264,37460.63951647139,36.903224539917915,28.49883774658083,55.634095425616806,36.857225309446896,35.6062553364267,,-3519.8308494840458,58.333333333333336,58.333333333333336,12,1,50804.49166490264,37460.63951647139,36.903224539917915,28.49883774658083,55.634095425616806,36.857225309446896,35.6062553364267,,-3519.8308494840458,58.333333333333336,58.333333333333336,12,1,49730.42069932633,37564.55198861598,37.107505767872496,27.63178594113711,59.46250208564015,36.959463964411945,36.23037077311308,,-4298.195216031158,58.333333333333336,58.333333333333336,0,0.0,False,True,True
3041,揚智,電子工業,12,1,74591.00072488535,43181.666958565525,29.81105976727903,18.4024233509637,66.31875653462944,37.08798705826848,33.280657317163055,,-18572.5407412916,33.33333333333333,58.333333333333336,12,1,74591.00072488535,43181.666958565525,29.81105976727904,18.402423350963694,66.31875653462944,37.08798705826848,33.28065731716305,,-18572.5407412916,33.33333333333333,58.333333333333336,12,1,75078.20942004504,43664.86476405541,30.106835342809347,19.33084249927762,67.31968415594723,37.5029972980026,33.66288886960258,,-18783.099570504462,41.66666666666667,58.333333333333336,0,0.0,False,True,True
2243,宏旭-KY,汽車工業,12,1,65943.26347924118,53774.770659230904,41.534964171567495,41.654789681977775,64.61681786111119,37.10507041027761,41.19430797321137,,-9229.674252821134,41.66666666666667,66.66666666666666,12,1,65943.26347924118,53774.770659230904,41.534964171567495,41.654789681977775,64.61681786111119,37.10507041027761,41.19430797321137,,-9229.674252821138,41.66666666666667,66.66666666666666,12,1,69274.32488060064,56691.58280404143,43.93068077986666,42.29024069134972,70.0148763409355,39.1176967530767,43.30997702744256,,-9076.746269188312,41.66666666666667,66.66666666666666,0,0.0,False,True,True
2314,台揚,電子工業,12,1,71612.63643673834,52082.07513428188,33.11176195684566,33.17836820606577,58.53050075666955,37.244246614796545,32.22031965521732,,-6040.609692708606,58.333333333333336,25.0,12,1,71612.63643673834,52082.075134281884,33.11176195684566,33.17836820606577,58.530500756669554,37.24424661479655,32.22031965521732,,-6040.609692708604,58.333333333333336,25.0,12,1,72910.99291942238,52900.40968582841,33.85108472634982,33.18316549905184,61.46189147519585,37.829443225581095,32.910108813532936,,-6349.111079828787,58.333333333333336,25.0,0,-7.105427357601002e-15,False,True,True
1795,美時,生技醫療業,12,1,729437.4381487021,636834.9810310442,39.51749235134274,35.622566620193666,59.538954973583934,37.27577594639975,37.713878628019195,,-143218.99157207963,58.333333333333336,83.33333333333334,12,1,729437.4381487021,636834.9810310442,39.51749235134274,35.622566620193666,59.53895497358391,37.27577594639975,37.713878628019195,,-143218.99157207966,58.333333333333336,83.33333333333334,12,1,761553.1581744554,671436.3440800938,41.68060405516169,38.06668662308241,63.02129038082774,39.30109285717657,39.87011148762963,,-158735.4674052771,58.333333333333336,83.33333333333334,0,0.0,False,True,True
1465,偉全,紡織纖維,12,1,12486.147149521023,11112.646158786729,47.2508675119937,32.83942424400371,102.3680114966681,37.285649870526896,39.39987077612363,,624.3553376154847,58.333333333333336,91.66666666666666,12,1,12486.147149521024,11112.64615878673,47.250867511993704,32.83942424400371,102.36801149666812,37.2856498705269,39.399870776123635,,624.355337615485,58.333333333333336,91.66666666666666,12,1,12531.344248962088,11175.177751545643,47.56930109894631,32.51447727929438,103.8406470377778,37.49545868115044,39.804038757123145,,688.8455224801386,58.333333333333336,91.66666666666666,0,-7.105427357601002e-15,False,True,True
3035,智原,電子工業,12,1,794651.4548606686,561315.8689805168,33.0300024458509,35.207387174098706,56.117599058620314,37.43601570008529,33.97454549044374,,-126811.47121508773,41.66666666666667,33.33333333333333,12,1,794651.4548606686,561315.8689805168,33.030002445850904,35.207387174098706,56.117599058620314,37.43601570008529,33.97454549044374,,-126811.47121508773,41.66666666666667,33.33333333333333,12,1,814222.3969299982,566059.734856812,32.85974218112479,33.37067731852558,55.84975118648408,37.752399838211716,34.27868639709949,,-149517.37060363396,41.66666666666667,33.33333333333333,0,0.0,False,True,True
6283,淳安,電子工業,12,1,69812.53530160716,56548.62258776848,37.474024115153696,35.43500683021463,51.856524343452904,37.483924001410884,34.61647870733538,,4387.34768820706,41.66666666666667,58.333333333333336,12,1,69812.53530160716,56548.62258776848,37.4740241151537,35.43500683021465,51.856524343452904,37.483924001410884,34.61647870733538,,4387.347688207061,41.66666666666667,58.333333333333336,12,1,70807.89263913345,57020.92685923039,37.717424228231394,33.86156063923759,52.52959445804534,37.79699647969349,34.77590600484474,,4086.4484352978493,41.66666666666667,58.333333333333336,0,0.0,False,True,True
1447,力鵬,紡織纖維,12,1,1032168.194334491,871350.3364781253,43.447617051537854,29.58702641515555,83.33661034645824,37.532542091775625,36.54810983237215,,267253.64811157103,41.66666666666667,66.66666666666666,12,1,1032168.194334491,871350.3364781253,43.447617051537854,29.58702641515554,83.33661034645824,37.532542091775625,36.54810983237215,,267253.6481115711,41.66666666666667,66.66666666666666,12,1,1051744.4623864968,887923.1478992851,43.80750155791074,29.973926062147747,84.72214025409026,38.24639932715337,37.080988422291355,,265903.68438924884,41.66666666666667,75.0,0,0.0,False,True,True
4198,欣大健康,生技醫療業,12,1,8986.618600637055,6403.623063618298,37.959712264743544,24.427909574870842,92.77479438297365,37.6312930707585,34.94665031467572,,-1395.9489124993333,58.333333333333336,58.333333333333336,12,1,8986.618600637057,6403.6230636183,37.959712264743544,24.427909574870842,92.77479438297365,37.63129307075852,34.946650314675715,,-1395.9489124993331,58.333333333333336,58.333333333333336,12,1,9124.18277651461,6532.942634320566,38.80735130439257,24.58489379398782,96.73742668789068,38.391247649054996,35.78990013490056,,-1492.2058208075352,58.333333333333336,58.333333333333336,0,-1.4210854715202004e-14,False,True,True
1340,勝悅-KY,塑膠工業,12,1,6442.529655217717,5807.005195680097,88.66521557637999,44.306299284570734,211.3806522388793,44.91659996271854,52.97811747422273,,3988.005562073226,16.666666666666664,50.0,12,1,6142.992603858422,4907.639732677027,62.631165302895354,24.55000316681372,202.95633251386192,37.960098743803584,37.96280208803681,,2761.9734324034885,33.33333333333333,33.33333333333333,12,1,6045.986344261597,4819.240012698124,62.17377291654628,24.748373390978518,202.95140687749296,37.276335818627885,37.59634951283961,,2635.9909125048544,33.33333333333333,33.33333333333333,4,6.956501218914958,True,True,True
4402,郡都開發,紡織纖維,12,1,909.5795749222017,751.4819387120752,37.198193563488964,33.40979450328315,65.21790622964845,38.019238857223755,40.01661497337126,,-45.54486223080835,41.66666666666667,66.66666666666666,12,1,909.5795749222017,751.4819387120752,37.198193563488964,33.40979450328315,65.21790622964845,38.019238857223755,40.01661497337126,,-45.544862230808384,41.66666666666667,66.66666666666666,12,1,946.894843345428,781.1742366296712,38.66459599425462,34.875049898404576,68.34098161521385,39.521442048804985,41.65171778572312,,-25.621477694037548,41.66666666666667,66.66666666666666,0,0.0,False,True,True
4903,聯光通,通信網路業,12,1,60822.84261068128,43382.00065023939,43.08800843518538,37.11420289525258,79.94958537637324,38.52080363427292,40.00176047856799,,-4404.678263023605,58.333333333333336,66.66666666666666,12,1,60822.84261068128,43382.00065023939,43.08800843518538,37.11420289525257,79.94958537637324,38.52080363427292,40.00176047856799,,-4404.6782630236075,58.333333333333336,66.66666666666666,12,1,60326.46727404413,42885.456462317634,43.188687627569614,38.236436195327656,84.37222470448535,38.07990001360121,39.56294316642527,,-1442.8376636947116,58.333333333333336,58.333333333333336,0,0.0,False,True,True
4707,磐亞,化學工業,12,1,48533.41893677442,43225.6911553176,40.91057168528536,35.303094023112195,61.16570843607023,38.61157568468471,37.49697911122456,,9647.420400808132,41.66666666666667,33.33333333333333,12,1,48533.41893677442,43225.6911553176,40.91057168528536,35.303094023112195,61.16570843607024,38.61157568468471,37.49697911122457,,9647.420400808134,41.66666666666667,33.33333333333333,12,1,51760.82434115881,45717.220361851614,43.1371270771755,38.50059808339816,64.1099038449306,40.83714723617292,39.299753337669216,,10593.815441771227,41.66666666666667,33.33333333333333,0,0.0,False,True,True
2230,泰茂,居家生活類,12,1,80745.40486804786,66245.0298998877,45.39460556605025,40.924717989625655,102.56413525491273,38.77468456250106,39.217070974246695,,3794.316336363161,33.33333333333333,50.0,12,1,80745.40486804786,66245.0298998877,45.39460556605026,40.924717989625655,102.56413525491273,38.77468456250106,39.217070974246695,,3794.3163363631634,33.33333333333333,50.0,12,1,79244.6141485292,64563.90234969106,44.47396398956476,42.42180160812594,99.2178571894317,37.79068333906263,38.59488690384299,,4376.040216853779,33.33333333333333,58.333333333333336,0,0.0,False,True,True
3025,星通,電子工業,12,1,36359.59352477085,22216.532418943407,32.95217761171804,28.51366834851644,61.65830823817985,39.3375999532728,33.72735977094366,,-11530.205581806265,41.66666666666667,83.33333333333334,12,1,36359.59352477085,22216.532418943407,32.95217761171804,28.51366834851644,61.65830823817985,39.3375999532728,33.72735977094366,,-11530.205581806265,41.66666666666667,83.33333333333334,12,1,36202.061518713694,21888.70853607509,32.148360765063636,24.000287854817426,61.78129118212154,38.75714011749723,32.86839297461588,,-11411.85034665778,41.66666666666667,83.33333333333334,0,0.0,False,True,True
2254,巨鎧精密-創,汽車工業,12,1,17611.42335508749,15709.322411392734,47.13068898253452,34.784258424330616,81.64352672491773,39.457605929510926,37.90904906768726,,5650.616643174952,33.33333333333333,66.66666666666666,12,1,17611.42335508749,15709.322411392734,47.130688982534515,34.784258424330616,81.64352672491773,39.457605929510926,37.90904906768726,,5650.616643174951,33.33333333333333,66.66666666666666,12,1,17611.42335508749,15709.322411392734,47.130688982534515,34.784258424330616,81.64352672491773,39.457605929510926,37.90904906768726,,5650.616643174951,33.33333333333333,66.66666666666666,0,0.0,False,True,True
1781,合世,生技醫療業,12,1,18664.268686668533,13222.310226856165,40.87775509807365,25.838259227889505,95.43680751644278,39.86185515226307,32.79247341131132,,6482.392936198444,41.66666666666667,66.66666666666666,12,1,18664.268686668533,13222.310226856165,40.87775509807365,25.838259227889505,95.43680751644278,39.86185515226307,32.79247341131132,,6482.392936198444,41.66666666666667,66.66666666666666,12,1,19793.6903366903,13681.62424270428,41.82613688185743,25.610869081677812,102.34821418527267,41.24656844782269,33.0604097309627,,6714.863659790804,41.66666666666667,66.66666666666666,0,0.0,False,True,True
1762,中化生,生技醫療業,12,1,33195.57532968159,25595.463758270318,58.01684506822128,27.654908124150868,127.18406938715452,38.16051191599769,40.703327159080175,,4275.685020374595,58.333333333333336,75.0,12,1,33929.969306162486,26739.51946584486,60.74377386541474,30.268715609272302,127.18406938715452,39.866195074301736,45.70039993072066,,3131.629312800055,58.333333333333336,66.66666666666666,12,1,34197.683711086254,27217.057591040753,59.926566592259846,30.57758000588492,131.73651698113156,40.57816104956143,46.12319475604853,,2765.9088573461904,58.333333333333336,66.66666666666666,1,-1.7056831583040477,False,True,True
2855,統一證,金融保險,12,1,555873.3282710102,450901.2885630371,45.56790061348512,36.78640686694415,100.22349441756488,39.9507775956169,40.212522663570375,,-98301.25773050367,66.66666666666666,50.0,12,1,555873.3282710102,450901.2885630371,45.56790061348512,36.78640686694415,100.22349441756488,39.9507775956169,40.212522663570375,,-98301.25773050362,66.66666666666666,50.0,12,1,555873.3282710102,450901.2885630371,45.56790061348512,36.78640686694415,100.22349441756488,39.9507775956169,40.212522663570375,,-98301.25773050362,66.66666666666666,50.0,0,0.0,False,True,True
2236,百達-KY,汽車工業,12,1,350477.5004044496,312440.3665836756,37.76943905737327,40.81413473555736,55.699790941410484,40.07368551398707,44.41986849128548,,-181811.30504688792,83.33333333333334,41.66666666666667,12,1,350477.5004044496,312440.36658367567,37.76943905737327,40.81413473555738,55.699790941410484,40.07368551398708,44.41986849128548,,-181811.30504688786,83.33333333333334,41.66666666666667,12,1,362375.5476094827,333160.98232267174,40.76220216527829,43.6401168564338,55.434544675469354,42.73131726579954,48.969968217473934,,-210344.34266994832,83.33333333333334,41.66666666666667,0,-7.105427357601002e-15,False,True,True
4806,桂田文創,文化創意業,12,1,3282.125520106743,2742.321698793686,41.073577547573976,39.36016609338841,62.23909022042285,40.22769104875585,38.735628565041495,,-768.5661586237711,58.333333333333336,75.0,12,1,3282.125520106743,2742.321698793686,41.073577547573976,39.36016609338841,62.23909022042285,40.22769104875585,38.735628565041495,,-768.5661586237711,58.333333333333336,75.0,12,1,3222.879815509079,2808.084348431599,44.17826859404976,37.99989444365268,66.8059890010308,41.19237712236467,41.22226462530563,,-676.210307115412,58.333333333333336,75.0,0,0.0,False,True,True
8080,泰霖,建材營造,12,1,9432.085620497337,6822.024759350119,38.839036764410125,43.38061867221288,74.85290920825148,40.50141599697291,41.9720159529731,,-1557.0677721681957,50.0,75.0,12,1,9432.085620497337,6822.024759350119,38.839036764410125,43.38061867221288,74.85290920825148,40.50141599697291,41.9720159529731,,-1557.0677721681957,50.0,75.0,12,1,9323.414290768875,6701.284445829908,37.73904213879524,37.7130103229071,73.21098262124148,39.784597480771446,41.130257737881635,,-1740.512842299085,50.0,75.0,0,0.0,False,True,True
6218,豪勉,通信網路業,12,1,51246.3137703807,44774.86679096906,42.18457805292502,42.09601014440455,84.91418272840205,40.72086694791372,38.240309500356034,,6346.318081403618,41.66666666666667,58.333333333333336,12,1,51246.3137703807,44774.86679096906,42.18457805292502,42.09601014440455,84.91418272840205,40.72086694791372,38.240309500356034,,6346.318081403618,41.66666666666667,58.333333333333336,12,1,54102.23327200436,47127.181885012695,44.49471647309544,42.01788058908317,88.4032503255005,42.860199051598286,39.787005453849495,,7729.316993595705,50.0,58.333333333333336,0,0.0,False,True,True
6877,鏵友益,其他電子類,12,1,21079.20058705516,16374.594299908296,52.72320469609374,31.2464084950656,76.55349620684328,40.886995449029314,37.789246367743004,,4277.172891101768,41.66666666666667,83.33333333333334,12,1,21079.20058705516,16374.594299908296,52.72320469609374,31.2464084950656,76.55349620684328,40.886995449029314,37.78924636774301,,4277.172891101767,41.66666666666667,83.33333333333334,12,1,21079.20058705516,16374.594299908296,52.72320469609374,31.2464084950656,76.55349620684328,40.886995449029314,37.78924636774301,,4277.172891101767,41.66666666666667,83.33333333333334,0,0.0,False,True,True
2363,矽統,電子工業,12,1,108437.6780437849,96685.9686112337,45.152792983697246,52.77194457574903,64.60470018062962,41.126383558643354,60.80890910875011,,-77668.9665277932,83.33333333333334,41.66666666666667,12,1,108437.6780437849,96685.9686112337,45.152792983697246,52.77194457574903,64.60470018062962,41.126383558643354,60.80890910875011,,-77668.9665277932,83.33333333333334,41.66666666666667,12,1,117822.30375472529,104946.47483390589,49.06686756094307,57.98275587657295,69.39752957484158,44.640075898719935,68.48933287329814,,-84720.32037343578,83.33333333333334,41.66666666666667,0,0.0,False,True,True
6443,元晶,光電業,12,1,74398.45106676783,64343.02327666031,52.73823913367893,33.02240953737318,110.41851900735564,42.29953638143197,41.10651441198663,,15389.484922517147,41.66666666666667,66.66666666666666,12,1,74147.23571362534,63510.212540100365,51.77440475115929,33.02240953737318,110.4185190073556,41.75204100033223,40.692406094971915,,11655.447531213184,50.0,66.66666666666666,12,1,72846.12308160994,61918.592807758374,51.38421752326244,31.775365715265046,111.42152213885448,40.70569948038027,39.93360116317064,,12435.004756308064,50.0,58.333333333333336,1,0.5474953810997434,True,True,True
8093,保銳,電子零組件業,12,1,9931.76535262602,7200.634939276188,52.107339228895846,42.73509191130391,98.37493680961089,41.960723210544735,44.02241510242621,,-2568.994988688132,66.66666666666666,83.33333333333334,12,1,9931.76535262602,7200.634939276188,52.107339228895846,42.73509191130391,98.37493680961087,41.960723210544735,44.02241510242621,,-2568.9949886881323,66.66666666666666,83.33333333333334,12,1,9930.933453980351,7245.875350458885,52.13788326858092,42.7888323868588,100.87432787325565,42.22435556902106,44.33106881659146,,-2565.4152167800694,66.66666666666666,83.33333333333334,0,0.0,False,True,True
6512,啟發電,其他電子類,12,1,7790.956156956398,6312.637948838054,43.28333808929416,35.02421886371383,68.31660839545249,41.99117255974625,38.12629946091587,,1449.535128186432,41.66666666666667,41.66666666666667,12,1,7790.9561569563975,6312.637948838054,43.28333808929417,35.02421886371382,68.31660839545252,41.99117255974625,38.12629946091587,,1449.5351281864314,41.66666666666667,41.66666666666667,12,1,8100.15521704241,6505.368644909767,44.33891336111526,39.5799280885793,69.06303212220469,43.27320203488778,38.73283284131276,,1604.2472156311003,41.66666666666667,41.66666666666667,0,0.0,False,True,True
6949,沛爾生醫-創,生技醫療業,12,1,2264.7172243761074,1103.959473072697,30.513780437030718,28.822026417900183,44.58722621834436,42.186846942463426,35.6540264788306,,-668.8660631607856,50.0,66.66666666666666,12,1,2264.7172243761074,1103.959473072697,30.513780437030718,28.822026417900183,44.587226218344355,42.186846942463426,35.6540264788306,,-668.8660631607856,50.0,66.66666666666666,12,1,2264.7172243761074,1103.959473072697,30.513780437030718,28.822026417900183,44.587226218344355,42.186846942463426,35.6540264788306,,-668.8660631607856,50.0,66.66666666666666,0,0.0,False,True,True
3310,佳穎,電子零組件業,12,1,239188.99067441752,94260.58015896282,25.98449594504311,12.302958410130143,85.04318831922002,42.3577537222727,28.638093817835912,,-53907.48833840093,50.0,58.333333333333336,12,1,239188.99067441752,94260.58015896282,25.98449594504311,12.302958410130147,85.04318831922002,42.3577537222727,28.638093817835912,,-53907.48833840093,50.0,58.333333333333336,12,1,239544.93101923206,98413.94818971226,27.379656957660604,14.245852030170465,85.27846555691092,44.22414728645146,29.89361275916152,,-57598.97086301845,50.0,58.333333333333336,0,0.0,False,True,True
2466,冠西電,電子工業,12,1,45766.626832204594,33558.36897144098,51.06312651470392,38.620237657443845,103.79392270187695,42.51051705668469,40.73688108857449,,3819.41931581754,41.66666666666667,66.66666666666666,12,1,45766.626832204594,33558.36897144098,51.06312651470392,38.620237657443845,103.79392270187695,42.51051705668469,40.73688108857449,,3819.4193158175385,41.66666666666667,66.66666666666666,12,1,47690.71485012659,34726.36462613987,52.395876132349464,38.58517818901909,107.77574978486028,43.990091324536195,41.697154891767205,,3784.6081905493133,33.33333333333333,66.66666666666666,0,0.0,False,True,True
4131,浩泰,生技醫療業,12,1,11363.567263632365,8689.911442768533,37.60183795335085,29.89601004742154,72.68839043644138,42.622677274713226,54.9438640733403,,-8344.540765372201,83.33333333333334,50.0,12,1,11363.567263632367,8689.911442768534,37.60183795335086,29.89601004742154,72.68839043644141,42.62267727471323,54.9438640733403,,-8344.540765372201,83.33333333333334,50.0,12,1,11266.978343167553,8567.396375106717,37.17572645084451,28.00918577769651,71.45739133103,42.021759736642714,54.15462687436982,,-8117.759110651808,83.33333333333334,50.0,0,-7.105427357601002e-15,False,True,True
5386,青雲,電腦及週邊設備業,12,1,260336.4540580104,209018.38389998965,51.313593120359805,36.991566900149174,123.80684317157235,42.62870564425252,45.27746875603655,,-38437.25245748484,58.333333333333336,50.0,12,1,260336.4540580104,209018.38389998965,51.313593120359805,36.991566900149174,123.80684317157235,42.62870564425252,45.27746875603655,,-38437.25245748484,58.333333333333336,50.0,12,1,265248.3073721461,214194.14783188186,52.75484663119157,36.59764705258277,127.76947315864535,43.684287995527136,46.20314942827281,,-38401.59923397138,58.333333333333336,50.0,0,0.0,False,True,True
3713,新晶投控,綠能環保類,12,1,17949.25830825877,11703.724684549976,39.88087038574995,31.520332552890835,84.93746748122403,42.918735893764,42.35232965864182,,-5705.684662501637,66.66666666666666,75.0,12,1,17949.25830825877,11703.724684549974,39.880870385749944,31.520332552890835,84.93746748122403,42.918735893764,42.35232965864182,,-5705.684662501638,66.66666666666666,75.0,12,1,17851.144526549066,11423.250466128915,38.58355782099927,29.63668434530591,77.59545221147773,41.89020871717089,41.03073686603176,,-5631.588210858569,58.333333333333336,66.66666666666666,0,0.0,False,True,True
6654,天正國際,其他電子類,12,1,15463.520847548652,13105.09696543131,55.380635823458235,47.749449922617245,61.20901992893718,43.36934923986325,46.56225460798653,,-961.328999617077,58.333333333333336,58.333333333333336,12,1,15463.520847548652,13105.09696543131,55.380635823458235,47.74944992261726,61.20901992893718,43.36934923986325,46.56225460798653,,-961.3289996170766,58.333333333333336,58.333333333333336,12,1,15781.475165935864,13402.423256872178,56.68565606126368,52.733619083275606,64.66448198836355,44.35330592524348,47.25612683901637,,-711.1936953320159,58.333333333333336,41.66666666666667,0,0.0,False,True,True
2427,三商電,電子工業,12,1,382328.1714345415,236687.35544097805,38.353519842203596,32.92036580229717,78.02665443950947,43.51017137972996,39.60137164240688,,-79923.51958072868,33.33333333333333,83.33333333333334,12,1,382328.1714345416,236687.35544097805,38.3535198422036,32.92036580229717,78.02665443950949,43.51017137972996,39.60137164240688,,-79923.51958072868,33.33333333333333,83.33333333333334,12,1,387285.5836812604,246306.83021742947,40.67174493046922,35.559212893943844,83.52382531955574,45.27851677919835,41.21254529813791,,-75639.67394079325,33.33333333333333,83.33333333333334,0,0.0,False,True,True
3672,康聯訊,通信網路業,12,1,11403.486799010563,8542.139892910902,58.587940270823935,31.307316129717744,158.07081473447516,43.74060854321154,42.024440805090705,,1434.0217049996047,41.66666666666667,75.0,12,1,11403.486799010563,8542.139892910902,58.587940270823935,31.307316129717744,158.07081473447516,43.74060854321154,42.024440805090705,,1434.0217049996052,41.66666666666667,75.0,12,1,11443.455083800969,8466.382506997417,58.509511796271276,31.19829773404507,157.7863534223402,43.352687693981636,41.58611577744211,,1591.5804705818919,41.66666666666667,75.0,0,0.0,False,True,True
4413,飛寶企業,紡織纖維,12,1,39633.860058331134,31512.089727578044,46.84334533075567,45.08319513961626,79.00961288526047,43.857450323346235,46.39279009229309,,-13562.130756005155,75.0,83.33333333333334,12,1,39633.860058331134,31512.089727578044,46.84334533075567,45.08319513961626,79.00961288526047,43.857450323346235,46.39279009229309,,-13562.130756005155,75.0,83.33333333333334,12,1,40253.53427549164,31457.640163190896,46.74750299906194,44.32477416605558,79.61581153137189,43.78166927912221,46.149087862399334,,-13182.456556823157,75.0,83.33333333333334,0,0.0,False,True,True
6465,威潤,通信網路業,12,1,13926.586033687128,9626.897043905918,43.508695608916966,35.259429214244314,88.90437630805232,43.88379146841977,45.929140836057606,,-5198.129524239399,58.333333333333336,50.0,12,1,13926.586033687128,9626.897043905918,43.508695608916966,35.25942921424432,88.90437630805232,43.88379146841977,45.929140836057606,,-5198.129524239399,58.333333333333336,50.0,12,1,13904.013455700091,9538.160697747553,44.19692162693132,39.55235879502861,95.71720246530869,43.479290693899884,46.03584368304115,,-4868.650778301059,58.333333333333336,50.0,0,0.0,False,True,True
6874,倍力,資訊服務業,12,1,62775.383405076944,50495.19501697017,44.14697509214698,45.67067922779421,70.63241218666263,44.214296309480055,43.091140578058265,,-9598.559286289234,50.0,83.33333333333334,12,1,62775.383405076944,50495.19501697017,44.14697509214698,45.67067922779421,70.63241218666263,44.214296309480055,43.091140578058265,,-9598.559286289235,50.0,83.33333333333334,12,1,62775.383405076944,50495.19501697017,44.14697509214698,45.67067922779421,70.63241218666263,44.214296309480055,43.091140578058265,,-9598.559286289235,50.0,83.33333333333334,0,0.0,False,True,True
6169,昱泉,文化創意業,12,1,1564.9222993881733,1278.2687162706372,74.32936283665033,34.01080642147703,85.76980932831077,44.49247185070091,48.49604242832799,,-120.07476891014176,50.0,50.0,12,1,1564.9222993881735,1278.2687162706372,74.32936283665033,34.01080642147703,85.76980932831077,44.49247185070091,48.49604242832799,,-120.07476891014169,50.0,50.0,12,1,1544.8408535123863,1247.8883184567837,72.56211821369031,33.99245452135629,79.03106196438647,43.43502674753859,47.62620216685124,,-93.27345246635873,50.0,58.333333333333336,0,0.0,False,True,True
8227,巨有科技,半導體業,12,1,61088.3753119618,50344.66969451297,42.655045195019255,43.71823406870465,57.35501834679938,44.77519511246165,45.91855225846324,,-16366.782733758459,50.0,50.0,12,1,61088.3753119618,50344.66969451297,42.655045195019255,43.71823406870465,57.35501834679938,44.77519511246165,45.91855225846324,,-16366.782733758459,50.0,50.0,12,1,61088.3753119618,50344.66969451297,42.655045195019255,43.71823406870465,57.35501834679938,44.77519511246165,45.91855225846324,,-16366.782733758459,50.0,50.0,0,0.0,False,True,True
6581,鋼聯,綠能環保,12,1,102539.45925778024,82544.11889254802,59.66834659554364,31.58737784793853,131.3948218668278,44.80496855425046,46.67892096401651,,2674.646687201193,58.333333333333336,58.333333333333336,12,1,102539.45925778024,82544.11889254802,59.66834659554364,31.58737784793853,131.3948218668278,44.80496855425046,46.67892096401651,,2674.646687201193,58.333333333333336,58.333333333333336,12,1,104603.59022597833,85410.54883125935,61.50180236076491,32.23548388878499,134.049754452573,46.36086744795732,48.04744580320491,,2811.5062300455197,58.333333333333336,58.333333333333336,0,0.0,False,True,True
4934,太極,電子工業,12,1,4877.257326555893,3870.422849349179,58.082698922895084,47.489814968988284,88.58973587396794,51.988620831447385,42.82673731914795,,1889.5371669313643,33.33333333333333,58.333333333333336,12,1,4518.860259314174,3347.149707151817,49.8180650818987,29.671866429324712,73.01913920374365,44.959867116448734,38.35177044460056,,936.4051995839485,41.66666666666667,50.0,12,1,4729.4044009328845,3431.3403417659847,51.913165899373894,31.031706423973738,79.16187425612152,46.09073967246697,38.423522920485524,,1190.1477937357001,41.66666666666667,41.66666666666667,3,7.0287537149986505,True,True,True
5227,立凱-KY,電子零組件業,12,1,19780.287482342876,15145.189158401641,58.419610507959064,46.173568588849975,137.81147952303127,45.36185446170465,43.64958199015059,,4464.5072893961615,41.66666666666667,66.66666666666666,12,1,19780.287482342876,15145.189158401641,58.419610507959064,46.173568588849975,137.81147952303127,45.36185446170465,43.64958199015059,,4464.5072893961615,41.66666666666667,66.66666666666666,12,1,19669.988626265073,15322.253918262517,59.40162430738829,44.412141905539734,135.86412157573395,45.89218695099218,43.968780153457146,,4518.775016463279,50.0,66.66666666666666,0,0.0,False,True,True
3067,全域,居家生活類,12,1,2835.4875179318096,2216.772422516612,43.27320911210837,39.76928792942027,79.49920208328244,45.52984813302185,52.46739649459901,,-1319.7235879716502,66.66666666666666,66.66666666666666,12,1,2835.4875179318096,2216.772422516612,43.27320911210837,39.76928792942027,79.49920208328244,45.52984813302185,52.46739649459901,,-1319.7235879716502,66.66666666666666,66.66666666666666,12,1,2954.348885596834,2295.4544463769976,44.87209304389465,34.545086679896734,81.78316437299408,47.145882580570245,56.101938375619774,,-1420.0679574557507,75.0,66.66666666666666,0,0.0,False,True,True
6657,華安,生技醫療業,12,1,360.13999510452675,291.8985837869999,46.249453109199685,38.98182844681929,111.20928555430196,45.6448137274433,42.72574593986527,,-38.20365159144012,41.66666666666667,58.333333333333336,12,1,360.1399951045268,291.89858378699995,46.249453109199685,38.98182844681929,111.20928555430196,45.64481372744331,42.72574593986527,,-38.2036515914401,41.66666666666667,58.333333333333336,12,1,360.3706102757182,292.0826933305004,46.58453950053571,38.181679844105396,111.27178620301454,45.673603335496544,42.739404460242554,,-36.06411970677214,50.0,58.333333333333336,0,-7.105427357601002e-15,False,True,True
1417,嘉裕,紡織纖維,12,1,21446.978422424967,15386.484303793057,48.8795813319322,30.827599250206088,134.8094682022997,45.71317801104634,39.19676570748638,,2256.919354164009,50.0,66.66666666666666,12,1,21446.978422424967,15386.484303793057,48.8795813319322,30.827599250206088,134.8094682022997,45.71317801104634,39.19676570748638,,2256.9193541640093,50.0,66.66666666666666,12,1,21236.94877787608,15412.451514832805,49.457694995933096,31.87061999520039,143.85030936100785,45.79032648221578,39.32998623491526,,2465.1210089942283,41.66666666666667,66.66666666666666,0,0.0,False,True,True
2501,國建,建材營造,12,1,1260104.195005734,928208.2865100448,48.4466377908082,48.33195209938983,90.15636669804375,45.857746320544194,43.66890634313136,,64559.85829437679,41.66666666666667,91.66666666666666,12,1,1260104.195005734,928208.2865100448,48.4466377908082,48.33195209938984,90.15636669804375,45.857746320544194,43.66890634313137,,64559.85829437673,41.66666666666667,91.66666666666666,12,1,1319924.3226464817,978281.941057077,50.80241171383384,48.00828116901854,96.79511629368453,48.33161450393874,45.503471022017976,,80667.12203329468,41.66666666666667,83.33333333333334,0,0.0,False,True,True
8101,華冠,電子工業,12,1,18440.679180740997,14471.284553913678,45.00653681226525,46.32208618828748,71.64333863140833,46.12116611254758,46.67886538165772,,-4952.531575622629,75.0,58.333333333333336,12,1,18440.679180740997,14471.284553913678,45.006536812265246,46.32208618828748,71.64333863140833,46.12116611254758,46.67886538165772,,-4952.531575622626,75.0,58.333333333333336,12,1,18337.958671508233,14549.01314492968,44.68883752556076,46.56095324048894,71.71621153002016,46.36889348219382,48.062869372609526,,-5715.151136207724,58.333333333333336,58.333333333333336,0,0.0,False,True,True
2540,愛山林,建材營造,12,1,567397.084272174,436278.48648162535,48.14837309241013,40.329014462698446,104.1134446257909,46.313265453926654,41.101969377363226,,41569.657267876144,33.33333333333333,58.333333333333336,12,1,567397.084272174,436278.4864816254,48.14837309241014,40.329014462698446,104.1134446257909,46.31326545392666,41.101969377363226,,41569.657267876166,33.33333333333333,58.333333333333336,12,1,568779.8819870015,439280.5271987435,48.32729942122598,42.438988651490455,99.38275123485042,46.63194793070114,41.5336291873108,,35483.500846684874,41.66666666666667,58.333333333333336,0,-7.105427357601002e-15,False,True,True
5345,馥鴻,其他,12,1,1315.276080614173,898.9250795401687,43.91111577735562,32.684939127414275,75.66644915745563,46.534234737423,48.02035190045258,,-774.4995036491813,66.66666666666666,58.333333333333336,12,1,1315.276080614173,898.9250795401686,43.91111577735562,32.684939127414275,75.66644915745563,46.534234737422985,48.02035190045258,,-774.4995036491813,66.66666666666666,58.333333333333336,12,1,1369.5084695430835,933.1385728545164,44.02861845811919,35.78551836010094,75.12304309866023,48.305348665951406,48.860107776394756,,-812.3294447323523,66.66666666666666,58.333333333333336,0,1.4210854715202004e-14,True,True,True
3054,立萬利,食品工業,12,1,6676.4439094244635,4869.905074050573,42.640107401294884,35.40035085197458,78.58182016768627,46.54999274223902,42.0257319542995,,-628.5086337034423,50.0,58.333333333333336,12,1,6676.4439094244635,4869.905074050573,42.640107401294884,35.40035085197458,78.58182016768627,46.54999274223902,42.0257319542995,,-628.5086337034423,50.0,58.333333333333336,12,1,6744.08510619781,4945.2614941131205,44.12149879249631,34.82266655948906,81.16213982508089,47.270302636098016,43.00766114644698,,-554.1253871110071,50.0,50.0,0,0.0,False,True,True
2025,千興,鋼鐵工業,12,1,42555.91203437423,31788.277719305042,54.15200199856901,31.521184104685045,135.08658573517516,46.59198930916323,42.99068102627031,,6767.849699504856,41.66666666666667,41.66666666666667,12,1,42555.91203437423,31788.277719305042,54.15200199856901,31.521184104685045,135.08658573517516,46.59198930916323,42.99068102627031,,6767.849699504856,41.66666666666667,41.66666666666667,12,1,43733.27311728291,32784.51876634784,55.93968350041163,34.62942393320285,142.47855728700128,48.05217701178226,43.96524582516041,,8129.868423749421,41.66666666666667,33.33333333333333,0,0.0,False,True,True
6441,廣錠,電腦及週邊設備業,12,1,10469.187389597064,8973.249993261323,57.75544993480196,39.37862586590198,129.1055006240215,45.77021164632147,44.676297215561725,,1404.9765430192838,41.66666666666667,50.0,12,1,10483.576085007835,9163.299231946034,57.778706856832116,44.46383757831514,107.29819984164017,46.739603325406954,48.00813676420167,,854.3119591287667,41.66666666666667,50.0,12,1,10434.049607767298,9137.956885132644,57.54912924479917,42.985934671715434,106.91564622906175,46.61033861327541,47.9329775739688,,885.7469620339256,41.66666666666667,41.66666666666667,2,-0.9693916790854828,False,True,True
5534,長虹,建材營造,12,1,447430.74312679505,320890.0683459459,76.46088584838887,32.469385971126584,218.3677801333074,45.35562024801429,47.5972832730333,,-63398.279694781806,66.66666666666666,75.0,12,1,451188.01000186417,330900.5635693252,79.52994240495491,36.355515680655884,218.3677801333074,46.77053540006776,53.26679180630679,,-73408.77491816107,66.66666666666666,75.0,12,1,453443.86740572285,332514.6267006956,82.02320551681392,35.41699420204903,231.1699404963174,46.99867220349114,54.3284029974742,,-74573.5995314816,66.66666666666666,66.66666666666666,1,-1.4149151520534673,False,True,True
2348,海悅,其他,12,1,335540.754187169,288617.2629154917,58.99165314241566,51.77725059211043,107.37614804807762,46.82578832264409,53.237218185947846,,-37991.61664136232,41.66666666666667,91.66666666666666,12,1,335540.754187169,288617.2629154917,58.99165314241564,51.77725059211043,107.37614804807762,46.82578832264409,53.237218185947846,,-37991.61664136232,41.66666666666667,91.66666666666666,12,1,347566.74261251633,299590.22026521317,59.90119235653414,52.46032221542036,109.6716976900487,48.60606082935796,54.67978108610838,,-42015.46568401022,50.0,83.33333333333334,0,0.0,False,True,True
4924,欣厚-KY,綠能環保類,12,1,31930.408759660022,28432.054630685903,59.58937967896289,38.44131506304158,86.9379255619882,46.9472144227766,46.21192516212922,,4113.575651687254,50.0,33.33333333333333,12,1,31930.408759660022,28432.054630685903,59.58937967896289,38.44131506304158,86.9379255619882,46.9472144227766,46.21192516212922,,4113.575651687256,50.0,33.33333333333333,12,1,33337.53840569641,29249.625771465366,61.42182079320552,41.445041055402385,88.3855228439207,48.29719380874128,46.80235033536229,,4877.612165043842,50.0,33.33333333333333,0,0.0,False,True,True
6873,泓德能源,綠能環保,12,1,482569.0846292199,347306.36299858446,69.42315308345206,38.25531514464544,62.01303545305182,47.46825093227474,43.25797950437628,,57889.02771353194,50.0,75.0,12,1,482569.0846292199,347306.36299858446,69.42315308345206,38.25531514464544,62.01303545305181,47.468250932274735,43.25797950437628,,57889.027713531956,50.0,75.0,12,1,512637.03285663715,363442.24045718746,73.6221944887657,39.11507998712507,61.15407933883935,49.67362912806819,44.80278661239383,,61479.52243040502,50.0,75.0,0,7.105427357601002e-15,True,True,True
3093,港建*,其他電子類,12,1,95483.46328150586,74314.75908471488,57.56931729272539,45.373322259879366,140.8783300275139,47.81141665017575,49.36338680991605,,-1408.8888442542873,33.33333333333333,75.0,12,1,95483.46328150586,74314.75908471487,57.56931729272537,45.373322259879366,140.87833002751384,47.811416650175744,49.36338680991605,,-1408.888844254292,33.33333333333333,75.0,12,1,98027.23798503127,75033.31168018,58.139860847723924,48.931259711638255,147.9418246081261,48.27370729001601,49.63682786724555,,-2543.436721122722,33.33333333333333,75.0,0,7.105427357601002e-15,True,True,True
5468,凱鈺,半導體業,12,1,11789.489355174199,6620.061939516541,38.27737065866811,14.744564221305234,76.24310403707862,48.13627775911393,34.141879997811714,,-1923.7211702249567,33.33333333333333,58.333333333333336,12,1,11789.489355174199,6620.061939516541,38.27737065866811,14.744564221305234,76.24310403707862,48.13627775911393,34.141879997811714,,-1923.7211702249567,33.33333333333333,58.333333333333336,12,1,11814.17291614602,6639.60838417397,37.761556650061955,14.772667962428992,76.44968066731633,48.27840529475174,34.50954535332893,,-2086.4955449030645,33.33333333333333,58.333333333333336,0,0.0,False,True,True
5516,雙喜,建材營造,12,1,114276.31417931279,88913.88317858327,49.55812057873744,45.189612541007364,65.79719191248495,48.73117308525478,48.49564204136025,,-17431.2785085449,50.0,66.66666666666666,12,1,114276.31417931277,88913.88317858327,49.55812057873744,45.189612541007364,65.79719191248495,48.73117308525478,48.49564204136025,,-17431.278508544903,50.0,66.66666666666666,12,1,118304.4217907786,91608.9299803429,51.161880298072646,46.02604458547651,68.46778836915014,50.20825166369938,49.90021416132787,,-17728.243368684427,50.0,58.333333333333336,0,0.0,False,True,True
6486,互動,通信網路業,12,1,142455.5262711378,109152.70264397196,55.42332931999958,43.17350110835606,119.45253373980647,48.76340771489874,49.51366708110132,,-34993.35985027639,58.333333333333336,83.33333333333334,12,1,142455.52627113782,109152.70264397196,55.42332931999958,43.173501108356064,119.45253373980647,48.76340771489874,49.513667081101325,,-34993.359850276414,58.333333333333336,83.33333333333334,12,1,146708.85832712706,113010.3562383217,58.30698855059342,42.87029668919744,128.59070860153557,50.48679458931902,51.30135535001548,,-34041.79958173836,58.333333333333336,83.33333333333334,0,0.0,False,True,True
7709,榮田,電機機械,12,1,51773.51475336271,40801.416666666664,67.75173077677734,42.51590156161159,80.3173394061405,48.83580130423768,48.95888964862971,,4699.583333333333,58.333333333333336,8.333333333333332,12,1,51773.51475336271,40801.416666666664,67.75173077677734,42.51590156161159,80.3173394061405,48.83580130423768,48.95888964862971,,4699.583333333333,58.333333333333336,8.333333333333332,12,1,51773.51475336271,40801.416666666664,67.75173077677734,42.51590156161159,80.3173394061405,48.83580130423768,48.95888964862971,,4699.583333333333,58.333333333333336,8.333333333333332,0,0.0,False,True,True
3498,陽程,其他電子類,12,1,68542.95967506897,54408.000238770444,50.74654680465866,42.03952759780927,70.98289003376908,48.84207901896656,48.85389161910658,,-14611.29173549661,33.33333333333333,91.66666666666666,12,1,68542.95967506895,54408.000238770444,50.74654680465866,42.03952759780927,70.98289003376908,48.84207901896656,48.85389161910656,,-14611.29173549661,33.33333333333333,91.66666666666666,12,1,68290.79386543267,54222.08435645373,49.80680822421675,44.37365816882527,71.03453004331081,48.67518227262146,48.35002984506394,,-14748.680771104593,33.33333333333333,91.66666666666666,0,0.0,False,True,True
6624,萬年清,綠能環保類,12,1,27916.978236889474,23484.76257865594,59.40625028287416,54.459530959845615,99.32272665490237,49.02233545446772,52.69671074509231,,-341.83055332453176,41.66666666666667,75.0,12,1,27916.97823688947,23484.76257865594,59.40625028287416,54.459530959845615,99.32272665490235,49.02233545446772,52.69671074509229,,-341.83055332453233,41.66666666666667,75.0,12,1,27721.78168708652,23571.662158608367,59.718939366251355,57.123211373002725,92.12690798397654,49.20373053329862,53.38403479608349,,-677.6332143786549,41.66666666666667,66.66666666666666,0,0.0,False,True,True
4726,永昕,生技醫療業,12,1,32849.62168344788,30241.908721415308,60.2827876622047,50.93720603091837,106.65358999367113,49.025165508523436,56.49540167935635,,-7356.645869140062,58.333333333333336,50.0,12,1,32849.62168344787,30241.908721415308,60.2827876622047,50.93720603091836,106.65358999367113,49.025165508523436,56.49540167935636,,-7356.645869140061,58.333333333333336,50.0,12,1,33684.32156498382,30713.460092317775,60.66603054316116,54.616795606014755,96.24761117317834,49.78959754941158,57.25245026895406,,-7024.037668097131,58.333333333333336,50.0,0,0.0,False,True,True
3147,大綜,資訊服務業,12,1,415303.1721371555,334061.989451101,47.993711866673976,50.027588518387624,68.16585448083649,49.0275364677153,46.70574044827372,,-58886.97406954853,33.33333333333333,50.0,12,1,415303.17213715543,334061.989451101,47.99371186667396,50.027588518387624,68.16585448083649,49.0275364677153,46.705740448273716,,-58886.97406954853,33.33333333333333,50.0,12,1,408321.33699231734,325688.73552009976,46.05505967704268,47.45626781662654,67.53394414542909,47.79866270949417,45.77908183757171,,-67306.15793805226,33.33333333333333,50.0,0,0.0,False,True,True
8176,智捷,通信網路業,12,1,15292.037480636693,13241.616270425766,85.9546787920663,31.90825327173149,292.0009634593418,42.5707001138909,48.20591245649073,,4665.123432985315,33.33333333333333,75.0,12,1,17857.203844058,15299.901212139872,91.91898922416962,31.90825327173149,292.0009634593418,49.18791580819763,60.56146874797451,,2606.838491271206,33.33333333333333,58.333333333333336,12,1,17827.2712479873,15402.610634758676,91.48022645332316,35.52667012706609,302.7787480420933,49.51811809920809,60.62267300479047,,2794.64587525656,33.33333333333333,50.0,2,-6.617215694306729,False,True,True
4967,十銓,電子工業,12,1,997480.8444332713,839861.2471337958,51.20261357313761,42.754468501938035,80.86861905617003,49.33480248845886,50.52448390531011,,-239603.861583141,58.333333333333336,66.66666666666666,12,1,997480.8444332713,839861.2471337958,51.20261357313761,42.754468501938035,80.86861905617003,49.33480248845886,50.52448390531011,,-239603.86158314094,58.333333333333336,66.66666666666666,12,1,1000367.9302895627,847481.8184673003,51.823115027169784,44.22274290054091,84.90128859286898,49.782447123653895,51.033188477437086,,-242093.37478894703,66.66666666666666,66.66666666666666,0,0.0,False,True,True
6869,雲豹能源,綠能環保,12,1,422271.93866578233,307283.7391559976,44.87374075954815,41.30269544351614,77.59700273427553,49.369339716037246,46.552198366786634,,-107028.82725652344,50.0,75.0,12,1,422271.93866578233,307283.7391559976,44.87374075954815,41.30269544351614,77.59700273427553,49.369339716037246,46.552198366786634,,-107028.82725652344,50.0,75.0,12,1,418357.24097398337,304528.6366174803,43.78546342740648,43.956230073661274,76.34481610816665,48.92669477312498,46.60297094269665,,-113246.62998193922,50.0,66.66666666666666,0,0.0,False,True,True
4743,合一,生技醫療業,12,1,7785.490276626242,5326.482597478306,47.20651489508765,37.557813105896436,86.23000441652854,49.50147624338009,46.49894909813796,,-1561.345916048798,41.66666666666667,58.333333333333336,12,1,7785.490276626242,5326.482597478306,47.20651489508765,37.55781310589644,86.23000441652854,49.50147624338009,46.49894909813796,,-1561.345916048798,41.66666666666667,58.333333333333336,12,1,7901.675854017577,5436.66980003562,47.553242884285446,41.548061745273536,83.26906352690628,50.52549708450659,47.855069474684115,,-1679.0981253414436,41.66666666666667,50.0,0,0.0,False,True,True
6222,立軒,光電業,12,1,146.72468301639958,114.6267450867358,82.71877940488994,42.581799072788804,148.80583548570473,49.72960741290056,53.23566921558482,,-8.954546961035126,50.0,83.33333333333334,12,1,146.72468301639958,114.62674508673577,82.71877940488993,42.581799072788804,148.80583548570473,49.72960741290055,53.235669215584814,,-8.954546961035133,50.0,83.33333333333334,12,1,149.73129915253392,116.75535528052096,83.17445871664772,44.56382920008578,152.9920858204515,50.65308255120215,54.08567661662745,,-7.775346354054477,41.66666666666667,83.33333333333334,0,1.4210854715202004e-14,True,True,True
3024,憶聲,光電業,12,1,99945.31078933456,70951.56164174892,65.41919833330469,32.289372425632266,166.96217443384703,49.73327451421386,41.77915644366203,,54830.87826123292,33.33333333333333,58.333333333333336,12,1,99945.31078933457,70951.56164174892,65.41919833330469,32.289372425632266,166.96217443384703,49.73327451421386,41.77915644366204,,54830.87826123292,33.33333333333333,58.333333333333336,12,1,89664.9931312906,68626.3860412496,64.46167308632856,31.878429176575246,161.91498160284593,48.10344997254597,41.94744718697028,,49425.488243442116,33.33333333333333,58.333333333333336,0,0.0,False,True,True
3188,鑫龍騰,建材營造,12,1,171095.46075380436,111650.0541993552,37.38776161312127,36.98997104926357,60.386050305557504,49.699372373878816,45.565566125717886,,-92387.13823594227,58.333333333333336,58.333333333333336,12,1,171143.0848715998,112219.60768076677,38.3263642752586,36.98997104926357,60.386050305557504,49.952900692897536,47.04369196978465,,-94771.8731412884,66.66666666666666,50.0,12,1,178431.70128630952,117530.99111095519,39.560681420530216,42.2042397173783,61.682203381693576,52.317184569070605,48.61968721300099,,-98896.12975943845,58.333333333333336,58.333333333333336,1,-0.2535283190187201,False,True,True
4946,辣椒,文化創意業,12,1,16885.679115099705,14791.90618347205,47.2507166290236,53.451334741414016,67.39791830924824,50.03477690535395,66.6494958855048,,-14791.90618347205,100.0,66.66666666666666,12,1,16885.679115099705,14791.906183472054,47.2507166290236,53.451334741414016,67.39791830924824,50.034776905353965,66.6494958855048,,-14791.906183472054,100.0,66.66666666666666,12,1,18195.313315085325,16222.764772073157,52.044229802966,58.62235111212599,71.22149254432995,54.87476773383562,75.05639298722224,,-16222.764772073157,100.0,66.66666666666666,0,-1.4210854715202004e-14,False,True,True
4588,玖鼎電力,電子工業,12,1,41905.50074677221,37071.49122568942,109.81279007892677,35.25049926756937,289.24996294044195,48.339144363786545,57.63289836290832,,-3574.556165535742,58.333333333333336,83.33333333333334,12,1,43818.77788193477,38726.58098471022,112.17690006338705,35.25049926756937,292.0868949217942,50.49728853741207,63.36475260199831,,-5229.645924556547,58.333333333333336,75.0,12,1,43818.77788193477,38726.58098471022,112.17690006338705,35.25049926756937,292.0868949217942,50.49728853741207,63.36475260199831,,-5229.645924556547,58.333333333333336,75.0,1,-2.158144173625523,False,True,True
1529,樂事綠能,電機機械,12,1,48135.34687167534,39201.31396298709,57.90757162484363,66.74293657738149,105.62502716821294,50.82735028701203,55.29909067973872,,-9886.256605098888,41.66666666666667,75.0,12,1,48135.34687167534,39201.31396298709,57.90757162484363,66.74293657738149,105.62502716821294,50.82735028701203,55.29909067973872,,-9886.256605098892,41.66666666666667,75.0,12,1,48085.03389804409,39348.801715807844,58.05237247373298,67.35278827391504,108.70781786044688,51.01857886885861,55.6573507595174,,-9615.826718991839,41.66666666666667,75.0,0,0.0,False,True,True
4582,聚恆-創,綠能環保,12,1,67469.4955416507,52025.09617650134,67.9374371584783,41.163560531418895,94.70139685063145,50.88924815762319,53.90916861806912,,-4331.136463675895,58.333333333333336,75.0,12,1,67469.49554165069,52025.09617650134,67.9374371584783,41.163560531418895,94.70139685063145,50.88924815762319,53.9091686180691,,-4331.136463675895,58.333333333333336,75.0,12,1,66885.98017357216,51610.19923303966,70.10638524087544,42.04277129707473,93.42080239107588,50.48340953227919,52.846236996560734,,-2978.320435998343,58.333333333333336,75.0,0,0.0,False,True,True
6692,進能服,綠能環保類,12,1,77725.58958530202,62123.207742721126,69.70944043443545,43.93152172450924,176.64015503124838,50.94637886970632,51.02026779648617,,11954.546150239315,25.0,58.333333333333336,12,1,77725.589585302,62123.207742721126,69.70944043443545,43.93152172450923,176.64015503124838,50.94637886970632,51.02026779648617,,11954.546150239321,25.0,58.333333333333336,12,1,77725.589585302,62123.207742721126,69.70944043443545,43.93152172450923,176.64015503124838,50.94637886970632,51.02026779648617,,11954.546150239321,25.0,58.333333333333336,0,0.0,False,True,True
2534,宏盛,建材營造,12,1,273773.32597565185,202472.08738055165,66.00127630249352,47.81833265805025,150.97222840271277,51.24716622246235,57.791970264884384,,-107050.80694331125,50.0,66.66666666666666,12,1,273773.32597565185,202472.08738055165,66.00127630249352,47.81833265805026,150.97222840271277,51.24716622246235,57.79197026488438,,-107050.80694331125,50.0,66.66666666666666,12,1,275841.42318094557,206723.7374342118,66.70481642068995,51.20520637705871,153.60215278503878,52.32328994814973,59.54725654251981,,-118718.94156083046,58.333333333333336,66.66666666666666,0,0.0,False,True,True
3555,博士旺,半導體業,12,1,17934.156473014336,12065.001827636763,60.272177300204575,53.42196324444303,88.20422054038839,51.25373815625384,68.00124354025773,,-11233.667997156866,83.33333333333334,25.0,12,1,17934.156473014336,12065.001827636763,60.272177300204575,53.42196324444303,88.2042205403884,51.25373815625384,68.00124354025773,,-11233.667997156866,83.33333333333334,25.0,12,1,17984.473047388336,12375.752142079726,61.112262897849355,55.56073371601569,83.57596330341995,52.57384696982646,69.53009628683589,,-11566.058130276617,83.33333333333334,25.0,0,0.0,False,True,True
3529,力旺,半導體業,12,1,196436.47771789946,164700.6648964863,56.34585567332698,51.93746547359548,63.45504205182142,51.347902425813196,52.08868218636721,,-40110.53039824648,41.66666666666667,100.0,12,1,196436.4777178994,164700.6648964863,56.34585567332698,51.93746547359548,63.45504205182142,51.347902425813196,52.08868218636721,,-40110.53039824648,41.66666666666667,100.0,12,1,199350.9444197153,169735.16533928635,59.331305113702136,53.859490525488,69.28311646753538,52.91748344518603,53.69900483974398,,-34689.28224917236,33.33333333333333,100.0,0,0.0,False,True,True
6560,欣普羅,光電業,12,1,9291.560603744712,7157.658887915971,128.07371984090327,47.45803606982192,68.74444289532153,49.757795536433576,59.1091426095262,,-2654.198562340677,75.0,50.0,12,1,9467.945281722516,7394.479110140618,130.35412641023066,47.45803606982192,79.77421302457968,51.404095308589625,64.34248894462388,,-2891.018784565324,75.0,41.66666666666667,12,1,9056.054995175376,7143.110051084916,121.74519229330552,46.318627992363226,79.91040686596614,49.65665659426428,63.95608651247263,,-2971.0122780633465,83.33333333333334,41.66666666666667,1,-1.6462997721560484,False,True,True
2542,興富發,建材營造,12,1,1950596.2611396336,1352856.80208362,132.3150996437762,56.357692098654425,302.7704327589581,52.70683445530682,73.613641495878,,-585651.9833961258,33.33333333333333,66.66666666666666,12,1,1995626.831272216,1326432.5899091512,105.71360732547032,53.443459904149,143.01959732425422,51.677356261793214,66.20150540767422,,-669176.0156232626,41.66666666666667,75.0,12,1,2003932.5957836485,1329426.2202245193,107.55891438050627,58.14477750594654,150.1601556682868,51.793987066479616,67.22385145769873,,-667247.3075149702,41.66666666666667,50.0,3,1.0294781935136044,True,True,True
4188,安克,生技醫療業,12,1,1710.4644586663012,1316.8619525698425,59.681602930871506,42.84547714928465,126.9014058394424,51.91820294653912,44.79282195664533,,502.6660741616763,33.33333333333333,50.0,12,1,1710.464458666301,1316.8619525698425,59.68160293087149,42.84547714928466,126.9014058394424,51.91820294653912,44.79282195664533,,502.66607416167614,33.33333333333333,50.0,12,1,1732.8178688096314,1348.7543332438865,60.810208616176865,46.02867195207395,120.806645817946,53.17558234690225,45.91641220505054,,497.324879343221,33.33333333333333,50.0,0,0.0,False,True,True
4702,中美實,居家生活類,12,1,3364.709812878678,2831.7421760101292,107.54793483757672,35.78511701171754,297.7893648937506,49.26268300804818,51.37875744002446,,1342.4236486861407,33.33333333333333,75.0,12,1,3545.794861953756,2986.356798484392,109.98204413345618,35.78511701171754,297.7893648937506,51.95245158934271,56.68127334276303,,1187.8090262118776,33.33333333333333,75.0,12,1,3596.533311300799,3031.325026995033,112.5537609575688,36.06475280190187,306.92594930855967,52.734745826904415,57.38454622003043,,1218.845226649892,33.33333333333333,66.66666666666666,1,-2.68976858129453,False,True,True
6228,全譜,電腦及週邊設備業,12,1,2965.460508525135,2259.6751269772617,80.9082793590682,39.83546117726387,72.51533899629193,52.887795291153175,54.21556485309351,,-401.71356055730445,58.333333333333336,66.66666666666666,12,1,2965.460508525135,2259.6751269772617,80.9082793590682,39.83546117726387,72.51533899629193,52.887795291153175,54.21556485309351,,-401.71356055730445,58.333333333333336,66.66666666666666,12,1,3090.1523362227304,2310.0179041052393,84.21070791049434,39.195564402424786,73.7613516760196,54.06607019418945,54.82622978055054,,-361.5623561719945,58.333333333333336,66.66666666666666,0,0.0,False,True,True
1456,怡華,建材營造,12,1,49869.1504891997,36362.31002529778,87.59307620043742,37.14960337334469,304.3470320354478,52.6360021162562,54.09164170689723,,1746.0034812254114,50.0,50.0,12,1,50037.5106286653,36615.22325361261,88.07553247512139,37.14960337334469,304.9259795650686,53.00210485317106,55.12684271783483,,1493.0902529105833,50.0,50.0,12,1,51579.43044254874,37248.91846298222,90.4427430680294,41.73891196160211,310.2280768729053,53.91940582657552,56.24195062555596,,2031.3660852740734,50.0,50.0,1,-0.3661027369148613,False,True,True
1442,名軒,建材營造,12,1,174406.35979491065,139551.4532174927,52.40280409246784,41.06017570206813,95.40751048345498,50.28819280633219,44.52231567232092,,40728.74512033717,41.66666666666667,25.0,12,1,179806.95353128645,147585.58997776036,54.77242740730844,45.88160122857241,95.40751048345498,53.18334157847079,48.03477718620324,,32694.608360069527,41.66666666666667,25.0,12,1,185857.58076323895,151582.34586059995,56.3431561438167,49.31191881341266,91.96078047408544,54.6235962358181,49.17073101842679,,32588.778879706966,41.66666666666667,16.666666666666664,1,-2.8951487721385973,False,True,True
8277,商丞,半導體業,12,1,15212.385949966687,10808.787101000486,55.57430002730298,42.737172258319504,137.16036920488193,53.20135898212306,46.72470193062503,,351.0938763285526,41.66666666666667,58.333333333333336,12,1,15212.385949966687,10808.787101000486,55.57430002730298,42.737172258319504,137.16036920488193,53.20135898212306,46.72470193062503,,351.09387632855186,41.66666666666667,58.333333333333336,12,1,15416.620245901839,11048.657502955357,57.293230266539396,43.76194731368565,142.76592124083422,54.382012393494804,47.81876538824694,,468.9499284014955,41.66666666666667,58.333333333333336,0,0.0,False,True,True
8038,長園科,電子零組件業,12,1,31059.59362594395,26569.852909364305,73.5246414429149,59.41864189636459,85.74120816859505,53.41309182706346,75.38608884647665,,-16592.27319076924,66.66666666666666,58.333333333333336,12,1,31059.593625943948,26569.8529093643,73.5246414429149,59.41864189636459,85.74120816859505,53.413091827063454,75.38608884647665,,-16592.273190769247,66.66666666666666,58.333333333333336,12,1,31176.429558051914,26599.39683588012,73.22975963687927,57.498031607429745,86.07581769195662,53.47248366733086,76.42379997629037,,-17400.532442614876,66.66666666666666,58.333333333333336,0,7.105427357601002e-15,True,True,True
3712,永崴投控,電腦及週邊設備業,12,1,2008295.848653685,1445091.4687343389,55.03717392232236,51.80883311745655,116.37557258242339,53.74557243024193,48.99626516966848,,-72961.20042789045,41.66666666666667,75.0,12,1,2008295.848653685,1445091.4687343389,55.03717392232236,51.80883311745655,116.37557258242339,53.74557243024193,48.99626516966848,,-72961.20042789051,41.66666666666667,75.0,12,1,2025012.1353930696,1434793.6809817103,54.065571835427384,52.39206130681928,118.89413060580296,53.36257902843678,48.54276839669932,,-79264.07256910983,41.66666666666667,75.0,0,0.0,False,True,True
6225,天瀚,電子工業,12,1,3239.356533677573,2444.398738562533,69.27852688346636,62.0219864454048,141.77332985941382,53.83051304389789,61.97546430481903,,-644.90992759258,41.66666666666667,58.333333333333336,12,1,3239.356533677573,2444.398738562533,69.27852688346636,62.0219864454048,141.77332985941382,53.83051304389789,61.97546430481903,,-644.90992759258,41.66666666666667,58.333333333333336,12,1,3275.5370795119024,2473.0945285667362,68.34950905614737,63.18154296738865,134.38695030812073,54.46245130902504,62.36451432043442,,-736.4896461098814,50.0,58.333333333333336,0,0.0,False,True,True
8478,東哥遊艇,運動休閒,12,1,254606.1338616498,230097.94144841016,56.394081465114965,57.94172365800401,78.5185665464013,52.781274166896786,68.77513908357335,,-71521.29722236273,66.66666666666666,41.66666666666667,12,1,260172.4600186773,235812.00144406068,58.17169816335276,57.94172365800401,87.76657844864266,54.09200022267137,73.58937430416557,,-77235.35721801322,66.66666666666666,33.33333333333333,12,1,263369.05739833973,238425.9319866403,58.84260299056399,60.22596412343573,87.6949196051835,54.691599609578766,73.10863978204706,,-67267.97559749639,58.333333333333336,33.33333333333333,1,-1.3107260557745875,False,True,True
2465,麗臺,電腦及週邊設備業,12,1,378639.8143535555,207454.98437274364,49.61778030078878,34.46918111944275,86.23721611351291,55.842688919302,42.69415266038606,,-26130.74809567744,50.0,83.33333333333334,12,1,378639.8143535555,207454.98437274364,49.61778030078878,34.46918111944276,86.23721611351291,55.842688919302,42.69415266038606,,-26130.74809567744,50.0,83.33333333333334,12,1,384727.58720755205,214020.2283121677,51.68540357055548,34.00047859471266,88.98926611490592,57.60991989761326,44.189206979320964,,-26660.76716272518,50.0,75.0,0,0.0,False,True,True
1595,川寶,半導體業,12,1,36934.96743066726,33522.91702217678,77.10844490706076,54.11917716150878,184.67663130580385,56.17024485299199,59.15655582168268,,3999.9739912919636,50.0,58.333333333333336,12,1,36934.96743066726,33522.91702217678,77.10844490706074,54.11917716150878,184.67663130580385,56.17024485299199,59.15655582168268,,3999.9739912919613,50.0,58.333333333333336,12,1,37822.96393186029,34228.10904797052,78.7955637174667,56.54828282232523,186.5459146754677,57.35184873104975,60.41549655040811,,4380.717324293918,50.0,50.0,0,0.0,False,True,True
6640,均華,半導體業,12,1,140513.88727462612,127720.15919315342,67.76626758703628,44.42001214214901,147.15491767933685,56.96088256544566,56.110972015732926,,11180.754258186671,50.0,41.66666666666667,12,1,140513.88727462612,127720.15919315342,67.76626758703627,44.42001214214901,147.15491767933685,56.96088256544566,56.110972015732926,,11180.754258186667,50.0,41.66666666666667,12,1,147284.299729794,133191.90872513803,70.5278189207988,46.008108794037284,160.97860358537346,59.40118395942964,57.93639123225621,,14100.508463235892,50.0,41.66666666666667,0,0.0,False,True,True
3115,富榮綱,電子零組件業,12,1,263.96930515121954,213.10153639647024,54.37333100997706,50.181018676085145,93.49520610011993,57.947392629903526,107.97943053273438,,-0.24244799039504036,41.66666666666667,25.0,12,1,263.9406222816515,211.63004021861934,54.37333100997706,50.181018676085145,93.49520610011994,57.54725770730642,89.57531663928124,,-1.7139441682459828,41.66666666666667,41.66666666666667,12,1,255.41470776322933,202.99577514997017,53.88973111475058,42.705340345712074,94.59385061244686,55.199395010189036,89.92033738779476,,-15.608764949127865,41.66666666666667,41.66666666666667,3,0.40013492259710404,True,True,True
4154,樂威科-KY,其他,12,1,2031.6262285894004,1285.1818391980298,58.94400639873588,31.897292766359232,78.9050407913324,57.5647869447813,48.65065092457734,,-316.327929531316,50.0,58.333333333333336,12,1,2031.6262285894004,1285.1818391980298,58.94400639873588,31.897292766359232,78.9050407913324,57.5647869447813,48.65065092457734,,-316.327929531316,50.0,58.333333333333336,12,1,2077.837767989472,1308.7022966379625,60.689830775651146,30.885070424633888,79.47945189928343,58.61829554572636,48.85816400359668,,-294.0743418934361,50.0,58.333333333333336,0,0.0,False,True,True
3073,天方能源,綠能環保類,12,1,6410.420353335122,4233.404726873009,50.18328472065706,31.789320382871477,114.40268165682366,57.66599321468426,48.16314004542968,,-1085.726869183569,58.333333333333336,58.333333333333336,12,1,6410.420353335122,4233.404726873009,50.18328472065705,31.789320382871477,114.40268165682366,57.66599321468426,48.16314004542968,,-1085.7268691835695,58.333333333333336,58.333333333333336,12,1,6531.756713762431,4324.086992368099,51.96690524090782,31.711421227090785,121.69657268443316,58.901236061544004,48.911112900437594,,-991.1469498256033,66.66666666666666,58.333333333333336,0,0.0,False,True,True
3489,森寶,建材營造,12,1,53922.429919649694,34206.87613034257,599.8437280237156,28.666103155863333,170.68192982233458,57.08559220155492,52.300827343879085,,21600.870685906644,50.0,41.66666666666667,12,1,54163.151061663564,34645.25613444409,601.1459886781478,28.666103155863343,172.24464260765322,57.81717558403331,56.48540761165521,,21162.490681805135,50.0,33.33333333333333,12,1,57205.40703884029,35985.003314007576,610.382061342184,28.96168904162947,184.8327336595533,60.05299100472015,57.223274838002425,,22160.82446030401,50.0,41.66666666666667,1,-0.7315833824783908,False,True,True
3055,蔚華科,電子工業,12,1,32919.43619997807,22145.75197368482,88.1627140746683,48.19997241140047,106.30995698114212,57.870787869676,57.102581626239555,,-2274.6179089681964,58.333333333333336,75.0,12,1,32919.436199978074,22145.75197368482,88.1627140746683,48.19997241140047,106.30995698114212,57.870787869676,57.102581626239555,,-2274.617908968197,58.333333333333336,75.0,12,1,33704.26273250811,22803.64743043794,90.82432715265033,48.60547868941815,110.44914344914456,59.589985685285264,58.42025283996016,,-1415.8246562633049,50.0,66.66666666666666,0,0.0,False,True,True
5523,豐謙,建材營造,12,1,2433.7020991302634,1348.997677884201,344.5851133642451,91.69931652984229,815.7590045373004,308.45983488205815,83.57098309287002,,1154.0174810888384,41.66666666666667,33.33333333333333,12,1,412.41148125636334,253.23648961602885,56.15853753158898,18.519291961632533,140.81565920713112,57.90468512561635,39.482672099403956,,71.62797634489839,58.333333333333336,41.66666666666667,12,1,425.0649860329822,261.98234473741053,58.89795267668995,24.42817166084927,155.55341883515197,59.904499558859115,40.09112741768988,,89.55196934696731,41.66666666666667,25.0,4,250.55514975644178,True,True,True
7715,裕山,綠能環保類,12,1,78789.9296134982,60292.666666666664,62.53183461666746,33.70981896066775,158.1826643512101,58.38790716517088,44.62720930473818,,25730.166666666668,33.33333333333333,8.333333333333332,12,1,78789.9296134982,60292.666666666664,62.53183461666746,33.70981896066775,158.1826643512101,58.38790716517088,44.62720930473818,,25730.166666666668,33.33333333333333,8.333333333333332,12,1,78789.9296134982,60292.666666666664,62.53183461666746,33.70981896066775,158.1826643512101,58.38790716517088,44.62720930473818,,25730.166666666668,33.33333333333333,8.333333333333332,0,0.0,False,True,True
2538,基泰,建材營造,12,1,22759.05156377545,17317.78070763042,80.32775084622415,58.86101799594273,204.42133923763436,69.58285401651567,51.084581712250156,,13421.633638458394,25.0,58.333333333333336,12,1,21340.258750746038,14640.577101071854,66.6160481321361,28.643370243574896,200.46759553245573,58.825848204242426,41.28515395221064,,11551.2438080446,33.33333333333333,58.333333333333336,12,1,21488.6572923835,14623.012827853934,66.64681108365684,30.250498879044795,210.55488165123157,58.7552749431611,41.25358449423206,,11366.70043181822,33.33333333333333,50.0,3,10.757005812273242,True,True,True
2208,台船,航運業,12,1,2166047.2181337797,1109218.870946348,49.47972400697746,30.458660708234003,85.88676652708,61.11329992548833,47.131088717461836,,-423263.25180966844,50.0,50.0,12,1,2166047.2181337797,1109218.870946348,49.47972400697746,30.458660708234003,85.88676652708,61.11329992548833,47.131088717461836,,-423263.25180966844,50.0,50.0,12,1,2198699.6104059382,1131514.2034577013,51.029944674050554,31.622638305061635,86.88228078341722,62.34167908346492,47.93915015291174,,-426189.8660104538,50.0,50.0,0,0.0,False,True,True
4744,皇將,生技醫療業,12,1,95603.55352773069,74600.47565579515,85.63143483047504,56.155187122600836,102.66345166016977,61.424298251047695,60.396996024615845,,-20647.3061481796,50.0,83.33333333333334,12,1,95603.55352773069,74600.47565579515,85.63143483047504,56.155187122600836,102.66345166016977,61.424298251047695,60.396996024615845,,-20647.3061481796,50.0,83.33333333333334,12,1,99365.68412552742,78205.17359431095,92.0219802268507,57.67244023401052,111.7372611043735,64.39232277547485,63.33147159027094,,-20071.147625688867,58.333333333333336,83.33333333333334,0,0.0,False,True,True
4609,唐鋒,居家生活類,12,1,13591.605110586888,8437.44381400952,77.61367056851147,41.27252993619604,209.14467375124008,61.656188049955084,57.453455209919035,,-710.0770172691458,50.0,58.333333333333336,12,1,13591.60511058689,8437.443814009517,77.61367056851147,41.27252993619604,209.14467375124008,61.65618804995506,57.453455209919035,,-710.0770172691464,50.0,58.333333333333336,12,1,13765.562812815646,8590.241026297714,78.5847194454052,41.48486919151537,213.5763623910552,62.7727458442372,58.680010020626895,,-640.471796631938,58.333333333333336,58.333333333333336,0,2.1316282072803006e-14,True,True,True
5205,中茂,綠能環保類,12,1,2216.127054068978,1259.5624777244836,101.8176892574891,25.67958859701296,167.2290211231249,61.55968611857534,55.203778383133496,,-187.46025388891113,50.0,83.33333333333334,12,1,2276.551779527775,1278.940504953682,102.07888385553734,25.67958859701296,167.2290211231249,62.5067651995446,56.1411351683965,,-206.83828111810976,50.0,83.33333333333334,12,1,2280.2204796844285,1271.6660438212182,97.78607016085382,25.47862505702169,173.08629145730737,62.15123417038495,55.91725707778556,,-209.92347320894737,41.66666666666667,75.0,1,-0.9470790809692602,False,True,True
6994,富威電力,綠能環保,12,1,520146.97410179174,262459.5833333333,41.40301847667956,27.43862972465928,82.4798787247957,63.115799455637585,50.17714313876843,,-219478.08333333334,58.333333333333336,0.0,12,1,520146.97410179174,262459.5833333333,41.40301847667956,27.43862972465928,82.4798787247957,63.115799455637585,50.17714313876843,,-219478.08333333334,58.333333333333336,0.0,12,1,520146.97410179174,262459.5833333333,41.40301847667956,27.43862972465928,82.4798787247957,63.115799455637585,50.17714313876843,,-219478.08333333334,58.333333333333336,0.0,0,0.0,False,True,True
8034,榮群,通信網路業,12,1,32810.31704745677,25790.91539503286,156.50305076668704,45.228259101021116,369.2853559220806,63.32866482924177,67.47042318923275,,-6531.838403184923,58.333333333333336,75.0,12,1,32876.17369384909,26088.16655501089,158.76471979185658,51.58285967207128,369.9171527522902,64.05855435786151,71.83333234378617,,-6829.089563162955,58.333333333333336,66.66666666666666,12,1,33363.434315441205,26618.371687615854,167.84718658723864,52.6602453725047,398.83571804847304,65.36045398488871,73.36580792002579,,-5521.345917047981,58.333333333333336,66.66666666666666,1,-0.7298895286197435,False,True,True
5533,皇鼎,建材營造,12,1,88336.16730584894,66024.7967047421,84.81241091447504,48.37261769866827,179.35098140135437,68.03722440733712,56.74514339887883,,21067.26242961139,41.66666666666667,33.33333333333333,12,1,86962.27958847383,62552.49094686867,79.26463335628206,40.013689009902556,179.35098140135437,64.45908319600106,53.21357238465563,,17594.956671737957,41.66666666666667,41.66666666666667,12,1,91052.54299243279,65250.262022083356,81.71233331386061,39.141865877357915,182.2014567392109,67.23908200258309,55.08641636382394,,15892.011234146214,50.0,33.33333333333333,2,3.5781412113360602,True,True,True
6637,醫影,生技醫療業,12,1,142667.92652831742,62830.05888492241,41.618122106724904,32.27878602889195,85.83961050454296,64.7471685909259,47.57905432727432,,-40008.54666883393,33.33333333333333,41.66666666666667,12,1,142667.92652831742,62830.05888492241,41.618122106724904,32.27878602889195,85.83961050454296,64.7471685909259,47.57905432727432,,-40008.54666883393,33.33333333333333,41.66666666666667,12,1,142667.92652831742,62830.05888492241,41.618122106724904,32.27878602889195,85.83961050454296,64.7471685909259,47.57905432727432,,-40008.54666883393,33.33333333333333,41.66666666666667,0,0.0,False,True,True
9902,台火,其他,12,1,28336.553500920883,20476.53793762007,144.52014763507745,82.32411624844043,315.0610175346638,64.91660949170726,100.57678756964276,,-11994.209292191901,58.333333333333336,58.333333333333336,12,1,28336.553500920883,20476.53793762007,144.52014763507745,82.32411624844043,315.0610175346638,64.91660949170726,100.57678756964276,,-11994.209292191901,58.333333333333336,58.333333333333336,12,1,28314.642727671104,20433.876735248537,151.6532097168098,83.8443064504712,321.99337072045637,64.78136101253386,100.92860809473383,,-11540.791301372488,58.333333333333336,58.333333333333336,0,0.0,False,True,True
2924,宏太-KY,居家生活類,12,1,4745.358700271825,3599.8177602523174,71.22511936685783,51.848705138850136,170.3304270105455,64.05844609331625,54.193514779425364,,360.7913335598087,58.333333333333336,50.0,12,1,4759.168238197305,3659.1053719644347,72.33871087159332,51.848705138850136,170.3304270105455,65.1134640225005,55.58241457325494,,301.50372184769043,58.333333333333336,41.66666666666667,12,1,4714.028146233291,3657.96096223601,71.13919778348361,56.91015980830565,178.51150772804553,65.0930993502367,55.67279503033357,,286.5369116478919,58.333333333333336,41.66666666666667,1,-1.0550179291842454,False,True,True
5508,永信建,建材營造,12,1,161709.26103248418,140740.83432108627,99.76209952000485,69.02330151936053,212.93110966110694,66.6556163422681,63.18868646056427,,46842.29735602264,41.66666666666667,50.0,12,1,168794.54536791393,137529.5463993479,79.51230871490237,48.281590931974506,171.28283882461247,65.13473310529923,62.96912621974325,,3795.375949399417,41.66666666666667,58.333333333333336,12,1,175942.1254296093,143307.84805178747,83.38655756745426,50.6861240080375,191.08421760368535,67.87136785606539,64.69655353983885,,7228.175232856568,41.66666666666667,33.33333333333333,5,1.5208832369688707,True,True,True
4142,國光生,生技醫療業,12,1,130642.88706066839,76283.17828629202,126.29457992543693,75.90545434435178,316.29670348584614,65.31560038783478,85.76250010742986,,-30898.585573018103,58.333333333333336,66.66666666666666,12,1,130643.03172060648,76312.80273569132,127.0426720819848,75.90545434435178,316.29670348584614,65.34096559602538,86.76085955407254,,-31004.909925601198,66.66666666666666,66.66666666666666,12,1,131423.39910961266,75309.81788257894,122.79025477031955,76.48422394332827,305.53154293806773,64.48218441605046,86.37656992194849,,-31729.07324291226,66.66666666666666,58.333333333333336,1,-0.025365208190606836,False,True,True
1618,合機,電器電纜,12,1,313314.6968271972,262675.16835763556,89.15585018901403,54.148821958739504,228.38379190029744,65.45740558026311,63.370972265737436,,40383.96317868951,41.66666666666667,58.333333333333336,12,1,313314.6968271972,262675.16835763556,89.15585018901403,54.148821958739504,228.38379190029744,65.45740558026311,63.370972265737436,,40383.96317868951,41.66666666666667,58.333333333333336,12,1,325994.3648530697,273151.63244856795,93.58369823192702,53.760215343838034,242.0507721841212,68.0680907216677,64.67086281279612,,48610.40422102475,41.66666666666667,58.333333333333336,0,0.0,False,True,True
3609,三一東林,電子零組件業,12,1,58431.232374278334,36377.74799884037,71.09544353556542,46.69861438210333,167.71631989480403,65.62372798592983,62.747195106636575,,-13435.523390747432,66.66666666666666,58.333333333333336,12,1,58431.232374278334,36377.74799884037,71.09544353556542,46.69861438210333,167.71631989480403,65.62372798592983,62.747195106636575,,-13435.523390747432,66.66666666666666,58.333333333333336,12,1,58542.48918233029,36363.28065332555,71.42111934264,47.11950097256457,168.89274971264632,65.59762958240103,62.64013290435388,,-13142.847093789993,66.66666666666666,58.333333333333336,0,0.0,False,True,True
8171,天宇,綠能環保類,12,1,17697.290107190154,14728.876748665001,92.66341252866974,39.78716726598534,186.1071872401819,57.28925598153094,55.0403297797725,,2496.9848233701946,50.0,58.333333333333336,12,1,18946.1006193319,17135.970711272515,102.86685487353586,56.10026089910731,186.1071872401819,66.65185874809416,70.86057032993206,,-818.4954851479224,66.66666666666666,41.66666666666667,12,1,19371.932151016892,17437.622229694774,104.22748972552031,56.20037330379402,199.90827199193214,67.82515874584699,71.92865200144483,,-565.0992311208132,58.333333333333336,25.0,4,-9.362602766563214,False,True,True
2424,隴華,電子工業,12,1,15860.16353471504,10382.317582558217,85.94488060726779,38.634467447668364,164.61352958293156,66.83142510269691,63.01917686056052,,-2747.929019900634,58.333333333333336,66.66666666666666,12,1,15860.16353471504,10382.317582558217,85.9448806072678,38.634467447668364,164.6135295829316,66.83142510269691,63.01917686056052,,-2747.9290199006336,58.333333333333336,66.66666666666666,12,1,16089.22407097729,10613.513134231334,89.49947247911525,40.07758588547012,170.147113115471,68.31964081877902,63.81243183859399,,-2598.0847067649374,58.333333333333336,66.66666666666666,0,0.0,False,True,True
6806,森崴能源,綠能環保,12,1,2026481.882964271,1420485.5306775842,82.1314224045028,47.528390030072906,193.71502993575297,66.83277285839974,59.8765012739085,,-63740.92633902039,33.33333333333333,66.66666666666666,12,1,2026481.8829642711,1420485.5306775847,82.1314224045028,47.528390030072906,193.71502993575297,66.83277285839975,59.87650127390851,,-63740.92633902039,33.33333333333333,66.66666666666666,12,1,2032091.8645892164,1397676.787538299,79.32556275050736,48.18406372244189,192.56877991348503,65.75963869652884,58.93004047217164,,-84450.00926694478,33.33333333333333,75.0,0,-1.4210854715202004e-14,False,True,True
3664,安瑞-KY,通信網路業,12,1,65845.3509721359,47350.39529939578,85.09384941900615,67.18070876185453,167.14214600206606,66.96271398164956,70.32200196998436,,-25658.49632030759,41.66666666666667,91.66666666666666,12,1,65845.3509721359,47350.39529939578,85.09384941900615,67.18070876185453,167.14214600206608,66.96271398164956,70.32200196998436,,-25658.49632030759,41.66666666666667,91.66666666666666,12,1,67634.67523813919,49261.36194691673,91.47440534542812,69.83370930257655,175.18607421258133,69.66519433555803,73.03123489899262,,-25108.077785699777,41.66666666666667,83.33333333333334,0,0.0,False,True,True
3523,迎輝,光電業,12,1,10692.34156494705,6023.910286037805,69.10264411669228,39.61212804278325,136.39015875269595,67.79801674384377,53.0517601802956,,-1513.5186294308908,50.0,83.33333333333334,12,1,10692.34156494705,6023.910286037805,69.10264411669228,39.61212804278325,136.39015875269595,67.79801674384377,53.0517601802956,,-1513.5186294308908,50.0,83.33333333333334,12,1,10714.315175504484,5973.004631240662,68.56809572619234,37.80369049321302,144.6362967333926,67.22508284004834,51.92069258247455,,-1438.6364468456206,50.0,83.33333333333334,0,0.0,False,True,True
1463,強盛新,紡織纖維,12,1,107888.02548787261,45908.98535537552,83.96813368308965,41.27219882344721,261.9127423426106,67.83952519958208,53.009847534157636,,-16543.33638132467,41.66666666666667,66.66666666666666,12,1,107888.02548787261,45908.98535537552,83.96813368308965,41.27219882344721,261.9127423426106,67.83952519958208,53.009847534157636,,-16543.33638132467,41.66666666666667,66.66666666666666,12,1,108398.4054926876,48563.104257727064,86.37062904331646,41.50499202460522,280.04440442591545,71.76150615309236,54.902860527656614,,-18978.98214358256,50.0,66.66666666666666,0,0.0,False,True,True
4174,浩鼎,生技醫療業,12,1,3971.9441747226115,3288.323913620409,94.28574529381524,67.01727175270764,202.56579864056917,67.36643100886882,77.01918340696578,,-585.8983476589561,41.66666666666667,66.66666666666666,12,1,4014.7850907031257,3330.7946011011813,95.07958991962406,69.83560782463407,202.56579864056917,68.2365091134685,79.0639695402905,,-628.3690351397277,41.66666666666667,58.333333333333336,12,1,4021.657755788983,3343.029767169879,97.6389485982236,65.95309971265795,215.99153055697022,68.487165524607,79.29902550097376,,-604.2832306376936,41.66666666666667,58.333333333333336,1,-0.8700781045996848,False,True,True
3018,隆銘綠能,電子工業,12,1,32261.014279790303,26086.122362242895,87.76252838331891,54.490377165378355,178.3843686282956,68.32986663936269,60.14260180425388,,9364.89993175352,33.33333333333333,58.333333333333336,12,1,32261.014279790306,26086.122362242895,87.76252838331891,54.490377165378355,178.38436862829562,68.32986663936269,60.14260180425388,,9364.899931753522,33.33333333333333,58.333333333333336,12,1,32261.014279790306,26086.122362242895,87.76252838331891,54.490377165378355,178.38436862829562,68.32986663936269,60.14260180425388,,9364.899931753522,33.33333333333333,58.333333333333336,0,0.0,False,True,True
2596,綠意,建材營造,12,1,127003.40319391056,72665.15317904872,73.01405178540752,47.665326035183135,194.4665483922779,65.5650090716632,64.00627443425032,,-50390.16371316774,50.0,66.66666666666666,12,1,136496.11288820568,76032.78641959939,73.85756910483198,47.665326035183135,195.47876917558727,68.60358938570569,66.9611286381388,,-53757.79695371842,50.0,58.333333333333336,12,1,136055.62492339275,73912.50462684005,72.0564298680122,44.00000638847392,195.49550153960357,66.69048126035419,64.78755523405607,,-53787.02149755344,50.0,58.333333333333336,1,-3.038580314042491,False,True,True
5522,遠雄,建材營造,12,1,2845737.589808303,1781148.494030363,351.4443994030819,80.64615243540952,1000.48704181226,68.6082542611905,102.7715570582578,,-1185697.1737433032,50.0,58.333333333333336,12,1,2851528.5388132543,1795086.4171969758,284.8165654536931,94.38471377363558,977.5720211363282,69.14513065285175,122.00933954419126,,-1259584.3180761484,50.0,50.0,12,1,2800736.8354377584,1735318.0485275884,281.0852347768235,90.95964968722438,950.0118433487601,66.8429063025579,119.80484480224709,,-1276481.1739162405,50.0,33.33333333333333,5,-0.5368763916612522,False,True,True
2524,京城,建材營造,12,1,268918.93169429264,227668.59805779092,96.96396901538559,78.53829699997819,130.89335085975657,74.33951254954314,61.3592780196076,,145408.4808429391,16.666666666666664,58.333333333333336,12,1,263670.302051582,214566.4578984937,88.42514642489719,70.53150870613509,130.89335085975657,70.06133487766803,56.76224343456706,,127629.17401697526,25.0,50.0,12,1,267350.14276900823,213654.57804121214,89.13904652726434,69.32379402214298,134.6929684072946,69.76358321286949,56.16856490126075,,124200.34446123504,33.33333333333333,50.0,1,4.278177671875113,True,True,True
8059,凱碩,通信網路業,12,1,576750.6036358443,450304.27929067146,60.53653794793682,61.15006574158915,83.70588046846976,70.63675023170921,91.53216306544932,,-447339.2564335658,91.66666666666666,50.0,12,1,576750.6036358443,450304.27929067146,60.53653794793682,61.15006574158915,83.70588046846976,70.63675023170921,91.53216306544932,,-447339.2564335658,91.66666666666666,50.0,12,1,600168.6161089044,473692.76309894444,63.23990905409258,67.57666543744594,83.41211865579744,74.30557277025083,97.6993151657215,,-470605.79492243304,91.66666666666666,58.333333333333336,0,0.0,False,True,True
8291,尚茂,電子零組件業,12,1,287.4875104678273,212.92935584186606,105.27190509206746,75.08754219690653,203.32955533056722,88.62824384677047,74.43930022337528,,12.807671704762333,25.0,66.66666666666666,12,1,270.67284711699085,170.28820524303555,72.65203321454989,50.0950264561571,92.27134364846775,70.87958594923435,59.45587613867279,,-47.826135001605614,41.66666666666667,83.33333333333334,12,1,275.5020528699119,175.49214046888028,76.66959139034883,49.124378109452735,94.62856285542013,73.04563599120928,61.301159881393104,,-43.35313687215845,41.66666666666667,50.0,5,17.74865789753612,True,True,True
3535,晶彩科,電子工業,12,1,35924.64681652979,27433.954508773448,175.539580422294,66.9618771843262,591.8779455476451,71.58847001708807,92.46682449862926,,-15301.893362345641,58.333333333333336,75.0,12,1,35775.55062377984,27492.76875713188,171.87534020498555,78.0410877759881,496.938840688175,71.74194486716259,100.07829493951743,,-16159.453582376316,66.66666666666666,75.0,12,1,35421.528933037385,27278.196277952724,172.09907893060878,78.88472809030347,496.42986417075673,71.18202137938044,99.7763335764374,,-15423.134889098685,58.333333333333336,58.333333333333336,3,-0.15347485007451667,False,True,True
6186,新潤,建材營造,12,1,845727.4422435737,572556.8547975862,451.8544063145135,87.25519126074161,1192.6038494193647,72.66974349885653,102.01322239128243,,-174963.51570950184,50.0,66.66666666666666,12,1,853193.426717345,571162.5636750772,442.9907511440474,65.42575262400678,1192.6038494193647,72.49277805448807,97.44282066816511,,-182806.88589863793,58.333333333333336,58.333333333333336,12,1,844606.3464470778,553727.3165401651,435.1488681784124,63.89015369646803,1274.2255456262026,70.27987128982946,95.08602854434197,,-166290.6749412017,50.0,58.333333333333336,3,0.17696544436846295,True,True,True
6872,浩宇生醫,生技醫療業,12,1,926.6727218027589,633.8333333333334,78.48983608494257,43.70430463877293,240.78006644518277,72.5555661547267,54.31114447768345,,94.0,50.0,8.333333333333332,12,1,926.6727218027589,633.8333333333334,78.48983608494257,43.70430463877293,240.78006644518277,72.5555661547267,54.31114447768345,,94.0,50.0,8.333333333333332,12,1,926.6727218027589,633.8333333333334,78.48983608494257,43.70430463877293,240.78006644518277,72.5555661547267,54.31114447768345,,94.0,50.0,8.333333333333332,0,0.0,False,True,True
2258,鴻華先進-創,汽車工業,12,1,309658.1074760993,238966.60049192174,75.7973961610149,67.95676267343977,164.9111844062873,69.15755163250938,57.62663266867606,,88879.7082724758,33.33333333333333,41.66666666666667,12,1,313677.5056136337,251434.0789166305,80.75787841605903,69.42228082563662,164.9111844062873,72.76567210252102,65.42257841793527,,76412.22984776694,33.33333333333333,25.0,12,1,313677.5056136337,251434.0789166305,80.75787841605903,69.42228082563662,164.9111844062873,72.76567210252102,65.42257841793527,,76412.22984776694,33.33333333333333,25.0,2,-3.6081204700116416,False,True,True
2724,藝舍-KY,其他,12,1,15543.875874235233,10055.942647585229,89.72610174343055,40.54059100475719,280.7272613271668,71.36218369990168,53.03839505891662,,4475.481925501338,41.66666666666667,58.333333333333336,12,1,15579.449215105218,10259.935536858968,90.70302797417017,34.51493576827356,280.72726132716684,72.80982302601916,55.88039075138303,,3414.0291355442,50.0,41.66666666666667,12,1,16612.88276347223,10821.658426382884,95.10915688400098,35.327789644291926,302.7597336800285,76.79609994062261,57.18322736519848,,3821.2092513328444,50.0,41.66666666666667,2,-1.447639326117482,False,True,True
2923,鼎固-KY,建材營造,12,1,815254.8072489549,368506.172446372,62.208006051401455,33.16068243278476,95.58384039665965,75.46231101856652,50.85317775414172,,-141324.4819291255,58.333333333333336,50.0,12,1,814888.7958327571,362298.9680162181,59.78880726811122,30.103483405971854,95.58384039665965,74.1912061462804,47.88916523004496,,-135117.27749897155,58.333333333333336,50.0,12,1,819957.7889268288,373037.5724390517,63.6885265365023,34.03580516938118,97.94259016993823,76.39024639974902,50.29485148102878,,-128929.61706048246,58.333333333333336,50.0,1,1.2711048722861307,True,True,True
6405,悅城,電子工業,12,1,607.1754435921913,527.3747432198801,985.033733646962,907.1283814643803,2027.0059929200343,796.0373482564228,149.34491456422455,,527.3747432198801,0.0,41.66666666666667,12,1,61.73993067453836,49.57400215215744,81.50664624142046,61.9607984424628,180.53152660960586,74.82868249382255,60.35562018193231,,11.152680895853896,41.66666666666667,25.0,12,1,61.1228271597445,49.0,81.0424065181035,65.60283687943263,178.34545454545457,73.9622641509434,59.95043452363098,,11.0,41.66666666666667,0.0,12,721.2086657626003,True,True,True
6596,寬宏藝術,文化創意業,12,1,251050.07175655317,193335.6911971897,104.14764351666645,75.82752130441938,196.58833884559758,75.0969141166,84.29215558110053,,-55284.09026937972,50.0,50.0,12,1,251050.07175655317,193335.6911971897,104.14764351666645,75.82752130441938,196.58833884559758,75.0969141166,84.29215558110053,,-55284.090269379725,50.0,50.0,12,1,255088.12690019043,195924.95317084994,104.10612320145354,76.77583912978905,198.39533126967726,76.10265487174604,85.16306759808433,,-55563.3811772273,50.0,50.0,0,0.0,False,True,True
6541,泰福-KY,生技醫療業,12,1,39462.84004108457,25190.672470327005,65.04393891492754,67.79208906370155,89.90401669921755,75.38901058777918,99.14472823285584,,-22632.69379292974,75.0,50.0,12,1,39462.84004108458,25190.672470327005,65.04393891492754,67.79208906370154,89.90401669921755,75.38901058777918,99.14472823285584,,-22632.693792929742,75.0,50.0,12,1,39875.804490404844,25854.754953733674,65.17366763423712,72.01432720662032,89.86629064787111,77.37643356871298,103.75691937535814,,-24203.296816568505,75.0,50.0,0,0.0,False,True,True
8097,常珵,通信網路業,12,1,21820.331900799214,17876.05926269085,112.80225497543408,73.55365297111383,315.00534666668875,75.71152658297959,88.63072437952056,,-4096.253711779978,58.333333333333336,25.0,12,1,21866.104182620307,17835.219170861645,108.10362465317243,71.70116811829908,315.0053466666887,75.53855413683024,87.77973593172594,,-4578.375071309031,66.66666666666666,16.666666666666664,12,1,22385.26801927452,18272.404206685027,107.86833120930552,75.08935461503594,301.63405818488127,77.39018966650795,91.29690729645773,,-5319.118946287352,66.66666666666666,8.333333333333332,2,0.1729724461493447,True,True,True
5213,亞昕,建材營造,12,1,2109164.8153497404,1095410.8696305675,137.285964340811,72.55530697878758,190.56361819178852,72.90556206418624,84.16610657875574,,-909092.9267679984,58.333333333333336,75.0,12,1,2229097.047899197,1135064.6872035144,137.86527191172624,72.55530697878758,190.56361819178852,75.54473968994907,86.30444812977908,,-948746.7443409454,58.333333333333336,66.66666666666666,12,1,2250199.7034300687,1170895.7569258395,134.44755001666903,75.21126003701346,152.5864069995016,77.92949261681035,86.91108533050681,,-1010445.5669442,66.66666666666666,66.66666666666666,1,-2.6391776257628266,False,True,True
6794,向榮生技,生技醫療業,12,1,2501.689732878536,1912.9810737261403,102.33255346356287,63.4689517914103,249.19586174188845,76.2574257871763,71.82478173489909,,21.423390528636503,50.0,58.333333333333336,12,1,2501.689732878536,1912.9810737261403,102.33255346356287,63.4689517914103,249.19586174188845,76.2574257871763,71.8247817348991,,21.423390528636578,50.0,58.333333333333336,12,1,2501.689732878536,1912.9810737261403,102.33255346356287,63.4689517914103,249.19586174188845,76.2574257871763,71.8247817348991,,21.423390528636578,50.0,58.333333333333336,0,0.0,False,True,True
6885,全福生技,生技醫療業,12,1,556.4064012332473,351.9166666666667,47.24779764984589,7.041325508662193,97.00534732881121,76.92167577413478,65.71749899901444,,-223.58333333333334,58.333333333333336,25.0,12,1,556.4064012332473,351.9166666666667,47.24779764984589,7.041325508662193,97.00534732881121,76.92167577413478,65.71749899901444,,-223.58333333333334,58.333333333333336,25.0,12,1,556.4064012332473,351.9166666666667,47.24779764984589,7.041325508662193,97.00534732881121,76.92167577413478,65.71749899901444,,-223.58333333333334,58.333333333333336,25.0,0,0.0,False,True,True
4162,智擎,生技醫療業,12,1,82699.74514907236,58572.29821875357,138.1577629395549,69.8255909639002,181.70760760411991,77.11819615028075,70.49503204087844,,2065.760269503135,33.33333333333333,75.0,12,1,82699.74514907236,58572.29821875357,138.1577629395549,69.8255909639002,181.70760760411991,77.11819615028075,70.49503204087844,,2065.760269503135,33.33333333333333,75.0,12,1,86973.23340043849,60651.95662871596,146.5322779636783,69.8255909639002,177.95330196468265,79.85634216917319,70.98209568284433,,4139.0615403734955,33.33333333333333,75.0,0,0.0,False,True,True
1591,駿吉-KY,電機機械,12,1,10188.12837976443,7825.540922021759,130.69614457897293,45.93036949611607,410.40034695974333,74.94532407363216,66.49191672107536,,266.4584593902244,66.66666666666666,66.66666666666666,12,1,10289.757343175712,8079.417084202553,133.95933432422737,55.43521868875268,410.4003469597433,77.37669992851608,72.61452991785563,,12.58229720943003,66.66666666666666,58.333333333333336,12,1,10483.720736432175,8202.963658503322,138.9547091697142,52.22363170522782,415.2345631452743,78.55990734400628,73.46609574196222,,288.17296070799847,66.66666666666666,58.333333333333336,1,-2.4313758548839104,False,True,True
6101,寬魚國際,文化創意業,12,1,74139.66633885156,64168.58085452229,220.40415057072659,70.56407371665239,228.2983772888628,77.56354685043651,86.77737729918698,,-19323.478515154602,58.333333333333336,66.66666666666666,12,1,74149.15020596884,64347.663791245635,222.19802953219454,70.56407371665239,228.2983772888628,77.78001272154789,89.56959326831652,,-19502.56145187794,58.333333333333336,58.333333333333336,12,1,73257.64251860349,64407.03845983506,219.79370663608466,72.04936935365852,205.05097243675186,77.85178164377643,90.44325860197605,,-20360.325367368223,58.333333333333336,58.333333333333336,1,-0.2164658711113816,False,True,True
2545,皇翔,建材營造,12,1,557980.7337632121,405341.50004558224,136.31968778089797,84.15840055182488,296.5299260683361,80.04874581656613,81.92979821354083,,29622.585702166583,33.33333333333333,50.0,12,1,557215.6641624699,394856.36009864387,115.89484152344482,70.42217840038025,290.9429167065136,77.97809106651164,75.18438288838118,,7810.095617047836,41.66666666666667,50.0,12,1,561006.3398608813,399114.9038401824,116.48994856695552,71.66413534644913,280.69503423413175,78.81908831322043,76.60206512477944,,5646.550998415492,41.66666666666667,33.33333333333333,3,2.070654750054487,True,True,True
8089,康全電訊,通信網路業,12,1,102282.429047273,79409.28224182948,136.85828654478212,90.15338405645504,282.714277751655,116.3983498604988,75.70545852709392,,46586.80644811239,16.666666666666664,75.0,12,1,92370.9704709577,54096.601796961266,81.40099577819001,35.315628348313375,270.59052009091886,79.29495147747247,48.38940546214179,,14294.801691793304,41.66666666666667,83.33333333333334,12,1,93223.31451272412,55121.79225715101,83.219850563416,39.3272254096798,272.05493712912414,80.79767854526547,49.534935546814665,,14499.154660347005,50.0,33.33333333333333,8,37.10339838302633,True,True,True
3313,斐成,建材營造,12,1,1405.330022799872,826.2360953005646,123.86502576252425,79.08219257573293,324.7342135295252,87.05622217584313,79.90661302637784,,-236.76862578977466,33.33333333333333,58.333333333333336,12,1,1390.4846379826643,754.9674442737378,81.4564490919207,39.64948519321637,212.21522400738775,79.54701318188474,61.63933702127945,,-304.4173552618312,50.0,66.66666666666666,12,1,1404.4131626665842,772.2137570883636,86.70344514267471,38.699528696720286,236.43784354569263,81.36416792572099,62.61330097043653,,-282.44648383714497,41.66666666666667,50.0,5,7.509208993958396,True,True,True
5519,隆大,建材營造,12,1,535982.8043360648,366747.97410902585,88.74986168930715,70.19983851585798,132.3060051320595,79.7078790488885,68.48496081238534,,-42222.36237678281,33.33333333333333,50.0,12,1,535982.8043360648,366747.97410902585,88.74986168930715,70.19983851585798,132.3060051320595,79.7078790488885,68.48496081238534,,-42222.36237678281,33.33333333333333,50.0,12,1,540888.3407409389,370242.22789235384,89.3674569927859,69.27451274829053,133.52895926310882,80.4673094413924,68.4848222502037,,-41041.289488247916,33.33333333333333,50.0,0,0.0,False,True,True
4950,金耘國際,鋼鐵工業,12,1,68853.94040817661,68215.7894644151,80.83766413094153,77.58067253060136,98.26693879757204,80.52196072147868,139.035250948751,,-68215.7894644151,100.0,50.0,12,1,68853.94040817661,68215.7894644151,80.83766413094153,77.58067253060136,98.26693879757204,80.52196072147868,139.035250948751,,-68215.7894644151,100.0,50.0,12,1,74202.07849944774,73834.3816918863,87.5276015103985,86.77874730085433,98.66727615447319,87.15415051511066,157.98177563268754,,-73834.3816918863,100.0,50.0,0,0.0,False,True,True
6148,驊宏資,資訊服務業,12,1,73215.73734051647,61913.807797707144,91.46430128500937,81.58847818541567,172.8474079688845,82.19510828820349,84.18029163506388,,-8546.18878443592,50.0,50.0,12,1,73215.73734051647,61913.807797707144,91.46430128500937,81.58847818541567,172.8474079688845,82.19510828820349,84.18029163506388,,-8546.188784435917,50.0,50.0,12,1,76139.80765071674,64455.254110532034,95.77750982259428,83.1846158465045,180.21787939597587,85.56906415235942,86.89065234807632,,-7526.386578383947,58.333333333333336,50.0,0,0.0,False,True,True
8409,商之器,生技醫療業,12,1,30931.888131037853,17398.47116090822,123.72784694531227,21.416391305213324,480.05640545369107,82.48750683738444,52.70205772211922,,-256.6852824372921,58.333333333333336,58.333333333333336,12,1,30931.888131037853,17398.47116090822,123.72784694531227,21.416391305213324,480.05640545369107,82.48750683738444,52.70205772211922,,-256.6852824372921,58.333333333333336,58.333333333333336,12,1,32548.884954703895,18128.018761691474,132.94366379130545,19.680811143100986,515.6241711577662,85.94634883282473,53.51097023883427,,437.09153208844936,66.66666666666666,58.333333333333336,0,0.0,False,True,True
2509,全坤建,建材營造,12,1,38239.60254299574,18261.26656466148,89.30663967486092,15.652819740862878,380.57572778113797,82.9121668631385,36.36806409532401,,14707.472780891963,50.0,41.66666666666667,12,1,38239.76570876053,18265.124152958182,89.32528978265778,15.652819740862887,380.57572778113797,82.9296815849905,36.38826282151835,,14703.615192595256,50.0,41.66666666666667,12,1,38084.00939130265,18230.960232553443,89.0545012753739,14.645322548242762,414.2211384646124,82.77456613014148,36.26433808637049,,14804.475654851105,50.0,50.0,1,-0.01751472185200953,False,True,True
6423,億而得,半導體業,12,1,23112.602542345656,15943.123972748266,118.87042793241427,76.2474395638988,294.0965383953718,83.19670882203671,75.3741267564284,,-2654.8741213010803,41.66666666666667,66.66666666666666,12,1,23112.602542345656,15943.123972748266,118.87042793241427,76.2474395638988,294.0965383953718,83.19670882203671,75.37412675642841,,-2654.8741213010803,41.66666666666667,66.66666666666666,12,1,23112.602542345656,15943.123972748266,118.87042793241427,76.2474395638988,294.0965383953718,83.19670882203671,75.37412675642841,,-2654.8741213010803,41.66666666666667,66.66666666666666,0,0.0,False,True,True
5324,士開,建材營造,12,1,104218.03898182674,76886.83271263934,91.53909104124759,43.11640425657416,282.5164484266749,79.64239314685973,56.53706025968811,,25696.905440100196,33.33333333333333,58.333333333333336,12,1,112906.17184251982,81442.40818065598,93.03476725036518,43.11640425657416,282.5164484266749,84.36123666835034,59.98534594463072,,21141.329972083575,33.33333333333333,58.333333333333336,12,1,116616.19105940481,82294.28779598823,95.0440477831294,42.654489811565234,302.81008087375477,85.24364694387381,59.630816492678875,,21443.206260050454,33.33333333333333,50.0,1,-4.718843521490612,False,True,True
2536,宏普,建材營造,12,1,1136893.0149689142,739930.0170840927,69.20887465324142,74.84224128122912,127.37975396155625,84.88418765853704,90.07981114236428,,-425895.161030002,83.33333333333334,58.333333333333336,12,1,1136893.0149689142,739930.0170840927,69.20887465324142,74.84224128122912,127.37975396155625,84.88418765853704,90.07981114236428,,-425895.161030002,83.33333333333334,58.333333333333336,12,1,1158106.805126328,759600.0386375763,72.24649296233139,74.45401986202918,127.41681093439323,87.1407170089386,94.59365515777817,,-443637.29191303323,83.33333333333334,58.333333333333336,0,0.0,False,True,True
6576,逸達,生技醫療業,12,1,48703.14077496342,31933.73579128514,173.13010743761,47.61914900782236,303.669094950637,88.8541459711046,77.55867208842146,,-8568.386039527191,50.0,83.33333333333334,12,1,48703.14077496342,31933.73579128514,173.13010743761,47.61914900782236,303.6690949506369,88.8541459711046,77.55867208842146,,-8568.386039527191,50.0,83.33333333333334,12,1,46464.391733231954,30564.950053109395,152.51394717544562,46.21718341047462,332.6139719605903,85.04556282950345,77.9278668663371,,-9989.678427508094,58.333333333333336,75.0,0,0.0,False,True,True
1439,雋揚,建材營造,12,1,95374.8181904998,61167.35494192469,136.57998430947208,80.00365583430847,364.9337928604523,90.27636794254555,111.87172724244228,,-50637.65448086438,58.333333333333336,66.66666666666666,12,1,95374.8181904998,61167.35494192469,136.57998430947208,80.00365583430847,364.93379286045223,90.27636794254555,111.87172724244225,,-50637.65448086438,58.333333333333336,66.66666666666666,12,1,95169.54331797837,60749.11456501716,134.1986187449815,79.81995123296198,304.3454174822488,89.65909060253335,110.38255025327013,,-50812.50949626872,58.333333333333336,66.66666666666666,0,0.0,False,True,True
3466,德晉,通信網路業,12,1,12533.01358936712,6032.100914518611,179.8390118656446,26.079987181168303,395.66252274719614,94.37322978086769,61.477777203822356,,4126.1843772449165,50.0,75.0,12,1,12472.63595907804,5834.025878905297,161.60245000424993,26.079987181168306,226.95640910664997,91.27431265154765,60.309398519296295,,3831.897488760276,50.0,75.0,12,1,12848.513461745477,5984.184135362136,164.1809926413468,30.245482088248522,230.54698464109015,93.62356374016719,60.37490370877517,,4089.2521909112315,50.0,66.66666666666666,2,3.098917129320043,True,True,True
6983,華洋精機,其他電子類,12,1,30998.400295488012,23825.20675762241,205.97363019085998,88.66802118356667,424.64714030782915,91.55764529853457,92.1632153656676,,-728.1008964995211,58.333333333333336,58.333333333333336,12,1,30998.400295488012,23825.20675762241,205.97363019085998,88.66802118356667,424.64714030782915,91.55764529853457,92.1632153656676,,-728.1008964995211,58.333333333333336,58.333333333333336,12,1,30998.400295488012,23825.20675762241,205.97363019085998,88.66802118356667,424.64714030782915,91.55764529853457,92.1632153656676,,-728.1008964995211,58.333333333333336,58.333333333333336,0,0.0,False,True,True
2537,聯上發,建材營造,12,1,197455.33467574732,94690.74110928469,3876.41118839883,98.69968949024957,3080.416488093582,90.49429444034958,136.15185507147078,,-46857.1233399088,50.0,66.66666666666666,12,1,201899.06485237225,97806.82750786969,3618.3338656451033,98.9221394798892,2212.354902586181,93.47228401727844,132.98895145765914,,-52799.094633923865,58.333333333333336,41.66666666666667,12,1,201821.21879882086,97326.42679228475,3584.315331645295,98.93911969949079,2215.760641913569,93.01317340840355,132.13793463491115,,-53787.11555108401,58.333333333333336,33.33333333333333,4,-2.977989576928863,False,True,True
1418,東華,紡織纖維,12,1,541.1745094467735,416.9452482406334,584.0319641249328,74.35623576563242,1629.594548796807,93.87135044817263,93.36498213574123,,70.09749172678974,33.33333333333333,58.333333333333336,12,1,541.1631781133038,415.6950082828264,577.0861865815604,74.35623576563242,1629.594548796807,93.58987053271889,88.00595581461947,,68.46774642626437,50.0,41.66666666666667,12,1,559.0625300798904,423.0609144990781,581.5606227837226,72.01787565551217,1521.208829157753,95.24823590973615,87.47263310130808,,85.00514875986758,50.0,50.0,2,0.28147991545374396,True,True,True
4157,太景*-KY,生技醫療業,12,1,63914.966507315265,20605.30851887204,80.97603637313577,26.780525816069595,194.40247207045041,95.29421145334965,53.78682510687681,,-16921.89024966124,58.333333333333336,66.66666666666666,12,1,63914.966507315265,20605.30851887204,80.97603637313577,26.780525816069588,194.40247207045036,95.29421145334965,53.786825106876805,,-16921.89024966124,58.333333333333336,66.66666666666666,12,1,63873.75531955362,20656.58297802111,83.27416601051134,26.361174163029744,197.3693196764148,95.53134253769292,53.18509695100444,,-16781.48505373699,58.333333333333336,66.66666666666666,0,0.0,False,True,True
5531,鄉林,建材營造,12,1,131181.07369569383,85697.34775205962,152.91940738266555,44.057522732069096,485.4744193477394,95.87262949589008,63.457016532475116,,34148.97567213953,50.0,58.333333333333336,12,1,131181.07369569383,85697.34775205962,152.91940738266555,44.057522732069096,485.4744193477394,95.87262949589008,63.457016532475116,,34148.97567213953,50.0,58.333333333333336,12,1,134119.73823453163,87335.05969751974,157.0530756556135,44.04641429793035,525.0842485382047,97.70479530599613,63.79495624399244,,37091.40262290383,58.333333333333336,58.333333333333336,0,0.0,False,True,True
5529,鉅陞,建材營造,12,1,259198.51803449984,77932.97653302854,43.39519673887831,22.6453580116115,98.2484007357166,96.16981973180329,49.17171899297482,,-76134.80946940978,50.0,83.33333333333334,12,1,259198.51803449984,77932.97653302854,43.395196738878326,22.6453580116115,98.2484007357166,96.16981973180329,49.17171899297482,,-76134.80946940978,50.0,83.33333333333334,12,1,259190.72662083645,77906.9397100925,42.79325252257251,22.06307472359687,98.25901296352855,96.13769011633701,48.79103449562116,,-76151.69857147786,50.0,83.33333333333334,0,0.0,False,True,True
2442,新美齊,建材營造,12,1,2815300.164306149,864237.4159312332,129.96347350693276,83.38851636129243,317.6433862280102,96.59426438335524,83.68872582919585,,-815723.1169244872,50.0,83.33333333333334,12,1,2815300.164306149,864237.4159312332,129.96347350693276,83.38851636129243,317.6433862280102,96.59426438335524,83.68872582919585,,-815723.1169244872,50.0,83.33333333333334,12,1,2816730.361204345,868198.0603596941,137.9229829167116,82.7195104415084,336.2136772124079,97.03693850044259,85.63294411774861,,-813078.0294165029,50.0,75.0,0,0.0,False,True,True
3629,地心引力,文化創意業,12,1,3091.65031830019,1240.2470483232028,74.85695416068263,95.08145220783346,99.91957018206348,96.64890304486286,128.43364462393723,,-1237.1066156288389,66.66666666666666,50.0,12,1,3091.6503167743317,1240.231864491323,74.30481481960013,95.08145220783346,99.91957018206348,96.64771981229869,128.02073544961436,,-1237.1583968108255,75.0,50.0,12,1,3117.1263029096913,1251.901634059758,76.78745694071549,95.78281923559436,99.91957018206348,97.557111557355,130.65878209800957,,-1248.7247180417323,66.66666666666666,58.333333333333336,1,0.0011832325641734087,True,True,True
1808,潤隆,建材營造,12,1,1281209.453228166,542184.4653755011,1575.2343587836074,532.9537400680925,3761.7114495580113,100.15943368990439,138.9254343997829,,-475601.83327127574,25.0,66.66666666666666,12,1,1280193.3174805206,523583.36689372174,439.51924870758273,93.43171410517989,1553.5303405576456,96.72319453344895,119.65869235529125,,-504163.7032959666,58.333333333333336,50.0,12,1,1281300.2874191215,524601.2615908757,449.5679286290771,93.5108791401759,1594.5585106382978,96.91123340754743,120.39105914194207,,-503853.89952236664,58.333333333333336,8.333333333333332,10,3.436239156455443,True,True,True
1805,寶徠,建材營造,12,1,54740.910588472085,23227.114380575407,1377.9389164666638,76.12330754767693,5929.868644530546,97.79322932719502,121.1318760241826,,-19764.244284737684,50.0,75.0,12,1,54740.895591708926,23204.59569346109,1358.269545460989,76.12330754767693,5929.868644530547,97.6984187925313,103.34404382337097,,-19777.10723708285,58.333333333333336,66.66666666666666,12,1,54595.86316679549,22849.46727282587,1121.2351995796735,76.44574937765532,4151.9643102349455,96.2032199266391,102.42716238671736,,-20084.41262059133,58.333333333333336,50.0,4,0.09481053466372202,True,True,True
4416,三圓,建材營造,12,1,228006.42835723842,119508.00184743485,149.88289349395254,53.22494301104545,501.02578045571073,98.5494832455943,83.92846100145628,,-97728.38491069672,33.33333333333333,75.0,12,1,228006.42835723842,119508.00184743485,149.88289349395254,53.22494301104545,501.02578045571073,98.5494832455943,83.92846100145628,,-97728.38491069672,33.33333333333333,75.0,12,1,228248.19055989763,120491.16466131348,160.87123162320788,53.964074409036954,550.2150126067929,99.36022550348692,84.18401871017926,,-96852.93679897278,41.66666666666667,83.33333333333334,0,0.0,False,True,True
1438,三地開發,建材營造,12,1,212035.13145909025,103869.84101438161,92.60591908371934,99.8113990608826,100.0,98.99240283312454,179.98261039857312,,-102027.68150269699,41.66666666666667,66.66666666666666,12,1,212035.13145909025,103869.84101438161,92.60591908371934,99.8113990608826,100.0,98.99240283312454,179.98261039857312,,-102027.68150269699,41.66666666666667,66.66666666666666,12,1,212452.9460844281,104337.55531881195,95.582103027033,99.87633785534038,100.0,99.43815457764268,181.4585288259013,,-101933.06439320715,41.66666666666667,66.66666666666666,0,0.0,False,True,True
5455,昇益,建材營造,12,1,494560.93352440314,170049.21773992918,5186.254037770771,90.92006480639334,2997.907944186281,99.81889156198012,121.62710627200435,,-118468.80396681257,41.66666666666667,58.333333333333336,12,1,494555.30592088803,169368.392929064,4929.339014802773,77.11376629711467,2021.9239287640264,99.41924739500492,106.0703038717608,,-119150.12877767778,50.0,50.0,12,1,495124.67619455484,172290.32981388996,4608.091439214564,78.2377428621617,1573.795315760339,101.13442435926159,109.95662938625446,,-117743.28262713354,58.333333333333336,50.0,1,0.3996441669752073,True,True,True
2548,華固,建材營造,12,1,3371281.937799384,1519887.709541219,206.8702681771784,89.72049721353473,222.96760258956087,99.99972867857936,108.7656502123856,,-1165156.3327654775,66.66666666666666,58.333333333333336,12,1,3371281.9215216236,1519792.9862911159,203.8896750335849,89.72049721353473,222.96760258956087,99.99349644230927,105.1218630148302,,-1165059.7761820408,58.333333333333336,50.0,12,1,3389468.4766646908,1542156.3055215494,216.82032639674733,90.06369306065949,238.7920874921877,101.46487215076266,107.46901346242915,,-1155350.6096812116,58.333333333333336,50.0,1,0.006232236270093949,True,True,True
3512,皇龍,建材營造,12,1,167511.25246799568,119589.9113865783,742.5873661245283,92.17719258618209,2465.057828606751,100.11475496178686,123.07298953615616,,3733.8667778328186,50.0,25.0,12,1,167513.1696319358,119623.36577543167,742.92738430578,92.17719258618209,2465.057828606752,100.14276132038029,124.36972740445269,,3700.4123889794623,50.0,16.666666666666664,12,1,169076.03328665314,120789.02323599276,743.8747013837788,89.15377618072986,2561.11165670888,101.11859205459848,122.04076267471306,,-102.52916727687504,50.0,16.666666666666664,1,-0.028006358593430036,False,True,True
6264,富裔,建材營造,12,1,18005.40038897798,9859.294534716288,162.55272492153426,88.1440988727978,241.28891285717575,102.39876615595938,87.53115321761427,,-1897.0852075295415,41.66666666666667,50.0,12,1,18005.40038897798,9859.294534716288,162.55272492153426,88.1440988727978,241.28891285717572,102.39876615595938,87.53115321761427,,-1897.0852075295415,41.66666666666667,50.0,12,1,18160.197320802956,10001.626421072528,169.87177615330384,88.27827843892689,249.13724940854283,103.87702704939443,86.90638711315853,,-1707.8792691283197,41.66666666666667,50.0,0,0.0,False,True,True
6177,達麗,建材營造,12,1,1770680.2647253699,823349.8508502208,132.2069979991842,92.63212730010407,304.8423194314518,103.66307543081896,87.3384716921777,,-377630.72785419674,41.66666666666667,58.333333333333336,12,1,1746474.0395492818,814166.0278467423,131.09727798594898,91.92885234035373,304.8423194314518,102.50679497996349,85.76633125228776,,-368446.90485071816,41.66666666666667,75.0,12,1,1757819.5502865715,832999.9061278581,139.04484571505984,92.03791671506833,314.00328711983167,104.87805641019764,87.89184023287818,,-354815.04302905715,41.66666666666667,58.333333333333336,2,1.1562804508554763,True,True,True
5525,順天,建材營造,12,1,451896.75351650314,206047.36189681198,211.22621894217352,80.23215387039147,336.34602004171717,107.81436744308644,89.60177745593212,,-91677.54154727823,33.33333333333333,25.0,12,1,452501.8268768841,196647.38243673983,170.90492999346841,50.55273519396337,182.95145230217994,102.89582429778173,73.58253001738001,,-107255.10478887078,41.66666666666667,33.33333333333333,12,1,460938.100784549,200639.64212673766,176.8612390687232,50.826165353144034,197.83072961302886,104.98477583389119,73.87659157559284,,-107972.58348140669,41.66666666666667,16.666666666666664,4,4.91854314530471,True,True,True
9946,三發地產,建材營造,12,1,472453.14967735054,160786.50657868758,622.563437748124,189.86243129898045,1372.8818318819706,107.9264632738568,117.88040556423185,,-117718.52050515795,33.33333333333333,75.0,12,1,471748.1667482846,155284.3525582927,398.22202439567695,92.64982348466921,1256.5886190537096,104.23319300855229,122.58509725358944,,-127944.61750635097,41.66666666666667,50.0,12,1,471154.07567937684,154747.38410812616,387.53803130210696,92.59013506737034,1256.4948513917052,103.87275787659205,121.79463248754891,,-128185.38071117805,41.66666666666667,50.0,5,3.6932702653045055,True,True,True
6785,昱展新藥,生技醫療業,12,1,485.3964752812889,240.3392255839125,100.0,100.0,100.0,104.7610136944043,200.0,,-218.4941077494208,25.0,66.66666666666666,12,1,485.3964752812889,240.3392255839125,100.0,100.0,100.0,104.7610136944043,200.0,,-218.4941077494208,25.0,66.66666666666666,12,1,485.3964752812889,240.3392255839125,100.0,100.0,100.0,104.7610136944043,200.0,,-218.4941077494208,25.0,66.66666666666666,0,0.0,False,True,True
4909,新復興,通信網路業,12,1,59220.03222086772,42961.08763291903,165.77280430141803,139.697721199498,258.14522514210176,173.82831098774966,85.88679835789415,,42961.08763291903,0.0,33.33333333333333,12,1,54169.689122899195,26199.6926974385,78.19816146338562,28.917749464264052,242.08882191060255,106.00868322765902,43.80183231298574,,23032.04881761126,33.33333333333333,50.0,12,1,53951.47069085274,26469.4456137693,78.8343914369468,28.734555235838812,247.46552337167924,107.10015219209632,44.157363963544924,,23257.9456137693,33.33333333333333,0.0,9,67.81962776009064,True,True,True
4168,醣聯,生技醫療業,12,1,6123.9713670868205,3355.287109328474,163.9698120031658,99.1265884821576,336.73614534148015,106.34543544000867,172.96878936582314,,-2798.586093474971,41.66666666666667,75.0,12,1,6146.814639609859,3362.9301038307826,164.10355817701574,99.57659041899421,336.73614534148015,106.58767926354136,170.89746228240833,,-2812.54423347149,41.66666666666667,66.66666666666666,12,1,6162.75911714002,3393.4307589711775,173.3712771782106,99.60750695031116,360.84321680105995,107.5543939876235,171.78862206903602,,-2784.0818350023183,41.66666666666667,66.66666666666666,3,-0.24224382353268936,False,True,True
1436,華友聯,建材營造,12,1,512795.3567823918,359592.4317257961,195.41915583392392,90.79912912237027,414.19974928480656,110.90225583897949,107.80001182281234,,37217.66802018537,50.0,41.66666666666667,12,1,524530.2920309388,346262.3237377627,164.35452610727583,85.26150668819992,406.1184665435726,106.7911041126901,99.01033449536169,,4762.714307851634,58.333333333333336,16.666666666666664,12,1,543594.8191330243,357628.29746920866,168.4459462150574,84.68610426973325,385.60993604633586,110.29649525947912,100.79371769513305,,14611.903874327118,58.333333333333336,8.333333333333332,4,4.111151726289378,True,True,True
2505,國揚,建材營造,12,1,602176.4175491843,390110.31280891574,2927.325471928817,99.20670988872938,12844.696817009333,107.33212153500659,175.19801230747208,,-293534.17716824013,58.333333333333336,66.66666666666666,12,1,602708.0075670154,390598.1965330352,2908.5194754123163,98.7391774495025,12844.696817009333,107.46635432366345,169.08292748942574,,-294380.4074765139,66.66666666666666,41.66666666666667,12,1,603875.6270983499,391284.60025095864,3062.3461217870035,98.65819635714297,13769.867539998939,107.65520646331537,168.453757795837,,-292800.2935501747,66.66666666666666,41.66666666666667,4,-0.13423278865685973,False,True,True
2718,全心投控,建材營造,12,1,471886.10962971445,275492.0665208218,319.4759881861887,97.65738371314269,834.3273745468691,109.4009710112125,131.73397403506104,,3379.2191702249643,50.0,58.333333333333336,12,1,471898.3662470927,275068.4252245139,100.69651417298127,97.65738371314269,155.94594594594597,109.23273832937217,116.04436357982162,,2250.026698750445,58.333333333333336,33.33333333333333,12,1,483001.49192109215,278733.84981706034,100.41236940091736,97.51211752787853,155.94594594594597,110.6883193000229,116.28567863593535,,2851.180088098732,58.333333333333336,33.33333333333333,4,0.1682326818403368,True,True,True
6875,國邑*,生技醫療業,12,1,14145.301524418752,6166.341863944811,174.5189407745914,100.0,309.0847333385407,110.00193608749737,192.30400037546065,,-4693.543422763961,25.0,66.66666666666666,12,1,14145.301524418752,6166.341863944811,174.5189407745914,100.0,309.0847333385407,110.00193608749737,192.30400037546065,,-4693.543422763961,25.0,66.66666666666666,12,1,14145.301524418752,6166.341863944811,174.5189407745914,100.0,309.0847333385407,110.00193608749737,192.30400037546065,,-4693.543422763961,25.0,66.66666666666666,1,0.0,False,True,True
3521,台鋼建設,建材營造,12,1,52494.20725880565,22194.744020642345,786.839154152297,96.3088100594279,2253.2144697468643,107.91347384087426,124.10659430113135,,-15807.226233623689,41.66666666666667,83.33333333333334,12,1,52783.54191381652,22677.766072727787,794.3105555122894,96.51585786214952,2253.2144697468643,110.26198425999914,142.56925014664813,,-16472.73296731484,58.333333333333336,58.333333333333336,12,1,52849.423182466075,22916.458298617745,832.2055044988625,96.61437193206599,2215.702831511028,111.42253412940242,144.1281518454771,,-16275.534083351753,58.333333333333336,50.0,4,-2.348510419124878,False,True,True
1446,宏和,紡織纖維,12,1,116975.39109156407,95188.51441799117,428.8076734427926,132.58383384331609,1240.590598992458,112.01504040401417,109.08330010419431,,15240.416436260115,41.66666666666667,41.66666666666667,12,1,117716.4357108654,95091.57485823262,379.0060870494801,90.80032269429242,1215.4207026005415,111.90096478502278,111.69516585903796,,-1282.7170070311543,50.0,25.0,12,1,118498.943883409,95986.0473977768,389.5078624973953,90.80032269429242,1242.2713718009818,112.9535537267658,110.782748397686,,1351.0081333401788,50.0,16.666666666666664,6,0.11407561899139296,True,True,True
2528,皇普,建材營造,12,1,1354433.4767360047,1147713.0804221598,259.830328510857,98.4463373156458,99.67507145201174,112.18642072235225,182.922446740696,,-805602.7378034475,91.66666666666666,66.66666666666666,12,1,1354433.4767360047,1147713.0804221598,259.830328510857,98.4463373156458,99.67507145201174,112.18642072235225,182.922446740696,,-805602.7378034475,91.66666666666666,66.66666666666666,12,1,1354433.4767360047,1147713.0804221598,259.830328510857,98.4463373156458,99.67507145201174,112.18642072235225,182.922446740696,,-805602.7378034475,91.66666666666666,66.66666666666666,0,0.0,False,True,True
1516,川飛,其他,12,1,11436.286477671865,10133.953881574163,180.72984332784344,99.69523754687462,450.4473625693265,154.2967576558606,129.7351467070699,,4075.0761746402954,33.33333333333333,33.33333333333333,12,1,9324.683445229624,7501.321543087456,150.79312639248917,91.60897588923372,450.4473625693265,114.21303133586606,114.32611600515432,,930.4004969080905,50.0,33.33333333333333,12,1,9696.134865865339,7804.294696246463,158.18057017657188,91.60897588923372,465.41146879883695,118.8260161328667,115.1812522575113,,1316.8701452568541,50.0,8.333333333333332,8,40.08372631999454,True,True,True
2539,櫻花建,建材營造,12,1,1820141.6074747292,1345042.9551470906,155.92579868885846,94.93074859030366,359.83660155676495,115.26263875718199,132.00779073516193,,-435504.4683546905,66.66666666666666,50.0,12,1,1820141.6074747292,1345042.9551470906,155.92579868885846,94.93074859030366,359.83660155676495,115.26263875718199,132.00779073516193,,-435504.4683546905,66.66666666666666,50.0,12,1,1890453.75348901,1396504.3870527588,168.15426333842137,95.0367699869425,407.65406401029634,119.672594894993,132.71615070340334,,-368798.3888392513,66.66666666666666,41.66666666666667,0,0.0,False,True,True
9906,欣巴巴,建材營造,12,1,203679.41551516592,135067.0658473388,50577.732260203295,277.7040154014052,255642.25351120357,125.04019667605021,149.35029215264342,,1588.397209720851,41.66666666666667,50.0,12,1,198069.15837880928,125479.1713497597,33777.77870521578,98.50108720415368,107574.85647088145,116.16407127741641,135.77556433287683,,-19812.693689748823,41.66666666666667,33.33333333333333,12,1,176140.84289355422,114388.17455249194,32414.584401676024,98.75198674481666,107544.61864953791,105.89642822051255,136.0942633026633,,-28321.80321849995,41.66666666666667,33.33333333333333,6,8.876125398633803,True,True,True
6212,理銘,建材營造,12,1,261246.2578424429,169631.7819403398,108.43398542737452,93.3813551196214,137.32682680118825,120.1195886110811,132.35728338849674,,26516.003901586122,75.0,58.333333333333336,12,1,261246.2578424429,169631.7819403398,108.43398542737452,93.3813551196214,137.32682680118825,120.1195886110811,132.35728338849674,,26516.003901586122,75.0,58.333333333333336,12,1,276733.6453690636,175749.8873183359,110.61275245381319,93.77885853333667,149.0266617803469,124.45193890934421,136.67491171710085,,31511.777996562374,75.0,58.333333333333336,0,0.0,False,True,True
3056,富華新,建材營造,12,1,919560.5449213099,420206.02067908744,208.89148365315654,59.76391201745377,500.87545684201746,124.36938757757065,73.08285179002992,,-89759.35553599952,41.66666666666667,83.33333333333334,12,1,917713.1886513925,405951.6180577513,193.89284876886163,31.999186620531383,500.87545684201746,120.15047771655844,68.01275549442809,,-109601.75815733573,50.0,75.0,12,1,922675.2410577039,400044.39860760065,184.96223554591177,33.73171458379054,431.83538507295793,118.40210375439044,66.25244665546106,,-117353.34480924578,41.66666666666667,75.0,1,4.218909861012207,True,True,True
6461,益得,生技醫療業,12,1,20573.745700776108,10703.178146983282,570.495503218918,96.67267348267323,2315.0541061019703,119.44733672826302,133.20844652331172,,-4561.12395321301,50.0,33.33333333333333,12,1,20577.571649290647,10813.643064211354,574.8870946276988,93.47814347286048,2315.0541061019703,120.68012384846247,141.80264574135657,,-4671.588870441082,50.0,16.666666666666664,12,1,20688.802958641485,11016.404872510791,612.8184885547504,93.2961014554297,2473.0120655783307,122.94294313998297,141.62230352211657,,-4404.376389061904,50.0,16.666666666666664,3,-1.232787120199447,False,True,True
3266,昇陽,建材營造,12,1,269140.6533043685,146372.68577053415,163.1073416179083,49.72769300802356,197.6647585687279,122.53126666799746,61.396468119369395,,113134.3539818909,33.33333333333333,50.0,12,1,269083.10524007585,145730.35893120113,162.6066112983422,49.72769300802356,197.6647585687279,121.99356306008721,61.187098589104885,,109115.92525736189,41.66666666666667,50.0,12,1,293613.7655155929,157688.72002823366,174.45364560329259,49.208587491228016,208.44676980795361,132.00412701728467,63.88714002999546,,117672.25962748785,41.66666666666667,41.66666666666667,1,0.5377036079102453,True,True,True
6535,順藥,生技醫療業,12,1,5300.743372092317,3841.997159619869,1847.9220588345702,153.94157822582196,991.8227957689027,124.29960344945789,139.1656390307003,,-1263.8756783384815,50.0,66.66666666666666,12,1,5300.434156517285,3839.7089360118716,1845.3339108058046,153.94157822582196,991.8227957689027,124.22557286711724,135.96048634762926,,-1261.5874547304838,41.66666666666667,83.33333333333334,12,1,5420.463247630744,3942.48545583438,2002.1153124859807,170.03163161613693,1089.1550917566435,127.55068741746666,137.2270061986865,,-1147.7024916787325,41.66666666666667,75.0,2,0.0740305823406544,True,True,True
8087,麗升能源,綠能環保類,12,1,38058.00937159057,27050.88393352964,230.97485682497316,85.6137840106032,725.2450958061864,129.0718767703485,85.80765981442154,,12138.67586987907,41.66666666666667,50.0,12,1,38545.22324515305,26173.620693090194,214.22685300566155,79.27103787027526,722.6487881058151,124.88606113698918,85.92366665962214,,8216.560866996182,41.66666666666667,41.66666666666667,12,1,40238.59058926897,27005.828584383864,224.6914129795657,79.20612929065143,764.9385228379302,128.8568975302217,86.30763026861993,,9438.838317978085,41.66666666666667,33.33333333333333,4,4.1858156333593115,True,True,True
3631,晟楠,電子零組件業,12,1,4281.036422720347,3061.6250789471724,269.2652215351588,88.00746988757967,871.8110028362627,124.16607843241093,90.56651239818908,,1083.9337389663335,41.66666666666667,83.33333333333334,12,1,4302.787327649381,3085.565688354467,269.8385119903144,91.44721261851281,871.8110028362629,125.13700449577074,92.5856783757785,,1059.993129559039,41.66666666666667,75.0,12,1,4440.882809526194,3178.6745278456565,276.29059559547466,91.54298945568453,900.2342245305941,128.9130904530328,93.94809825048412,,1120.455299138039,41.66666666666667,75.0,1,-0.970926063359812,False,True,True
6171,大城地產,建材營造,12,1,269211.43652742956,132317.2119207238,11897.481775938057,1210.9152794573793,3796.53921631552,135.03650963346777,175.22437005610593,,-45370.2685698373,33.33333333333333,58.333333333333336,12,1,268959.7819662764,129840.18101744284,4391.45106273259,394.2122603639005,3770.854930583865,132.50857239402757,159.69561865156223,,-47847.21793409507,33.33333333333333,66.66666666666666,12,1,271411.52462123736,132470.21985759927,4382.696724306899,404.6798208038652,3372.7511921155165,135.1926620904456,160.63923993936976,,-45201.36147906602,33.33333333333333,66.66666666666666,3,2.527937239440206,True,True,True
2530,華建,建材營造,12,1,1224521.8862957885,706821.9222213597,653.8390233228548,141.03073714556325,668.2135935755965,133.80175324861477,115.50984729406646,,-167497.58606841488,16.666666666666664,66.66666666666666,12,1,1235573.8359651363,709422.4345139735,617.7697396514599,141.03073714556325,554.5348459153126,134.2940315625114,121.4165881952066,,-189020.88596205213,33.33333333333333,41.66666666666667,12,1,1254358.2556286515,724120.3783874315,657.3110818458094,149.9523698254562,539.3349893589389,137.07635989386515,120.53519210234474,,-174077.79554886903,33.33333333333333,41.66666666666667,4,-0.4922783138966338,False,True,True
6198,瑞築,建材營造,12,1,52.72237739823572,26.74344580973747,126.95602633694863,33.8296871969912,568.2431206651361,136.56227647525517,67.53303071073353,,19.675363660654547,58.333333333333336,8.333333333333332,12,1,52.76906076291503,26.436522171835836,125.43409094239506,17.348517757950546,568.2431206651361,134.9950068349064,68.33366227531663,,19.982287298556184,58.333333333333336,0.0,12,1,58.64020092397148,28.310824203677587,134.18715743704175,17.348517757950546,630.8200974629847,144.56591082728983,66.14801332663517,,22.76475693053941,25.0,41.66666666666667,2,1.5672696403487691,True,True,True
4907,富宇,建材營造,12,1,284050.89152524207,195131.16615975648,884642.6869386325,144.618505662021,1944.849761402817,134.0361490577455,122.65829653554334,,6345.230066143059,41.66666666666667,58.333333333333336,12,1,289280.61751485855,203929.7839450081,884642.4024469588,147.49770999550603,1944.849761402817,140.07994446047775,134.86246355461324,,-6578.230890838269,41.66666666666667,50.0,12,1,288494.3594113571,204398.4445081379,884636.834186216,101.25214038185213,1926.270280602218,140.40186872472228,132.04063349603254,,-2174.9874066663883,41.66666666666667,41.66666666666667,3,-6.043795402732258,False,True,True
7803,雲象科技-創,生技醫療業,12,1,30540.060784975525,23806.083333333332,1947.5796808849427,107.06720264884102,1278.0375335164583,147.40380695861262,127.29397428495304,,3659.75,41.66666666666667,16.666666666666664,12,1,30540.060784975525,23806.083333333332,1947.5796808849427,107.06720264884102,1278.0375335164583,147.40380695861262,127.29397428495304,,3659.75,41.66666666666667,16.666666666666664,12,1,30540.060784975525,23806.083333333332,1947.5796808849427,107.06720264884102,1278.0375335164583,147.40380695861262,127.29397428495304,,3659.75,41.66666666666667,16.666666666666664,0,0.0,False,True,True
4113,聯上,建材營造,12,1,167479.2440091982,103189.60547697295,42404.048357177766,293.5275245487496,117598.37907727865,202.9380579512853,151.16258759857553,,87696.5466821019,33.33333333333333,41.66666666666667,12,1,157902.62754480014,82897.65881752763,15010.079903854345,101.13493486611058,50464.508239317605,163.03085772424447,128.28355176346525,,65877.5359760044,41.66666666666667,50.0,12,1,157923.8563211095,82779.53857646465,15728.480597178022,99.81770840933689,54015.660377358494,162.7985562999367,127.94762640218764,,66548.37547391593,41.66666666666667,16.666666666666664,9,39.90720022704082,True,True,True
6919,康霈*,化學生技醫療,12,1,7520.544236325862,5199.581627182295,104.28859348558257,100.0,112.38838084991932,164.03759372765344,181.70466190873614,,-199.18084922133446,25.0,58.333333333333336,12,1,7520.544236325862,5199.581627182295,104.28859348558257,100.0,112.38838084991932,164.03759372765344,181.70466190873614,,-199.18084922133446,25.0,58.333333333333336,12,1,7520.544236325862,5199.581627182295,104.28859348558257,100.0,112.38838084991932,164.03759372765344,181.70466190873614,,-199.18084922133446,25.0,58.333333333333336,0,0.0,False,True,True
5310,天剛,資訊服務業,12,1,125.87319465811562,113.38483328856047,873.4220331536291,94.43265296349406,2064.5510343300407,166.13162386602266,153.08620071903977,,15.649729987008756,41.66666666666667,75.0,12,1,126.52284580283013,114.33535446336909,874.6016522526743,100.0,2064.5510343300407,167.5243288840573,156.9669367163758,,14.69920881220016,41.66666666666667,50.0,12,1,132.7647833389432,119.54981020319603,933.2098793500744,100.0,2265.047068196785,175.16455707427988,157.86278480660994,,20.11057812193332,41.66666666666667,33.33333333333333,3,-1.3927050180346328,False,True,True
6838,台新藥,生技醫療業,12,1,2242.2650076257623,1383.1393954374332,98.22082540168685,100.0,100.0,174.8043469747151,196.67806303778826,,-188.55508416881153,33.33333333333333,50.0,12,1,2242.2650076257623,1383.1393954374332,98.22082540168685,100.0,100.0,174.8043469747151,196.67806303778826,,-188.55508416881153,33.33333333333333,50.0,12,1,2242.2650076257623,1383.1393954374332,98.22082540168685,100.0,100.0,174.8043469747151,196.67806303778826,,-188.55508416881153,33.33333333333333,50.0,1,0.0,False,True,True
5514,三豐,建材營造,12,1,6915.801834350347,2837.205552678161,589.2737708000379,4.588924568311957,3032.077267316543,589.0392150888916,34.84791366281381,,2829.4773733374896,33.33333333333333,33.33333333333333,12,1,6915.801834350345,2837.205552678161,589.2737708000379,4.588924568311957,3032.077267316543,589.0392150888916,34.84791366281381,,2829.477373337489,33.33333333333333,33.33333333333333,12,1,7272.125975305458,2982.7289158087383,619.4456781880338,4.243695140905886,3297.1916331325497,619.2516780225753,34.52431820347237,,2972.103500032384,33.33333333333333,50.0,0,0.0,False,True,True
