stock_id,stock_name,industry_category,hybrid_observations,hybrid_stock_count,hybrid_RMSE,hybrid_MAE,hybrid_MAPE,hybrid_MedianAPE,hybrid_P90APE,hybrid_WMAPE,hybrid_SMAPE,hybrid_MASE,hybrid_Bias,hybrid_UnderestimateRate,hybrid_DirectionAccuracy,formula_observations,formula_stock_count,formula_RMSE,formula_MAE,formula_MAPE,formula_MedianAPE,formula_P90APE,formula_WMAPE,formula_SMAPE,formula_MASE,formula_Bias,formula_UnderestimateRate,formula_DirectionAccuracy,sarima_observations,sarima_stock_count,sarima_RMSE,sarima_MAE,sarima_MAPE,sarima_MedianAPE,sarima_P90APE,sarima_WMAPE,sarima_SMAPE,sarima_MASE,sarima_Bias,sarima_UnderestimateRate,sarima_DirectionAccuracy,hybrid_beats_formula,hybrid_beats_sarima
3022,威強電,電腦及週邊設備業,12,1,104169.8663536664,81470.00595346323,15.743574632506169,13.070868060340224,37.31439388408124,15.010496191128459,15.097737215572005,0.6736645942096177,7837.991400712694,58.333333333333336,58.333333333333336,12,1,103563.2132568362,80595.50571916906,15.601843975086135,12.998757759161943,37.79187024700253,14.849373305688735,14.922522942604774,0.6664112058387119,9892.102496143276,58.333333333333336,58.333333333333336,12,1,116365.3486454475,96536.94997060554,18.364528835828228,16.853820588740863,36.05248881385135,17.786515452873047,18.17583976049785,0.7980699158683121,-10649.00845816274,66.66666666666666,50.0,False,True
8383,千附,半導體業,12,1,48471.52354486086,42050.32796984276,14.564774661188522,13.328913827443067,24.127648743020085,15.025527285534695,14.231632738268285,0.5917264746542211,9085.926251388484,41.66666666666667,66.66666666666666,12,1,49675.397367884885,43686.63094600515,15.19928963830082,13.919720249115214,23.875009975779047,15.610215115635862,14.773595747383098,0.6142912520919631,10574.113175104225,41.66666666666667,58.333333333333336,12,1,44222.467927351136,35260.363615733695,11.855685307820607,9.798249498874606,21.45246736017256,12.59932041400586,12.15221310136904,0.497341906972059,-4307.756062053265,41.66666666666667,66.66666666666666,True,False
1473,台南,紡織纖維,12,1,96596.08641480435,83717.17663217195,16.999435612950446,12.890958119452698,30.07855987562939,15.045822676730255,16.136492717954134,0.6799018573958787,26348.451816941913,25.0,50.0,12,1,97459.28077623904,83899.22883336512,17.142240436043853,13.146713668938641,31.635328958173925,15.078541471692677,16.268433051868293,0.6813565421503848,26327.34595345575,25.0,66.66666666666666,12,1,120337.06572937436,94361.04357174791,17.579009570979498,15.117147876934588,30.17977937673922,16.95876027221563,16.705396090371302,0.7659887746261435,26538.404588316964,25.0,41.66666666666667,True,True
1475,業旺,紡織纖維,12,1,24711.15750838872,18435.530238929194,15.321248668666984,11.833644196765873,35.68466670009393,15.047334474705218,14.05854086324024,0.5505167848672655,8470.974514817084,41.66666666666667,58.333333333333336,12,1,25761.126092484832,18396.80355679347,15.206400708031492,10.404988041727288,40.439758431098525,15.015725221722557,13.914139612921298,0.5490168643028862,8566.807590582986,41.66666666666667,58.333333333333336,12,1,26687.403863299707,20975.990322556438,17.968324945946282,12.190823519035348,33.96257778868184,17.12089309236053,16.36589958387497,0.6298573845987517,7608.476832923981,41.66666666666667,41.66666666666667,False,True
4173,久裕,生技醫療業,12,1,24898.412929675607,19401.744510011278,14.370215088621874,13.14999420143118,29.20329130999536,15.049843866746865,14.907558837871296,1.019874420850328,-4778.93552148006,50.0,75.0,12,1,25270.14001952082,20150.89494815387,15.00831742234355,14.267644854881233,30.363661647067868,15.630956411597321,15.502780591744477,1.0585572328043804,-4833.5696692760475,58.333333333333336,66.66666666666666,12,1,23745.046978798287,17409.135664138525,12.641366891197817,9.672894991819422,18.90399899416991,13.504186361443177,13.463993473774472,0.9171145986758095,-4287.228191316211,41.66666666666667,66.66666666666666,True,False
6494,九齊,半導體業,12,1,19908.687653668763,14903.782944849061,15.12749889778415,12.732785255287729,33.79222706612342,15.062859291348444,14.432671987244222,0.31574203578432675,1011.1971014359393,50.0,50.0,12,1,20938.588719482697,15463.487457406327,15.655105860486628,12.68680708298623,37.48107807451311,15.628537840786565,14.92534375522277,0.32745068142367223,1039.5627021417142,58.333333333333336,50.0,12,1,14039.330889409122,10687.562297611348,11.144413754390332,10.288014982731598,15.222813617270543,10.801636581273414,10.803628485510064,0.22855698235252794,755.9066950839424,50.0,50.0,True,False
1512,瑞利,汽車工業,12,1,20255.27586861203,14412.342937399744,14.425497601418243,8.81206252741207,31.627778331074303,15.068422032703662,14.536954932203653,0.4044572124106758,-3488.9726185734203,58.333333333333336,91.66666666666666,12,1,20995.460509576635,14852.120477930805,14.97023225303379,8.003929905723805,31.33772962102797,15.52821913925392,14.877984002526576,0.4164595798880583,-3233.270561212236,58.333333333333336,100.0,12,1,19420.30063412933,14234.904548815786,13.631509575298084,9.282994601487495,32.76412037015314,14.882906288622404,14.716313980547394,0.4033602404993202,-5790.2911348240605,58.333333333333336,50.0,True,False
6728,上洋,居家生活類,12,1,71312.15183963468,59496.87547846817,15.05825095608531,13.553277529370146,25.90277789493666,15.077447151545764,15.00974661654756,1.1542494782326302,-11194.470237843738,58.333333333333336,75.0,12,1,73344.29315677949,62049.29873095496,15.556191639159152,13.412213601355456,26.59258586520885,15.72427148287848,15.619623461694326,1.205978631913883,-13007.8796235979,58.333333333333336,75.0,12,1,73628.55756815975,53214.52148041694,14.477822685957618,10.930842069181804,26.79258592611411,13.485399508183393,13.483736394448767,1.0097047780621777,5126.214233943567,66.66666666666666,83.33333333333334,True,False
2382,廣達,電腦及週邊設備業,12,1,34196467.446264185,26690406.282484453,14.486924537162205,12.384074731783343,24.64543212318839,15.081530674942108,14.753286854818379,1.1605076090994675,-7748846.932873115,66.66666666666666,50.0,12,1,34316042.88378539,26774459.405379057,14.513141536376557,12.854080711357078,24.543681044696665,15.129025259244916,14.792583620824987,1.1645291059707519,-7808330.628518026,66.66666666666666,50.0,12,1,35077766.643793486,26726307.174493622,14.773060748053846,9.441718175161734,30.93709619811662,15.101816630815676,15.129902548491103,1.1630265515286056,-7213493.67206892,66.66666666666666,66.66666666666666,True,True
5245,智晶,光電業,12,1,12421.726401436701,9769.666900595259,15.263123703741863,12.346840537152582,29.902062070096168,15.112036134922846,14.179723436973113,0.5281386059490858,1988.1496905493811,58.333333333333336,25.0,12,1,12799.655919632465,10053.435917343326,15.692315631361407,12.470966270859272,30.566766387595628,15.550979210331798,14.560319309380034,0.543399488267858,2016.0226671190267,58.333333333333336,25.0,12,1,9694.523128089786,7645.482515113178,12.132551410820867,9.169712519619127,25.626262375429533,11.826279156996792,11.388269002192247,0.4138027796432442,1737.292901422538,58.333333333333336,58.333333333333336,True,False
2349,錸德,電子工業,12,1,120532.13733616337,94529.93300785772,15.276420619203526,12.354162388728932,29.141489087419615,15.129594440451525,15.415927686058131,1.2268170503649454,-15201.018590633117,58.333333333333336,66.66666666666666,12,1,121073.63938789167,95788.11940945788,15.441343013217534,12.655927660064531,29.398641759691735,15.330968221020255,15.59850453637516,1.2435549803676467,-16187.89154196276,58.333333333333336,66.66666666666666,12,1,118325.77054998733,88911.4215850768,14.540004153712847,11.60100418120046,29.778073238551283,14.230347011823245,14.537214638991427,1.1513710417526728,-6319.162028666426,41.66666666666667,58.333333333333336,True,False
6568,宏觀,半導體業,12,1,16935.20555653104,14361.455866336391,16.04820659359789,13.225841256253506,31.55014539459803,15.153371036715125,15.463646851264093,0.5749021873965972,-70.0464447589123,58.333333333333336,75.0,12,1,17315.9828454812,14539.344405356895,16.353454129164756,15.126685232341133,32.9170449062464,15.341068653171645,15.694482596573508,0.5820560186258695,298.8898148711839,50.0,83.33333333333334,12,1,18335.879295296912,15425.812005985985,16.19489260051201,18.488591887055122,27.09250513560476,16.276417589197443,16.34663932239141,0.6156876496105524,-3390.47278142979,50.0,58.333333333333336,True,True
4906,正文,電子工業,12,1,254762.11032639234,208618.86646322595,14.989015523700225,11.093564816286012,29.04671141353988,15.177134200964574,14.518494059160892,0.4267310330141676,99106.99864082217,25.0,50.0,12,1,256852.5045395013,206796.53985620904,14.834743829532258,11.806849900588388,29.11846637168115,15.04455896488179,14.368305892770419,0.42296658955243904,95638.33425631402,25.0,50.0,12,1,282790.00058661756,234605.7205337584,16.931228900976,17.80139334410339,29.48656619825295,17.067691744372933,16.01392651866513,0.48052969463832546,130324.97810139532,33.33333333333333,50.0,False,True
1603,華電,電器電纜,12,1,86551.91424140787,69867.39134657806,14.490410205087704,14.400214815703272,23.16983386958058,15.181945988015672,14.438176306914349,0.7329184062176358,4563.2891517719445,41.66666666666667,58.333333333333336,12,1,92290.51482215853,75349.92644280424,15.662977706096381,14.97454031976478,24.036149123305087,16.3732821765305,15.42981697680993,0.7892355176633021,6758.394310063765,41.66666666666667,58.333333333333336,12,1,96051.7257905927,78121.8938181637,17.215811765933523,15.948570398312395,38.1067320489394,16.975621238604415,17.65017681452573,0.8211281170727273,-15192.657272854587,50.0,75.0,True,True
6263,普萊德,通信網路業,12,1,27816.423255992555,23845.44522201076,16.125043161503207,12.094551257591354,33.71191859718467,15.185876383103686,15.51759533804622,1.1328422394491462,3866.2773625950417,50.0,41.66666666666667,12,1,29274.96359247164,24988.478515237057,16.899389938403107,13.355833611266629,35.01466433532101,15.913812562575144,16.26439032652801,1.187130793631939,3784.8212180131413,50.0,50.0,12,1,17991.577083678538,15320.297663231475,10.214937990194716,10.15464237675094,20.25788792939036,9.75667026973494,9.812486893084717,0.7271637622686602,4599.382663832116,50.0,75.0,True,False
5521,工信,建材營造,12,1,135239.41841884243,114436.75474638813,15.473192176952102,13.437556230773115,29.833448100623617,15.193423884368995,15.556662581944266,0.4531885894082705,6585.808289273661,41.66666666666667,66.66666666666666,12,1,136876.31376226354,115979.8811615376,15.727660920197032,14.575409378356301,28.589144426057683,15.398300139244379,15.849469826424519,0.45954208043877304,6551.832039014892,33.33333333333333,58.333333333333336,12,1,153944.57425000935,122989.79578311204,16.803078082245683,15.10691279914606,35.72504087587616,16.32898542890371,16.64025697466335,0.48557528549138257,6891.594541602341,41.66666666666667,66.66666666666666,True,True
6733,博晟生醫,生技醫療業,12,1,3794.221469002324,2816.2420111755346,15.353882011585906,7.316665145386117,38.34216322734316,15.199856134654338,14.257846336289221,0.7810471078340916,777.924512226055,50.0,66.66666666666666,12,1,3796.997903445119,2835.6211145614798,15.368369209395846,6.8436407563056925,35.32207879658637,15.304449270583733,14.44093238616765,0.7867927386187841,639.2577901554602,50.0,66.66666666666666,12,1,4531.588886238804,3550.9207462242484,20.418950378201366,11.573884647109931,46.682801611125065,19.165073269267367,17.826759497438736,0.9878743181453035,2025.925010861407,41.66666666666667,66.66666666666666,True,True
9928,中視,其他,12,1,14529.39931434046,11153.960298216552,14.310356980183888,14.754949244744274,27.41476510585425,15.211795477245374,14.954400770080248,1.2551714369700007,-5353.912345023015,58.333333333333336,66.66666666666666,12,1,14605.11153804181,11302.700165789647,14.601002637719004,14.915961330345995,29.309613903887065,15.414647234320055,15.192235898728176,1.271897781400085,-5123.72255410579,50.0,66.66666666666666,12,1,14868.40675826525,10591.35063779911,12.807784581265889,11.367215703828789,27.911501113853348,14.444507190486721,13.972501226020748,1.1915040394054515,-7425.620463278062,58.333333333333336,83.33333333333334,True,False
3426,台興,電機機械,12,1,9370.740209157828,7789.039832747251,17.589390932256883,9.870912733800633,38.73984915550211,15.21324079580966,15.842684115594805,0.7899367422286412,4956.211946631567,25.0,41.66666666666667,12,1,9200.46565263268,7599.616622921722,17.23876865279813,9.942396272384354,37.621410127468785,14.843266965238744,15.5726719487544,0.7699278367588764,4822.834983504566,25.0,50.0,12,1,11501.859467322967,9558.345544167736,20.843369761892554,14.492689141255747,48.80580040780187,18.66897788372071,18.3374807761754,0.9766875504526057,6156.604614774558,33.33333333333333,50.0,False,True
2104,國際中橡,橡膠工業,12,1,217465.61434576378,194446.97696445315,15.149186038539082,16.003088697507923,26.265497392178816,15.216577599155556,14.820948112857838,0.4069296648592915,11233.439454655492,41.66666666666667,100.0,12,1,225660.2214343925,200916.56927773435,15.602353424083054,16.63795995759283,26.520088425108916,15.7228598515556,15.313028683207994,0.4206425827537492,8457.321187547166,41.66666666666667,100.0,12,1,179911.95355523776,153243.52036551185,12.307267954360789,12.039887246418688,24.005813382208842,11.99217367949037,11.808853871551474,0.3199157680350108,36218.503858630276,41.66666666666667,100.0,True,False
8488,吉源-KY,其他,12,1,63375.191868290385,39147.47908343288,15.565570435304796,10.382789673527009,23.80819888357781,15.243237413985828,13.724282076030306,0.47440166848761783,10397.644949209176,41.66666666666667,83.33333333333334,12,1,68492.04716032307,41571.460609416004,16.617102894228246,10.102693429448498,24.639709955642324,16.18708684574434,14.49169676415095,0.5031291147115491,11474.735130455412,41.66666666666667,83.33333333333334,12,1,26203.27923509887,19311.380805428937,7.210325962674552,6.0045987748418534,15.782484823532858,7.5194615158148945,7.110931612088474,0.23890573121996195,703.8333179929565,58.333333333333336,100.0,True,False
2305,全友,電腦及週邊設備業,12,1,10594.836590483157,9484.635421563813,15.353811902220786,16.48779677115801,26.921154669154202,15.248916451799776,15.610235333787498,0.8447142376003088,-1856.3867000026555,58.333333333333336,50.0,12,1,10899.942499725583,9706.862880606997,15.718136450653075,16.602481398131612,26.786497457131254,15.606202505045516,15.929331842282455,0.8643828509660301,-1903.621689331956,58.333333333333336,50.0,12,1,10306.714281744953,8854.639698089386,14.448990416102339,12.801805248042752,21.562410916973572,14.236041235699087,14.827119713705676,0.7887121072328517,-1431.2717960389552,58.333333333333336,41.66666666666667,True,False
3530,晶相光,電子工業,12,1,26842.289465398,23506.883692796244,15.189752914358332,15.936504669284929,21.172489746668376,15.286188221569375,16.112190251850404,0.26097717149516453,-11681.842259937941,66.66666666666666,58.333333333333336,12,1,29091.026325451945,25268.4100931638,16.393295357443684,16.178481245978844,26.725857520599156,16.431683492877237,17.534572745786132,0.28030796677461906,-12335.980079798324,66.66666666666666,58.333333333333336,12,1,22548.429991873505,18119.074704004994,12.66616013835,12.420032358642363,26.05896423313959,11.782573562099834,12.89772985268057,0.19712848703245192,-5794.601881194564,58.333333333333336,75.0,True,False
3564,其陽,通信網路業,12,1,38122.68223262455,31824.988644966757,17.151723075168167,11.341165053985732,43.45083874828844,15.294372267300432,15.95443880126624,0.6984203565808961,1905.4294154972692,50.0,100.0,12,1,39937.882227363894,33116.167236573725,17.965025150372004,11.157652599033979,47.84665842205368,15.914883597686366,16.614888329885368,0.7264155903407924,1883.5679881702574,58.333333333333336,83.33333333333334,12,1,30390.33210079011,22328.89935007216,10.770290693483037,4.382295343198196,22.5003423117684,10.730765776191308,10.43928449464601,0.49412255428297563,2102.182261440327,58.333333333333336,91.66666666666666,True,False
8112,至上,電子通路業,12,1,3825539.832210748,2889218.947509105,15.0338593525839,10.96229281757112,35.35574227360872,15.305227336324739,15.292086534907638,0.5893046778823211,-984211.2201235709,66.66666666666666,66.66666666666666,12,1,3927180.4820474116,2977689.903148793,15.569908650012234,11.37036619992213,36.66095217159378,15.773889668023319,15.832897893987393,0.6072468966279341,-1003006.1343459035,66.66666666666666,66.66666666666666,12,1,3441721.5171028157,2648984.379836063,13.583557079178158,12.576487301512584,26.18101279138606,14.03261880817926,13.800850181310679,0.5405267006993034,-815056.9921225853,50.0,66.66666666666666,True,False
8083,瑞穎,電機機械,12,1,22741.28005127109,18299.473122315936,15.701471757532342,13.601795892489864,28.848057209457913,15.34185712154379,15.33370399358375,0.4061903010392633,-3665.247683777235,66.66666666666666,58.333333333333336,12,1,22705.217270334164,17915.496589442268,15.375725060844431,12.515993903707507,28.601128400048726,15.019940033221191,14.979219488379393,0.3975506717896739,-3625.613471968742,66.66666666666666,58.333333333333336,12,1,25603.99166817904,22500.78092576735,19.39404216558993,17.722216522574165,33.54729960116466,18.86413689502949,19.37502097953413,0.5010336332607814,-4021.955590053685,58.333333333333336,25.0,False,True
5511,德昌,建材營造,12,1,191573.8410139947,141895.66145119345,15.927682563799047,12.861877972127456,32.0942908462108,15.362615800920118,16.018243862508143,1.0097712533391083,-43647.70941045286,58.333333333333336,75.0,12,1,206643.67208761675,146325.99615957978,16.355355822950568,11.666229362624499,34.447477468509256,15.842274793297637,16.462148855908264,1.0408603777777874,-43920.39233782736,58.333333333333336,75.0,12,1,121964.41135693963,103161.62951981572,12.212426522430153,11.624018564744626,19.313292541525787,11.168998850996644,12.276337969504198,0.7379452832514173,-41193.563064082315,66.66666666666666,75.0,True,False
4736,泰博,生技醫療業,12,1,59508.004658667596,53861.34169671036,15.990039652291374,14.966010074963714,22.189084858657047,15.373928585525917,15.452923144638833,0.25825527113681573,6270.363742811965,41.66666666666667,58.333333333333336,12,1,60519.58656641684,53960.64138058154,16.08039000681884,14.321147898842101,22.714014678458316,15.40227222124515,15.488598948545365,0.25882017528308576,6376.3586226435045,41.66666666666667,66.66666666666666,12,1,56980.760930715056,53403.071326162,15.3170298097446,16.470280217826275,22.078543019552697,15.24312204176499,15.049014762527147,0.2551280925597679,5316.409824328031,50.0,50.0,True,False
6573,虹揚-KY,電子工業,12,1,11648.082652384484,10696.864349640871,15.846256243000967,13.843834710365938,27.48437781695701,15.40570924789825,15.279661683095904,0.29124284446822285,3047.2545418165178,41.66666666666667,66.66666666666666,12,1,12482.591717556965,11338.58972241792,16.748164957324523,14.527264634396476,29.49890851433078,16.32992724177552,16.08906819954653,0.30876018023516766,3229.2876890837283,41.66666666666667,58.333333333333336,12,1,8031.988574657114,6740.430157238324,10.325473152846483,8.808877397604709,22.55723716408004,9.707621206925467,10.253666555494632,0.182155693259303,1408.956216411577,41.66666666666667,100.0,True,False
6585,鼎基,其他,12,1,43565.19566288272,36631.47296129656,16.1525791243805,13.324504844309265,25.503116616681226,15.425964787133289,15.4250932065549,0.9796067916618975,1523.1852225267041,58.333333333333336,50.0,12,1,43646.510032686405,37042.78752573871,16.30694161787684,12.515062793503503,25.84796007960578,15.599174420123575,15.608863827075684,0.9906265299557244,1205.3443439329324,58.333333333333336,50.0,12,1,47373.24694649639,36837.72933161705,16.315474997495073,11.809231321497009,27.33948592159321,15.51282188701151,15.436294337845375,0.9841217136315735,4383.753129870565,41.66666666666667,50.0,True,True
3527,聚積,半導體業,12,1,22646.581175856598,18641.77128111255,15.130447308318068,13.498566801190675,26.386711570803044,15.439598543243788,14.667245131002577,0.2653850579353643,2926.6895250574257,41.66666666666667,58.333333333333336,12,1,23539.518980505418,19485.206859705922,15.795771646895455,13.798497268899071,27.328610048070406,16.138153768184463,15.313788213693295,0.277560917040931,3073.5058939466544,41.66666666666667,50.0,12,1,16372.663879557702,13046.232450846968,10.742141413052241,8.269663663548837,20.8112528840273,10.805228135536664,10.573430639076758,0.18448462869771046,1605.3422050543402,41.66666666666667,66.66666666666666,True,False
1452,宏益,紡織纖維,12,1,21935.287064212913,17485.62784956562,15.64077540590316,10.71528897991544,35.5735718709134,15.472238364699272,14.421261377968838,0.35865234604392926,8399.61236921288,33.33333333333333,66.66666666666666,12,1,21882.89273256921,17041.40543893102,15.289050289619452,9.281001182366715,35.28795332494749,15.079166117971193,14.014453910343752,0.34933918677977654,8732.527262294547,33.33333333333333,66.66666666666666,12,1,25940.40265655294,21891.766902805106,19.17094747846284,17.68988923623982,37.72169407143378,19.37103080648313,18.577506141835197,0.45092390307364744,5403.378331477869,41.66666666666667,33.33333333333333,False,True
4994,傳奇,資訊服務業,12,1,18673.728940205507,15291.604631419725,15.82971451718718,13.182153096279917,25.595271021610028,15.482020582905646,15.587203275184102,0.3502449531072043,108.6713646803449,50.0,58.333333333333336,12,1,19162.992857603065,15604.861715938829,16.181848066886307,14.152435597849117,26.68288474863461,15.799178444828177,15.900906817552787,0.3575322055885101,263.8118471802154,50.0,58.333333333333336,12,1,15359.270394008687,13053.507901280149,13.313650146539107,14.03089201519639,21.35015725358418,13.216054356486298,13.364455120614796,0.2980409833114037,-1287.5929778185357,50.0,41.66666666666667,True,False
5278,尚凡*,數位雲端類,12,1,42686.08359517864,34003.73287481072,14.960384374325727,10.846881690506452,27.381676290025826,15.499140784653914,15.030942405134647,1.3067239034387563,-2162.192451342033,41.66666666666667,50.0,12,1,45106.06114519295,34493.908083121314,14.925504099160522,10.288336731820102,28.12009254102954,15.722566094772757,15.01130380583144,1.3235707150974536,-2823.2223873526723,41.66666666666667,50.0,12,1,38741.3473640739,31653.158868336865,16.12301849446186,11.7313571527254,33.99402234634346,14.427732607639493,16.060839729334816,1.2320146235306388,3787.0769727536695,50.0,50.0,True,False
6669,緯穎,電腦及週邊設備業,12,1,15430343.895695904,12282745.872672385,14.485452692788629,12.837595070686708,21.69425882861803,15.504222043876775,16.337693838094435,1.3467096965809604,-12137661.088364055,91.66666666666666,50.0,12,1,16328900.93746621,13220665.91906012,15.62094153629063,13.953744337785952,23.113952484547138,16.688136521090886,17.67317471292244,1.4395323980977501,-12903958.715029329,91.66666666666666,50.0,12,1,11057936.19383239,8274079.624134832,11.410306223151979,11.079603821454981,21.404732610201453,10.44417665488931,12.515426500331886,1.005043836922357,-5240982.448376589,58.333333333333336,91.66666666666666,True,False
2516,新建,建材營造,12,1,162409.12442669802,133994.48446259167,16.565318018376903,13.730649620010285,29.47832761811901,15.546133731559234,15.947723302787123,0.8607924747434823,15282.721530928606,50.0,66.66666666666666,12,1,170531.34686127564,139839.57465994044,17.329899804420133,13.977463903947424,29.457824538492943,16.224285181191316,16.556599641339307,0.8979382587882143,16337.703149866467,50.0,58.333333333333336,12,1,119275.97343444706,99521.64303663936,11.872055264503823,9.538887424882125,23.84833228940848,11.546570577418313,12.048415961987894,0.6431895883471647,5787.886960487512,33.33333333333333,75.0,True,False
8210,勤誠,電腦及週邊設備業,12,1,320630.4497725259,285213.7961712246,16.190515029071424,14.12154115911993,28.382954764950934,15.556167935648539,17.553446027104496,1.111505811369702,-135045.5135962422,66.66666666666666,41.66666666666667,12,1,331763.55246023287,297620.022488742,16.976909209293513,13.432280089276388,30.800185404889323,16.23282994370618,18.368169611665756,1.1600114152223184,-132087.7420218625,66.66666666666666,41.66666666666667,12,1,281005.5291827935,233147.27663365088,13.078951160955011,10.772210599747556,24.77585337724658,12.71634906074048,14.451617010652692,0.9048308607881154,-161665.45776566028,75.0,66.66666666666666,True,False
3229,晟鈦,電子零組件業,12,1,15718.676468736303,13511.577969087703,16.086514265808386,14.571814855491052,29.481908532846944,15.581532642155985,16.36076424779175,0.7089324187053512,-4112.819228905884,75.0,33.33333333333333,12,1,15948.26755281238,13817.22737686887,16.466264677345567,14.779709835340405,29.55185565931238,15.934007107780483,16.758261229137293,0.7246582551244143,-4295.444545946778,75.0,33.33333333333333,12,1,15553.795916951936,13313.575665690078,15.637428398469243,14.0260125821548,29.032725152818152,15.353196665361079,15.769611357770364,0.6993272419582907,-2469.1913755378596,58.333333333333336,50.0,True,False
8072,陞泰,電子通路業,12,1,22327.72165251876,16677.902014970285,15.015032908037492,8.78027322402254,30.460662825767315,15.585161410320191,16.42153781009776,0.6322699927146022,-8080.384545302791,58.333333333333336,50.0,12,1,22610.87163837419,17299.544419093025,15.654650550029507,8.999784012795335,31.80697559866392,16.16607363771282,17.044874193512296,0.6557061932720711,-8254.783739070135,58.333333333333336,50.0,12,1,21988.926092149915,17672.70939542,15.969039679926908,17.13330716082469,28.46281171714197,16.5147887448956,17.338383782731004,0.6699545596480391,-6510.79180139674,50.0,50.0,True,True
5355,佳總,電子零組件業,12,1,7126.291482122777,6007.128758864979,15.535934269758704,12.985752441213677,29.036859636729666,15.596315222628442,16.095558918320087,0.5269650298665026,-882.0595810588005,50.0,50.0,12,1,7264.807807414787,6033.318183216584,15.605581410524074,13.558998373636765,30.388986564255134,15.664310854831934,16.153824009906028,0.529255137413601,-845.7214699595133,50.0,41.66666666666667,12,1,8316.03778560729,6894.585899074151,18.035538146210282,14.473106988046231,35.06688518426616,17.900421204183896,18.519347116439477,0.6051684861748574,-1209.1025809523942,50.0,75.0,True,True
1727,中華化,化學生技醫療,12,1,30052.928792764396,25621.17785976613,15.607984983962755,18.74545068544359,25.939973368580155,15.612530801501542,15.552019176207097,0.6973607150499661,62.67902773527627,41.66666666666667,41.66666666666667,12,1,29662.763978811407,25579.27436124251,15.52492945771489,19.816209753447936,24.84488432561575,15.586996469513705,15.524649878344313,0.6960359482738032,-18.96314171270448,41.66666666666667,33.33333333333333,12,1,40878.43341653041,31139.221630132834,19.250175135431405,15.006181707462908,45.443185111122716,18.975008077152847,18.724901197614795,0.8491911322852586,797.4585527670437,50.0,58.333333333333336,False,True
2634,漢翔,航運業,12,1,736172.1829420966,461397.176783165,16.928753733221193,9.041140578034708,27.33703378557862,15.617583827538656,14.706123151558192,0.8153983017270331,59540.282089895685,41.66666666666667,75.0,12,1,767121.2068649933,480882.23873875214,17.708496188185887,9.552399467558722,27.937875046455822,16.277123165420598,15.277327474711402,0.8496466450641588,65572.8145272504,41.66666666666667,66.66666666666666,12,1,487028.73400370823,356882.4818124133,12.556070883447559,9.22612670712199,21.929462437683714,12.079922367849152,11.908652660939994,0.6307100259465165,5247.4901537018595,50.0,66.66666666666666,True,False
8996,高力,電機機械,12,1,102862.89095502967,85716.44561193204,15.787597846780663,13.483540573253183,25.208469811424433,15.630698603204962,16.71103655332526,1.1458401319130531,-54469.94426413302,75.0,33.33333333333333,12,1,101895.96053082097,84654.68015071347,15.668277724709483,12.81939899334376,26.01696172568281,15.437081896479432,16.56275296433039,1.1323844393249576,-53464.02393521481,75.0,41.66666666666667,12,1,117944.62239855273,97959.05918073445,17.37141477798784,18.31750593556758,27.825758455215322,17.863182713381594,18.732225668075134,1.3047712257242325,-63523.2272243969,66.66666666666666,33.33333333333333,False,True
6192,巨路,其他電子業,12,1,122698.99288885546,95901.09392073897,15.894304812252852,9.147771975962895,31.73272425602135,15.641858362180566,15.7605281861434,1.1676311913063293,-6072.759824116404,41.66666666666667,58.333333333333336,12,1,127717.39673789115,98531.01976687,16.28894683955978,9.731809134248653,33.18776582245144,16.070809961233422,16.177536674234965,1.1998411693850934,-9869.405216727924,50.0,66.66666666666666,12,1,97964.22183299543,82889.3737342256,14.163852920777517,13.256638925232082,23.32527325140534,13.519593892768148,13.612981477755437,1.004962095166652,28097.048709386927,33.33333333333333,50.0,True,False
1515,力山,電機機械,12,1,98410.4737200182,70642.8114487759,14.835333358776012,15.354033019467273,29.996575923812802,15.642521085974362,16.23683164406227,0.12816514052810493,-60141.09857492088,91.66666666666666,75.0,12,1,102050.43025437294,76291.56270580353,16.143165704768712,17.133078188125932,30.187745567988905,16.89333074141327,17.603225851671098,0.13847396865112413,-63758.08323328866,83.33333333333334,66.66666666666666,12,1,96101.8097033267,69371.90342773251,14.625502962271094,10.604682765268205,33.60174915225952,15.36110242341277,16.054675739716224,0.1254969814030256,-27588.236649611015,58.333333333333336,91.66666666666666,True,False
8426,紅木-KY,其他,12,1,46923.25655506231,35331.549621870094,15.582526533546817,9.818423234473883,27.16629423690752,15.6642839790783,14.722703735092441,0.597266565428001,8576.900460722949,50.0,58.333333333333336,12,1,48066.72011739566,36376.57481779954,16.146514950388116,8.79885441163159,29.07398974182593,16.127597125813253,15.329226121465503,0.6143688483466518,7943.6218507683325,50.0,50.0,12,1,49803.83289729762,39241.96957811558,17.466093190458633,13.335009855896757,33.63903087090369,17.397973254743928,16.19969658860679,0.665284974845406,14276.407950314453,41.66666666666667,58.333333333333336,True,True
6753,龍德造船,航運業,12,1,77571.02147169664,68492.66792673575,16.719729178851054,15.324599768834691,25.093339195684994,15.666409568756483,15.813034133804942,0.5215008320935841,25992.762181864047,41.66666666666667,75.0,12,1,74097.8239916072,62936.93272136461,15.37807538633999,13.682141322230196,25.51420574850623,14.395639633556911,14.580311405716012,0.4790491243320836,24787.68302191656,41.66666666666667,75.0,12,1,130935.09923270934,118494.28477507601,28.794613311450572,25.924438268803872,56.477629508035044,27.103338985552618,26.764606843695788,0.9035662019470879,36838.47462139133,41.66666666666667,66.66666666666666,False,True
3632,研勤,通信網路業,12,1,4773.615481575473,3457.7312518877466,15.869135028075682,8.605922875557745,37.19654944908855,15.70672706518971,15.3496850661515,0.2813290721827607,-179.14947727932213,58.333333333333336,66.66666666666666,12,1,5027.520138928781,3577.526197988582,16.411508870385727,8.484621916747976,39.179830905505156,16.250895013802747,15.829715060745157,0.29103468192894827,-191.17896800051463,58.333333333333336,66.66666666666666,12,1,3318.651170922673,2617.7419378849086,12.142712915193306,9.114871530016345,24.736536380850346,11.89107977174678,11.799144790204563,0.2132391574475453,-70.88406078860073,58.333333333333336,91.66666666666666,True,False
6166,凌華,電腦及週邊設備業,12,1,184760.0056214895,154727.52740320138,16.09667434069441,17.836327954822355,29.254658377761356,15.733380115274691,15.729615492966087,1.1197607976585924,21764.185718041117,41.66666666666667,58.333333333333336,12,1,184700.83753729417,155550.6936974818,16.257561059552835,17.76109701864511,29.643493920183822,15.817083309033139,15.880445575692361,1.126928865399337,21807.08931893516,41.66666666666667,50.0,12,1,233308.5001757065,174005.43743396096,17.613026016767307,12.976450422838079,37.88644948060298,17.693643369218034,16.683006340314353,1.2483396284647768,21378.053309994622,58.333333333333336,66.66666666666666,True,True
3149,正達,電子工業,12,1,37687.30143941934,29957.59985164074,16.059658603668638,12.144825304976838,32.20713689855225,15.742715179926295,16.332058176742123,0.8165372788894313,-6436.210228281395,50.0,50.0,12,1,38536.371843508554,30300.389324558473,16.290427442491186,11.871576903598585,32.74788916850053,15.922851007414002,16.552829926851985,0.8258218228289502,-5928.129754879083,50.0,41.66666666666667,12,1,33968.0922990077,28859.800638161774,14.923373230322559,14.838929760111819,27.46652864469378,15.165821823044102,15.319384989741417,0.7872132880102386,-11008.93448890218,58.333333333333336,58.333333333333336,True,False
2743,山富,觀光餐旅,12,1,108541.4440821895,88292.25983242375,15.597947351455302,12.198493689879172,27.124277324275546,15.76938244996488,15.45428926604823,0.4533655422804432,-8507.097666983871,66.66666666666666,91.66666666666666,12,1,109132.19600742003,84971.91232002137,14.866122713850627,10.606476865287517,27.283643185783962,15.176353911684853,14.931500652646621,0.4366928326694175,-11366.031799303231,58.333333333333336,75.0,12,1,200961.86510290805,163128.0839302883,29.96941149067389,26.28806552562004,54.78025170674221,29.135386824497246,29.11660979472285,0.8338181303265616,17223.30952389017,50.0,66.66666666666666,False,True
2543,皇昌,建材營造,12,1,178195.75972061447,155624.86821789033,16.049630234400183,15.137123935593907,30.595745781952584,15.775474127226405,16.301761041733638,1.019395441560434,-14806.179158931025,50.0,75.0,12,1,187181.90328330392,160599.2337494738,16.52272750465178,16.493432354350155,32.09592019234364,16.279718568628866,16.944084054908352,1.0517758746879284,-20678.39964345084,50.0,75.0,12,1,140774.90923480922,120696.54942229782,12.801374587587834,11.156920162181011,19.50858548587274,12.234839550136096,12.100719680121298,0.7941476793386034,38043.805201747244,33.33333333333333,83.33333333333334,True,False
8390,金益鼎,綠能環保類,12,1,71080.31529921117,60961.06189928905,16.108638070899648,13.756406487443293,29.76968409897983,15.783000102729867,15.715260835980535,0.9106958449417069,4845.540220805594,50.0,41.66666666666667,12,1,72495.35713065117,63161.875934754265,16.625361011641235,13.910418543490605,30.404111971504218,16.352797397357403,16.22363131012364,0.9437753243378862,4476.963478677692,50.0,41.66666666666667,12,1,69085.10046174607,61624.73173923837,16.31829912789306,17.074959486081493,24.629625462447372,15.954826196727435,15.905082208595122,0.9217934918929972,8162.730899956514,50.0,41.66666666666667,True,True
3628,盈正,其他電子類,12,1,62541.06222395913,44168.52333932873,15.268836087665152,7.906677843076896,33.78732497807816,15.79664433985155,14.902259324825499,0.9355577017508238,981.1999193970114,41.66666666666667,91.66666666666666,12,1,64037.264956887804,45744.91199852709,15.853131604468654,9.315216679760239,34.17313150452001,16.360431605262775,15.398847992630978,0.9684689041798545,1868.6773548110843,41.66666666666667,91.66666666666666,12,1,61130.934021784924,41946.39337886786,13.830957894165651,11.018416924577759,35.693517064326244,15.001911031865392,13.988333198586627,0.8933079305822066,-7006.096999329692,50.0,58.333333333333336,True,False
6661,威健生技,生技醫療業,12,1,7091.450759546327,4953.075088776402,15.35440585984412,10.448576482373472,33.49125324867453,15.81020935929053,15.30382966803179,0.6176654676726364,141.50720430839132,50.0,66.66666666666666,12,1,7389.511367028832,5133.754313710174,16.031370806836133,10.166713908814016,39.49162475410969,16.38693721458799,15.705048804298317,0.6400071922521181,449.5093229645951,41.66666666666667,75.0,12,1,6637.977526407125,4673.587112154079,14.76369104464548,12.1704344123828,36.28869717419151,14.918084094762179,16.518608334622485,0.5824987481178973,-2630.5118635974472,58.333333333333336,50.0,True,False
1783,和康生,生技醫療業,12,1,13205.761361314004,10717.071428944206,16.762201123469804,12.10122316066527,33.80120785782964,15.846545330661597,16.765525817655178,1.205554784327776,-1500.2980448038113,41.66666666666667,75.0,12,1,13802.3250205164,11368.854228796758,17.81595497451893,13.036654417468851,35.27661706596864,16.810288621176035,17.79129686552634,1.2793510873132017,-1351.8901175656276,41.66666666666667,66.66666666666666,12,1,10019.463061741963,8078.277128976692,12.069437097009862,10.938218506317947,22.39989723215017,11.944754270485175,12.509856873652847,0.9138089178842254,-2835.969389947464,50.0,75.0,True,False
3669,圓展,電子工業,12,1,43092.732981931775,33565.528089886255,14.894811573643848,10.843217753096182,25.907038528649245,15.918061767124255,15.486700915428283,0.3795208599943724,-8669.832744171805,50.0,66.66666666666666,12,1,42921.0609110721,33815.05438982997,15.02322705627533,11.505018278392342,24.929090291841874,16.036396716134725,15.630188778542298,0.38207383648949267,-8832.004681701155,50.0,66.66666666666666,12,1,46632.05336980396,33338.65988832256,14.841297389431093,11.606889443781334,35.07352745971703,15.810472158052221,15.348867535284066,0.37798125385146863,-7210.285306407689,50.0,66.66666666666666,True,False
4564,元翎,電機機械,12,1,18246.604631546754,14650.947319157089,17.179962972366265,12.68251781690054,28.462632708697775,15.953598522516902,15.988065091045092,0.3191210217955756,5169.974233794322,41.66666666666667,66.66666666666666,12,1,18077.43364719518,14603.649311543966,17.150516741888108,13.174848050804917,28.27813878446962,15.902095134514948,15.946755928598675,0.3180364203650839,5367.094432271078,41.66666666666667,66.66666666666666,12,1,21122.992690511877,17302.730333969896,19.636642069807444,15.331878387475296,32.84621757886506,18.841157986459258,18.465020744709747,0.3764008733304367,3395.892447503514,41.66666666666667,58.333333333333336,False,True
6220,岳豐,電子零組件業,12,1,131015.31334533825,111159.11049548385,16.314093685596685,12.511180186306603,33.149552483295075,15.965617798850019,16.02489452921297,0.8244672336013702,-7349.024926849302,58.333333333333336,25.0,12,1,126201.46914412682,106666.69595428016,15.640425080257256,11.689230449233262,31.06513784806407,15.320378976416581,15.42252463236685,0.7905239588522915,-9630.05788663216,58.333333333333336,25.0,12,1,181137.40139459306,155773.70452050617,23.079315545813383,18.24986804798284,46.36869869482505,22.373545617625638,22.032040472100608,1.1599959505622188,13180.27171119627,50.0,50.0,False,True
2460,建通,電子零組件業,12,1,55520.95165373563,42200.71118314626,17.317450724901992,14.253568679524726,32.45023283096617,15.966102687605801,16.06529932069208,0.5455128791734934,2752.032961032283,66.66666666666666,58.333333333333336,12,1,58655.585008603775,44357.29769020885,18.222994007196345,14.307348981731662,33.84296899916292,16.7820197814442,16.788754389967817,0.5730213976090728,3312.501427787511,66.66666666666666,58.333333333333336,12,1,34491.24268355051,26744.810712745162,10.662950095138285,7.781726762953471,21.102231141183143,10.118559195533285,10.853717819537364,0.34903503076441916,-2292.183239764878,41.66666666666667,41.66666666666667,True,False
1514,亞力,電機機械,12,1,186499.51611203965,140537.5577630105,15.689092160570892,12.238459855719016,25.58011003679428,15.978421944771748,16.787875548227007,1.2759496821001912,-54017.00600698381,50.0,75.0,12,1,187064.26114764914,140883.81745925368,15.91552560803934,12.206059838674435,28.504404364563268,16.017789951567284,16.911849723153736,1.280569012053272,-52684.56219025716,50.0,75.0,12,1,206048.32529657992,156519.5287961649,16.606729562115433,13.314162854472078,34.780197376540656,17.795492632078606,18.38904348087511,1.4110665345244398,-66009.0003575238,58.333333333333336,75.0,True,True
3287,廣寰科,電腦及週邊設備業,12,1,14039.952307364936,12594.122604559976,16.6126831012778,13.870523684022656,28.383679402760396,16.06299283680479,16.85342186870153,0.6293983023308113,-3061.4941312990118,66.66666666666666,58.333333333333336,12,1,14661.655617642862,13157.792021856998,17.42444706836108,15.267576253239593,29.231476956948217,16.781916901359292,17.680115123868497,0.6575672836970722,-3036.868716402288,66.66666666666666,58.333333333333336,12,1,10799.388137391083,8413.488844565409,10.496166816676155,7.282264340275944,21.772243554954816,10.73086353739789,10.897802095640152,0.4203243227242877,-3283.122865369534,58.333333333333336,75.0,True,False
6532,瑞耘,半導體業,12,1,10407.445969929822,9040.133194764632,16.815263792777056,15.738931371545196,29.059916632716675,16.07377682808003,16.213194413522416,0.7884328779666544,2221.091153127288,41.66666666666667,50.0,12,1,10461.844978396466,9079.24391859748,16.854906759542075,18.036834154199262,29.44228675751371,16.14331751215291,16.35684799177245,0.7916769818750858,2042.8335736832742,41.66666666666667,50.0,12,1,12297.180099919437,10420.236410628895,19.587935906172092,16.672015446197147,39.43435767468834,18.527664465970673,18.18459342588705,0.9097370747095961,3825.4093681233953,33.33333333333333,66.66666666666666,True,True
2477,美隆電,其他電子業,12,1,43204.14472748578,33489.385171939066,16.55519929886732,11.103020604387153,38.52441580638677,16.083538526011516,15.738428008332287,0.4668415272102218,1321.9125680458844,50.0,66.66666666666666,12,1,43756.8642843412,34360.230814752016,17.098368432544916,12.148734381618217,39.938393838737994,16.501768940648308,16.2756436231107,0.4789061568041453,1698.6095075562444,50.0,66.66666666666666,12,1,45681.33897218358,34119.503470842305,17.15897835639323,13.186965689236663,32.34039214877178,16.386157755487453,16.680704666380286,0.47584507945226956,-2068.359887547436,66.66666666666666,66.66666666666666,True,True
1707,葡萄王,化學生技醫療,12,1,175423.08379657267,137425.96104726338,16.38789523450914,11.26610654271046,36.74730842598569,16.08637097156729,15.365199602486044,1.790828841584234,39742.845534445114,41.66666666666667,75.0,12,1,175881.9577443213,138789.43124915365,16.520019388133154,11.607841969640914,37.54338326428162,16.24597172901618,15.593947765173976,1.8081013924524905,33879.492463894305,41.66666666666667,66.66666666666666,12,1,201716.6313348465,143084.64697047073,17.13774224397308,12.17089361084011,41.790064119064425,16.74874742706825,15.163471614999036,1.8710541658388606,92513.02316940192,33.33333333333333,66.66666666666666,True,True
3443,創意,電子工業,12,1,624118.6166864893,457975.36275684787,16.28777434401341,9.366054756525635,39.20007608580088,16.097091164412966,17.298064293484604,1.0462427599040285,-260040.77314446805,66.66666666666666,58.333333333333336,12,1,642834.0147963759,468549.6363760524,16.656759215459992,10.164112257890789,40.678125600996665,16.46875973064576,17.78742851459829,1.071066953304398,-263764.70311349706,66.66666666666666,58.333333333333336,12,1,471880.4827277748,378950.29086189024,13.764823016164721,7.775600148148803,25.89763044903892,13.319488066049786,13.929965923771407,0.8604117253424333,-226525.4034232086,83.33333333333334,58.333333333333336,True,False
3652,精聯,電腦及週邊設備業,12,1,44985.43417677399,32941.09426057549,17.02426737554822,10.719550187154253,33.29807422275924,16.117730020146734,15.33098412961222,1.238554624475922,12102.864975447543,41.66666666666667,75.0,12,1,43010.88484651886,32440.97285478214,16.74122720158572,10.044189186659269,33.948176052762975,15.873025890644854,15.183058183210163,1.2181622116906257,12330.936069785026,41.66666666666667,75.0,12,1,69998.57242671405,44197.54643847036,22.78622596867363,13.97587994434504,28.82049775776038,21.625393358615096,19.20163262555884,1.668023388177719,10050.22512641025,58.333333333333336,83.33333333333334,False,True
3363,上詮,通信網路業,12,1,31661.295980978055,25468.982514415784,17.00192720669486,19.59205475943799,33.28308343731556,16.153739925866013,17.10993458573297,0.7369204531189366,38.253511519120366,41.66666666666667,66.66666666666666,12,1,32385.529353239683,26066.28476787796,17.533964853653934,19.84390496635403,35.02453374703641,16.532579765820373,17.580509097893547,0.7542791260236027,566.7976507076904,41.66666666666667,66.66666666666666,12,1,27773.705289036476,21550.343529837908,13.666717170346265,11.881827309092039,27.844382591902683,13.668337339233364,14.106974376370838,0.6239982014695201,-4718.643741178062,50.0,66.66666666666666,True,False
4549,桓達,電機機械,12,1,18721.755677094403,16613.919854146305,16.921966657832694,16.412888341112787,32.20341086766355,16.184951209790157,16.234750141129066,0.8171239414853194,3823.506406322706,41.66666666666667,50.0,12,1,19078.785556644092,16799.98324132108,17.134772027910934,16.574422960427963,32.70812799147951,16.366210471288305,16.429118253761963,0.8264938897143482,3651.2168472971825,41.66666666666667,50.0,12,1,18236.375119627413,16695.673097998966,16.69716533563276,17.00572384985976,26.25317806065691,16.264593598498756,16.138918059836403,0.8203386915980241,5374.112437552411,33.33333333333333,58.333333333333336,True,True
5460,同協,電子零組件業,12,1,3781.8858282025676,3145.320531558254,16.047516577668,13.689500410123639,28.481826551269805,16.186779304433564,16.004937063836053,0.28798727667869123,321.4506157946944,50.0,33.33333333333333,12,1,3992.043779056086,3338.649861894901,16.95888340087103,15.019405367760335,29.390513529365265,17.18171103613942,16.83246373608307,0.3058633500201743,433.2804635440577,41.66666666666667,25.0,12,1,3153.6163828545887,2475.2138042526917,13.135204885811195,8.640521135214648,25.781609646913672,12.73820559104556,13.143213095073373,0.22609244190329666,-685.0180139495806,58.333333333333336,41.66666666666667,True,False
6482,弘煜科,文化創意業,12,1,7618.427022409865,6707.450444342175,17.809314998865357,18.50524432877951,35.261405099253636,16.221717659030254,16.61533885746804,0.6219079711922373,2907.754949541528,33.33333333333333,75.0,12,1,7755.279923984138,6835.506394590421,17.981173270580918,16.972093950236555,37.327088485983225,16.531416178120782,16.844910547163675,0.6328155167558402,2586.8286708393953,33.33333333333333,66.66666666666666,12,1,9650.534255429602,8132.030165497624,20.758313515220163,16.38436682610165,41.92614599653891,19.667010354238553,18.33689103181386,0.7549183661710916,5796.0914578607,25.0,66.66666666666666,True,True
3508,位速,其他電子類,12,1,12622.395321471795,11195.523889528808,17.671502184447117,16.970276252406336,32.030894176590714,16.22692556476887,17.21342414212909,0.4537493149543868,-674.3018126141305,41.66666666666667,66.66666666666666,12,1,12194.662447183011,10697.961892681402,16.997715810013037,15.894946748793037,31.286784132277656,15.505753284992648,16.47429219880819,0.43371219794165405,-578.3354261805792,41.66666666666667,66.66666666666666,12,1,18229.80650123846,16689.93237420698,24.966221801985398,26.648241784926014,36.537009953044866,24.190586612082264,25.03776980297509,0.6747272530222316,-1537.9992905161253,50.0,41.66666666666667,False,True
6270,倍微,電子通路業,12,1,48710.60775046058,37508.77219510935,14.964892815516842,13.399151961040614,27.67152690763569,16.250237968477297,15.249353221214292,0.5868070570440923,-4269.147071416846,50.0,66.66666666666666,12,1,49362.20770460608,37516.122836989736,14.925068277661271,13.725067307815653,28.321948646266094,16.25342254831787,15.246600768600324,0.5867007218567999,-4673.29413331813,50.0,66.66666666666666,12,1,46478.40134867684,37442.61641818597,15.323313656216975,14.966629458986164,25.766201812396545,16.22157674991215,15.203440850049269,0.5877640737297248,-631.823514305334,50.0,66.66666666666666,True,False
6531,愛普*,半導體業,12,1,97802.35187125053,76444.61818985504,14.627386768060987,13.522194131398898,25.066703989861743,16.25458985773062,15.076584373334597,0.5998558557210706,-31378.197416824547,66.66666666666666,75.0,12,1,99977.9243970415,78910.45198582478,15.119698862404999,15.72199638500721,24.6897235742961,16.778905603690326,15.522592758209186,0.6192629325025675,-30502.62418767724,66.66666666666666,83.33333333333334,12,1,97755.69030142276,69413.74457791606,13.378307437756524,13.078744353428856,27.748980153617648,14.759599502493604,14.102138399744913,0.543974619835414,-39258.35647915043,66.66666666666666,66.66666666666666,True,False
2364,倫飛,電腦及週邊設備業,12,1,25169.089761038416,20507.877602645764,17.172438076512307,20.826422748628666,35.91344443352279,16.31383526384116,16.353761699132864,1.209581371875206,2574.0766575015236,50.0,58.333333333333336,12,1,25846.66195400676,21058.398640768824,17.70392912021809,20.30946204749521,36.97608532275894,16.751769880929952,16.732956021916703,1.2412691338720023,2961.8610269672063,58.333333333333336,50.0,12,1,23554.831969211,18352.09794277541,14.776383838052872,13.274165496131774,32.75195601852796,14.598931609855667,14.90311352243924,1.0869947032173641,-915.9826676896688,41.66666666666667,75.0,True,False
3518,柏騰,電子工業,12,1,4883.844961444047,4350.753796323922,16.9896148806301,14.873285556228522,28.00761613015514,16.315581667178257,16.601003874191598,0.3047243611450628,335.3188757185483,50.0,41.66666666666667,12,1,5106.923256564874,4465.267875898142,17.40507164074962,15.666776026718713,27.955471383337144,16.745016175495774,16.97281726566091,0.3125939575446553,373.8921658282149,50.0,41.66666666666667,12,1,3838.988267149969,3320.1270801559363,13.250504039554315,10.310882882944744,28.94079662404102,12.450671092320578,13.44202152383129,0.2338979935487294,-11.840735268459715,50.0,58.333333333333336,True,False
5465,富驊,電腦及週邊設備業,12,1,87975.41682256684,74202.40578940649,17.606309211600056,15.794370706766593,27.1116762216857,16.324375008325596,16.680881285830214,0.6582845896907664,9603.434879728627,50.0,58.333333333333336,12,1,89366.2979907431,75518.48300990253,17.909654069787983,15.936311470052747,28.667414355175385,16.613909260736044,16.980803682152654,0.6701896149141273,9017.479741382756,50.0,58.333333333333336,12,1,82911.93457575886,62365.22309912497,14.877659682041996,11.863345250012786,33.26238265296711,13.720219425733921,14.029824753846157,0.5512074695171186,14877.031124841355,41.66666666666667,58.333333333333336,True,False
6214,精誠,電子工業,12,1,716245.7020018088,598241.7274942783,16.011459522479544,13.324185638060424,27.394743294376322,16.327017767064294,15.945943845000812,1.528215269560208,-91364.44752148497,58.333333333333336,75.0,12,1,754598.6387857425,637989.419473316,17.117826372830176,15.245821183531511,27.30465054174867,17.41179879004594,17.012766804181283,1.6281342089549844,-96679.64011574734,58.333333333333336,58.333333333333336,12,1,574460.976406939,376796.7179648964,9.321864590225289,6.9592066706153535,19.255227329209866,10.28341291830603,9.623931000201987,0.969221761772287,-43527.71417312518,41.66666666666667,83.33333333333334,True,False
3276,宇環,電子零組件業,12,1,7966.008962035982,6872.525148414818,16.93660313571543,20.67145525612937,27.748786654162583,16.327616632246446,16.68978285816288,0.13353579033206056,-42.831597934281184,58.333333333333336,50.0,12,1,8113.526772184003,7040.388386492326,17.287250550686238,20.708413353580458,28.828006492601453,16.726422971806983,17.110633725997296,0.1367094602861912,-17.255788069391503,50.0,50.0,12,1,8240.068540228933,7207.418304934004,17.63097668482097,15.948071909566089,28.68276263677872,17.12324952617181,17.05845834884678,0.1406479277475204,-273.0138867182959,66.66666666666666,66.66666666666666,True,True
3581,博磊,半導體業,12,1,29575.241526346465,21377.76593371639,15.671910147101755,12.371267236588327,34.38216405338853,16.333254035803506,16.299434481352606,1.1123770355052838,-9250.265624246224,66.66666666666666,50.0,12,1,29438.35456461064,21198.188591054306,15.583142061965805,12.372991852146578,34.51416861737652,16.19605156264197,16.206408912742802,1.1030733316906463,-8794.325663613103,58.333333333333336,50.0,12,1,33016.238423127805,25057.11623810163,17.809533759398995,17.549160336794323,33.19412297749653,19.144387967878878,18.7993849158375,1.3035792981567351,-13353.725269944334,66.66666666666666,58.333333333333336,False,True
2031,新光鋼,鋼鐵工業,12,1,341785.2943484046,228804.57465098918,16.175921474589362,12.109336620793938,43.06969516071653,16.34503828715252,15.913967633657734,0.8627243110357901,43404.413081448874,33.33333333333333,66.66666666666666,12,1,348484.24655916065,230852.10165596832,16.283908804128085,10.447467096733911,43.89078817725989,16.491306810591844,16.028709934721466,0.8712365504935843,40988.28594490036,33.33333333333333,75.0,12,1,313312.18908555043,232532.1416839205,16.503594290952154,12.831969801106267,37.226784288974756,16.611323285886158,15.905511637980249,0.8694652421485828,65149.55731038514,33.33333333333333,58.333333333333336,True,True
2241,艾姆勒,汽車工業,12,1,12131.906937888985,10668.486532297304,16.56038174138961,15.592559815147927,26.174469982436417,16.350505040660813,17.227907319695476,0.475091760839327,-6207.362266508149,66.66666666666666,25.0,12,1,12304.202364523586,10797.047333662495,16.82621783874982,16.33886623068863,26.309812448557796,16.547537114928264,17.574897415941273,0.4807773555305881,-6503.626892066789,66.66666666666666,25.0,12,1,12719.553330842757,10518.644167442935,15.943673342612485,13.95908116029081,25.804247734078935,16.120856876936852,16.230895934070517,0.4671201894476013,-3540.980636480421,50.0,58.333333333333336,True,False
2916,滿心,居家生活類,12,1,40748.70438115235,26716.35068372054,16.195782468308277,7.442020163870739,24.45508031922532,16.371433104830828,14.536907241787459,1.1006034912350453,1813.3709507279866,66.66666666666666,83.33333333333334,12,1,43386.91983308077,27941.27040290303,16.882559652246243,7.53353758013834,28.147596554756532,17.122048017727742,15.149759725235793,1.1515799807025175,1578.1420358836742,66.66666666666666,83.33333333333334,12,1,26548.55694046781,21980.220202158907,13.42918476083861,12.334966073820949,22.60205254578725,13.469193788071024,12.882167834791987,0.908066377465591,3930.4311843267533,41.66666666666667,91.66666666666666,True,False
6204,永豐臺灣加權,ETF,12,1,6526.42858908948,5289.594862368523,17.359429219075114,15.480376065965073,33.58487003018755,16.3845285856607,17.71321879349725,0.47046135267893646,-1119.6582314838904,66.66666666666666,66.66666666666666,12,1,6638.826709852301,5377.3743280480785,17.635690574061755,15.031215262064412,34.32786460630702,16.656425621649714,18.026105297057914,0.47843687558871467,-1270.1230544894677,66.66666666666666,66.66666666666666,12,1,6668.581251943828,5577.085780357435,18.7151102670557,15.269199581794204,39.86961544803556,17.27503216608009,19.373171877930528,0.4950789376331133,234.5251755663021,41.66666666666667,66.66666666666666,True,True
1256,鮮活果汁-KY,食品工業,12,1,70067.04510462041,56183.36140014856,16.621328904805576,14.523834584956466,29.236727531468333,16.38496474395243,17.181328864478747,0.6539244690999798,-19808.094616166414,58.333333333333336,75.0,12,1,73503.34506876185,58610.666148766235,17.578594287086066,17.197687266393576,34.11790710212797,17.092848746222607,18.058773001052057,0.6818585655551673,-19822.56973394797,58.333333333333336,75.0,12,1,60160.14817383365,48958.75403557794,14.389340494365543,13.037974871777255,24.704113521298375,14.278025358209742,15.026019049507516,0.5714932878718367,-19677.81855613258,58.333333333333336,75.0,True,False
2547,日勝生,建材營造,12,1,125416.03386796145,84229.77206961352,15.552369927901314,6.461928947449278,31.226530230970372,16.41465124513126,15.508789985423219,0.5415626840425266,-20288.372926790573,41.66666666666667,83.33333333333334,12,1,137511.84940512828,89931.47404674914,16.351773838961055,6.0668008108657965,35.12380074830935,17.525795762784778,16.5003560590087,0.5785703517882279,-28356.76166953052,58.333333333333336,75.0,12,1,76101.2988707239,69039.96710609696,14.537084704455081,14.889424309002106,25.29861367289025,13.454470482067817,13.450421512739426,0.44302376161676627,52327.125757868904,16.666666666666664,83.33333333333334,True,False
3354,律勝,電子零組件業,12,1,1619.6883916499692,1351.8000843560592,15.9282230405778,14.850142098852531,27.724614920238462,16.442089431549793,16.369225872303065,0.21123306298914044,-90.75794475384971,33.33333333333333,58.333333333333336,12,1,1608.1254102703792,1347.0473499748061,15.877448375478325,15.930691205139885,27.168237612502722,16.38428141345207,16.319102642380415,0.21055369044420436,-101.16582368848897,41.66666666666667,58.333333333333336,12,1,1813.3156610962396,1417.4098092881623,16.713427245832335,10.613890444111451,32.73201068986021,17.240107553753788,17.244392438979652,0.221045333311266,2.9129656579016228,33.33333333333333,66.66666666666666,False,True
1314,中石化,塑膠工業,12,1,306884.41966285877,264289.5079304411,19.41373923484663,15.214763111185428,33.16326617112685,16.476093936193557,17.796956879042302,0.28306590518159996,91457.03003058648,41.66666666666667,58.333333333333336,12,1,307115.3673519287,261104.66460047747,19.264875073487456,15.579061824927154,32.27828277459363,16.277547356393836,17.615416585894163,0.27965021398667417,89433.06881943055,41.66666666666667,58.333333333333336,12,1,331667.5792901477,292953.0979001133,20.7535166870791,14.742320282686261,41.742115664023935,18.263013154391015,19.38695094170407,0.31380712593593213,109672.68093098904,41.66666666666667,50.0,False,True
6569,醫揚,生技醫療業,12,1,20915.383385678833,18098.00644772538,17.501876295659613,16.45910112642907,35.01383591469997,16.53683295218064,16.51832693638401,0.6565185222844632,2470.6493264147225,58.333333333333336,75.0,12,1,21167.438816669834,18547.625494918542,17.937716062061117,16.67766892543321,37.78181767404783,16.947666880051543,16.921716171019156,0.6724960986073499,2502.147404061241,58.333333333333336,75.0,12,1,21568.164209534272,16720.956122257925,16.208127006894287,9.73525566332116,30.20801723980469,15.278569990192176,15.163762422693033,0.6107140902127356,2187.166627596016,58.333333333333336,75.0,True,False
1723,中碳,化學生技醫療,12,1,92075.10153499468,80776.31424716463,17.191179623409745,15.9029735715598,28.857579623653628,16.546612292295436,16.74446137938862,0.40259804678328837,13396.687842970912,41.66666666666667,58.333333333333336,12,1,93489.71249779695,82309.93348022741,17.51852743995114,16.262149796399765,27.227256064244404,16.86076630006372,17.135367829443382,0.4101318683268822,11714.31618529141,41.66666666666667,58.333333333333336,12,1,96001.313254715,68762.67412713695,14.591738048356204,12.10180521598849,33.00388529432568,14.085679936840245,13.371715559352761,0.34372431462191955,28538.032762086354,58.333333333333336,66.66666666666666,True,False
1459,聯發,紡織纖維,12,1,21435.05526419052,16467.481634380903,17.028415868337078,10.165096399595312,33.508277991195,16.54856962554608,16.06524952163529,0.25788643240136316,3338.3692126241694,58.333333333333336,50.0,12,1,22375.19107806859,17182.405525750382,17.72262616361761,10.644483242315934,35.26268170057031,17.267013893830153,16.734826733651964,0.2686846738191197,3382.822683013959,58.333333333333336,50.0,12,1,14659.670230655789,10794.419174361161,11.512820729239222,8.280020855287061,18.080126742144216,10.847572278525938,10.713542062415678,0.17332424121338044,2938.2879791160426,50.0,83.33333333333334,True,False
8011,台通,電子工業,12,1,31939.664455206836,28632.160859507305,17.977608478519965,17.429735445909873,25.47407729661878,16.554951357676646,17.615994597218034,0.6125011102359521,-4758.1484867293575,58.333333333333336,83.33333333333334,12,1,31932.91503354929,28214.971131192637,17.63006625924219,18.11091990948157,25.513630899756794,16.313734647102095,17.442214295452587,0.6035424564981582,-6280.027009231985,66.66666666666666,75.0,12,1,40748.77803623256,36917.60884006801,23.653489228677397,21.573882013943795,51.97904954941291,21.34554990760051,21.72592627348696,0.7888037672731696,8938.758215794185,41.66666666666667,75.0,False,True
6667,信紘科,其他電子類,12,1,113203.41313041266,87453.55334867018,16.032498790877927,17.59810651653429,36.32745366552312,16.557515308989938,16.623203044649916,1.3242833001419398,-15967.8593465702,50.0,66.66666666666666,12,1,113907.84243142893,87809.8106713763,16.11629978915281,17.369461549142805,36.95834564301641,16.624965239253246,16.664598276677264,1.3304366791182523,-15920.49808679815,58.333333333333336,75.0,12,1,113923.10381360681,95434.99483308941,17.614350536370214,18.345856306581705,30.64942586808355,18.068635606631776,18.518821549300355,1.4609276248182876,-16394.110684518582,50.0,66.66666666666666,True,True
1528,恩德,電機機械,12,1,46975.954007854554,38689.05354583717,17.395908154405912,17.414302854717345,25.361759680652796,16.56119092208673,16.467101008555687,0.7601756012512441,3016.2329397621966,58.333333333333336,58.333333333333336,12,1,48549.94830566011,40838.83169712018,18.440853685984383,17.992933276989177,24.9792488023983,17.481422438253126,17.478444295371208,0.8027952244519382,1592.2669109177102,58.333333333333336,58.333333333333336,12,1,50177.43683471973,43694.17857312761,19.35612049578794,20.738900943854084,30.570686167332816,18.70367887588653,17.926984768496222,0.8554610183359016,15831.927199362433,50.0,75.0,True,True
6142,友勁,電子工業,12,1,27428.724518803472,24901.97964892972,16.807232341458803,15.78825563266147,26.84763167731009,16.565703503420792,16.466995186340196,0.2138967838847804,760.0445770037937,50.0,50.0,12,1,28962.64523871019,26355.836849931486,17.8379836891046,17.97123963195876,26.53845845876367,17.532862246125156,17.49619701164539,0.22659738255300146,978.9693210091924,50.0,50.0,12,1,27852.587725313555,22216.6974882459,14.801575216052507,9.615581947045875,31.564938269061336,14.779356043337424,15.130796085127171,0.18844639630955015,-1210.278119044838,58.333333333333336,58.333333333333336,True,False
6807,峰源-KY,居家生活,12,1,66833.87627350552,58922.90670786868,17.632852797616984,15.343063002552931,29.239191231619095,16.584741882298427,16.39309289521357,0.7076828000668933,23406.574973985484,33.33333333333333,58.333333333333336,12,1,68519.0589095465,59920.28700746879,17.901286612812832,15.075877303104528,30.581293248455623,16.86546962896861,16.61536643306598,0.719727659629796,23806.766778605506,33.33333333333333,66.66666666666666,12,1,58074.578279270645,49946.48401146758,15.216948460854338,9.68004976355844,27.730631292381936,14.058192162266767,14.489752802081227,0.599279064000768,19804.84873240534,33.33333333333333,66.66666666666666,True,False
8936,國統,其他,12,1,102208.20824793848,87229.39672752305,16.607313563346445,18.94058374141852,27.64038738386681,16.589341243319737,16.71019913388154,0.8968799702105511,-1267.6813931422803,41.66666666666667,75.0,12,1,104643.43543307521,91472.53650235536,17.599512798346893,19.304099176053256,26.664064612243283,17.396304220349997,17.621009772355748,0.9409671265950471,1306.5990229743427,41.66666666666667,75.0,12,1,109738.02146236607,80674.08211213161,14.105240395496663,12.74748461818969,25.165579915975293,15.342647408536658,14.871850889051563,0.8236123162851855,-24436.205138192105,66.66666666666666,75.0,True,False
3230,錦明,光電業,12,1,6714.222614904473,5582.9552190585555,16.18245613375289,19.99212474835091,22.195391627004916,16.596961962811037,16.816462391603583,0.2361689560014015,-979.9345334885284,41.66666666666667,58.333333333333336,12,1,6663.665366904637,5423.034469557473,15.727351996062644,19.130102700131005,23.60924918440527,16.12155091393265,16.36714637633708,0.22974967998675722,-1169.6962783751003,50.0,58.333333333333336,12,1,9060.298074807604,7238.2709081562825,20.86539664340693,18.14671896384495,45.361117477823846,21.517870415491068,20.486042457111882,0.3027782070685953,727.9211704906093,41.66666666666667,50.0,False,True
3563,牧德,電子工業,12,1,50714.63543612771,44152.09563299473,16.556730504807675,16.171486284142205,25.616034039577016,16.597019118743773,16.99435605772265,0.767624144283969,-18047.979845984843,66.66666666666666,50.0,12,1,55206.84079918176,48370.8462040005,18.14639526105838,17.61461534385002,26.795357711727082,18.18287099916662,18.6882863288798,0.8409291128408242,-19932.58383187776,66.66666666666666,50.0,12,1,23663.72126656688,19152.317608394485,7.581960684654902,8.10038375261048,14.535554753850239,7.1994630596250095,7.6241773355521385,0.33076188801772116,-1086.543972948634,50.0,66.66666666666666,True,False
2440,太空梭,電子零組件業,12,1,67063.39658929195,48553.02766379939,18.169683659982446,10.355182279512835,40.472535258268174,16.61754818790157,16.354602578230075,0.603786162221326,18433.729659361958,58.333333333333336,41.66666666666667,12,1,70897.50948464336,51801.01718683934,19.382018380408752,11.819109278637937,40.592943543102265,17.72919096302675,17.385063455395777,0.6439948250829831,17838.639693786623,58.333333333333336,41.66666666666667,12,1,46544.36519600443,36450.35182232167,12.745251957754691,12.262126869618134,21.140864170486545,12.475338964803855,11.958740467248465,0.45245828322072956,23789.53934953982,25.0,58.333333333333336,True,False
5515,建國,建材營造,12,1,125799.84698290973,98454.24804515735,17.994475235554123,12.082673440436405,29.86491801220412,16.650452082997923,16.048104060512202,0.8694206015306474,42053.40094721044,41.66666666666667,50.0,12,1,127446.17110998307,98096.48160971566,18.08548685812638,12.442024324802276,28.285919059132226,16.58994709709326,16.011027075313166,0.8662764923882541,41869.94591069327,41.66666666666667,50.0,12,1,126800.67910279725,101674.14596413245,17.17537063240375,13.959625469917142,33.475431650685266,17.194996956139907,16.02935602126382,0.8977175838121841,43704.49627586466,41.66666666666667,33.33333333333333,False,True
6136,富爾特,電子工業,12,1,11971.5887053721,8843.767547060508,14.8373934190438,11.311257253795466,32.35621340764735,16.66879396936028,16.213521714229344,0.9244944089899249,-4108.667757023258,41.66666666666667,83.33333333333334,12,1,12058.061894758235,8927.368784184562,15.023081410819755,11.268934765131418,32.626376906476644,16.826366156755423,16.363022010551976,0.9332473564925102,-3873.0430566038613,41.66666666666667,75.0,12,1,11977.860963882178,9120.427162229595,15.467675968738758,13.574805534630082,29.80397054573164,17.19024391706145,17.189387773840714,0.9542013714333942,-6229.29006079784,58.333333333333336,66.66666666666666,True,True
1470,大統新創,紡織纖維,12,1,14687.550112750552,11225.92643591895,15.859090130358497,10.592694771078744,32.174919366334215,16.761138920709982,15.787545486719768,0.555181742013707,1101.7391851613131,33.33333333333333,75.0,12,1,15132.25028922825,11607.92798967436,16.410598519390458,11.223610172619066,33.64647795552445,17.331495509715843,16.325185892593638,0.5738161799951647,1417.8227874198117,33.33333333333333,75.0,12,1,12558.979579505902,10437.661632744384,15.028500283137236,14.294019514749074,25.97483174597579,15.584201235634776,15.02228823598182,0.5192614849364944,-1743.0132351651853,58.333333333333336,75.0,True,False
6768,志強-KY,運動休閒,12,1,320799.61836170405,284924.62810013973,17.27604463057883,15.65163953988376,29.020516095335587,16.78168616631191,17.158308777979535,0.6427407265426691,26174.229221552843,41.66666666666667,58.333333333333336,12,1,328985.8340347455,296048.31107555906,17.792241929494566,16.943864953254785,28.92761741333554,17.436856475567957,17.651995399957855,0.667449449217516,20872.565447767924,41.66666666666667,58.333333333333336,12,1,390766.18898260756,325567.2003435281,18.76154474764268,17.06012593730934,31.64383581581679,19.175480261712078,18.95518089524528,0.7341436067688832,73889.20318561676,33.33333333333333,58.333333333333336,True,True
4735,豪展,生技醫療業,12,1,15536.199083024854,13100.00869231952,17.15481831705484,16.22135402054986,31.483952729544797,16.784571903780716,16.94524768326936,0.15485246278000728,-720.1617555964755,50.0,58.333333333333336,12,1,15978.107108386608,13475.028615894385,17.813686678236255,16.57393343720623,31.20615178481031,17.265071498890386,17.43111161367887,0.15899223159338582,-434.86989113718056,50.0,66.66666666666666,12,1,14279.594060638501,10253.553594875728,12.22709575676582,10.584027816642655,22.673165055401505,13.137510945573899,12.835439096377218,0.12354058880596909,-3287.788535730148,58.333333333333336,58.333333333333336,True,False
5222,全訊,電子工業,12,1,18151.550220077315,13350.842735435188,20.010398883558512,9.93897324898764,51.599049897635055,16.787635442646103,18.11132725204584,0.7323992142727341,4269.620874132007,41.66666666666667,75.0,12,1,17978.0229921552,13347.595704740279,19.829710294136063,10.437931342186427,49.34746982850138,16.783552556744635,18.194971979820806,0.7315826231551066,3687.5543026300566,33.33333333333333,83.33333333333334,12,1,23726.003383297757,18308.975879220277,27.628337712883965,12.460697275126726,74.10983881813091,23.02209819105715,22.8741288456807,1.0123016686154331,9508.220017649532,33.33333333333333,75.0,False,True
9931,欣高,油電燃氣業,12,1,30825.318002311295,21938.595851411974,16.888053184025058,9.503711966773858,42.62941993288663,16.78842477388213,15.755244035380564,0.9619598348951587,4722.874472180505,58.333333333333336,58.333333333333336,12,1,27609.965900345607,19889.661589990745,15.236062719147164,9.180270432726564,39.332280313426295,15.220485834331166,14.373482694344858,0.8702752129200008,4251.742555255118,58.333333333333336,58.333333333333336,12,1,66867.14302165127,45028.35859029784,34.669174369368534,23.380327768782504,72.30367650802971,34.457775511460135,30.020851824727146,1.9988333592743357,8963.061724508976,58.333333333333336,50.0,False,True
2630,亞航,航運業,12,1,91047.29452038443,76333.58556581217,17.773766264223898,19.1975133953735,30.398086872365475,16.794732683005527,17.25685873814028,1.2134286511205268,-237.79307218849135,50.0,75.0,12,1,95342.220225273,80129.98667494673,18.541174961500538,19.283646472969792,31.85997950384889,17.63000776294278,18.150195560882846,1.2737006941695765,-1873.1271361112351,50.0,75.0,12,1,74339.56161015251,62847.38951298617,15.121696712107532,11.37615232231982,33.001785750976595,13.827532125885897,14.178632120110098,0.9984537977548888,14480.213503116058,50.0,75.0,True,False
1324,地球,塑膠工業,12,1,12075.944932629158,10300.1651598017,17.578732515666662,14.972768185511566,29.841353050344953,16.839988871292014,16.61829329116423,0.875147945547798,2109.071409779717,41.66666666666667,66.66666666666666,12,1,12680.703868340424,10774.729632884615,18.41276983878915,15.532544388763137,31.748820614362955,17.615865793791837,17.34026098898779,0.9155652498044388,2281.5003224164298,41.66666666666667,58.333333333333336,12,1,7248.953531363788,6331.152542242321,10.559613281211089,11.118196425330376,15.568068642810672,10.350954251675844,10.341984916013107,0.5374418884746106,557.2111960492948,58.333333333333336,91.66666666666666,True,False
5439,高技,電子零組件業,12,1,157574.6673268677,135394.3194267193,16.751213015857218,19.545885637702938,28.938275087235,16.847793924010766,18.688513345639823,1.8997139666065486,-110511.22636802169,83.33333333333334,41.66666666666667,12,1,163016.56249411457,141990.30420476262,17.47770809193413,20.614054632949223,29.265491304564694,17.668565376882043,19.55694974945674,1.9772758721867179,-118730.17115784547,83.33333333333334,41.66666666666667,12,1,140172.98139091485,127729.48511393252,16.325615096179767,14.986856216975442,25.99332913126775,15.894020165183232,17.151213329937764,1.7477360571286373,-36540.72325960809,58.333333333333336,50.0,True,False
6666,羅麗芬-KY,生技醫療業,12,1,18043.93815339379,15626.917400260902,17.242017873883434,17.958668264563066,25.571334359802865,16.850048369711267,17.092511828669853,0.6669328936017185,-1258.8395197408547,50.0,83.33333333333334,12,1,19361.443971088855,16852.58120649157,18.576041916067464,20.971402224852078,27.763604984388135,18.17164583458597,18.453074301746888,0.7186668519531386,-1666.0950668942417,58.333333333333336,83.33333333333334,12,1,13164.672567946665,9958.017626136041,12.679858683984662,6.2208659632565615,30.120573048706184,10.737439404653681,12.177519488934738,0.41857506634212926,2406.4604046396157,50.0,91.66666666666666,True,False
2008,高興昌,鋼鐵工業,12,1,30064.426747231657,25575.73632675446,17.49584794776974,14.53773894786191,35.53579061219174,16.877060337248484,17.176276831795807,0.5584769217184272,3621.26362027967,33.33333333333333,33.33333333333333,12,1,30769.78043857388,25907.23409458832,17.686790579487962,14.03738083847917,36.42770823153223,17.095810943601215,17.340204799124557,0.5656154178878154,3851.672588472091,33.33333333333333,41.66666666666667,12,1,28815.886155314776,22592.256416249857,15.777364262305769,11.26834571431568,29.411493254054704,14.908304880073944,15.349654843989855,0.4942304561939354,1547.5829065478756,33.33333333333333,33.33333333333333,True,False
8068,全達,電子通路業,12,1,14867.418147720846,11786.547870846522,16.79307738353921,12.741335243132056,27.998388387298622,16.91966361902599,16.37216273472339,0.21698118897524668,-1245.544710943841,66.66666666666666,58.333333333333336,12,1,14933.614653631994,11856.91483669846,16.95706807532564,13.818451106950125,28.85056864677521,17.020675841192514,16.36956165603059,0.21821343958453532,-823.8547814493583,66.66666666666666,66.66666666666666,12,1,18253.530690607822,13508.469859412455,18.997601187747186,14.192498105548696,40.95343461310338,19.391493466406693,20.62741834061291,0.248690411761196,-5040.754076394206,41.66666666666667,75.0,True,True
3029,零壹,電子工業,12,1,423792.4084436291,351258.34538385813,17.177653443754494,12.568200715780462,34.07179018621486,16.932910688575813,16.228027467107335,1.4167184181527388,80403.20317000384,41.66666666666667,50.0,12,1,431308.96358425065,361651.5507171596,17.70014206730751,13.063759938474357,35.620250965011806,17.433930009510384,16.68082928434067,1.4546533307648426,83441.29231599918,41.66666666666667,50.0,12,1,398274.8490452499,305733.4669661151,14.463826928269919,11.494269205628457,30.678156345062195,14.738318843324407,14.118747801955521,1.2553811898986929,53060.4008560456,33.33333333333333,66.66666666666666,True,False
6125,廣運,電機機械,12,1,61668.72227214798,47146.49898206463,17.52345226356343,17.001829258629332,31.86519148833755,16.959609503865376,19.2292818224,0.42610489263624857,-14336.24816030816,41.66666666666667,50.0,12,1,62349.02039485574,46874.383508244005,17.30585513840992,15.663777912361422,35.42574917264768,16.861723716466553,19.083544429025036,0.4237601282593324,-15623.816978178109,41.66666666666667,50.0,12,1,74391.19499988819,50205.513511552206,19.655532303903588,10.995222992859615,53.82427505950792,18.060002809983306,21.30263914707786,0.45274868346373237,-2748.1287994786567,33.33333333333333,58.333333333333336,False,True
2451,創見,電子工業,12,1,386718.9540532043,242456.3511049361,13.523144833055637,13.491933552964724,22.69469805585991,16.989192713671475,15.145633210056989,1.1693095345864506,-228792.27182997987,83.33333333333334,33.33333333333333,12,1,388119.30590154947,245212.81980663573,13.735176572841548,13.67151129239986,23.49510156986139,17.182341615603562,15.386565110292905,1.1836536006634626,-228207.39797490486,83.33333333333334,33.33333333333333,12,1,381171.9385693417,239596.57973215738,13.361107514783532,13.525466855488567,18.097676660787958,16.788805275900664,14.884896821742197,1.1542717649464584,-234056.1365256553,83.33333333333334,41.66666666666667,True,False
6703,軒郁,生技醫療業,12,1,58491.54673445072,46790.20865009946,16.169075714661187,16.5661865864678,26.422340526910858,17.082906363016335,16.43616987690463,0.9782044738678924,-9332.072865708084,50.0,83.33333333333334,12,1,62300.367995187546,49160.8390881372,16.86360267743777,18.138833943462007,27.132526717452293,17.94841346295591,17.189849704015035,1.0281096574397905,-10143.107968140439,50.0,83.33333333333334,12,1,37348.945045411616,33205.19510111124,12.760161868401513,11.504725874667484,22.334042509775223,12.123075640030647,12.60308394668044,0.6930501446022351,-2032.7569438169692,50.0,75.0,True,False
3390,旭軟,電子零組件業,12,1,13983.773364323863,11287.429424857504,16.909736001797228,14.573303087567236,27.02717925270096,17.096553290370593,17.568784290800888,0.6101322940771986,-884.7817571355348,41.66666666666667,25.0,12,1,13961.791886637053,11281.162790651926,16.853634093721247,13.997674049147069,26.245644341848344,17.08706150604891,17.613037907508232,0.6098116203202263,-1150.9083467044318,41.66666666666667,25.0,12,1,15438.30342094483,12531.357696479672,19.142646078999075,16.830570833235775,34.06099345037443,18.980674571195827,19.07897369452653,0.6791808180092623,1510.3575489845364,50.0,25.0,False,True
6276,安鈦克,電腦及週邊設備業,12,1,25181.93706325601,20530.196766680103,16.86770578505578,14.04473768368919,27.57357327231294,17.12025559222002,16.187631860032276,0.6802998534879426,4669.209837589723,41.66666666666667,58.333333333333336,12,1,25923.007369434603,21108.07743088822,17.36786735540001,15.61585164680975,27.808440716277932,17.60215378274792,16.615045291214972,0.6995489209560358,4945.246028148015,41.66666666666667,58.333333333333336,12,1,23936.083631624162,17570.255632570395,14.200961598527131,10.574984032827919,27.45711949773807,14.651942729474948,13.521651548161307,0.5838899911872295,2184.884122565059,50.0,58.333333333333336,True,False
3013,晟銘電,電腦及週邊設備業,12,1,179593.30010690968,150439.46839597585,18.72500223280309,14.762185717215342,43.38921225702391,17.142812844541677,18.121971430604688,1.0169542583560423,10045.039673902347,41.66666666666667,75.0,12,1,182637.75312100857,154559.09520127976,19.135250092887055,14.877836741585067,43.21235577687802,17.61225076575791,18.605513912677775,1.0448291009733566,11295.870101567029,41.66666666666667,66.66666666666666,12,1,188960.03793545743,158027.5687761604,19.927663828535824,13.202211871305058,46.25955556280404,18.007488757385957,18.9114735240696,1.0748228215518734,-1212.4341750799406,66.66666666666666,75.0,True,True
4987,科誠,電腦及週邊設備業,12,1,23187.806243195922,19185.945890216764,19.29151327600944,12.597389384043023,32.49567221033779,17.14952548634118,18.148745387862046,1.1170305293962262,1357.4177796011074,58.333333333333336,66.66666666666666,12,1,24206.644898566312,19841.47507926281,19.999153534674473,12.59218865658137,33.798284923936414,17.735475983591268,18.778101683420292,1.1550583368373395,1528.7985344577282,58.333333333333336,66.66666666666666,12,1,15743.875157782924,13464.149599077617,13.083939266254738,8.6976903038065,26.603091121109834,12.035047842964767,12.718406116348547,0.7850043370770775,-185.0090141085178,50.0,58.333333333333336,True,False
3490,單井,光電業,12,1,4419.946775032572,3644.224396763903,20.36019012070797,13.897153354906038,31.336419311827125,17.156019129527987,18.91587920224556,0.3142173208592171,400.8977166582058,41.66666666666667,75.0,12,1,4550.14770477852,3808.693424113227,21.112892495026244,15.788426933273794,32.4722537739144,17.930294660399657,19.69896305972343,0.3284607062403806,435.71905108943037,41.66666666666667,75.0,12,1,3778.117688870826,3112.6673086503592,18.032122702359832,13.085879445727699,22.294429692578557,14.653592665282192,16.224751881167425,0.26872972065137757,87.5057067771783,41.66666666666667,66.66666666666666,True,False
8048,德勝,通信網路業,12,1,16156.595011328647,14459.891402178704,17.319029201259397,18.16673456817976,30.118896488818002,17.169002635543272,17.59556521582828,0.3924695032302787,-2599.9902985207095,50.0,58.333333333333336,12,1,16354.358518999888,14675.249382698079,17.52948052605078,18.11818888861699,29.6619026416591,17.424708687012327,17.86321162554684,0.39800462342568266,-2823.173971269121,50.0,58.333333333333336,12,1,15964.624905080123,13851.011862391855,17.04688780727587,13.76845983690968,34.23184111324814,16.446047384181313,16.972836465705697,0.37753359911325485,-591.3372437850243,58.333333333333336,58.333333333333336,True,False
6418,詠昇,電子零組件業,12,1,14773.862616678407,11216.987544039008,16.20916415792947,11.70553155817314,29.068744916040206,17.205024148780613,16.17953390557866,0.8888815235269331,-1637.600917474135,50.0,50.0,12,1,15672.790412471546,11938.124459963046,17.269979160407786,13.036301825456292,32.31859626144825,18.31113022265637,17.283190821688713,0.945676081179847,-1788.1800397499817,50.0,41.66666666666667,12,1,10480.874810740468,8608.13332653109,12.858220166826683,14.810120596319546,23.74276351369926,13.203468505017316,12.746432974225272,0.6831092731277518,-282.38881699151653,41.66666666666667,83.33333333333334,True,False
2070,精湛,電機機械,12,1,13522.076443004376,9993.491565668546,16.64380777961454,14.295357960760596,30.326545299586183,17.25470119682056,17.281137721081098,0.6797249173442678,-3346.12792212491,66.66666666666666,66.66666666666666,12,1,14472.619318285871,10729.31679031744,17.83597196099007,15.252318275083333,32.89202242665757,18.525172513173807,18.631415195389476,0.7298261770507564,-3614.6299425244083,66.66666666666666,58.333333333333336,12,1,7180.495726991865,6003.944863205897,10.320680879307758,7.495765935345847,16.480485028432142,10.366374348350494,10.317934220625974,0.40794372890943403,-929.6097385294519,41.66666666666667,75.0,True,False
8499,鼎炫-KY,其他電子業,12,1,71642.83233784033,42020.22921402637,13.92739132908928,10.056749659418925,26.040069675417026,17.281329369508285,15.985939499018286,1.0302827334168516,-25028.617988121518,41.66666666666667,50.0,12,1,70694.97909410563,41756.89338195549,14.03316454480078,10.613040988489635,24.355148070941855,17.17302931179962,16.020323943283216,1.0239835372198767,-23531.08640117146,41.66666666666667,50.0,12,1,87321.74021604723,56497.371841990935,19.499677317022424,17.220238168964958,41.2043641156936,23.235230020761584,22.45236841367739,1.3727868629308946,-38506.40227067201,66.66666666666666,66.66666666666666,False,True
4930,燦星網,電器電纜,12,1,114232.18426350199,87436.9319272623,19.257375552648046,12.739770762623214,27.23203702816136,17.388500879036858,17.126247705076224,0.48074420830816816,21621.15617187488,50.0,66.66666666666666,12,1,115100.95808469762,87138.72771290487,19.14520082413043,12.521167008616807,26.565956851137962,17.329197285816086,16.92467173698926,0.47891232677602047,21788.079005797965,50.0,66.66666666666666,12,1,138612.9645555742,110900.76890893052,23.833291112363753,19.844201247403355,46.8715527471319,22.05473219557855,22.656897577938608,0.6116863415947199,20118.85066656687,41.66666666666667,58.333333333333336,False,True
8455,大拓-KY,其他電子類,12,1,20397.78786899035,16850.6134681733,17.287992963842566,12.769058673236861,35.54420624849603,17.47673195438234,17.19103070508889,0.4638321790559756,-257.8764254680427,50.0,50.0,12,1,19685.908434973873,16254.823473414042,16.705787291460418,11.347669763842367,33.75201426660702,16.85880418224651,16.6453544018662,0.4472938461242238,-452.16635452494785,50.0,50.0,12,1,30134.421431026985,22535.78765103626,22.838503607783014,16.73665127487828,49.07821403613276,23.373150235861186,22.770004122520163,0.6214619530807007,1490.7329360440435,41.66666666666667,58.333333333333336,False,True
8088,品安,半導體業,12,1,35761.14885867248,24421.68507429253,15.194108823417215,16.287407554371043,33.4594232643789,17.48607939981434,16.837075388905852,0.8391021474158388,-15880.46875167787,58.333333333333336,66.66666666666666,12,1,35597.42539671048,24829.06690890661,15.560191756691873,16.76666840877077,32.84610616055908,17.777767343722942,17.162502745118484,0.8535486849934101,-15114.363035730776,58.333333333333336,66.66666666666666,12,1,39036.43867608736,24959.60714385411,15.43525436375274,14.471241504447763,31.304201742782922,17.871234969163957,17.557082804939583,0.8557816901036158,-22775.420195201732,83.33333333333334,66.66666666666666,True,True
2235,謚源,電機機械,12,1,9836.043588309187,8128.7528046636335,18.135226907673143,19.911343768330802,28.610448204844474,17.547574004156154,17.675823092367803,0.5775230586035738,489.2027918397228,50.0,75.0,12,1,10219.47522951121,8442.504701803971,18.763929214986604,21.606011538221917,30.326639298899792,18.224871587969478,18.294109132123886,0.5997361593313906,453.91271091791833,50.0,75.0,12,1,7861.470001106604,6539.049002460422,15.07523909654843,14.33186193035163,29.28266185211968,14.115873498040987,14.701568616706364,0.46576932354394535,806.8135201359564,41.66666666666667,75.0,True,False
2380,虹光,電腦及週邊設備業,12,1,52920.15405920969,42918.59803945402,18.27910448117648,14.829251336450671,40.60552143763472,17.5823714606725,17.59764353179465,0.5797568088089471,-7668.788381175463,66.66666666666666,58.333333333333336,12,1,54752.413395058094,44049.973110775434,18.81316275506352,14.900832828489818,42.140570360965626,18.045859497887314,18.013126337232887,0.5951219952279866,-7249.501678059106,66.66666666666666,58.333333333333336,12,1,45408.408683561,37566.66817188799,15.527383923981198,16.485771695099853,26.96503644907685,15.389857649375358,16.153523377705742,0.5073861005101715,-11442.368709222765,66.66666666666666,75.0,True,False
8467,波力-KY,運動休閒,12,1,39358.71114349242,35671.2744885097,18.995640031308003,19.314783058607,30.292914993303675,17.596283793947677,17.835003536756027,0.7559544915822024,14554.339867721159,25.0,66.66666666666666,12,1,40341.27164646457,36241.94849994909,19.237222395571074,20.89691616325147,32.29161308244653,17.877791589873294,18.116268773634836,0.7682153550270282,13410.747729418332,33.33333333333333,75.0,12,1,43293.47306298205,37418.71505540373,19.794450482672367,20.249789018653196,37.836982454550856,18.458278790454703,17.790879953736304,0.7914447094102347,24846.669112446525,25.0,58.333333333333336,True,True
3447,展達,通信網路業,12,1,62084.140362501355,53598.55304621201,18.727027021775044,16.84551525397458,35.41571383643549,17.597480596408293,17.657561175530446,0.28041960261434823,9744.576398622545,50.0,50.0,12,1,63805.61885413221,55210.04687447195,19.34519000120707,16.134953564662837,36.62796516780214,18.12656636015243,18.055576978661236,0.2889249110700141,12252.477604764732,50.0,50.0,12,1,58073.04001036093,49236.67368448707,17.000310271671946,16.204679543106227,29.483866010283744,16.165388066491513,17.57905840455835,0.2554602145513701,-12826.534456657255,58.333333333333336,58.333333333333336,True,False
8941,關中,居家生活類,12,1,55271.03967413263,43760.20861524751,18.123173710484476,13.284859466431664,32.4106179609,17.60441098429852,17.55138828216063,0.8675776213698243,16.579739324384718,41.66666666666667,66.66666666666666,12,1,55719.24473649805,43973.12937065718,18.149376180703843,13.273738108192944,33.71289884459831,17.690067442618357,17.65781807073822,0.8718479385286417,-609.1422804513641,41.66666666666667,66.66666666666666,12,1,54213.29664364434,41843.92181656044,17.88735147851016,13.100340791054489,29.446336158236164,16.833502859420012,16.65332296307703,0.8291447669404665,5648.077917306121,41.66666666666667,66.66666666666666,True,False
4716,大立,化學工業,12,1,10596.437123781774,7829.227827062113,18.18384967349102,12.575109446453418,45.67106630670354,17.619605887423948,18.28834690479496,0.5747925983375068,467.5151668227918,41.66666666666667,66.66666666666666,12,1,10951.524097003336,8041.888819431709,18.68307292770035,12.029147183030037,46.88227573892423,18.09819751305388,18.777423426300622,0.5901383533321518,496.2529253738806,41.66666666666667,58.333333333333336,12,1,7825.329063850862,5915.278895735738,13.69084038560704,11.237649844421783,27.640946800750292,13.31228125675454,13.766069049677695,0.4366808033857021,208.8753398630015,41.66666666666667,66.66666666666666,True,False
6695,芯鼎,電子工業,12,1,19757.521509069044,16549.635303731426,18.386909849829472,17.58001007231435,38.66154600643312,17.64282910196173,17.1586353621191,0.8616873904118841,3932.3765163436933,50.0,33.33333333333333,12,1,18945.105372179438,16000.63694976765,17.721474009788672,16.652468686681576,36.170404641853935,17.05756640834471,16.613995499883945,0.833065325152687,3605.7018844341655,50.0,33.33333333333333,12,1,27963.603903405598,21490.62048940544,24.375832410196764,15.212840120674112,61.2028888154693,22.910193344514944,21.91574597536839,1.1192859777446598,6872.448203529409,50.0,33.33333333333333,False,True
8147,正淩,電子零組件業,12,1,26914.73017632614,23994.04392909243,17.500312254293103,17.682590941021036,26.65663750473931,17.652295101259767,17.96883599477109,1.2425820587402225,-6683.04454888393,66.66666666666666,58.333333333333336,12,1,27238.38989172339,24238.5498815407,17.684793575521223,18.0069126252814,27.36858048999758,17.832176876894852,18.1692766050664,1.2538387179797177,-6584.987756917285,66.66666666666666,58.333333333333336,12,1,27718.010093044308,24892.536868469422,18.38312894903432,21.584613965540413,27.53507029190278,18.313311750189477,19.06785154432494,1.3050489281907323,-7565.555676583761,58.333333333333336,66.66666666666666,True,True
2211,長榮鋼,鋼鐵工業,12,1,267690.44423360674,225318.97713150748,17.868311002354506,14.579737149982314,34.49833096530714,17.656623053496705,16.914693911714622,0.7615243081510669,48187.805606084235,50.0,41.66666666666667,12,1,266268.3662819354,227601.6492139226,18.05962139614293,15.048764524868579,32.88213202258466,17.8354996001021,17.096234952965617,0.7694388095595818,50910.35583995564,50.0,50.0,12,1,329424.08661344653,272178.1252810817,21.238480467700008,21.241126395700142,35.95997573649042,21.328636507570273,20.547639592603563,0.9192249021621809,23684.853501241236,41.66666666666667,33.33333333333333,True,True
3339,泰谷,光電業,12,1,15983.75149904675,12050.656059129187,15.79000869414839,12.49164785664474,31.035432729103363,17.661145849130026,16.694649665901686,0.8030235982350281,-3537.0619862928197,50.0,33.33333333333333,12,1,15817.237136618991,11851.6118388404,15.46179867158773,12.12056377370695,30.452294666628532,17.369431523561545,16.383341755823764,0.7898082223975914,-3605.341806307231,50.0,33.33333333333333,12,1,18239.832313336734,14253.070030061528,19.377521001440144,16.851719497561305,36.29858920643356,20.888949727187807,20.06833233808839,0.9483857440159383,-2922.543606163124,50.0,25.0,False,True
6516,勤崴國際,資訊服務業,12,1,10170.556724667447,8067.714589528595,17.884258418517888,13.095624007275356,33.18601995335944,17.699957963369346,17.577846461454087,0.6918284351502056,-1579.1698615204507,66.66666666666666,75.0,12,1,10306.145888324148,8046.295820825716,17.735062207500437,13.470473085106615,34.10758440593133,17.652966798590146,17.4757313696383,0.6902806368265989,-1634.2395611762847,66.66666666666666,75.0,12,1,10488.935088194668,8673.532583823342,20.22996010819761,17.98943640510322,42.95536706024113,19.029076998689153,19.13233436832539,0.7417344953249296,-1083.5425646179683,75.0,75.0,False,True
3663,鑫科,其他電子類,12,1,99472.50296596825,84398.80963277062,17.71082354405914,17.5009088948142,27.765294881853354,17.721630958859926,17.300425752404333,1.0168317803494398,12605.936751107438,50.0,50.0,12,1,103247.95366593415,85646.56640422996,17.94572115453839,16.792487226795487,27.582321357194978,17.98362855250413,17.45279734481718,1.0312043203574914,13468.367952443834,50.0,50.0,12,1,91724.74559092971,73895.72328643278,15.732025131055668,16.204530268133404,29.613575836357214,15.516246534971465,15.512120005609312,0.8959264196692601,4844.05593907984,58.333333333333336,58.333333333333336,True,False
5475,德宏,電子零組件業,12,1,16014.744069001721,12962.582530257316,18.717838423511232,14.978480484977439,33.295279108931034,17.79421647182432,18.33501122797856,0.2359011619167185,-1808.7981570358606,66.66666666666666,75.0,12,1,16942.913380321224,13733.456343933567,19.90845175353678,14.531374308279526,34.72276019859154,18.852423467305158,19.307419127600078,0.24986490700015862,-1436.5335322220901,66.66666666666666,66.66666666666666,12,1,10803.214038664173,8309.569889230137,11.323674250693593,10.401246957777289,24.498092212574356,11.406853923712617,12.15465033680399,0.1527572987642917,-5159.179780359805,66.66666666666666,83.33333333333334,True,False
3272,東碩,電腦及週邊設備業,12,1,47896.018095456384,43331.887157113226,18.477938531897884,18.025560494279357,29.063826475929666,17.798311222256253,17.841737608364326,0.2653057969013837,3951.1449331705203,50.0,50.0,12,1,50546.30448367381,45721.081673009496,19.562013302961393,19.61845210788008,30.757741398436877,18.779658455305373,18.80726145241053,0.2805493220275459,4339.255937808026,50.0,50.0,12,1,44683.54213253919,30138.009585494132,11.982048221819907,8.843666573801109,22.86619792021686,12.379005610280975,12.766015503139238,0.18026942288329031,458.14589143295115,25.0,66.66666666666666,True,False
8928,鉅明,運動休閒類,12,1,64027.40939437267,50780.27974073905,18.282572026952305,12.683375849393988,35.64363305676221,17.803898653929966,18.172216948614313,0.8037961814442517,1497.4402470555408,50.0,58.333333333333336,12,1,63928.455234804904,50350.875448447005,18.13421624499195,11.935273544222213,36.57355110176738,17.653346696741814,18.20125129324457,0.7970706911686221,170.5422527685781,50.0,66.66666666666666,12,1,85598.13096892965,59167.861831291964,21.16768650551472,18.871935698428455,36.72229556733749,20.7446398679237,19.59986747252108,0.9346132479420622,13439.522195638157,58.333333333333336,75.0,False,True
6416,瑞祺電通,電子工業,12,1,86779.21309525454,64154.12682336324,17.52145719882952,17.83192023256259,33.733516038394434,17.86495542356943,17.622160416068642,0.8832465409822347,-8854.378554549883,41.66666666666667,91.66666666666666,12,1,88924.99135745846,66670.12829640704,18.319558410029344,18.626318637275944,33.69895682631287,18.565584617468673,18.38287744809772,0.9175295740253254,-8223.719423182827,50.0,91.66666666666666,12,1,78411.53583530073,55243.71358385167,14.342272841296952,10.480262070375817,32.1318268774168,15.383678797862377,14.682456564246332,0.7611855515372579,-14530.310736853522,50.0,83.33333333333334,True,False
6259,百徽,電子零組件業,12,1,8189.488701606363,6797.3530196604725,17.43216954857177,17.902771203249607,26.335702469765014,17.86692635695322,18.038988801274826,0.48039405612093944,218.63454255026136,33.33333333333333,41.66666666666667,12,1,8557.15710060594,7080.27828329615,18.17535357075194,18.1805089019433,26.003938007242482,18.61059890644113,18.861687351771366,0.5004983873381609,144.91809959263023,33.33333333333333,33.33333333333333,12,1,5858.611530085026,5024.023900380359,13.257866403128999,8.691987514301339,22.710165351409035,13.205708866971936,13.392187622069693,0.3544205253024795,882.0825291689276,33.33333333333333,50.0,True,False
8222,寶一,電機機械,12,1,17137.383469644392,14315.01850337592,18.173261040627775,15.904131216548063,32.541774552613674,17.87487417371332,18.763045692545923,0.8095698024852355,-2374.0229989280883,50.0,75.0,12,1,17431.330854290463,14474.479965347206,18.32199419721628,14.532856261018342,33.33580332898781,18.073990477169083,18.933366051841503,0.8183593060629472,-2294.1631967612025,41.66666666666667,75.0,12,1,16397.740413370353,14692.298073915585,18.69323284987129,18.452936866890735,29.320460322651275,18.34597554533353,18.944184042369095,0.8302672864019001,-3092.761218430092,58.333333333333336,66.66666666666666,True,True
6122,擎邦,電機機械,12,1,78449.65713955511,62401.47510038273,18.39547208571599,14.154711228268397,35.031978491363795,17.881410964823377,18.333819977823328,0.5712472942939523,-14757.036845037468,58.333333333333336,83.33333333333334,12,1,79281.77986045937,62348.84152885655,18.352884065926748,13.982551055265576,36.500324257256786,17.86632858862166,18.383738694038776,0.5705929311279215,-15889.274449986833,66.66666666666666,83.33333333333334,12,1,82108.12969589546,70751.98099844728,21.70061161855926,17.499580786121584,29.6305012043224,20.274284330192874,20.500088493076905,0.6459941037785968,-4566.898400493286,58.333333333333336,66.66666666666666,False,True
3191,雲嘉南,電子零組件業,12,1,3361.4766374161495,2555.1498789019097,18.423068143386935,13.299928606142378,44.21219231938601,17.93895411783254,18.08143767230599,0.5071962545124988,412.47268683424727,41.66666666666667,58.333333333333336,12,1,3470.78638074248,2626.031171046718,18.909644851675367,13.579014255338267,45.64966960563402,18.43659077629144,18.534816078016707,0.5208164112621272,433.131775277574,41.66666666666667,41.66666666666667,12,1,2626.587736656111,2113.4365604522864,15.287985184501077,10.788157763379376,32.72506902311875,14.83781511290314,14.957694796681933,0.42317057354576776,226.54089084430643,41.66666666666667,75.0,True,False
1337,再生-KY,塑膠工業,12,1,11880.548215412511,9942.91489070605,18.599718264012466,19.5058124912724,30.758993805388645,17.96576824335103,18.233167252154832,0.408463770919457,1646.0222093424127,41.66666666666667,50.0,12,1,11882.26189877362,9997.296071640687,18.685549011991963,19.351749205395837,30.916440761292584,18.06402913607824,18.29474142254632,0.4107592839850167,1655.7600151744955,41.66666666666667,50.0,12,1,12119.507377478196,10260.427122701334,19.14519416813715,21.90218315738291,32.56122933259996,18.539478391447382,18.98786613832017,0.4225658083147519,1558.3819568536376,33.33333333333333,50.0,True,True
6662,樂斯科,生技醫療業,12,1,5639.35418465771,3935.074282165989,18.48065974985591,13.214169972031858,28.79162894043884,17.97767923506528,16.457547591706426,0.6423977687467527,1477.936794462741,58.333333333333336,41.66666666666667,12,1,5363.840798529831,3991.2244067805273,18.716446713189164,15.082903297964334,28.6389450404111,18.23420525133491,17.051534687077243,0.6506452868519353,1243.5102955469222,58.333333333333336,41.66666666666667,12,1,9465.887045220046,5040.172375381663,23.598117047454537,10.641776842461278,32.35359512678596,23.026401982982044,18.13628040493453,0.8274895972421876,3587.7752847051065,33.33333333333333,66.66666666666666,True,True
6629,泰金-KY,居家生活類,12,1,32038.310724186536,26083.122459069713,16.69967244356556,17.735751584509778,24.52074305804814,17.97946358203421,17.583802604948982,0.980131440129879,-11890.740557524909,66.66666666666666,50.0,12,1,32313.26794118317,26480.37287484841,16.9300166791083,17.905054328264054,25.020868774218226,18.253293887230566,17.839012582822924,0.9947655761303117,-12060.07856354091,66.66666666666666,58.333333333333336,12,1,31421.793829977985,25087.440226045914,16.459860193582262,17.988214474124643,27.626884966717302,17.29312579881742,17.097329729003953,0.9441343114155433,-10366.698503380981,58.333333333333336,58.333333333333336,True,False
2722,夏都,觀光餐旅,12,1,10997.715985809258,8564.669098089458,19.71817246166932,15.086373152869449,50.71702406893742,18.058730775542198,18.86960042007072,0.44871319332068205,-537.1385934938511,66.66666666666666,75.0,12,1,11113.24930338894,8909.956417641419,20.19642698348576,15.368360332533168,47.79139318537204,18.78677416783022,19.52193639026574,0.46755496290861426,-821.5256177262157,66.66666666666666,50.0,12,1,13959.119602918297,11531.590464928508,25.92352765776569,18.43193371393014,48.972520302619095,24.314528119528553,24.280571900080027,0.6016581746062054,2022.3446245974249,50.0,58.333333333333336,True,True
6698,旭暉應材,電子工業,12,1,22257.156878711867,17408.716898683473,20.51248102174847,13.281563374329943,45.02455095168704,18.061083224761873,18.73943153958635,0.6753767705130778,431.86500584111064,66.66666666666666,33.33333333333333,12,1,22795.90231312827,17830.376867379757,21.068671234312273,14.353531921467273,45.18602111315501,18.49854428702718,19.122507320824113,0.69143017663012,978.7020319925917,66.66666666666666,33.33333333333333,12,1,20468.2527911044,17390.568301176292,18.903247202245957,17.744819727683847,41.65557987514557,18.04225453497976,18.458335722676065,0.674475329215939,-4489.66822952221,75.0,25.0,True,False
1539,巨庭,電機機械,12,1,24366.497263362464,19624.606766848046,19.305050258143627,17.238032377395545,35.16732166301971,18.08607000656461,18.969230473074735,0.28738027508189007,-456.2998658970434,50.0,58.333333333333336,12,1,25183.451161722944,20813.675079538545,20.561545375227265,19.151520081137598,36.44241948088807,19.181917327298574,20.098772371033327,0.3049593260985923,-317.9412514264095,58.333333333333336,58.333333333333336,12,1,23950.795361492586,16587.285201563864,14.768971743088274,10.857606889666048,29.718702860866802,15.286869435831285,15.559690357535564,0.23956767555988948,-1701.5273961327377,41.66666666666667,58.333333333333336,True,False
4739,康普,化學生技醫療,12,1,116534.60318673572,93378.96793396278,19.742821607260097,18.366161143797648,37.93923959408519,18.09930361761606,20.98176143401798,0.5486141089355755,-57001.097506387014,58.333333333333336,50.0,12,1,116850.99786541442,93980.51242926418,19.770291807104865,18.929666167880843,38.10329350290688,18.215898785680725,21.088171261275885,0.5522093805188757,-57915.570502597075,58.333333333333336,50.0,12,1,118381.29169028622,89208.46557183498,19.753966297396627,13.294615927048891,39.243424150395754,17.29095040746367,20.42074090269221,0.5235906085048143,-48770.84054049645,50.0,41.66666666666667,True,False
9960,邁達康,運動休閒類,12,1,12943.3848332184,10302.546342585722,19.30479961161228,15.757104009524673,46.17104841907354,18.193485532841525,18.223107956063323,0.5355215429541554,-455.825648803507,58.333333333333336,58.333333333333336,12,1,12997.701892340769,10441.333879805383,19.601922046887918,15.539903414460476,46.039595421678314,18.438573394286745,18.534231131124024,0.5424705628188838,-598.0105312977661,50.0,58.333333333333336,12,1,13628.828705044452,11268.3262661719,20.748414645830003,17.323921807362943,47.07715302654764,19.898976824353056,19.59939793081128,0.5884996856749768,823.8382936448106,50.0,50.0,True,True
2605,新興,航運業,12,1,79532.60274384565,68272.035989191,18.499926645379496,20.915161904544494,27.779273720360592,18.193803664286143,19.08310259004847,0.9557469546806908,-15959.514213116738,50.0,41.66666666666667,12,1,80883.46444976232,69677.51061273924,18.953170545556016,21.566489040932304,29.922978369852828,18.5683483660147,19.509957906314067,0.9755206041704979,-15878.649958892172,50.0,41.66666666666667,12,1,71711.75752876,55622.76437725718,14.420731543790835,10.70348464769191,30.473853719145517,14.82290134872918,15.056636204287136,0.7777841092724272,-16687.292501138,50.0,66.66666666666666,True,False
4711,永純,化學工業,12,1,12766.227130621017,11061.236148661623,18.810220140232556,16.13797566428759,37.1077937380545,18.20709681712355,18.882258189455612,0.4780231716910364,-747.4467012878061,41.66666666666667,66.66666666666666,12,1,13129.409369846222,11315.277277159128,19.279800362883755,16.51760037862813,38.54435716658154,18.62525545327608,19.33990596844716,0.4891646435002715,-766.7478786548812,41.66666666666667,58.333333333333336,12,1,11665.896014540347,9459.883032900654,15.717384609981908,15.538375152182846,30.663331449234093,15.571225850695427,15.94803416412203,0.4080049112466874,-573.7361049841389,50.0,75.0,True,False
9933,中鼎,其他,12,1,1967294.07002855,1394540.4993654497,19.132988091744068,17.062697698742355,29.436180729978574,18.216934586715865,17.27845602785084,0.9435036693046769,188139.44414590593,58.333333333333336,83.33333333333334,12,1,2039851.884125458,1433896.459322653,19.64020590099885,16.96333052004536,30.32441112525401,18.731042960380176,17.71144824094325,0.9703645352400239,159026.6508460239,58.333333333333336,83.33333333333334,12,1,1444228.0650687788,1148141.9956464248,15.931562672608804,15.827034661703953,29.785332197552318,14.998221737173974,14.634569084810265,0.7753751451487098,450154.58384484163,33.33333333333333,91.66666666666666,True,False
4763,材料*-KY,化學生技醫療,12,1,256539.3407465639,200881.68588978378,19.299256320021772,13.885018011631084,30.601014976602226,18.218631803823385,17.698493408184714,0.8635267518930707,69667.3081755274,25.0,66.66666666666666,12,1,259099.3540200876,198912.31239010536,19.28302224478742,12.969498083217989,31.047444654623014,18.040022735923916,17.589040341520437,0.8547864480659423,66617.80353670816,25.0,66.66666666666666,12,1,279628.77008861507,223317.98302147226,19.759315179706945,22.262149434637347,29.17378532489483,20.253454613443182,18.515608114250504,0.9629056434157319,97112.84992489994,16.666666666666664,50.0,False,True
8942,森鉅,其他,12,1,61435.39025419692,52425.467883796,25.81278964957073,17.468545472306392,51.30362611515963,18.263356781565758,21.133253522884498,0.409791796658381,45284.59536038615,16.666666666666664,50.0,12,1,62715.230937433415,52992.212178974216,26.672840049949365,19.08063064991467,53.24231286840332,18.460792373169816,21.65176565706036,0.4145543519064292,46645.1204624086,16.666666666666664,41.66666666666667,12,1,57431.01472926318,51392.55010709086,21.182701215072967,13.563533627783409,41.60682166570478,17.90352125422622,18.67385673405286,0.39931875339397926,33039.86944218384,33.33333333333333,33.33333333333333,True,False
6161,捷波,電腦及週邊設備業,12,1,26858.296773046684,21422.212359618276,17.8874772682706,17.392361004866782,32.10423352205529,18.27703862889579,18.294289541380092,0.6355281297680949,-6991.581234291964,66.66666666666666,75.0,12,1,27410.60244856777,21536.85645166378,17.882061150876442,16.946937274516955,32.599117386997925,18.374850865265937,18.307418735974178,0.6391579791772958,-6919.962799821672,75.0,75.0,12,1,25203.864754972936,21273.429674333605,18.816305790003838,16.85248490898854,29.081480067199912,18.150099970992056,18.9123827608241,0.6283080808115102,-7636.147144524635,66.66666666666666,75.0,True,False
3516,亞帝歐,光電業,12,1,19928.778713905936,15918.924477660757,19.274932500864693,15.865576703840556,47.578082855653264,18.287139524671602,18.09558026555993,0.7365134003872441,432.82393592178477,66.66666666666666,50.0,12,1,20472.921922673184,16282.009518120414,19.712714962883517,16.561495417769972,46.327560286220596,18.70423973791305,18.528631692965217,0.7532952816118726,415.3582527996835,66.66666666666666,50.0,12,1,18154.67155220571,14020.321450406409,17.042694074501128,14.631529595276271,25.39477597555801,16.10608649498438,16.083367612145175,0.6477402896988185,590.0150840206825,41.66666666666667,58.333333333333336,True,False
3680,家登,半導體業,12,1,145855.46892472237,112011.45333648073,17.97719669346636,17.29643073410356,39.40350362080923,18.30243284501111,18.592872073801207,0.9782204001396285,-33311.830617136766,58.333333333333336,58.333333333333336,12,1,157011.62289792835,122749.6192097442,19.76270964407588,18.92842903644619,42.872975368738615,20.057026272020828,20.51448123340198,1.0718244572295392,-38008.403988650956,58.333333333333336,58.333333333333336,12,1,104684.19252579533,86983.52673694993,14.504014703316596,13.348357737379251,20.770436067753774,14.212922958359266,14.638979356480403,0.7556408550610412,8957.329726490692,33.33333333333333,75.0,True,False
3684,榮昌,通信網路業,12,1,21096.001573066915,17567.446075143762,19.006429737631215,13.6374975874412,40.73944553275112,18.33510642254502,18.025235460528663,0.8151124877660457,4008.3739833524355,41.66666666666667,66.66666666666666,12,1,21599.675233626098,18066.8237683815,19.55505895599149,14.406627221678036,40.67274739872776,18.856305867893767,18.505935613748278,0.8382712372597753,4240.956072350178,41.66666666666667,66.66666666666666,12,1,18038.49910407136,13686.86575430554,14.642322106252802,9.941460529082855,28.720843334124762,14.284952925021308,14.267785670452843,0.6353252993360444,1915.1351823727116,33.33333333333333,83.33333333333334,True,False
6111,光聚晶電,文化創意業,12,1,176353.74867800606,118732.45784282498,20.566583198597783,13.550723296311654,51.978017426625044,18.470922202254975,21.19758916840464,1.339161264252678,-63404.120759452664,75.0,100.0,12,1,177483.65889843568,123267.13985646919,21.326255637772544,14.879270654923046,51.46209019590088,19.176371749984092,21.849272316321773,1.3852829480158337,-66537.54517101833,75.0,100.0,12,1,187851.77234372374,114796.32123265194,18.70499995829875,12.21226126456113,42.587918036331644,17.8585869198489,21.018332402769367,1.307106912972873,-35203.30105536189,33.33333333333333,75.0,True,False
6574,霈方,生技醫療業,12,1,10734.845994339981,9526.549288433112,18.322333264155986,16.562997158284492,29.671270698743918,18.50399259656321,18.785922537685952,0.7688091694696704,-2475.008927388944,58.333333333333336,58.333333333333336,12,1,10899.482195046177,9662.44662321084,18.545654616825093,17.18361685307826,30.454386648732516,18.767954205377112,19.049645773162993,0.779542306553195,-2421.1687243578417,50.0,41.66666666666667,12,1,10387.792785043579,9398.456917886828,18.60000183768349,17.124076535658368,25.57144733562748,18.25519104161377,18.670820089008,0.7596577853597064,-2959.570754668894,66.66666666666666,50.0,True,False
3546,宇峻,文化創意業,12,1,34981.50611089152,21940.81259199197,16.85673543274587,8.456679674001968,43.06182571444382,18.504912890962505,16.950514865394002,0.8263424125731298,-4897.766134003353,58.333333333333336,50.0,12,1,35195.00873185503,22101.014560776082,16.999894927644043,8.68966972312802,43.15998879614585,18.64002746180537,17.059327620837532,0.8321821243768847,-4732.135369215214,58.333333333333336,50.0,12,1,33294.91078137771,20498.994872934913,15.56829997866239,7.677382628901916,42.178357979125444,17.288881753376696,15.952963859011907,0.7737850063393349,-6388.4430170966225,58.333333333333336,66.66666666666666,True,False
8249,菱光,電子零組件業,12,1,72399.07183112325,57512.21679562109,19.014763824632418,13.006819754258133,42.25896167600502,18.5491217928582,18.12190350773092,0.5688931082814409,15244.090980331122,41.66666666666667,41.66666666666667,12,1,71932.30091461045,57696.81089391563,19.085584952008876,13.340177322870888,42.97785601282074,18.60865798538015,18.192732316567746,0.5708611576021394,15970.645703114018,41.66666666666667,41.66666666666667,12,1,81227.80102396962,63024.23524626648,20.584065978421563,16.12222005663721,36.89631180575134,20.32688497539801,19.51724206887881,0.6230443922900757,8705.098475284889,50.0,50.0,True,True
4105,東洋,生技醫療業,12,1,136963.38111546135,100141.98325007044,17.59589261844394,12.651294531852407,37.910617812376444,18.621242141562295,17.329261548330113,1.553431684648828,2096.7645310672474,41.66666666666667,66.66666666666666,12,1,140987.25143520028,103049.89301234992,18.125264909062945,12.986650655923748,39.06292355862066,19.161963326142796,17.812768589471414,1.5988909777913476,3143.735740626182,41.66666666666667,66.66666666666666,12,1,107929.87807048282,83451.291625801,14.602634032487769,11.2200036960722,28.038163396830672,15.517634641903069,14.541627839673074,1.2897045332881507,-7325.976354963408,50.0,83.33333333333334,True,False
2376,技嘉,電腦及週邊設備業,12,1,7343394.773592441,5229559.954052565,17.21907020021848,14.721768759491095,33.178571475169925,18.625140626266656,17.707121315518638,1.1712432521436353,-1693949.4951827733,75.0,41.66666666666667,12,1,7316669.168447309,5273293.1256502,17.39362076270826,16.353172342387566,32.118556009616725,18.780896842505726,17.946469606077876,1.1804615365361222,-1819818.092724247,75.0,41.66666666666667,12,1,8305952.576080208,6342170.768489945,21.763588196389986,21.511385957155753,42.7187106651486,22.58771741346701,22.019214090190598,1.424456227468388,-561132.11730952,41.66666666666667,58.333333333333336,True,True
4974,亞泰,電子零組件業,12,1,65809.92481037149,57632.970983098094,18.295774597730677,20.076744704827433,29.276789294965543,18.625397483378887,17.26473979068021,0.861846120389136,22996.812650585238,33.33333333333333,58.333333333333336,12,1,68030.35478261582,58743.15098739872,18.600483732257835,19.848273634476605,30.686379128735307,18.984177249639114,17.600852614942973,0.8782816172058294,22173.303527542925,33.33333333333333,58.333333333333336,12,1,56063.50766519259,52585.903010902104,17.63381114506343,17.193056998048345,23.29282362931324,16.99432336895661,16.37053741670225,0.7831143828079191,30408.394757965947,25.0,75.0,True,False
6616,特昇-KY,居家生活類,12,1,18822.872191411963,15961.378302902836,19.917895859549105,14.231171538639545,40.083783482461435,18.636038007816307,19.451242834815062,0.47307711726922025,2003.1515280538563,33.33333333333333,75.0,12,1,20039.427076816606,16815.56868527726,20.86991994071435,14.65962090134864,39.239877035032265,19.633365690285043,20.381080678341686,0.4982224114864923,2060.6042730094664,33.33333333333333,66.66666666666666,12,1,12787.208871243562,10772.176013673035,13.878877260020644,11.270913953878955,21.739170431427745,12.577277338335376,13.175655454027888,0.31776353336688445,1486.076823453365,50.0,75.0,True,False
2468,華經,電子工業,12,1,52361.52027778258,41875.97887597737,18.976276503993112,16.314796470318104,33.450914053338025,18.65159182555021,19.040340031035477,0.7966192537552303,-1721.25273670569,50.0,83.33333333333334,12,1,54833.47780171965,43976.384157353,20.06727262258703,17.27395081295128,36.258821173324634,19.587113884448797,19.927594445574545,0.8361422183897504,1343.3377559991761,50.0,75.0,12,1,55759.00423439163,44945.617474054015,19.062329269475565,17.38947687740133,36.38574140805865,20.018811117374906,21.11256745145981,0.8579929405462762,-29302.56717104949,66.66666666666666,83.33333333333334,True,True
8069,元太,光電業,12,1,678469.3405966844,563128.1969384735,20.88796777229002,15.68941699814539,53.44427170228365,18.71074638733515,18.367916864906107,0.9609597169408647,308513.9377000105,33.33333333333333,50.0,12,1,689662.2859705964,573874.9408227731,21.224300308497547,14.231850068057772,52.77375012979715,19.06782244994749,18.64424063500386,0.9792958157386198,319951.71628091956,33.33333333333333,41.66666666666667,12,1,706832.2278507383,496955.33814279176,18.70142172185073,6.612983876738293,47.12044472340275,16.512057731035775,16.399149345652646,0.8472605739886029,205573.93047182754,50.0,66.66666666666666,True,False
6185,幃翔,電子零組件業,12,1,9953.623673021197,8239.806722781717,18.952371952182958,16.352997178825817,39.379609257748825,18.771379936360457,18.329809471985552,0.5116176545497616,-494.233483531807,58.333333333333336,50.0,12,1,10027.25279884279,8334.041460414477,19.14231344731934,16.23116659802385,39.09001403013823,18.986059251400334,18.51612368179291,0.5173930816328621,-457.03425555042213,58.333333333333336,50.0,12,1,9899.803096879796,7745.167318906754,17.979025021049967,13.035244964736439,42.53292095566381,17.64452532750657,17.59668212506733,0.4812958264777054,-829.0265353642826,50.0,50.0,True,False
4905,台聯電,生技醫療業,12,1,13656.663860295228,11379.437743618691,21.289943711180836,13.716166754382458,43.82610978124058,18.78290925594,18.94892711221886,1.072100377837953,3700.0633585117253,50.0,66.66666666666666,12,1,13412.86428943543,11356.469781816699,20.92695346783864,15.174312560729275,40.85891764129583,18.74499831938581,18.941656892360857,1.0700202793856581,3257.7996431389524,50.0,66.66666666666666,12,1,21266.82504414777,11939.828131500488,25.059655522062325,9.711571806715344,71.54085858867646,19.707890088968192,18.441690003159337,1.12430206557757,7680.436796866648,33.33333333333333,75.0,False,True
6603,富強鑫,電機機械,12,1,103362.80675934069,79482.28393816952,18.03267264608497,10.180495306230087,34.81225425986494,18.797607466521555,18.88315816090569,1.0064282266863775,-21636.54695208393,50.0,66.66666666666666,12,1,106332.87368587499,83267.66467496102,18.909583804562597,10.276993431142362,35.485198418734186,19.692852264178505,19.8342853653821,1.0541993111275296,-21878.81149547616,50.0,66.66666666666666,12,1,86372.34325696283,64871.46445047346,15.059674183233609,12.024858323973584,29.90963328199181,15.342139959981765,15.332620965172502,0.8236619090121989,-19456.166061554028,66.66666666666666,83.33333333333334,True,False
2719,燦星旅,觀光餐旅,12,1,37460.706765806885,30806.929959301968,17.892164597874018,18.297237786907093,31.50757803067178,18.824112026727875,17.4936556781071,0.48086672259756785,7697.437828998376,41.66666666666667,66.66666666666666,12,1,37030.51021588282,30470.005726158925,17.713120775240785,18.46012761644241,29.89862721889052,18.61823953253314,17.309887140044562,0.47567610944911515,7993.604491639954,50.0,58.333333333333336,12,1,58003.36086406467,44835.60360320283,26.154833493877234,17.771628127557836,52.0178912222149,27.396122435037253,25.03718075811396,0.701853663256196,5031.937865224121,58.333333333333336,50.0,False,True
4561,健椿,電機機械,12,1,17372.251369195412,14574.33317182553,19.704843302149296,20.638927426101308,34.86285128387623,18.867509079463613,19.140487491556634,0.5230716733084341,208.3146370572061,50.0,66.66666666666666,12,1,17604.5889816256,14597.354069079223,19.747432174743803,20.23256480655703,35.07068585380442,18.89731126545941,19.163914496039958,0.5238436850319526,33.296513059221375,50.0,66.66666666666666,12,1,16559.539756459693,14367.145096542334,19.321543448798764,24.90784568917497,32.06062379134412,18.599289405501494,18.669846713533353,0.5161235677967678,1783.4777530390438,50.0,58.333333333333336,True,False
3580,友威科,其他電子類,12,1,7616.422158843273,6795.012705032846,19.948199550226562,18.44115948007791,27.905539554817434,18.872064688982785,19.10248861878433,0.27026215498736994,855.1225932933318,41.66666666666667,58.333333333333336,12,1,7896.5143070599015,6944.041643278358,20.38216183385564,20.513187067914906,28.49946588651852,19.285968810312333,19.66245340478407,0.27606492880032013,522.7702667903653,50.0,58.333333333333336,12,1,8735.39329359742,7841.596580438953,22.22848469605039,20.9235089291541,38.422617621607934,21.77878458142409,20.227393661490456,0.31183869118285507,3846.2935318200266,41.66666666666667,66.66666666666666,True,True
4541,晟田,其他,12,1,31742.7487296555,25854.939045447052,19.934321343001734,19.28870936044434,34.90211235132106,18.872103487531376,19.570120793075883,0.791469874385487,-2055.0200677003318,58.333333333333336,50.0,12,1,32523.08589076364,26649.73585877195,20.582955595319543,18.782110217334083,37.48215783105485,19.452243618059708,20.216584729139516,0.8160552040961605,-1733.6897625808572,50.0,41.66666666666667,12,1,29103.80872390711,22241.65347340146,16.724051569726406,11.750679726762995,39.01850258621061,16.23468480610322,16.290965735773725,0.6796602726582194,-4946.992813775606,75.0,58.333333333333336,True,False
4577,達航科技,其他電子類,12,1,14158.706593453047,11743.857627590842,19.936273861102464,14.882806099250768,39.01558884685658,18.87930770894183,18.91732051392456,0.30006794944066856,2247.968296637167,41.66666666666667,50.0,12,1,14342.884280727532,11904.862465163395,20.05711716208176,14.764081633902437,39.78047864013163,19.138137470639478,19.041520528504496,0.304532506808392,2658.0925821472733,41.66666666666667,58.333333333333336,12,1,17054.644260535584,13173.930972279593,23.435919025640526,19.437331056597028,55.5706041851302,21.17827927151459,21.96971952719796,0.33501805789639044,-1443.1502729537951,58.333333333333336,58.333333333333336,True,True
9962,有益,鋼鐵工業,12,1,40146.707145090906,30326.479473287985,18.831895685417983,15.875034776633534,35.317822572166556,18.886275484301432,17.83073138723339,0.44383901349120797,1179.2723098805873,66.66666666666666,50.0,12,1,40349.98442327195,30689.38155728405,19.152739562229115,16.16703938256764,34.75961642870969,19.11227826639863,18.203828097174792,0.4491487032160761,630.6772113696255,66.66666666666666,50.0,12,1,40903.76617693579,30338.58324286749,18.56391475861914,11.41276663237328,40.3416778632785,18.8938132905568,17.391397031572097,0.4438803772601477,6116.628196479204,50.0,66.66666666666666,True,True
2231,為升,汽車工業,12,1,80325.49622250009,57616.18429144381,18.452599792025794,13.302079012986068,42.986569230320896,18.887615873306192,17.271157967459946,0.8163608244246691,15230.25942523859,41.66666666666667,50.0,12,1,82154.68452649385,59097.57311939215,18.880387423440755,13.623431462834912,42.54151921746753,19.373241630814935,17.750447771644662,0.8372200602928147,15127.430062096033,41.66666666666667,50.0,12,1,67724.21818172936,45413.86562753117,14.95986018906602,8.337679869504525,46.99201934600117,14.887477535060098,13.543506940405377,0.6450909689611277,16155.7236935216,50.0,58.333333333333336,True,False
6716,應廣,半導體業,12,1,25263.193641985763,17033.37991197609,24.202914334324667,12.54519718089289,28.971138539945617,18.892670601431654,19.134465021497714,0.7265837081552471,3190.147005078417,50.0,83.33333333333334,12,1,25186.46885664273,16798.153778960772,23.910513903194648,12.047121712002903,26.788835648416608,18.631768192698175,18.760824917997677,0.7166837510120042,3273.658330946347,50.0,83.33333333333334,12,1,26775.09705487417,19150.415109113925,26.834518214494825,13.886624488765554,48.93142979484685,21.240792280032895,22.9207734872691,0.8156833224444311,2438.5450722670116,50.0,66.66666666666666,False,True
1441,大東,紡織纖維,12,1,33745.24401644131,23884.389488054414,20.216742101728038,11.772220515524811,43.34580522407386,18.904988747652844,17.40877131735079,0.6622255322120764,7612.124905029724,58.333333333333336,66.66666666666666,12,1,35609.666216365105,25141.144778370726,21.260729792185384,11.861570122628093,47.03651357758011,19.899736577982182,18.19081910042322,0.6970995389159357,8022.610673356462,58.333333333333336,58.333333333333336,12,1,24007.414604166042,18454.395563300277,15.38507393660272,9.356897341414836,28.386128074543826,14.607036141468715,14.69175383967481,0.5106160007987918,3917.752990089068,41.66666666666667,75.0,True,False
2406,國碩,電子工業,12,1,150303.93970768593,100509.57513371442,15.973419264537892,11.839716362033778,31.526069852189064,18.949096226858664,18.30956210824444,0.46579327480480276,-84926.03727328726,75.0,58.333333333333336,12,1,159255.92361387025,108817.5018196567,17.411506324093647,12.874917005555512,32.51568913739738,20.51539179629243,19.962088937522452,0.504277363701939,-88959.5381316521,75.0,58.333333333333336,12,1,93933.37909529277,68775.37987568277,12.281456970799237,11.2642407196748,23.742307686369056,12.96624017730946,13.306247362527888,0.3193955222025643,-48624.52954800415,75.0,58.333333333333336,True,False
1437,勤益控,其他,12,1,22263.802993690613,14640.329768935364,17.142185653947465,12.647506843424615,35.572611642366255,18.956218382976946,16.392353956473933,1.3228566334397571,-1042.1964577371266,58.333333333333336,58.333333333333336,12,1,23783.554582688063,15338.165518269312,17.914951596944576,12.273621344132108,37.83466765845904,19.859772269303416,17.034592484545634,1.3856563331013996,-823.6765447510188,58.333333333333336,58.333333333333336,12,1,11268.318146141402,8697.494467740062,10.706743248771751,8.93386715900841,17.798866611825325,11.261467953068097,10.697642241405182,0.7879069930769943,-3008.875674612113,75.0,50.0,True,False
3373,熱映,其他電子類,12,1,7264.18770748627,6126.790976788328,19.455507202439012,14.707236646530761,36.6140706363097,18.969469815484867,18.315840910421866,0.091309647109928,1409.7165360301944,41.66666666666667,75.0,12,1,7489.132272234671,6394.431307768421,20.25927866464387,16.614199210901347,37.477878757242856,19.79812468541069,19.019435146560095,0.09516122957185358,1446.1676355891468,41.66666666666667,66.66666666666666,12,1,7684.557200644256,6953.564828608342,21.654229270838556,22.022034235577625,31.27006920444288,21.529286477380065,21.132558265574318,0.10332326872663243,1081.656639999611,41.66666666666667,66.66666666666666,True,True
1236,宏亞,食品工業,12,1,35626.5887186417,28731.58158346543,22.23763104272969,14.446888183197876,47.176927808002404,19.011673427117394,19.92498678911377,0.8938412543611332,2842.272018646381,50.0,91.66666666666666,12,1,38367.894622945314,31280.75412883595,24.095835298603856,15.179192011246151,50.2133020588847,20.698459648793687,21.52026731750409,0.97264100994314,2400.876234317151,50.0,91.66666666666666,12,1,27556.82409206421,19439.177605056804,12.671429481976993,7.587287537600955,27.322065112266035,12.862894276998531,11.901855384856514,0.6143581872229735,6814.834077609357,33.33333333333333,100.0,True,False
8047,星雲,其他電子類,12,1,8768.766415837807,7343.742749988948,21.252730950744212,20.178672763266594,37.868231894553006,19.088787154098352,19.90964751524664,0.6266378175155904,396.427874831775,66.66666666666666,41.66666666666667,12,1,8986.266742389587,7434.823079870036,21.502826213931968,20.736210950412875,37.63529886456487,19.3255346941763,20.190846869216962,0.6342207506694696,443.5451559170806,66.66666666666666,41.66666666666667,12,1,7745.382481216705,6589.347494150097,19.14979096706722,15.090590222167465,41.12761505914621,17.127867367142162,17.80140884111724,0.5639943966251996,-27.627654935986964,58.333333333333336,50.0,True,False
1229,聯華,食品工業,12,1,334259.59632619884,213532.78450930104,17.00161865692534,13.893881642902913,37.24707467479516,19.09359023392549,17.766873738264604,1.2271384279160145,-68678.21330035113,50.0,75.0,12,1,349236.9480612692,218940.43394929718,17.345844584215666,12.210768830227318,41.95560375568473,19.577129296900175,18.096699986352817,1.2577034092191492,-68195.73907470187,50.0,75.0,12,1,253104.8431710372,182355.9473898483,15.670775179122906,8.907596907184155,28.588746279955537,16.305832119326748,15.80745540833993,1.0512365163568609,-73020.48133119433,66.66666666666666,75.0,True,False
4540,全球傳動,電機機械,12,1,54936.3502994515,40790.14884092422,22.226670150119006,14.378016112206959,37.1251460201654,19.12538774175627,19.42770634901888,0.7170523536143554,3277.1232771114032,66.66666666666666,50.0,12,1,55219.56091647672,39871.32077121156,22.042589742519848,12.77344293462541,39.16883774875814,18.694574332131406,19.134609113953417,0.7000550313315316,3588.0266079791836,66.66666666666666,58.333333333333336,12,1,61824.83054524404,49059.601468338195,23.883393818511458,17.576565760277035,40.45669513285027,23.00270842838002,22.333554330791785,0.8700282541597705,478.9932993013402,66.66666666666666,58.333333333333336,False,True
8933,愛地雅,運動休閒類,12,1,42546.89678708469,34985.48930386366,28.045759295657252,16.45535030680704,34.01845137282374,19.127299947804726,22.373433394141713,0.3660823887808282,15162.552136023636,41.66666666666667,66.66666666666666,12,1,42285.81336263043,34723.57048938473,27.996789593751714,15.878209279151614,34.36553745894097,18.984103444734565,22.28533907268372,0.3634807504270598,15886.647563038297,41.66666666666667,66.66666666666666,12,1,55578.94714795333,47407.23262707938,34.21080618474326,27.794542394326193,50.74468673606266,25.9185272579098,28.897026397815996,0.492782998471279,8645.693292891643,41.66666666666667,58.333333333333336,False,True
6203,元大MSCI台灣,ETF,12,1,56500.38115516578,44467.55130575857,20.773724840787043,14.40994854767818,31.779035505782645,19.138621898477044,20.80876869984798,0.336962968396517,-8955.437550558383,50.0,66.66666666666666,12,1,60401.24861771243,48433.04951325146,22.41661866626444,16.526076566506205,37.50995358623004,20.84535340501868,22.878952916341202,0.3670560021578774,-10500.673624049261,58.333333333333336,58.333333333333336,12,1,63792.15476979277,50074.44865109451,22.057060921324574,18.15180831383042,35.6872002895493,21.551803761766706,20.686025441857858,0.3814272590046171,4951.687110859508,58.333333333333336,83.33333333333334,True,True
5906,台南-KY,貿易百貨,12,1,40206.87293857673,26878.060603203092,17.691248827857187,7.6032071050926175,37.56489646190296,19.178922073373297,17.457159503583185,0.7141629987784812,-4471.264669660989,58.333333333333336,75.0,12,1,42090.0497108445,27612.26433625442,18.102087570521626,7.676472781309437,38.897511717114014,19.702815385098813,17.874100536686164,0.7335534952129853,-5018.865006850195,66.66666666666666,75.0,12,1,27159.658146165635,21125.174401400418,14.641261984991457,16.109459293782834,26.88932624087576,15.073932588075042,14.36993524607075,0.5624272760305092,457.1383650417908,50.0,75.0,True,False
5351,鈺創,半導體業,12,1,80962.6393106797,64779.981041192426,17.5079826654434,16.22372498850756,30.2153226571794,19.256931640159372,18.89593953275783,0.46224688523989504,-46569.742390415544,75.0,33.33333333333333,12,1,84801.01358346934,67511.3584215734,18.198581306209224,16.28937692984167,32.90850185977585,20.068879199452848,19.7467061491443,0.48187912224711577,-48398.339980445395,66.66666666666666,33.33333333333333,12,1,52765.48676702012,41967.829400871524,11.99740276865649,11.238668788507312,19.783942697803212,12.475638443681419,12.619226191458868,0.2981490154662008,-30112.36408014692,75.0,50.0,True,False
3043,科風,電子工業,12,1,15959.664077095827,13706.73379870608,21.202284502092194,21.125533145904292,31.473503842445457,19.26654487514208,19.19686210257758,0.44225248849290494,7086.817873882655,33.33333333333333,58.333333333333336,12,1,16065.321554164155,13815.57478029133,21.439470927384175,22.301437682603108,33.43450848553974,19.4195346162987,19.366911577152347,0.4456453915317647,7332.517771947154,33.33333333333333,58.333333333333336,12,1,19817.37027060284,16382.064167391014,23.15384969015265,20.174512530323145,39.67912249185673,23.02705947775036,21.788816112688195,0.5251211512817359,4875.518791302141,25.0,41.66666666666667,True,True
3709,鑫聯大投控,電腦及週邊設備業,12,1,764581.5637765637,660691.0231868429,21.19605423815013,17.776029449141966,43.88894715763353,19.34213801995508,19.536458319539644,1.7274858259480024,140918.82703667987,41.66666666666667,58.333333333333336,12,1,780533.5142526029,667019.9202526391,21.470799113578284,18.397941305750205,45.714467660492446,19.527420392901895,19.657689540125155,1.740477394891646,154177.83758125931,50.0,58.333333333333336,12,1,740430.957445825,643415.8597331513,19.82652977238979,20.000266990238856,34.88698069211746,18.836396933559097,19.625609966002347,1.7010794896114951,21587.732135465834,33.33333333333333,66.66666666666666,True,False
6167,久正,光電業,12,1,25202.343376094093,19547.67573529491,19.215823047556547,12.463474511017957,48.02347152945859,19.357935702187305,18.70325198274587,0.4930275031569342,-1862.8343017878553,75.0,58.333333333333336,12,1,24342.697111561847,18850.384841967138,18.46753045438113,12.849533288863265,43.56626486339705,18.667413081414143,18.072931350896617,0.47549139747091224,-1906.2755063999684,75.0,58.333333333333336,12,1,35683.985495505,26869.364075065765,27.35572821920787,17.84413519396421,53.39475681109005,26.608555879850098,25.97105076675017,0.6766402811210813,-1471.863460278876,66.66666666666666,50.0,False,True
5272,笙科,半導體業,12,1,6988.802631082399,5505.8154235180045,19.973634090806502,15.422094868549857,40.91986823548005,19.359010182695517,19.392889750052657,0.4584679585537532,334.8480466306252,41.66666666666667,75.0,12,1,7171.855586788021,5609.342333013533,20.352317890421933,14.830222793158063,42.19705255804446,19.723021385567687,19.759383149354118,0.46716646645809057,352.818536580593,41.66666666666667,75.0,12,1,6316.736731471595,5368.25569211042,19.391673815850254,19.526835712993144,31.468457737632004,18.875336096987297,19.069801697835395,0.44550922761955775,173.11363708090994,50.0,66.66666666666666,True,False
2488,漢平,電子工業,12,1,56854.81066553783,46532.7978448469,20.66121048718962,15.287242430550647,28.618920980286255,19.37234053588045,18.524130396541736,0.7474680247003626,21506.718464616046,25.0,58.333333333333336,12,1,59095.33349583861,47557.529078346306,21.25844130709076,15.73555360550955,29.425968234849776,19.798952373820942,18.928144453369423,0.76378812445571,21681.360028957788,25.0,58.333333333333336,12,1,48486.89019130515,43843.90065293786,19.326953871992036,17.36204247477102,32.50891899509167,18.252910059309546,18.3475862281667,0.7041615571936667,19934.944385540304,33.33333333333333,66.66666666666666,True,False
6796,晉弘,生技醫療業,12,1,13993.911827678261,10682.158239014807,20.998151206587778,16.612045584275688,36.88711375194467,19.381317026466675,19.465365628430277,1.3041538069696041,2584.611094132562,58.333333333333336,58.333333333333336,12,1,15090.004443636353,11252.850684698553,22.260855263229438,17.18827905550046,40.174284717929844,20.416760517090946,20.51822653045799,1.3756963692463107,2997.827021904966,58.333333333333336,58.333333333333336,12,1,7445.500423524406,6336.218344913305,11.536113547566597,10.863236821151903,22.461536559834588,11.496202709594455,11.660220776141866,0.7653270784134439,-1134.3322558190976,58.333333333333336,66.66666666666666,True,False
4506,崇友,電機機械,12,1,112040.0117029206,97317.43203403933,20.51144033703678,19.67697341658709,33.289133006617696,19.396184877978758,19.310546512015577,1.3080912758680725,24764.985905713616,33.33333333333333,66.66666666666666,12,1,115675.39066227242,100293.76541326423,21.102493301616995,20.556998927574096,37.02822502687822,19.989393219745864,19.782900563302267,1.3483250147747574,27447.047735954406,33.33333333333333,66.66666666666666,12,1,104482.41433371058,81132.98855899538,17.37377212088963,11.93401816056011,40.73412496785759,16.17048881070739,16.228362402808553,1.0862906318777443,626.4294335461551,66.66666666666666,66.66666666666666,True,False
6462,神盾,半導體業,12,1,115697.19182306888,86272.76267265693,19.69966459083875,11.702311616420067,54.44810576442677,19.41559934810586,18.340573938582313,0.7366692171986559,332.58107594324,58.333333333333336,58.333333333333336,12,1,116504.61657711008,86600.56697745678,19.89702167091087,11.576549076453539,55.926455450905934,19.48937138054589,18.364328123981267,0.7390763819132514,1956.6424522051336,58.333333333333336,50.0,12,1,117070.82268895503,94232.53651357752,20.726402465794138,16.839751342834376,40.631439384443944,21.206938526419073,21.002150796740864,0.8059491318846185,-14283.971310413874,50.0,66.66666666666666,True,True
3306,鼎天,通信網路業,12,1,25065.57704660472,17528.620569335657,17.775023693281945,12.468556205686083,39.684488667979764,19.4244286151505,18.54049253001039,0.6212160258602969,-2455.081906417836,50.0,91.66666666666666,12,1,25781.579429687394,17913.84159778545,18.254492413635322,12.370785896885849,41.86675995328393,19.85131322586927,19.03398308457211,0.6347999906536099,-1841.6658443054464,50.0,91.66666666666666,12,1,23148.530029041696,19441.448012882265,19.581434164602218,20.318016696961067,31.676846656554947,21.544137920472075,20.869247759187218,0.6905532768376487,-7975.8264654293425,58.333333333333336,83.33333333333334,True,True
6215,和椿,電子工業,12,1,54403.543446159165,40425.22022699917,20.733428124454097,14.806984064697554,50.26164965176226,19.432025643404042,18.479833644991004,0.8505042279876712,9084.00667438605,41.66666666666667,75.0,12,1,55820.04167440152,41055.3787934849,21.184979602080144,13.622307173618378,52.72951989672146,19.734936978323205,18.691463440002533,0.8638024613060996,10833.442037204406,41.66666666666667,66.66666666666666,12,1,47537.80006743231,39022.601808774554,18.59299809033064,16.294397425795825,32.384884246767506,18.757800075360066,18.435100630937136,0.8200594680927268,-6660.911590979238,58.333333333333336,66.66666666666666,True,False
4754,國碳科,化學工業,12,1,12660.218073891754,10121.63685190286,21.79162505564939,13.908590179892816,44.95947616790126,19.502096525359434,19.35417656416766,0.8595398308648079,1851.0291895382459,58.333333333333336,83.33333333333334,12,1,12778.027944196603,9877.099177689013,21.30186414554214,12.904165607686041,48.04154474312792,19.03092793905427,18.802132208845048,0.8385651841419944,1935.2254162743382,58.333333333333336,83.33333333333334,12,1,13709.785529107918,12322.475919827486,26.19947324661471,21.63598448712925,45.8162625597343,23.742613802105936,23.87632225322596,1.0483116513701316,1093.263148913411,58.333333333333336,66.66666666666666,False,True
4433,興采,紡織纖維,12,1,69629.92939098798,58736.5869818969,19.29145889371273,21.328205575990474,29.32949235270109,19.52415672483136,19.210967672518883,0.9648808144430857,-17939.25907942029,66.66666666666666,83.33333333333334,12,1,71693.10366008659,61358.621937587064,20.203518062591538,21.682310614663177,30.85371189040289,20.395726287234762,20.119779538190265,1.0075254911940166,-18865.11367160064,66.66666666666666,83.33333333333334,12,1,61073.1711407491,49733.25344188329,15.764475026750233,15.07520092020913,25.741540731719244,16.53143099605631,15.923069979297294,0.8189548930735878,-9606.567749797272,50.0,83.33333333333334,True,False
6499,益安,生技醫療業,12,1,8650.117744814002,6826.3482367365,20.82454721197183,12.574277496007626,37.033916371048406,19.530590413265305,19.57758432038055,0.29634998946650076,625.7292616663281,50.0,41.66666666666667,12,1,8658.803233002865,6628.837187424256,20.431455007426493,12.857879359333529,37.08702338072541,18.96549949313729,18.87865385363736,0.2878482129526377,965.3029441583482,50.0,41.66666666666667,12,1,11609.322111815105,10238.172919021628,29.084913867235233,31.881814805491153,36.86628801793347,29.29202480258915,31.557175980358505,0.4436025180220608,-2430.433880761877,58.333333333333336,41.66666666666667,False,True
5546,永固-KY,建材營造,12,1,37417.8587030688,31810.050446038575,19.4545708717602,18.60600305677252,34.71835291592235,19.57991401883422,18.304806387417173,0.3131516124776677,12011.899216838208,25.0,58.333333333333336,12,1,39545.581496163344,31777.738226197584,18.85846976630832,16.951293241732042,35.577513495592825,19.56002500648205,17.81447183219185,0.3116936139916136,10568.182008100875,25.0,50.0,12,1,42672.861303885526,35152.48281736747,26.336709577613444,23.172934882748528,55.195691778600334,21.63726814203518,22.019016048549204,0.35555198224512213,25005.35409547416,25.0,58.333333333333336,False,True
6231,系微,資訊服務業,12,1,30901.51614251584,27567.643508638237,20.681148625545642,19.630040632761496,37.49474857479536,19.580300483255165,19.814762061678806,1.655620137762748,-1505.568424818596,58.333333333333336,100.0,12,1,33068.83580378526,29696.233141994424,22.168930785943093,20.98712935738376,40.147473702914425,21.09216074122739,21.212234288769324,1.7833965322969643,-1882.7710226524057,58.333333333333336,100.0,12,1,16601.143907597074,14947.856964802915,10.985221478924075,10.488960876049674,18.768107530879192,10.61692236624607,10.897699241754644,0.8987378083730532,1889.2549556856586,41.66666666666667,100.0,True,False
8916,光隆,其他,12,1,163631.54285735937,139363.22872272242,18.89547848341515,19.84549568211306,29.450910534297098,19.588217317829347,19.623217509378023,0.8767650004366239,-20291.984948119487,41.66666666666667,41.66666666666667,12,1,162984.79986879535,139286.3655621728,18.836093325555325,18.956332242988346,29.33862832072794,19.57741380598207,19.547107794567275,0.87632310116366,-19417.007103756743,41.66666666666667,50.0,12,1,194146.78325156678,163914.4461191591,22.782124756857677,22.58358908898885,39.33219753614799,23.039016974139724,23.4436530530469,1.0312890227629503,-28166.785547384658,58.333333333333336,58.333333333333336,False,True
2929,淘帝-KY,貿易百貨,12,1,34421.125927224864,28859.697000901633,20.83000403225553,20.305528422654177,33.36009644328647,19.642680285864326,20.076473375717807,0.29287912165288604,3791.656660731887,33.33333333333333,91.66666666666666,12,1,38040.12731251914,31875.66220162094,23.071013297488683,22.883667289810543,37.36140361383322,21.695426722847746,22.304754010156618,0.32320197635682363,3239.6879938015904,33.33333333333333,91.66666666666666,12,1,17656.298907662553,11835.474767200763,8.15223378245706,6.598135654229716,12.778826751481864,8.05554011451596,7.699756844431891,0.12411070932417857,8759.37466310453,33.33333333333333,91.66666666666666,True,False
5490,同亨,電腦及週邊設備業,12,1,28499.181906124493,25193.762645132705,19.980960144580507,18.397415636829308,32.359465192940604,19.67382763969451,19.812113005301953,0.4713206811516368,2651.222752799926,33.33333333333333,58.333333333333336,12,1,29594.294286933895,27183.606189901726,21.506104871169317,19.43298333581164,32.81482043234784,21.227697916284885,21.51620314609163,0.5075876265896762,2798.140471456787,33.33333333333333,50.0,12,1,44969.246795544714,34870.146856151485,27.93437237954902,22.102831188156376,62.056143329606705,27.230123133326295,28.246076144303927,0.6521379032369192,1328.9632848881545,50.0,58.333333333333336,True,True
4161,聿新科,生技醫療業,12,1,16662.26858660288,13728.128997674743,19.76437260051076,19.05614526284967,33.78121362436781,19.677415066824285,19.733647959812984,0.8834265399443574,82.76857029461826,41.66666666666667,66.66666666666666,12,1,17300.292534464967,14199.118691203223,20.40468984727215,19.28552148219288,34.579035458456886,20.35251505265091,20.39083743108798,0.9139730855384735,-105.66885811779139,50.0,58.333333333333336,12,1,12205.016932743554,11280.437900233015,16.668520069245933,13.037144548096036,26.600817117566056,16.168981128893666,16.441589981831797,0.722214553179167,1778.7054260062923,33.33333333333333,75.0,True,False
6221,晉泰,資訊服務業,12,1,109144.5521073384,86341.059771271,21.12619547399953,19.03216753393743,39.50404013865001,19.74098783094637,18.845673499448555,0.7842290553076016,22790.515995996742,33.33333333333333,50.0,12,1,109618.80783916349,85224.44261974962,20.915668180969835,17.84731530196359,40.321002015413576,19.485684900238727,18.574703856623728,0.7739058441466033,20753.909051132567,41.66666666666667,58.333333333333336,12,1,129992.57639661919,112206.59431489883,26.47670841652012,21.109967289279545,51.12074558091885,25.65487404011913,24.050114818865527,1.0209960761574457,41119.97849977423,25.0,75.0,False,True
4148,全宇生技-KY,生技醫療業,12,1,58380.50269291371,48592.74768113575,21.758291692095426,20.683726779896283,37.81213381068713,19.74652715294088,20.81943765711356,0.6258457389692271,182.371232213792,58.333333333333336,75.0,12,1,60598.55620749373,50073.272342541655,22.673493812370722,21.816217004172213,39.696774449200056,20.348164677513296,21.61804474943719,0.6446268892642512,1009.9020807664516,58.333333333333336,66.66666666666666,12,1,45053.007518768376,39760.473748319426,16.381720290410218,14.003870188249678,27.857080319750434,16.15737557458146,16.392212978817554,0.5140727807472684,-7265.4064047602105,50.0,75.0,True,False
4167,松瑞藥,生技醫療業,12,1,24481.49884734266,19789.018548113232,19.845192441330887,17.583713716448035,43.7465385140548,19.761188208053557,20.424484959150778,0.574622624991162,-4404.035604226187,58.333333333333336,58.333333333333336,12,1,25414.82127776465,20518.498098578708,20.580969079461784,18.808921699304747,45.67436399266287,20.489641852969108,21.235504409558505,0.5958371159472132,-4306.506028877587,66.66666666666666,58.333333333333336,12,1,18959.29493219284,15543.582421917852,15.39392286973556,14.009332497801394,26.908386414739827,15.521722662501494,15.679797970349437,0.449620539425378,-5281.801782363597,58.333333333333336,58.333333333333336,True,False
8416,實威,資訊服務業,12,1,36090.39157518475,27925.656905170847,22.11529782738015,13.29390283256426,32.352482078659186,19.764861066029958,20.113685619967544,1.8169705866691086,-294.74232053782424,58.333333333333336,66.66666666666666,12,1,39189.282788602315,29870.5827021119,23.71040537993657,14.546152291269143,35.16726466122535,21.141415547481017,21.17474484565495,1.9436663726319112,819.4697761139845,58.333333333333336,66.66666666666666,12,1,22314.51156413931,16413.7451820863,11.637323856163333,6.517367769897267,27.366123873898378,11.617108746941744,12.955317989719841,1.0530532967563968,-10322.651190404182,50.0,75.0,True,False
1626,艾美特-KY,電器電纜,12,1,151127.47056138035,128439.96231225102,22.021405459953193,18.711145369623477,37.99368161682037,19.77520589872995,21.186707045663347,1.0290624760613245,31567.897939225353,33.33333333333333,91.66666666666666,12,1,155951.2430662822,132193.21634415866,22.535150556118808,17.475167524303092,40.87017217600255,20.353074109955145,21.648495837917096,1.0587524175495469,33076.95971091504,25.0,91.66666666666666,12,1,132106.88920811404,107281.84506662778,19.73501489251311,12.493570866281992,44.00640608482894,16.517605091089727,18.607136701524972,0.8619491989733197,17986.341994018163,50.0,83.33333333333334,True,False
2365,昆盈,電腦及週邊設備業,12,1,17652.01216197256,15799.240817047132,20.020028835795774,18.411850739549475,33.42765823561979,19.798898873994794,19.545502811982686,0.5646781987133485,367.2348129929439,50.0,83.33333333333334,12,1,18008.620875823915,16097.560857303592,20.392160880192677,18.42931415455043,34.265778222047565,20.172740147605282,19.824943620734,0.5753181920818161,558.0047436605,50.0,83.33333333333334,12,1,16347.749621135183,14436.89716621355,18.120370474337346,18.254680004540937,31.147480341254298,18.091671008629287,18.600045669941732,0.5162328743548797,-1349.6945630150894,41.66666666666667,83.33333333333334,True,False
5474,聰泰,電腦及週邊設備業,12,1,28157.903210364453,24264.920519515046,19.98275326106885,17.18861249646439,36.323345020260064,19.835801036017006,19.807505096949043,0.3939283532714965,-4670.096848451453,66.66666666666666,58.333333333333336,12,1,28428.7487442847,24546.16534296038,20.087043029334552,17.295714472280157,37.5045196644067,20.06570973717202,19.993444554268645,0.39870586216087306,-4814.6697631861825,66.66666666666666,58.333333333333336,12,1,31429.50089645078,23864.256418084096,20.55774519761213,21.645325435758462,33.32494954348814,19.508270871973522,20.05058308926053,0.38549068863740477,-3368.940615838954,58.333333333333336,58.333333333333336,True,False
6113,亞矽,電子通路業,12,1,13160.771934641123,10603.653811802498,19.102299434796297,18.269821747673223,31.99640313689623,19.839320354120538,20.145407858922514,0.18098572257699652,-2850.503783603221,58.333333333333336,33.33333333333333,12,1,13513.24416355509,11058.59766459906,19.84344088512816,19.295917498584902,31.69563017416427,20.690515328886935,20.960299522493433,0.1887880235511429,-3089.2091283564655,58.333333333333336,33.33333333333333,12,1,12199.894413374774,8355.86235170511,15.458945807359584,9.29492538461107,34.70335980148395,15.633727106961532,16.2782096062659,0.14227744621150815,-702.1556808240239,41.66666666666667,58.333333333333336,True,False
6160,欣技,電腦及週邊設備業,12,1,23352.45637575235,19714.772029965177,19.749580903919636,17.871191678190282,35.17920369295169,19.854081501836397,18.738042713088383,0.699347086328948,6350.967951067254,33.33333333333333,50.0,12,1,24037.099398219594,20139.72828671975,20.093698769473175,17.19845199280383,37.16102336352374,20.282040604964585,19.050590415378608,0.7142850364411358,6301.309467578204,33.33333333333333,58.333333333333336,12,1,19987.870223297028,17055.421375026,17.844317088411277,16.303506209257847,32.24302083329615,17.17593921518589,16.68995178584303,0.6054707118963671,6797.89430246869,41.66666666666667,58.333333333333336,True,False
2014,中鴻,鋼鐵工業,12,1,369884.45591506123,314766.41366435884,21.210532676610192,16.569487894960165,36.00049026003787,19.85745730329029,19.77290034434156,0.29102698988610726,72371.29532707138,50.0,50.0,12,1,383751.1979100348,327824.7001750036,22.067753338552343,18.099891415587518,39.05097222661218,20.681256652847836,20.57502829402825,0.3030333233708367,72317.55185368664,41.66666666666667,41.66666666666667,12,1,336408.3766899572,264889.19019001274,17.024963280350384,14.681401629942087,32.10462636381831,16.710886409596988,16.251943835334583,0.24483705400447395,72854.98658753301,41.66666666666667,50.0,True,False
8064,東捷,光電業,12,1,82675.07297534276,47590.66531604348,16.77427738695183,16.615629364274735,27.006541532901757,19.893794781749637,18.470311010040664,0.4616267494536628,-32146.96900097206,75.0,58.333333333333336,12,1,83568.9523039965,47786.67432964559,16.834093991721204,16.12675536213377,27.528594708754557,19.975730242539655,18.51879111975345,0.4636880297095171,-31817.596970178205,75.0,66.66666666666666,12,1,81241.29600290854,57873.50129018311,21.77223013821717,20.539854274392056,33.50075383631216,24.192213963020563,23.866007626431895,0.5592065404336605,-35111.31727811677,75.0,41.66666666666667,True,True
4417,金洲,紡織纖維,12,1,72472.33550517308,58001.912645805016,21.02373620643068,23.199326684544445,41.01286189238625,19.93722135714894,19.67101593756664,0.9015270714299012,17886.516655214702,41.66666666666667,58.333333333333336,12,1,76148.38133244506,60780.17273172146,22.068487478058675,24.899375515640163,43.82513752564915,20.89220342229044,20.58188351780462,0.9447190001224895,19387.56280996431,41.66666666666667,58.333333333333336,12,1,44251.49762626436,33983.38966765322,11.96614905978163,10.2079211136488,23.91396463554075,11.681241727452809,11.637531645199871,0.5281461570356455,4377.10126246804,50.0,75.0,True,False
4406,新昕纖,紡織纖維,12,1,9919.263659514496,7976.682330584244,21.15380863348102,21.079649167326163,32.13422742521658,19.971663321442772,19.28401892962075,0.5827674316161945,1899.5527484481133,41.66666666666667,58.333333333333336,12,1,10074.798013351061,8201.112599437954,21.635866054532226,20.5250589377788,34.85348566569638,20.53358187140199,19.767825890636257,0.5992367315323613,1955.0992708398223,41.66666666666667,66.66666666666666,12,1,10977.343003870563,8138.363676277916,22.0036472066921,15.567613919342868,36.493595870797215,20.376473901547108,19.712070951657125,0.5949595286764449,1399.6340469227125,50.0,66.66666666666666,True,True
2851,中再保,金融保險,12,1,439523.0945186504,381178.9583580257,21.077404457368097,22.918688773948176,37.64836804074883,19.975855499549546,21.302274875745432,1.7971954011165276,-60863.30442520229,58.333333333333336,66.66666666666666,12,1,438834.1869662429,379346.5139965384,20.870425530167825,22.532289130684813,38.42365024215327,19.87982542503097,21.11968183078021,1.7875648264820316,-59157.701150462344,58.333333333333336,66.66666666666666,12,1,492484.627493454,401181.4422768683,23.09667359302505,17.834744159315672,44.86086685360442,21.024094704872017,23.233809515830668,1.9014708145443329,-76213.73389786268,50.0,50.0,False,True
4972,湯石照明,光電業,12,1,20864.209320104106,15548.256223628465,18.642294628854327,21.440247323801856,35.47185011085158,20.000072321720154,18.474281227335236,0.6120066503525945,2253.772681966397,25.0,83.33333333333334,12,1,21941.917882798778,16198.883813726161,19.351945582607957,21.252063232333356,37.33417107036722,20.83698925113667,19.390935946377205,0.6373478885624991,1560.9624207058623,33.33333333333333,83.33333333333334,12,1,16171.276928957352,13766.614562781819,17.51451195337442,20.669946808981862,26.514997272722084,17.708306508511363,16.204045745629752,0.5436804154948326,8489.065033311164,16.666666666666664,66.66666666666666,True,False
4977,眾達-KY,電子工業,12,1,22234.396622946148,17945.193457544967,22.375833442104224,15.542963972225163,44.70042482491083,20.032309727253153,20.40611080252107,0.19481328486510033,8506.62178026842,33.33333333333333,66.66666666666666,12,1,23247.497912729228,19016.61268804707,23.650009855028355,16.831280188212748,48.96075724156927,21.22834040387589,21.30957014738597,0.20649283922848796,10131.884349526936,25.0,58.333333333333336,12,1,25119.9912588032,20097.219463233287,23.81488519562258,24.12058093055657,48.70564313996947,22.43462718284606,24.589674213330667,0.21941144367391308,-6120.741343058234,58.333333333333336,41.66666666666667,True,True
3036,文曄,電子通路業,12,1,22975462.773199245,19666128.467447083,21.415152088939937,18.295505502668526,40.2915578253537,20.034276546882946,20.488056819901495,1.5967466819565066,342827.10080357146,50.0,50.0,12,1,23618586.21507545,20127362.46835135,21.90013975992378,18.70821971889306,40.03448506757874,20.50414480500182,20.93230732197451,1.6339593765083704,407377.03924120404,50.0,50.0,12,1,18783644.897647195,16502458.158549905,18.141562920487537,15.929147188294207,31.109191751491693,16.811382626682878,17.771685079332418,1.3438928573122981,-238122.34513516226,50.0,58.333333333333336,True,False
3661,世芯-KY,電子工業,12,1,633986.1794386015,518510.2622809619,21.855448778022346,16.785628913047873,43.93390849285239,20.044657102436712,18.836157118525133,0.6308488986360693,518510.2622809619,0.0,33.33333333333333,12,1,638253.6450682224,525297.3801417007,22.264357480930787,16.887381865360574,44.72773097506697,20.30703464851239,19.189523128114352,0.6382868268838622,525297.3801417007,0.0,33.33333333333333,12,1,673157.5815859514,545067.9547861024,21.759220930130052,16.73840200389534,36.789506152921135,21.071328854998942,18.86311218627068,0.6693432969303853,457426.2015343113,16.666666666666664,58.333333333333336,True,True
3205,佰研,生技醫療業,12,1,8013.933748782156,5813.8213623472975,39.02040386437744,7.640045877263614,74.12249041319441,20.15888128414458,26.30680016450844,0.8800747923979698,3690.586196905804,41.66666666666667,58.333333333333336,12,1,8079.05447761443,5858.552045473519,38.65892100068764,8.267442132014867,74.91352426545369,20.31398074019944,26.152606561129893,0.8870502733864178,3683.2366468435844,41.66666666666667,50.0,12,1,7973.828772891599,5903.0002863742675,43.67056671495118,11.141560122229235,69.89644091596004,20.468100854279708,29.328459788055845,0.889806788368245,3756.73214746578,25.0,66.66666666666666,True,True
1540,喬福,電機機械,12,1,10753.163933260157,8330.520574254266,20.10129550463079,15.570365798940378,41.945404860534346,20.177306770571388,20.76725055281573,0.4215134074121405,-1492.7451627990583,41.66666666666667,100.0,12,1,11608.91229847794,8929.331311559785,20.96000573654515,14.949356728319929,44.49933441462253,21.627682870891757,21.73107497935334,0.4518651586994989,-1322.9299366066318,33.33333333333333,100.0,12,1,13200.741184554707,11007.94121918686,28.31636641566075,19.001497457095308,44.563311368120786,26.662272172808827,27.215948953637042,0.5613240701672293,-3021.082198530898,58.333333333333336,75.0,True,True
9949,琉園,文化創意業,12,1,2952.2276604076587,2366.6231511019555,19.376546725382436,14.534058367063151,34.71554651650645,20.18843679852669,19.276579691565363,0.632286223395334,0.07526115047812709,41.66666666666667,83.33333333333334,12,1,2999.3358423623463,2381.6910159979493,19.55405647639269,14.591792009917048,35.069988639896344,20.316972952666763,19.423543547342863,0.6359119567801735,-38.05607339268545,41.66666666666667,83.33333333333334,12,1,3147.0094250183993,2400.210510281363,19.47223277063078,16.948411811780677,36.072965938040184,20.474953170052572,18.79409540557365,0.6446953924011164,343.2572720389503,41.66666666666667,66.66666666666666,True,True
2354,鴻準,其他電子業,12,1,3175453.3972367644,2628901.5004017144,21.05585269771739,25.98678255171662,36.54532071068189,20.20000884204225,21.642027207861766,0.9509486280025131,-317267.38671680074,58.333333333333336,58.333333333333336,12,1,3386789.040743828,2776353.8838434713,21.91008148155398,24.75013270116675,35.80193545780693,21.333006578491695,22.8153455512787,1.0018617577385867,-488417.7382482216,66.66666666666666,58.333333333333336,12,1,3611092.9092207323,2892085.596059645,25.569108366653992,15.401396028699722,54.87974570251626,22.222268351789086,24.238758460264044,1.0969895145739503,1223085.7770659807,33.33333333333333,58.333333333333336,True,True
8033,雷虎,其他,12,1,30998.36329265681,24058.558549470414,21.193904173842782,15.635692541057084,45.01171517847265,20.28115890203491,19.505815578561183,1.1689427462149913,5757.609237171014,41.66666666666667,75.0,12,1,31973.826960079714,24809.092608195107,21.948932620475677,17.369091764914984,48.24436015210083,20.913852688534423,19.981993873116856,1.2054763978915697,6732.469387847094,41.66666666666667,75.0,12,1,27767.14475906313,21105.71668579728,17.44165807570934,11.732575763192074,33.400761432170555,17.791938488991754,17.530303749141144,1.01515833255441,-3016.1321189137757,41.66666666666667,75.0,True,False
1760,寶齡富錦,生技醫療業,12,1,42406.67741027839,34910.36688261264,20.043599949028902,21.02387565248089,35.57644267600127,20.302705573703477,19.746899625357255,1.0804017266348231,-4716.269074988758,41.66666666666667,100.0,12,1,45917.20999908242,38005.40060035359,21.674523882818946,24.09019334695271,36.83844223791151,22.10267400495122,21.408324032615848,1.1778483683244843,-5382.548046144115,41.66666666666667,100.0,12,1,24983.02338859661,18000.987614901136,11.059323014615353,6.57298359776549,20.294420720601515,10.468774298766965,10.393317637814334,0.5534285052631811,1280.241665409382,41.66666666666667,83.33333333333334,True,False
8482,商億-KY,居家生活,12,1,68486.71389877719,58039.87498915209,21.385173747083176,22.451191679741708,37.42247361060598,20.335376175775046,19.955093420555713,0.7445582947338001,11968.293231806854,50.0,83.33333333333334,12,1,69979.84155519014,59736.28589401435,22.006404608831954,22.84447956201428,37.337340868787244,20.929746062090423,20.54405138126392,0.7659637010709267,12425.33774404563,50.0,75.0,12,1,58691.353288817016,49124.95104902298,18.697040514816223,16.3320437323199,39.2817863849607,17.21186269586435,17.60753132013659,0.6320047235020996,7854.892621657785,50.0,83.33333333333334,True,False
6236,中湛,數位雲端類,12,1,808.3203967813208,613.3035294476141,21.036109193334184,15.27549978971246,48.440017034635474,20.361439627531798,18.501135369809848,0.311897726555219,380.0532160329048,41.66666666666667,33.33333333333333,12,1,835.6681834365439,639.8594945807728,21.947919676956516,18.047874667576245,48.06352008866697,21.243087384062175,19.38607402567776,0.3251671995705942,396.0952255939499,41.66666666666667,33.33333333333333,12,1,772.4764754862666,621.9730899965813,22.007191260827017,19.132477522380125,49.169147482491525,20.6492656797869,20.048917793058248,0.3188254943709676,235.67512998349704,50.0,41.66666666666667,True,True
3086,華義*,文化創意業,12,1,3267.4669773212186,2712.09690126126,20.32599971948126,18.895886213149193,30.06426677689523,20.406409891297063,19.91474063327846,0.47436280769177014,-402.5513062730676,58.333333333333336,58.333333333333336,12,1,3341.480991986015,2735.8882983500007,20.48960744350691,19.365887936094563,30.167069966920206,20.58542156328182,20.06169845294304,0.47914781530741823,-411.1796517372054,58.333333333333336,58.333333333333336,12,1,2928.0893651586816,2497.9743274625866,18.85353020325041,17.363721356495194,30.764064817720822,18.795304843434202,18.59618723342593,0.431297739150937,-324.89619709582576,58.333333333333336,58.333333333333336,True,False
5301,寶得利,觀光餐旅,12,1,5359.550527750004,3971.82633711812,22.60023631944318,14.91428042614073,45.104698052609415,20.42971664677104,21.316724535635597,0.12594455881864555,506.36047482784835,41.66666666666667,83.33333333333334,12,1,5338.399573629152,4114.890836012416,23.379970653421108,15.859007927001665,45.16354665444065,21.165591513028026,22.36891204487926,0.130533476878954,496.2363021583671,41.66666666666667,83.33333333333334,12,1,6790.762950310668,4623.518608518,27.216190052908267,14.630581774586753,50.51040030639058,23.781798866773258,25.356434846780452,0.14501535322242612,597.4780288531723,33.33333333333333,58.333333333333336,True,True
8024,佑華,半導體業,12,1,3513.954458649988,2622.0014828739645,22.563372358776558,16.062174300968536,58.27870305351394,20.460143446234003,20.127912207049427,0.270790967181251,965.359844420179,33.33333333333333,83.33333333333334,12,1,3596.800750059346,2633.3433944994467,22.7072250628493,15.597544773569322,60.31780668022117,20.54864726300436,20.13381431915535,0.2717527865943007,1006.4831782396687,33.33333333333333,75.0,12,1,3299.025725088441,2739.8704898846404,23.13835300036079,17.246095116490288,43.93540974186627,21.379905241585938,21.37968852999291,0.2840550858260857,595.2498400447674,41.66666666666667,66.66666666666666,True,True
5438,東友,電腦及週邊設備業,12,1,28660.840619256527,22127.268471979205,22.465961474630557,15.56653266361741,45.55214521527076,20.463106348210953,19.907644384138266,0.5382891606946804,5787.672730072737,41.66666666666667,58.333333333333336,12,1,29552.37593273759,22774.122733821638,23.104619376850355,15.487054583582955,49.80532419172948,21.06131157036195,20.40762991789218,0.5538563025121374,6085.905924096448,41.66666666666667,58.333333333333336,12,1,25304.55801159283,16401.030785495925,16.790631383771192,5.874710738487525,32.10975241198823,15.167531302333643,15.356852890496638,0.40049503522780916,3103.573983859322,50.0,66.66666666666666,True,False
4714,永捷,化學工業,12,1,33308.11605132244,26134.754213665496,20.267784045388083,15.935450768762438,35.909400760787946,20.51286239364672,20.424180926362258,0.6935781594326186,-6895.679513486089,66.66666666666666,33.33333333333333,12,1,33999.96782605571,26557.509172082933,20.575840254478997,14.164205215671688,36.012534176362756,20.844677807610484,20.677995554754858,0.7043696655111958,-6995.984300630315,66.66666666666666,33.33333333333333,12,1,31232.962259820593,27432.102137054128,21.710000949914498,22.938451413744662,35.096048659989144,21.531135579290037,22.242325657995742,0.7334424807710319,-5992.936429188082,58.333333333333336,25.0,True,True
9955,佳龍,綠能環保,12,1,32199.653732935276,25783.48336101958,19.976129784533615,17.07123854835009,33.4937236406643,20.530212568891596,21.399438613682108,0.3632714033000437,-10119.519534848225,58.333333333333336,58.333333333333336,12,1,31962.87024732947,25901.425538170733,20.183444947871067,17.301188525001898,33.831758405725395,20.62412454865969,21.561527557035454,0.3648553486291228,-10040.076339763576,58.333333333333336,50.0,12,1,36319.34941203379,27147.046826155,20.341968700905444,19.23717137997881,44.44039215820537,21.61595600388174,22.386545912856057,0.3831261389589773,-10834.50829061014,58.333333333333336,50.0,True,True
6024,群益期,金融保險,12,1,61447.496329598594,49719.5198693614,20.36826570364343,21.00596284050336,37.33649690822402,20.568821043679755,19.457220784801063,1.005386937153796,5987.128087173306,41.66666666666667,75.0,12,1,61687.74528151276,49677.745894531465,20.420453304786335,20.361942699428422,38.023674690106446,20.551539271554482,19.524375670941904,1.0046376573142286,6217.2776226068745,41.66666666666667,75.0,12,1,71458.61439982004,53285.70496572533,21.409333620422988,12.924118926826042,45.47521206100984,22.044141466090935,20.589973935733383,1.0776971273899254,3915.782268271117,33.33333333333333,50.0,False,True
2520,冠德,建材營造,12,1,529560.9672531715,393394.1432062613,20.855271879899977,14.901766270879085,42.4645420188491,20.638163291865496,20.99645088369753,0.3944892899583287,-98438.15789024041,66.66666666666666,58.333333333333336,12,1,554758.8972038246,417006.2045675095,21.865862843123978,14.431849524074943,43.4012299406651,21.87689443834189,22.292112238652205,0.4182471785231298,-124329.10645390976,66.66666666666666,58.333333333333336,12,1,507369.6419019881,402006.5439044644,22.874799773213475,21.42282611030028,47.33755660999716,21.08998530043897,21.19783786535153,0.40252021763042506,134580.37918278313,25.0,66.66666666666666,True,True
2392,正崴,電子零組件業,12,1,2292133.7749783625,1625161.7784343606,18.99624281610947,11.607778693798819,36.83801515839116,20.645569201296016,19.637263246808725,1.5409979651126129,41926.25751625956,16.666666666666664,83.33333333333334,12,1,2328423.595292788,1655489.922921432,19.330995156880494,12.164184778895667,36.60936879154873,21.030848878718615,20.068060617098617,1.5714324470737264,2275.068324126769,25.0,66.66666666666666,12,1,2311312.4572373047,1991697.8683976494,25.175754903208023,27.215427238797663,39.964541638795474,25.30193406941378,24.36083370005292,1.8804857108358404,398786.96024545096,33.33333333333333,75.0,True,True
1713,國化,化學生技醫療,12,1,8942.851349537412,7950.652568540193,21.587513979351858,23.858952481061056,34.53771284717359,20.738984312807403,20.72831367260905,0.6269947327857079,775.0369379917944,50.0,58.333333333333336,12,1,9266.806729350421,8158.19508047797,22.178008607909007,25.507281160830054,35.098912141276756,21.280351309064983,21.321618910443004,0.6431961490125926,817.6330328347282,50.0,58.333333333333336,12,1,7285.949091200578,6432.556178224676,17.271396132665114,18.381806865873546,29.99716059134194,16.779085807285895,16.702583240542644,0.5089342465101867,391.67208440538644,58.333333333333336,91.66666666666666,True,False
6643,M31,半導體業,12,1,38980.41072148623,30942.922390314223,20.436353897005883,19.70678007128494,34.50916858028934,20.835008839440626,21.916235493715423,1.4097871716676236,-15089.51306796832,66.66666666666666,66.66666666666666,12,1,39164.10344874781,30909.242135712488,20.259786424529377,19.42901639940328,36.06839841222689,20.81233068404567,21.750192376954733,1.4069708970814563,-15514.849879562671,66.66666666666666,66.66666666666666,12,1,44734.82666310501,36545.19252072012,25.475823186355534,18.88283835085642,53.08172770069175,24.607223571313465,27.82578354725033,1.6741813630355973,-11261.481763619217,58.333333333333336,58.333333333333336,False,True
5014,建錩,鋼鐵工業,12,1,308340.05262635084,259829.00980967694,22.41095615636438,18.961109083279243,41.17108273975392,20.851614139181983,20.572801624945313,0.9053716115647497,39109.83696832207,58.333333333333336,41.66666666666667,12,1,323977.06659399107,272344.9075779307,23.458924664821463,20.416390974288067,42.37934918911051,21.856031125030636,21.48174522741188,0.9488582195792977,39950.025518942624,58.333333333333336,33.33333333333333,12,1,187729.18397431207,148257.6629401088,13.057188506965286,10.921728555897237,30.296684695544524,11.897869229723378,12.409898843451622,0.5177800128028206,31548.140012736752,50.0,66.66666666666666,True,False
6150,撼訊,電腦及週邊設備業,12,1,168113.52303765895,132035.8125586176,20.257610090806345,18.034489818834682,42.922869232237126,20.92947018159199,21.336554778664794,0.5194447221879396,-22140.389265907812,41.66666666666667,66.66666666666666,12,1,173512.35037789497,136457.1335333402,21.104472851726577,18.84413243647615,44.2987468927965,21.63030962591035,22.191691485554212,0.5368473960665088,-23299.336435848487,41.66666666666667,66.66666666666666,12,1,141560.43216746082,110067.55221227517,16.295549918305834,12.759308174568474,31.866878046088097,17.447202447176366,17.14340133563448,0.43298832080095645,-11709.864736441823,41.66666666666667,75.0,True,False
7402,邑錡,光電業,12,1,10720.876886561377,9090.52800701758,24.484119715129115,19.126982516941307,51.0205995219594,20.942338211060505,21.876099257561226,0.7132825807653765,1287.3914728485258,58.333333333333336,66.66666666666666,12,1,10850.234753477262,9161.497966143841,24.66583991207354,20.664323231647984,50.95182654388155,21.105835522294786,22.015412593827012,0.7192596269753372,1400.7818341867885,58.333333333333336,66.66666666666666,12,1,10244.178500264954,8507.354720524037,22.960006782246065,17.472309606692367,51.63955632465992,19.598850550940497,20.870520272759055,0.6638989312373845,266.87822080414963,50.0,66.66666666666666,True,False
8054,安國,半導體業,12,1,64074.85262299394,50319.04744879365,23.017562545067683,17.800500313733643,45.58865343450378,20.96099313143475,22.475040370537567,1.4692096333641491,-16009.390824341654,75.0,75.0,12,1,64275.05296145224,50428.68211109397,23.540344213698724,16.64081827115124,45.46507202447804,21.006662744035882,22.89629987746887,1.4745464125126262,-14618.423769072162,66.66666666666666,66.66666666666666,12,1,71893.22410878549,58949.04060694329,24.710585708731646,22.63106469740082,45.12028954045647,24.555918641429482,25.317916568452674,1.7119672796318612,-28528.0943217671,50.0,83.33333333333334,True,True
6229,研通,半導體業,12,1,43882.69356972343,37789.83463522976,22.4306581555184,16.600715960937283,38.09425073130879,21.07013678470188,21.661124754069824,0.8364121094679223,4482.73026620367,41.66666666666667,41.66666666666667,12,1,46036.240660124065,39803.62766515259,23.642553722410124,17.622566635391195,41.996629974325685,22.19294917607966,22.72795971754168,0.8808405695223159,4932.681529166115,41.66666666666667,41.66666666666667,12,1,31146.541891398476,24591.504976978646,14.31178075101023,10.70131204807425,35.306407320161256,13.711263322744808,14.406627742439818,0.5447274653025348,433.16889954161405,50.0,66.66666666666666,True,False
2102,泰豐,橡膠工業,12,1,6085.3836792734855,4684.069086439592,21.371198187531867,18.768127833920637,44.310660380342746,21.14290245598119,21.433543479479734,0.03859877496487749,2.0363948671849053,41.66666666666667,75.0,12,1,6341.758423390631,5008.704272078572,22.85267588772494,20.420182773978045,48.76843094428599,22.608237389578736,22.73867919190787,0.04125287592970069,102.953544161423,41.66666666666667,75.0,12,1,6119.723535136132,4652.2654135599505,19.405999039695264,14.996381750301047,31.87341772022852,20.999347367226655,20.73315416839031,0.03863478183296177,-906.2179487809677,50.0,50.0,True,False
4108,懷特,生技醫療業,12,1,2871.6040373401006,2372.76907923528,21.09955699578899,19.647332379015577,31.56562403467666,21.15757443755126,20.38535649317231,0.5445097561629687,154.0262616843373,50.0,75.0,12,1,2913.720497906688,2414.752697294554,21.51185219982776,19.841967851352354,33.424094240320485,21.531935150534377,20.912134054871764,0.5537507670461992,117.54609156533934,50.0,66.66666666666666,12,1,2984.633322195646,2357.535304341332,20.81554507415451,15.143662750922788,36.794870327970095,21.021737482702083,19.82976343580911,0.5436257452385528,482.3477927553131,25.0,75.0,True,False
4123,晟德,生技醫療業,12,1,31926.01132054311,26791.157052167895,21.274019383286227,20.178269923471788,39.641109677890405,21.204063120454215,21.638656308354555,0.7207848553447254,-4330.086952580448,50.0,66.66666666666666,12,1,31481.84332908444,26488.571025918154,20.97086250769556,20.58536062189053,38.394150120207556,20.964579129991485,21.452414239756408,0.7130115999637853,-5025.132115661409,50.0,66.66666666666666,12,1,38614.78026234346,31962.481640785893,26.13950648747318,21.417602039760958,48.34471179429056,25.29694693207518,25.1716135565364,0.8572442131919714,1925.3195151481534,50.0,66.66666666666666,False,True
3691,碩禾,光電業,12,1,153905.97296257794,102610.63693362805,17.55545715654401,13.644226041285737,31.735472318531926,21.208063313139704,20.318435357678574,0.44208723127062116,-87378.46973901134,66.66666666666666,66.66666666666666,12,1,159531.77870608677,108180.69968356867,18.74067391066605,13.938731927855336,33.58564901752689,22.3593108542237,21.705558269345275,0.46611033752537256,-89181.10931981135,66.66666666666666,58.333333333333336,12,1,109223.4332954884,79294.31216446198,13.917845028322617,11.919935693655912,25.158628188809722,16.388932405161263,15.337272457425433,0.3412522904047098,-71154.71351181141,83.33333333333334,50.0,True,False
4523,永彰,電機機械,12,1,13070.76106413946,10165.937961381198,23.19482978443709,18.9084960814278,52.70509918728633,21.247279550043434,19.823329422519993,0.6371482284230978,5891.395097010184,33.33333333333333,66.66666666666666,12,1,13636.994630298894,10605.54553907988,24.061437219659467,17.98365357707415,54.5512031057346,22.16607967760316,20.513150771643208,0.6641854798324122,6177.374910150208,50.0,66.66666666666666,12,1,14035.069161052737,12553.269636588993,28.371893946674238,23.4472407595346,60.007909845313335,26.236912938965062,25.192117247572636,0.7870299360819919,3317.576778749932,50.0,66.66666666666666,True,True
8067,志旭,電子通路業,12,1,2453.5504526654245,1900.792143581416,20.11527917897795,14.115551187515733,37.192317521994596,21.290830764542196,19.070654654077003,0.40224843268952143,420.8762624526252,33.33333333333333,66.66666666666666,12,1,2589.5532190279628,1963.4677290943685,20.67576271705016,14.286428147596105,39.67057812622328,21.99286190915257,19.48689048685074,0.41502545935949736,449.2697831583254,33.33333333333333,75.0,12,1,1507.3350871533216,1367.7991053275261,15.43023421754259,15.007300585500671,23.01146234029168,15.32075948954133,15.149330060461057,0.2936018570186205,165.3345761013211,41.66666666666667,75.0,True,False
8472,夠麻吉,數位雲端類,12,1,12551.158241242218,8862.866963787967,23.36303354577526,16.59948357260263,55.51015692204145,21.301384295402137,23.542068175551442,1.1149864415307211,-2215.6649113443327,58.333333333333336,66.66666666666666,12,1,12656.061603643719,9190.004621009604,24.150471378095748,16.459804656647712,55.91710498308275,22.08764059175044,24.466862983189884,1.1550872659138427,-2391.421462101742,58.333333333333336,66.66666666666666,12,1,13303.2841895254,9719.737282105674,24.611022156339956,17.856593816196913,54.21827536436009,23.36082217440737,24.046735921326132,1.1873501919454055,-633.8559545276706,58.333333333333336,66.66666666666666,True,True
3556,禾瑞亞,半導體業,12,1,23096.662910959545,17198.485514247852,21.230850203619315,17.695262274584625,52.56296638453391,21.332160461221893,21.493023401655563,0.586728050423386,-1278.4342521095289,41.66666666666667,50.0,12,1,23527.607214855412,17547.91361445146,21.638424365720425,17.76209698466829,53.483948191092466,21.76557399039736,21.861400598062506,0.5984007575734999,-1290.5802499040371,50.0,50.0,12,1,20324.309493573972,16610.780547985687,20.515569115582476,16.072182652623674,44.50036022364689,20.603199958637212,21.10122303441013,0.5685315122277055,-1169.1202719589928,41.66666666666667,50.0,True,False
3522,御嵿,觀光餐旅,12,1,30709.222938872685,20296.126414855058,20.149456504575024,13.233485375611693,32.21022579566374,21.332531924171033,19.070867560517748,0.7242983423696794,516.1867893284161,41.66666666666667,66.66666666666666,12,1,32261.51408941028,21296.40185684047,21.51299527185978,15.531467274625507,31.725797787576475,22.383885633886806,20.084599659937094,0.7591811211652447,1303.591724065897,41.66666666666667,66.66666666666666,12,1,28059.628720150962,18295.133623947586,17.033437227591165,13.717875362713382,32.75002062627811,19.229360032177546,17.769589017048478,0.6589684308962506,-6570.457623308971,66.66666666666666,75.0,True,False
2434,統懋,半導體業,12,1,985.2314425479258,810.4471188632932,22.43897552480129,19.226253996603614,42.58175023945016,21.350498180851176,22.959889328187945,0.30080830211013015,-62.18724738315109,50.0,75.0,12,1,1030.6979881930988,842.3579461446683,23.288922385959975,20.349808724201164,43.29090353326683,22.191160136409778,23.788209464552587,0.3126368536121446,-48.348673083255356,50.0,75.0,12,1,653.8224966881204,553.1771016753189,15.490166215122356,13.137107036986434,30.751539240418758,14.572951680761841,16.183412825725043,0.2055347915089022,-186.734416082213,58.333333333333336,83.33333333333334,True,False
4304,勝昱,塑膠工業,12,1,7659.402482363073,6224.994389228698,21.368627161709977,19.659124423213214,37.05509852596493,21.35284323818715,21.3168637304438,0.4752321338401055,349.61024339849183,41.66666666666667,58.333333333333336,12,1,7778.158480996465,6284.163104248862,21.498507818571714,18.97810625321097,38.03255175770756,21.5558025048841,21.469623254013527,0.47980431857014677,364.17337747203993,41.66666666666667,58.333333333333336,12,1,8231.4735063802,6699.28953160658,23.189726065013108,22.95968369689831,43.31661503694907,22.979760338924223,22.18092289611343,0.5060640227649357,218.54203673655078,58.333333333333336,66.66666666666666,True,True
1445,大宇,紡織纖維,12,1,15869.76149779211,13711.104148633347,21.533964412163357,23.63377998295266,36.42531481981718,21.365401768048514,21.90283703071866,0.44905850707980943,-2064.935803401604,58.333333333333336,50.0,12,1,16316.592751526314,14017.301187925155,21.977280590695777,23.900957577336843,37.66102748153379,21.842534951032068,22.469105446156302,0.45913659116487615,-2162.0993864130487,58.333333333333336,50.0,12,1,13423.337507567681,11071.694644682239,17.710217624440553,15.371665648843644,26.98531245900654,17.252527715673825,17.495493031357825,0.36211567703928615,-1190.4635562986034,50.0,75.0,True,False
2359,所羅門,電子工業,12,1,89107.4880656301,75750.93336414441,22.006894819094484,22.565008358834206,34.8907473471277,21.42083168758804,21.558924022105234,0.8432844888450434,-3563.526148688725,58.333333333333336,66.66666666666666,12,1,91057.50249806119,76968.29078080908,22.44117441238478,23.951606420130073,36.8437387854561,21.76507574066995,21.938788569967517,0.8568305403581195,-2705.4931828220747,58.333333333333336,66.66666666666666,12,1,86733.49910556954,75798.36167621466,21.42108648768135,21.01724978335086,35.828281499174025,21.43424345487544,21.692513281143704,0.8455351359436394,-11285.822841488616,41.66666666666667,50.0,True,True
3622,洋華,電子工業,12,1,40137.95223054732,30865.31485463878,20.798628264951713,17.315775047111217,26.43441701818714,21.463647151837346,23.451330694234287,0.7737969898417075,-12741.536352461044,58.333333333333336,58.333333333333336,12,1,40319.788231312974,31074.412789287595,20.924784269922167,18.403792226434966,27.261249897256462,21.609053226928964,23.760522100300825,0.7789492861853274,-13573.80061038575,58.333333333333336,58.333333333333336,12,1,44107.53814794488,33422.35004919408,23.67037698596076,17.552442223894666,56.48933934304091,23.241801738279747,24.57393685790424,0.8375311751922722,-5251.1580311387015,41.66666666666667,66.66666666666666,True,True
8450,霹靂,文化創意業,12,1,5155.658663280125,4205.2927783763325,22.85114898404546,18.858635086353843,55.09434249324394,21.502933050049,21.506093408962677,0.6810003870544855,-172.49273244900905,58.333333333333336,58.333333333333336,12,1,5270.875321997207,4352.12562082395,23.738313310685278,19.800016504210816,55.31947431634651,22.253733754564646,22.281961318201425,0.7043488521138666,-147.82888565137742,58.333333333333336,58.333333333333336,12,1,5179.235215044911,3978.698022242313,20.435544212362817,15.78955834177574,42.5742695008558,20.34428557235227,20.76688339438735,0.647384136769472,-394.46735362769414,41.66666666666667,58.333333333333336,True,False
5348,正能量智能,運動休閒類,12,1,6081.065478665231,4808.167070859731,23.511225952913072,13.50888795257783,53.063677828750514,21.54068038435457,22.567754531579396,0.7121330246193304,639.5020001180716,41.66666666666667,41.66666666666667,12,1,6522.7967379543325,5076.0182350150835,24.87567507434655,14.245742119232649,56.29826723628604,22.740658719678112,24.05142554997666,0.7517301423455874,609.7561468463961,33.33333333333333,41.66666666666667,12,1,3795.428622192394,3092.117733048943,14.349123979598213,11.158020608394533,25.006260093380195,13.852746549111208,14.10296719570891,0.45803401586904147,907.2146795631439,16.666666666666664,66.66666666666666,True,False
1316,上曜,建材營造,12,1,97715.45528075188,80654.75152898722,20.914070137016473,18.351654653428376,36.67793122626282,21.589200288549424,24.089942233291513,0.7440870965982992,-80654.75152898722,100.0,25.0,12,1,101301.18758346376,84085.90050591221,21.763895386027528,18.653394825041616,37.57815039934004,22.507630524566732,25.181617229069424,0.7759160644075739,-84085.90050591221,100.0,25.0,12,1,82115.60611052366,71801.25576821672,19.942688432078896,19.091410342005226,29.453153835510083,19.219347432894637,22.135838800668484,0.6691602998608608,-49774.410736662474,75.0,58.333333333333336,True,False
4989,榮科,電子零組件業,12,1,55111.85727313397,48320.25918848899,21.04319627762016,21.218124273324335,32.08114279495774,21.728396140212602,22.635671603469497,0.6455736978182912,-23803.819130334912,58.333333333333336,50.0,12,1,54253.880523046704,48091.92066510432,21.087652599315344,21.464162725666938,31.21150472646239,21.625718092257195,22.635554935785105,0.6425383985635732,-23607.654178828438,58.333333333333336,58.333333333333336,12,1,67523.49094201661,54772.27086829179,23.51401424236862,16.128414301770086,43.114395516282265,24.629702301116446,26.279581867222646,0.7304509708009848,-25569.30369389321,50.0,58.333333333333336,False,True
3685,元創精密,電機機械,12,1,28039.30093335261,21676.525647338683,20.667287515129296,15.544554465398509,32.51701701894382,21.7454951093271,19.838217650226838,0.7584414959983562,-1738.1060669957744,66.66666666666666,50.0,12,1,28109.13609179432,21908.604858152234,20.973305512482774,15.860342063965977,32.74616441819514,21.978312740059454,20.066594833084427,0.7660715116731757,-1394.2633910410295,66.66666666666666,50.0,12,1,29269.970580676985,20813.284612709274,19.29222959329478,11.670375887177928,34.766588323898425,20.879507450506463,18.973755028574736,0.7315350647126929,-4832.690150588486,58.333333333333336,58.333333333333336,True,False
5302,太欣,半導體業,12,1,419.8598795316087,354.32620862441576,31.145698261714287,19.21124513036083,50.878378222249054,21.879866739530637,25.68555103663101,0.264410128338559,-104.72594123347756,83.33333333333334,50.0,12,1,414.9035650413321,326.63058879399955,30.346074528809908,17.84916021713338,47.552909961271574,20.16964475648636,23.803707421716425,0.2428502072105121,-67.58735297870821,83.33333333333334,50.0,12,1,656.5204771361374,603.5867870981618,38.34231185785382,36.65202500298277,53.507800416239235,37.27186458692915,43.35069195693901,0.45844941849098125,-438.97323552640165,83.33333333333334,41.66666666666667,False,True
2444,兆勁,電子工業,12,1,30335.272162941634,20721.414851324116,22.655178415772113,17.529752597166148,59.127699350742745,21.886660665135953,22.651109363318046,0.7136113102295994,337.1144164546725,50.0,58.333333333333336,12,1,30162.118055215138,20574.665438280073,22.314016910124305,18.09731004789501,57.93793182079527,21.731658961384166,22.50116449475001,0.7084009095591247,-30.473447974309238,50.0,50.0,12,1,33091.58837105052,24030.385587864952,27.71967145111347,14.323389454696034,69.28921827901006,25.38170770613984,25.59507646759637,0.828270680957917,3645.405196315513,50.0,75.0,False,True
4807,日成-KY,貿易百貨,12,1,47180.73041627185,38860.321343141295,21.05036438939811,20.898509356035156,35.31562501415663,21.93120435411583,20.74905984505557,0.8948629489423766,3306.262407386644,41.66666666666667,75.0,12,1,47884.95863983667,39612.747951998674,21.564922470812146,21.470474350059405,35.4079669072381,22.3558437073166,21.202737088002387,0.9121134007338879,3680.4580926933363,41.66666666666667,75.0,12,1,44273.475986061065,37686.793789474825,20.380204247704846,25.475885442649588,30.334459831472387,21.268912543212227,20.481425468055594,0.8680835655436968,-61.49876037366388,41.66666666666667,75.0,True,False
8084,巨虹,電子通路業,12,1,12538.096844223754,10361.218423833112,22.25105024375324,22.580620264582752,40.74424729426259,21.938603322869497,20.963153844529096,0.2634943209638293,1323.9204952599982,33.33333333333333,41.66666666666667,12,1,12905.246817300389,10673.379190567839,22.85308802219543,21.455460111784884,43.574902890702184,22.599565282575238,21.442653785096493,0.2715568747136761,1465.497652588337,33.33333333333333,50.0,12,1,10949.37691320687,8913.572616905929,19.535057564982605,15.877272923376104,39.03473078266623,18.873391702859898,19.40678378730535,0.2270203508701725,49.726079304946325,41.66666666666667,58.333333333333336,True,False
3557,嘉威,居家生活,12,1,107399.28927430959,79471.3773275049,26.19455124293194,14.893209380998595,71.45789306696469,22.060160059229013,23.444670988719928,0.6113655772367059,514.3618579039297,58.333333333333336,66.66666666666666,12,1,109261.03792196911,80189.53773874562,26.499088820285866,15.01699452412017,70.49464117373742,22.259511500627635,23.70662884761839,0.6167484652796026,-1970.5255880481054,66.66666666666666,66.66666666666666,12,1,119594.65390202294,97880.06072984503,29.283868319827537,29.46005353013299,50.644335739445744,27.170157092019153,26.55241481475985,0.7544404690546612,22878.348871472048,33.33333333333333,66.66666666666666,True,True
5706,鳳凰,觀光餐旅,12,1,76980.18622391611,57836.15828582101,24.637921630041234,17.371700688049824,46.85467556302924,22.09312591734048,21.670709411334812,0.580835408865294,19635.571499117217,50.0,83.33333333333334,12,1,77535.35346768907,55859.89579213653,23.98848938240007,15.905947951276772,47.65437174020584,21.33820343609759,20.936530468728208,0.5607082722614459,20986.983378713336,33.33333333333333,83.33333333333334,12,1,97712.27692544706,86086.2904579327,34.24047026443024,32.90076327119786,64.10575108162924,32.88453644249263,32.71456588101315,0.863674243399435,7472.86458275204,50.0,58.333333333333336,False,True
6751,智聯服務,資訊服務業,12,1,35707.67529617551,32408.21149062198,24.525727015229677,22.62814271706377,45.323087799096726,22.093131100272956,22.306002075326102,1.1804358718026082,11160.001070240027,41.66666666666667,75.0,12,1,36322.369900390164,32576.497211084683,24.275277557459063,23.521504808187007,45.346464360213076,22.207853829898507,22.27611898265787,1.1875792125657896,10208.660294388319,41.66666666666667,75.0,12,1,40227.28869794089,32078.293428668363,27.63122608369704,11.62839356324362,70.86853550504487,21.8682213425346,22.39540704061631,1.1566714557156936,19722.068052905324,33.33333333333333,83.33333333333334,True,False
6164,華興,電子工業,12,1,15465.340506399947,13496.012526064946,23.079285582562623,20.948726211028475,41.358257812523455,22.11959450627035,22.017948953932173,0.8906374927359607,3400.3959977974932,41.66666666666667,75.0,12,1,15897.560461007017,13713.501725153978,23.346981431855323,21.424434904027546,41.835970580599074,22.47605334061507,22.334752570098637,0.9051858961139782,3563.043998145386,41.66666666666667,66.66666666666666,12,1,14558.103149918521,11538.60973426363,20.6700229389283,20.195352497920275,35.40164020221449,18.911464997167794,19.07923278692727,0.7597018623338022,1936.5639946664385,41.66666666666667,83.33333333333334,True,False
2740,華軒,觀光餐旅,12,1,3037.9774709469893,2377.2122416510356,24.245506169756624,16.574808541276738,47.3667465010305,22.248646357201014,20.46205650691593,0.49823346736040736,2211.796836377873,8.333333333333332,58.333333333333336,12,1,3124.388407716026,2433.382161414039,24.830988274345675,18.41745842735142,46.70115198679047,22.774348126198916,20.87048625059574,0.5111882311291083,2317.564922461636,8.333333333333332,50.0,12,1,3390.8529270042222,2581.180383338901,24.79328117505377,18.36262877827655,39.85265825236578,24.157611393237097,21.69413196078375,0.530860201736507,1259.8840616240043,41.66666666666667,50.0,True,True
6442,光聖,電子工業,12,1,221912.48181247164,195282.18419947472,22.96674510241614,22.068633613834827,38.24040192597709,22.25588271338831,22.335348519996224,1.6238295511123582,25183.561871407135,41.66666666666667,91.66666666666666,12,1,213905.7969226223,187942.6595400436,21.809023645569983,21.912946043738604,38.27690485952872,21.419413167218824,21.638638575094113,1.5718070248094058,6792.528787942312,50.0,91.66666666666666,12,1,398510.96386716596,317421.0350619813,39.04957932009294,30.83716369865576,74.04067423727754,36.17577996713525,32.046620663499596,2.651340596065475,190702.8596225904,25.0,75.0,False,True
4931,新盛力,電腦及週邊設備業,12,1,55114.80709637264,45602.791314648646,22.246093425747915,23.28552375780084,39.68138449452131,22.323514325857825,22.48196858345075,0.6897734181119871,-7082.061553491233,50.0,41.66666666666667,12,1,55193.07090429554,46049.03708899618,22.47134427913837,22.924310384157693,41.13165616963097,22.541960908826105,22.714206808390085,0.6965258976674026,-6028.084246510679,50.0,41.66666666666667,12,1,62338.26259296733,47623.916500542255,23.529081513764375,18.64801523208845,44.65287684022477,23.312897118905298,23.765437989047513,0.7192825914028219,-16567.857316316284,75.0,58.333333333333336,True,True
6139,亞翔,電子工業,12,1,1757172.0896362786,1429461.2559857545,19.57678116417199,20.735808443168406,36.45115499180018,22.35313342677631,22.289854346677505,0.9667337998106057,-1101550.6419490052,75.0,58.333333333333336,12,1,1855150.138753261,1487758.778750234,20.062603767447033,21.218835364091575,37.244051543941765,23.264758208034404,23.088983453687206,1.00574980659523,-1177144.1786496367,75.0,58.333333333333336,12,1,1344380.0037902582,1071285.9317279756,17.20880243253292,12.215730766569196,33.43116453604616,16.752183572565787,18.818592352127418,0.7295143699988907,-421208.81164331903,58.333333333333336,83.33333333333334,True,False
6613,朋億*,其他電子類,12,1,192186.26563110008,166201.29819620145,23.185175839249002,20.19528287500721,47.16183507600227,22.371353700346194,22.32360122452143,1.000116799145115,16011.33874025256,50.0,58.333333333333336,12,1,198438.13140370444,173275.31890437496,23.98547767055076,19.38657507525076,47.06833196164417,23.323544935093963,23.310870810353034,1.0417567032145418,10556.925110876648,50.0,58.333333333333336,12,1,200365.29348983985,163868.56834644012,23.98702625045043,15.294985595173003,49.724478579153484,22.057359013645495,21.269944635061485,0.9942215542720207,65101.06140463552,33.33333333333333,66.66666666666666,True,False
6593,台灣銘板,資訊服務業,12,1,9505.438504711594,7801.420713115983,25.780214714716625,19.44240490593728,41.84653475616245,22.39567300554331,22.96410979192526,0.699890541870535,1363.553337383282,41.66666666666667,58.333333333333336,12,1,9495.14490073212,7715.795780790406,25.644561588680403,19.545625883579895,42.72229475996466,22.14986803539711,22.725550152627235,0.6920955423456155,1377.2930400866305,41.66666666666667,58.333333333333336,12,1,10300.169305215672,8572.04510404617,27.001092849042646,26.0213685948936,48.312375392410374,24.607917736859065,24.95368318274268,0.7700455375948115,1239.8960130531443,41.66666666666667,58.333333333333336,False,True
3325,旭品,電腦及週邊設備業,12,1,28448.674957889947,23670.79207877952,25.37828504883095,19.20111984621205,62.43541391356339,22.41585889824376,24.18944695234515,0.43294101081443714,-2814.526198191345,50.0,66.66666666666666,12,1,29672.37644093811,24448.799777123513,26.29508338962227,19.761999152981986,63.6373805339596,23.15261965934481,25.052686042967366,0.44702555299765195,-2888.0595011118785,50.0,66.66666666666666,12,1,20289.749964184266,16965.12685051972,17.405664750736662,13.61877001775618,30.808811358229647,16.065701916792992,16.879127201743948,0.3116778801643052,-2152.726471906579,58.333333333333336,66.66666666666666,True,False
3164,景岳,生技醫療業,12,1,8478.651759275706,7584.01143634094,22.892062220757943,24.27962296116435,33.34036450301447,22.527770355137427,22.363446541277007,1.0616047581396353,553.7315117915927,41.66666666666667,50.0,12,1,9039.34913702199,8061.018945441836,24.437564029603063,25.516565763672233,35.56571916853604,23.94468747253641,23.70976474508055,1.1280758036395706,813.6397442476961,41.66666666666667,41.66666666666667,12,1,5428.553521526626,4377.722750665721,12.620993622383981,10.754064477569164,23.015173070381007,13.00371625666209,13.08223675494991,0.6146221874628165,-1785.442580313349,66.66666666666666,91.66666666666666,True,False
6451,訊芯-KY,電子工業,12,1,161991.15289870364,141683.61306655302,23.029873700840238,21.41208169606636,38.59313954550348,22.573276129738808,22.422253027613166,1.2588009450443225,1579.9978471636714,50.0,50.0,12,1,161974.08404799935,142554.35064797237,23.174594387785206,21.094977586462385,37.93276545483305,22.71200353396365,22.595429579410332,1.2676558486401754,850.2766117165156,50.0,50.0,12,1,171835.88212863836,146796.71617346257,24.142713833379844,20.376529254022476,45.107469844634544,23.387904482404256,23.422946424009137,1.3043195294575136,8147.488966187918,50.0,58.333333333333336,True,True
3285,微端,其他電子類,12,1,15885.327915765425,12780.903183128263,24.538864675985785,18.013017183297787,43.26129319907594,22.601865995487486,22.626495481885367,0.6058482945707498,472.7548693365243,58.333333333333336,75.0,12,1,16597.06783810412,13705.485885521071,26.29821576460751,20.6722775374189,45.74724707436852,24.236906496288235,24.278530860540556,0.6493788124400737,376.0213945955699,58.333333333333336,66.66666666666666,12,1,13351.211541359477,10149.701283351817,19.225802372015213,16.798831814224975,39.0993175135982,17.948824509004417,18.211223081558522,0.48107016406266334,1343.3561420051028,41.66666666666667,100.0,True,False
5210,寶碩,資訊服務業,12,1,6046.372236819456,5236.639931970119,22.643334344703046,18.14260101238175,33.66769016511255,22.604689016180718,22.394663881001446,0.9451436025466946,-540.650998131061,41.66666666666667,83.33333333333334,12,1,6439.330605211322,5521.815193091061,23.88395467128165,19.530632137304387,37.149800373156296,23.83568793466504,23.47338131327276,0.9964741052898979,-491.88110693061907,41.66666666666667,75.0,12,1,3975.205484938207,2908.4050183931176,12.742474900028949,9.811857421700855,28.498419154153215,12.554537227680242,13.001288282139909,0.5254109714077838,-979.5800189350388,41.66666666666667,91.66666666666666,True,False
2887,台新新光金,金融保險,12,1,3784198.610784221,2848278.796208814,19.956389025307463,17.264560147607078,39.020950931429624,22.655896284720313,22.250090761669696,2.1481897834062544,-2199145.8946390883,66.66666666666666,41.66666666666667,12,1,3760788.4384114803,2850532.4575482868,19.853214875097784,18.350605041770308,37.44686918979316,22.673822450387785,22.15501012961185,2.142616615578705,-2211291.827563242,66.66666666666666,41.66666666666667,12,1,4228114.482223782,2827995.8441535556,20.884956377194538,13.172411036926052,53.72851721790523,22.494560793713067,23.402318110030524,2.198348293854193,-2089832.4983217102,66.66666666666666,50.0,True,False
6210,慶生,電子零組件業,12,1,7070.150957458944,6165.259164062965,23.926247403631855,26.015143333161184,38.08281711631683,22.66903314992419,24.60317606645551,0.4068198480796988,-1812.7648849585833,58.333333333333336,41.66666666666667,12,1,7086.738021635641,6181.433773853693,24.09401376095817,26.228153887535193,36.90820810027118,22.728505550966204,24.658911406386053,0.4077558652792894,-1656.4359361560726,58.333333333333336,41.66666666666667,12,1,7433.194504822515,6374.892269723013,23.723498909916977,19.70322200126107,48.65496853861317,23.4398328349122,25.39434265645116,0.42151965155169485,-3219.725424181191,66.66666666666666,33.33333333333333,True,True
1410,南染,紡織纖維,12,1,4483.087260575825,3594.435893142158,24.328851854284594,22.357992884280034,43.728479888191444,22.759437477023763,22.940485749640086,0.4788104765482011,709.4950527512729,33.33333333333333,66.66666666666666,12,1,4534.437839963585,3579.6054884294367,24.34221023530681,21.775423891654768,44.15568919091814,22.665533543596514,22.847868593320054,0.4767294754235181,738.0593391717902,33.33333333333333,66.66666666666666,12,1,4584.33552995629,3756.588944226471,24.397617586005996,25.648997721398846,39.15794808111251,23.78616666000995,23.608860097533153,0.5014582952446001,452.41647496661454,41.66666666666667,50.0,False,True
9945,潤泰新,其他,12,1,1035443.3123499231,736636.5750934677,21.76372967567829,22.133628507339743,43.75655895696729,22.783963252197236,21.748756408162887,1.052645370777508,-249650.25053889942,66.66666666666666,58.333333333333336,12,1,1057878.2053064622,755514.4585754887,22.490071427158966,23.21586466076051,46.371836611412576,23.367850908710967,22.374914059593,1.0796398761374508,-244143.23360668137,66.66666666666666,58.333333333333336,12,1,870000.2239127621,592110.8063812365,16.249619892717707,12.793775737679338,32.78905521722019,18.3138216455071,17.00543756064539,0.8461052073879878,-299213.4029288621,58.333333333333336,66.66666666666666,True,False
3360,尚立,電子通路業,12,1,169860.65659244114,139545.19940003447,22.743128199152004,16.780843507489628,38.414352051067254,22.80330097920865,22.423607943056982,0.40748212883578927,-34650.73522877824,66.66666666666666,33.33333333333333,12,1,171336.7196474361,137700.5763162078,22.59881352492343,15.275923969163216,39.05999564854538,22.501868213663546,22.017201265763923,0.4019974003908551,-27778.500986086132,66.66666666666666,33.33333333333333,12,1,184017.87374669252,156146.80715447455,24.041960267209195,25.134551655696146,34.45551569887976,25.516195869114604,26.857194910122512,0.4568446848401973,-96500.84341300746,66.66666666666666,33.33333333333333,False,True
2063,世鎧,鋼鐵工業,12,1,21100.11174014619,18533.95807308935,23.84699691622533,23.03617309577503,38.88594144277826,22.803611223537803,22.13291188720675,0.8251270657850734,2963.8698023646734,50.0,91.66666666666666,12,1,21681.92926857673,19180.688243967074,24.646292984029806,23.268863154804702,40.53042879076397,23.59932810846165,22.891617499144104,0.8536768591230218,2968.4419822847035,50.0,91.66666666666666,12,1,17147.61991585485,14224.866508201092,18.54681004487113,18.77999171471591,32.53888215539041,17.50183766902588,17.094857540476767,0.6346904714981652,2922.7201830843856,41.66666666666667,100.0,True,False
1467,南緯,紡織纖維,12,1,121298.47688059087,97866.57408648368,23.57598738476413,21.460987251462083,46.344012429784684,22.80429586888846,22.46985186630117,0.5674226199968296,10835.504531823928,41.66666666666667,50.0,12,1,124805.31109856794,99681.55665618186,24.06957891503255,22.2846037144251,50.05412855087097,23.227212476551635,22.789405016612776,0.5776391961520997,11668.121837062796,50.0,50.0,12,1,107597.01226212709,82744.32878824309,19.40754414209623,11.782708322795147,38.76547178384181,19.280598843607454,18.846094276583823,0.48273813455106235,3341.9487846740135,41.66666666666667,66.66666666666666,True,False
2515,中工,建材營造,12,1,527220.2405476959,393829.55337719293,22.01655161194486,22.477287679203673,41.5970040448692,22.810386483023667,20.926866132149488,1.253118704101641,86439.17885325948,41.66666666666667,50.0,12,1,527739.5352137915,395968.4088611588,22.167874688797752,22.78792012158143,40.99758177446829,22.934267791072354,21.0152849831207,1.2604465667308513,88293.5110664052,41.66666666666667,58.333333333333336,12,1,536104.604997841,387787.9784648844,21.413059854397503,19.345078790869792,41.93068818637965,22.460461858184992,20.8712182262728,1.2289196072421682,69750.18893494713,33.33333333333333,58.333333333333336,True,False
2419,仲琦,電子工業,12,1,200179.06989426364,168975.3584949509,22.539472282787084,20.596915175241595,41.5614528813239,22.833883058598854,22.655878495087087,0.6060996086682987,-18983.948615262972,41.66666666666667,66.66666666666666,12,1,210779.88829653768,179857.07786813393,24.095298540237124,20.896398267997228,42.122997745252924,24.30434543759227,24.0992256558904,0.6456287610162856,-16169.445771717737,41.66666666666667,66.66666666666666,12,1,154936.6757568508,119676.21004494542,15.634866522661047,13.677811946517487,29.20676125374172,16.172018271789916,16.649070152817064,0.425479176951391,-44314.47420717019,58.333333333333336,75.0,True,False
6216,居易,電子工業,12,1,18815.823492077183,14451.641931113387,24.00797157832877,17.90941315115343,57.210143993831664,22.902821081587728,21.799488361768553,0.5485575316279984,2224.6444584237524,58.333333333333336,66.66666666666666,12,1,19290.69980385004,14895.459189856614,24.838150085703447,19.6318244217777,57.820214906467115,23.60617834150108,22.577158887047286,0.5650798583404844,2146.1045595418786,58.333333333333336,66.66666666666666,12,1,15495.689363267911,11283.294940880796,18.377577080408138,10.41705437088256,50.29797143560213,17.88165569515101,16.891354512425856,0.4294467830358429,2931.5035483606202,41.66666666666667,75.0,True,False
6124,業強,電子零組件業,12,1,41693.97086567072,34677.96645073732,23.87010120406723,20.023770310006743,46.87316422351145,22.955937715285103,22.41995267981647,0.8482412833978198,6918.836329290539,41.66666666666667,41.66666666666667,12,1,42955.90901751118,35591.0638481682,24.59784140809035,19.692082632872182,47.874998999552474,23.560385124656374,23.066192132768517,0.8706027812130457,7426.769872719458,41.66666666666667,41.66666666666667,12,1,32477.232589842442,27377.25515193058,18.229010184337778,18.21699996300257,32.576814682925324,18.12305127453124,17.48979668940887,0.669494276972434,2347.4344384302044,58.333333333333336,66.66666666666666,True,False
3064,泰偉,文化創意業,12,1,2273.832467480556,1572.3528659402916,22.8850720907227,13.77873368018116,69.30199820921472,22.958804608353915,19.503465978801195,0.13703718578553523,749.5872738306545,41.66666666666667,58.333333333333336,12,1,2294.3356377821838,1593.6348855621793,23.2174820100375,14.469692438043454,70.38121324067609,23.269555293364995,19.781527528033465,0.13908147495375947,787.1215863903353,41.66666666666667,66.66666666666666,12,1,2275.6773285437107,1678.2507861654715,24.332619819647615,16.76880907003327,61.06404288929009,24.505079437335773,22.21744097164347,0.14562503286590464,411.7784607935264,41.66666666666667,83.33333333333334,True,True
8926,台汽電,油電燃氣業,12,1,208850.7497008179,145912.86296346175,28.81843486269101,16.550324907524576,95.34537848145021,22.989696324080725,23.2235015873691,0.5079763835285213,49348.50312820497,58.333333333333336,91.66666666666666,12,1,210848.7926001116,143414.1920007281,28.53416244139815,17.18775694777287,92.94065171860666,22.596011452984545,22.929462457296438,0.49868235494865815,48791.13200066165,58.333333333333336,83.33333333333334,12,1,239685.97412421022,188936.55999334343,35.317882757324014,24.994954461770728,61.54435327536893,29.7684114377984,29.04802583213963,0.663959245613815,54364.84327609464,41.66666666666667,58.333333333333336,False,True
2535,達欣工,建材營造,12,1,597963.3950144515,422968.9897442845,21.17199084011454,21.430945158656677,47.05373038345265,22.995361206235053,22.8398304849307,1.3173645855934373,-114421.22220834049,58.333333333333336,66.66666666666666,12,1,601132.8849762582,427185.8769462505,21.495515478228686,22.931486799388196,47.61990599858082,23.224618780020272,23.061500244931942,1.3305023561350062,-110383.86634658382,58.333333333333336,66.66666666666666,12,1,609159.5857875503,433350.531686641,20.962865360750072,15.581335172737987,41.958149847299225,23.55976973884756,23.065216116642663,1.3407791016266948,-150757.4249641512,58.333333333333336,58.333333333333336,True,True
8114,振樺電,電腦及週邊設備業,12,1,400053.02045501175,348061.8789686066,22.58815985151509,27.984131593652744,31.7584321344061,23.0134701709426,21.460731238538582,1.3614127203533233,82664.38632474399,25.0,33.33333333333333,12,1,411889.8477458131,360957.72814810293,23.5348945730764,27.424983889935422,31.812675303574263,23.86612959259699,22.361365631276673,1.4121242994856145,83837.18083351785,25.0,33.33333333333333,12,1,351546.0696650584,265138.8815707805,17.23336177724565,13.819195561787273,32.71071442898582,17.530692416725667,16.277340286769267,1.0204819310333606,72109.2357457791,41.66666666666667,58.333333333333336,True,False
9950,萬國通,塑膠工業,12,1,47212.96491304604,40950.42937552685,23.304519805560993,23.540834205189146,41.25285870364134,23.017044448862425,23.065736595502027,0.4791826171230949,-3593.251530545069,50.0,58.333333333333336,12,1,47995.79745010429,41572.32909561161,23.608348020191258,25.642947835107332,39.917334038327006,23.366596180509973,23.399302639468612,0.4860171117922218,-3762.912040056319,50.0,50.0,12,1,49688.522767060735,41103.64041770875,23.867204411038035,22.804380694992393,51.23129971699698,23.103159916312563,23.098091159530263,0.4826783373258457,-2066.3069449438976,58.333333333333336,75.0,True,True
4563,百德,電機機械,12,1,63905.10583745403,55044.023920810454,24.46038934724012,21.48675336357956,48.78286988354558,23.019246020410293,22.720083558011083,1.067269539948627,2750.5312087262987,58.333333333333336,50.0,12,1,65523.589586185306,56906.84793722987,25.183949884225775,22.756307111667713,46.0064212809493,23.79827344740906,23.580070890228345,1.1033106201016225,21.10269804152631,58.333333333333336,58.333333333333336,12,1,78897.19750352271,60846.58596461904,28.71555892303215,14.495073110979922,62.8988482801529,25.445860096214183,23.84653534982632,1.1718151971390713,27315.38780488912,50.0,66.66666666666666,True,True
6523,達爾膚,生技醫療業,12,1,27230.29877854397,22417.97529050532,23.090535583377847,24.22040913752311,40.74323344976064,23.027001091027856,22.203335608407716,1.0138947362319237,-2268.0460316086223,50.0,83.33333333333334,12,1,28488.27122139387,23285.446891327854,23.964958658821658,25.9584401492277,40.05184220400583,23.918039163812075,22.95370422989975,1.052347326497441,-2473.406956843252,50.0,83.33333333333334,12,1,20278.463667333897,15415.705855473134,16.009316241958473,12.956537491691913,27.664128065708432,15.83450204369205,15.326655423692761,0.7047330888944431,-419.79770449696906,33.33333333333333,75.0,True,False
6782,視陽,生技醫療業,12,1,90377.94233906144,80953.5777859497,23.069549938020415,19.022440858620435,37.62609828900034,23.031146469185327,22.76086702962966,1.130246895700703,-2532.3473330779525,50.0,33.33333333333333,12,1,90890.96301526374,81098.3481218841,23.081791907036177,18.80985864741683,36.490679268043884,23.072333367930113,22.799580426663344,1.1320129234800829,-1945.8276863767726,50.0,33.33333333333333,12,1,93703.61096758833,79650.64476254019,22.959372216878556,21.618607561071563,49.27329771970241,22.66046438048225,22.82343372029092,1.1143526456862827,-7811.024153388756,50.0,50.0,True,False
4192,杏國,生技醫療業,12,1,653.6789513387404,519.7011222686879,21.87298847129724,18.372217503449118,36.594355817107264,23.06110071820528,21.439752399068997,0.7816627019871137,24.016971523738658,50.0,66.66666666666666,12,1,678.5096547048589,546.1276243695914,23.004166589754313,19.863997699866232,39.67363402587656,24.233744379081827,22.60363730197981,0.8215838505536325,20.19481742606297,50.0,66.66666666666666,12,1,573.5297966242911,437.5080026931393,19.155032497651273,15.850285634383152,35.98731831958771,19.413881715481534,18.19945182314118,0.6564963698769194,58.41635840281987,50.0,58.333333333333336,True,False
3577,泓格,電腦及週邊設備業,12,1,26296.80195393189,22576.44177654367,22.424192196732143,25.518757868969168,31.81135672907523,23.11732949336467,23.304645129827755,1.0755312090509295,-4663.521240706596,58.333333333333336,41.66666666666667,12,1,26677.28630523421,23004.164591407112,22.847208000365114,25.392268305677803,32.68261625704284,23.555299716524495,23.85704512772024,1.095906130505287,-5099.173251189072,58.333333333333336,41.66666666666667,12,1,24857.566562936714,21161.365462478967,21.286497110517978,18.034539473124255,33.51071707546196,21.668350697933874,21.406018760764486,1.0089875022735326,-742.6531463643078,50.0,66.66666666666666,True,False
8050,廣積,電腦及週邊設備業,12,1,120082.83533840194,103500.45056879286,26.780306567457046,18.765645699420535,50.96805740966904,23.173735778870427,23.348098921880926,0.81493435495794,29418.620042384482,50.0,41.66666666666667,12,1,122058.37671782153,105959.73240261758,27.257870598478746,19.593289899609335,51.63371599087715,23.724368622588827,23.768979050897578,0.8340287182288542,30032.33954198164,50.0,41.66666666666667,12,1,109791.13816744773,83958.52509461006,22.946427034946073,12.010034699770749,44.97713017879604,18.798301516890177,20.11314486991848,0.6630956100066263,23895.14454600985,50.0,66.66666666666666,True,False
5701,劍湖山,觀光餐旅,12,1,12988.551197920086,10503.194467386867,21.549067315897872,21.071570439239416,33.92133823816367,23.179079998426218,22.688125260342183,0.6271584771558957,-2338.8411106698536,41.66666666666667,91.66666666666666,12,1,13159.12818170784,10773.082831319449,22.09191419448857,20.959267454766984,35.516796582888034,23.774685839835918,23.453116925671118,0.6431800503117971,-2590.0994654897586,41.66666666666667,83.33333333333334,12,1,16018.736262817607,12036.468941769586,28.10606822020356,23.048879421294515,46.20337107816185,26.56280214235259,27.030441565930204,0.7165964180944014,-77.51591729073759,58.333333333333336,75.0,True,True
6578,達邦蛋白,農業科技業,12,1,6818.452969991279,5985.85220741321,23.64039233883907,24.90101590375807,38.67094575392393,23.220853278471083,24.82881345101935,0.5285946297963623,-1802.679175369896,50.0,66.66666666666666,12,1,6975.307441095073,6148.59183769086,24.30526775127591,25.01821832490243,38.99328107056901,23.852167408243595,25.498424377167428,0.5429091578180956,-1780.1789367239269,58.333333333333336,66.66666666666666,12,1,5805.995094237641,4670.889167549565,18.249406658574248,14.932383934220672,36.826642192936035,18.11973103935694,19.450230074930282,0.412680192595819,-2005.1813231836256,50.0,75.0,True,False
8432,東生華,生技醫療業,12,1,38177.2842091965,26017.575638156282,22.12371363039666,17.51809248850557,40.8982337942836,23.224085827768057,21.21898990841393,1.5996622149351216,897.5438701521683,41.66666666666667,66.66666666666666,12,1,37701.1268435114,26137.885086210084,22.625732084849503,15.41457977344089,41.245233653157975,23.33147773031701,21.473631714993143,1.608814542240454,1179.2668388114264,41.66666666666667,66.66666666666666,12,1,50567.01920990061,30533.43673710427,23.527704878285043,13.15255092915271,57.61984085964728,27.255081920825987,23.779112082588107,1.8535663590969607,-1637.9628477811627,33.33333333333333,50.0,True,True
4538,大詠城,電機機械,12,1,8168.602928091585,7371.618847426521,23.259812133645386,25.74879543494281,36.95790891164033,23.291913385200676,25.47655915083612,0.5796067814312478,-2620.424309673493,50.0,41.66666666666667,12,1,8358.94592006723,7504.418502998774,23.611300990161745,27.66055107999813,37.20230690053329,23.711517021687285,25.884144161101545,0.590160489099565,-2593.4529516346515,50.0,41.66666666666667,12,1,7239.269467599004,6176.421947276235,20.096412424998107,20.670695587268074,33.85821342945698,19.515480656821165,21.90027340567221,0.4846234124163919,-2863.1665320230786,50.0,50.0,True,False
3708,上緯投控,綠能環保,12,1,193668.2640751406,109551.83767805733,115.07266349342453,8.493795102740641,169.8583681727454,23.34692317429516,37.4352568976051,0.5544654750397727,76831.09338507953,25.0,75.0,12,1,194750.1628945562,112779.39230136789,117.65827465912844,8.434438508068368,182.49496610709915,24.034757093181263,38.599009575283375,0.5701575031385475,79184.29966867362,25.0,75.0,12,1,195880.03957630397,97139.8691246762,94.71157247210175,12.05603767000452,56.6195951770099,20.70177104905976,26.020896356596584,0.4934444351595861,55652.2368327326,25.0,66.66666666666666,True,False
1615,大山,電器電纜,12,1,129526.10037831725,111277.40836796012,24.63313708810306,19.182749249028607,45.16812822171815,23.34878462205568,23.71592588304596,1.2819863101221134,7723.895934187046,50.0,33.33333333333333,12,1,131070.87657467305,113220.92087609581,25.03005220885184,18.728759707190214,45.988089399555705,23.756582176188843,24.28559009464978,1.3039595533330839,1859.378839537191,50.0,33.33333333333333,12,1,141202.74628660773,110795.61401797288,24.93622810051833,27.18211188791194,40.638244605873886,23.247692112129698,22.3642882928936,1.274748368664302,60504.54978603568,41.66666666666667,66.66666666666666,True,False
2915,潤泰全,貿易百貨,12,1,62405.25547515022,47144.704577470555,24.518930535965712,16.818729668321627,54.87893951766942,23.37161929352799,21.581748836971144,1.0408185429368841,23174.372343366766,25.0,50.0,12,1,63934.31079161155,48245.608640116894,24.85169917445823,17.87106097353101,56.99899600477235,23.91738388918025,21.965752475180167,1.0644704881444695,22729.489176298117,25.0,50.0,12,1,58220.21001469695,42180.54528517716,23.899756491005796,19.38587971356003,36.24228888525907,20.91067607346263,19.807847723081213,0.9342514104930816,27178.320846984512,25.0,75.0,True,False
3499,環天科,通信網路業,12,1,7697.874410488382,6977.197898252224,25.528425877342308,22.83322902838187,35.008654424357296,23.441734640008818,23.37069681662783,0.5551949291146104,2023.4664898322435,41.66666666666667,50.0,12,1,8114.89782220044,7388.5150894075605,26.847914402137814,23.964475274913106,35.64141091216982,24.82366311452614,24.713128969179486,0.5875909218004028,2080.082059273135,41.66666666666667,50.0,12,1,5974.8667618960935,4886.8544936713815,18.47160316979191,11.112719207881192,35.23029913894446,16.418675224000072,16.44109045297179,0.3893635251100533,1513.926364864202,50.0,75.0,True,False
3703,欣陸,建材營造,12,1,1517485.647726926,677444.3774047558,15.812281785310036,10.724355873139272,27.16208066012353,23.48721678781365,18.797370791146196,1.3418264054093516,-441089.7219716041,50.0,75.0,12,1,1532294.3409845147,690178.3449948954,16.16936490595781,10.697210157062697,27.735372197585086,23.92870758371394,19.27518491450828,1.3666949326586708,-456958.1968622887,58.333333333333336,75.0,12,1,1401742.8929591817,684836.7617345406,17.544777884678357,14.743992030641653,33.86290869885906,23.743513155638922,19.27792070348433,1.3544711987750733,-298273.4479554444,50.0,75.0,True,True
3570,大塚,資訊服務業,12,1,60000.702839222984,47643.43302549338,23.686079043411844,18.841152629719957,42.76684974742998,23.49460311150875,21.753196521535887,1.7509989548879439,9493.95764753636,50.0,58.333333333333336,12,1,61724.453070078314,49650.568255468505,24.736550129900333,19.086907406909738,45.988001597501885,24.48439000604591,22.64235757298114,1.821341426540459,9800.35563303024,50.0,66.66666666666666,12,1,53168.71981194419,36508.49841374835,18.00385621193381,12.468503981846055,45.79452502280464,18.003586768593937,17.613240074741174,1.3681505360095432,6736.375778091344,33.33333333333333,66.66666666666666,True,False
3434,哲固,光電業,12,1,15608.809216152535,13582.609272060523,25.142177629678336,19.186721549230967,46.536008746616346,23.576586950130153,23.516356421951592,0.8550665662890404,2380.22697151925,50.0,75.0,12,1,15950.018687110156,13824.183882988602,25.467962115306637,18.982581197780057,50.03733096819947,23.99591027051789,23.78848467441692,0.8702875194749943,2329.4252065108963,50.0,75.0,12,1,16602.25350490116,14936.62120989109,28.18101892238477,26.83047970113383,49.1508297221199,25.926870282614896,26.253398573545223,0.9400284748700795,2837.4428565944036,41.66666666666667,66.66666666666666,True,True
4102,永日,生技醫療業,12,1,10385.769254611498,9329.2651869369,23.573008198835286,24.284166478294978,35.63800569888148,23.607435840589346,23.744207276918594,0.8606000598471087,-213.5887097957302,50.0,50.0,12,1,11056.28113351818,9858.561305364763,24.8097740048959,27.144348160899735,38.41493401330084,24.946804365985653,25.34500714134162,0.9092655791552678,-724.3793200967424,50.0,50.0,12,1,6761.698974314263,5764.50524038532,15.262198107313699,14.34642383848774,31.351001800417755,14.586913855304257,13.895605341658587,0.5319425342882524,4383.526782913364,25.0,50.0,True,False
6823,濾能,半導體業,12,1,16071.498556695244,12498.85686541438,24.261361074925304,14.822895340404651,48.76202336161124,23.613156310559123,24.066627714382708,0.4240237880397583,657.6145221426641,41.66666666666667,50.0,12,1,15416.573292276385,12057.70073994231,23.164782359733625,17.222910295686788,47.804471400105065,22.77971300767934,23.279075205479252,0.4097880258514368,-18.307683647370748,41.66666666666667,50.0,12,1,26199.326717871692,19730.025804388093,39.161727464129314,31.782864789279518,59.27481829519555,37.27446344469641,35.357054747464815,0.6660159488615504,6740.914374252974,41.66666666666667,41.66666666666667,False,True
2035,唐榮,鋼鐵工業,12,1,246650.42454408476,189422.35301911147,26.056511550631683,15.611475929061552,60.68739005628437,23.67180713283492,22.77618512241101,0.5636928978355662,61935.87335232442,50.0,58.333333333333336,12,1,252358.95360868043,193550.1596421157,26.70638776946123,15.58555962153066,62.34048609415899,24.18765249482098,23.179070696836934,0.5759679859750414,65911.73753763293,50.0,58.333333333333336,12,1,205036.91107117248,173031.44504597058,22.640298900615218,20.16837753537305,45.80952571541272,21.62346169689215,21.327806456229258,0.5146388702100776,26153.095684547578,50.0,58.333333333333336,True,False
6515,穎崴,電子工業,12,1,180568.5302008906,155066.92067885457,23.921867790279393,19.09505973271045,40.749910575524844,23.682838944438643,24.081518118375232,1.0274952616796453,-30984.462275274785,58.333333333333336,41.66666666666667,12,1,175713.06184809885,149762.48665049134,23.042237345096076,18.520637232972064,40.39666724418552,22.87271092851386,23.232446405512434,0.9924130621068629,-30101.012349195993,58.333333333333336,50.0,12,1,230184.2509288148,202806.82693412388,31.8385417969293,27.320093837621716,49.02862681896143,30.973991087761732,31.95868642448992,1.3432350578346888,-38935.511609983965,58.333333333333336,33.33333333333333,False,True
3491,昇達科,通信網路業,12,1,52070.45542518087,48460.131304990246,25.156763694788214,25.90298864449576,37.71270619217806,23.714628208385857,24.874100777093886,1.209544064211775,-4301.170967020225,50.0,16.666666666666664,12,1,52279.72261396147,48126.08207786679,24.98717755641301,25.317488719498915,38.95672857271963,23.55115664916382,24.651745420056383,1.2012883983852232,-4177.208269521939,50.0,25.0,12,1,53044.64758946618,51466.57434910132,26.683038940164966,26.29025576501025,36.644532373645546,25.18587224138418,26.714251234639004,1.2838450566507396,-5416.835244504781,50.0,16.666666666666664,False,True
3226,龍鋒,電機機械,12,1,43486.679719665655,31876.312186227176,24.32887222034897,15.733338921047855,33.498018044498934,23.809748102284093,21.897983393450595,0.5872260121482872,1179.8201725173615,66.66666666666666,50.0,12,1,43851.57219560457,31802.379928815946,24.315693359146103,16.396079655085945,33.88622157800158,23.75452501326079,21.92410463487981,0.5858498690218127,606.4545851474273,66.66666666666666,50.0,12,1,43159.77961030362,33374.44588500618,25.303072904456453,19.792719920517087,39.66283651655695,24.928766694619352,22.51583473522157,0.6146718907849372,6340.110458846706,50.0,41.66666666666667,False,True
6609,瀧澤科,電機機械,12,1,45295.8242795973,40548.85563671239,24.85480887769791,20.84206954987234,40.41441035484656,23.87113089561696,23.24168139328293,0.6162085141435197,9641.863086547424,50.0,33.33333333333333,12,1,46241.133719118785,41090.96046831155,25.368640740509026,21.076623243319606,41.584425615136716,24.190268271778415,23.579392867965055,0.6243584194853727,10102.868326005022,50.0,33.33333333333333,12,1,41843.11498025468,36679.720406443776,20.966795597325625,21.2264736958977,31.94049943010696,21.593369117033916,20.75429790524467,0.5573265797393491,5492.81593142906,41.66666666666667,50.0,True,False
6715,嘉基,電子零組件業,12,1,36758.94824514017,33551.007339106865,25.161639004426146,20.79111462266568,33.14861900435301,23.95947174517328,24.157226638764897,0.5231112789730197,19.221196477843478,50.0,41.66666666666667,12,1,38428.887634474566,34910.43523404099,25.883912630172528,21.98193051755422,34.72536685554417,24.930267462543885,24.938799619246844,0.5442889272624994,222.55603859735493,50.0,33.33333333333333,12,1,31398.36795835333,27198.76180993972,22.442970801956463,14.466437038606816,41.19585257646729,19.423201172543283,20.3130074666278,0.4236537771138984,-1810.7923825977487,66.66666666666666,50.0,True,False
1721,三晃,化學生技醫療,12,1,41511.634473218466,35540.772585223014,24.86178008056561,22.46360255337676,44.011001097962996,24.03086796284538,24.335997968952206,0.7141354187673072,986.8591238054141,41.66666666666667,58.333333333333336,12,1,41756.141065774274,35611.42780176165,24.755002240366377,22.40304860450138,44.15133817650562,24.07864143697161,24.316798859808628,0.7156315810766385,699.7876607055272,50.0,58.333333333333336,12,1,41902.91851050885,37116.567769925234,27.048400399943624,19.99466739222112,46.772980692856486,25.09634074988916,25.313676350165686,0.7453845546892297,3570.502291704355,41.66666666666667,66.66666666666666,True,True
8437,大地-KY,其他,12,1,5389.504237631096,4303.218722073387,24.29713160009431,21.605613861182437,39.12720887404157,24.066321476119757,23.135273887436167,0.19820905657044854,83.97047869607513,41.66666666666667,100.0,12,1,5957.850257550652,4738.955839843148,26.35153521095849,24.423000998354283,40.0280551472635,26.503239102810195,25.162384790822273,0.2181857647407258,-37.18996760139468,33.33333333333333,100.0,12,1,4322.047804176094,3601.6583733139782,19.34752269143641,19.42179004732869,29.91618112608708,20.142752171697428,18.74391353822312,0.16741276245467354,1174.4144953732973,41.66666666666667,100.0,True,False
3219,倚強科,其他電子類,12,1,40315.42224070975,34337.10931059207,25.683932479165833,24.480626723420265,46.60307455289171,24.192747537519878,26.941324850752153,0.5354268612421144,-7507.87040293798,66.66666666666666,66.66666666666666,12,1,39668.93020343097,34400.93499028675,25.642744522397532,24.45245454124799,45.43653099078512,24.237716918643276,27.001747572356,0.5364116238456251,-8462.015980956834,66.66666666666666,58.333333333333336,12,1,52266.12350078689,41437.78934777754,30.86845422330631,27.898686136779173,63.69007128811815,29.19564274137865,32.18834208132373,0.6446517387938691,1079.4397992316783,58.333333333333336,66.66666666666666,True,True
1570,力肯,電機機械,12,1,12146.925502445805,9972.061048813715,50.53498737693608,21.047306665598693,63.52417741401879,24.242916446842244,28.944562401896185,0.5197219844948481,6359.899024924143,25.0,58.333333333333336,12,1,12442.84671148781,10440.165884891021,50.60052533334334,22.892035046909463,65.03717185819472,25.380918548296975,29.86579356570358,0.5446783708842985,6552.2227164276455,33.33333333333333,58.333333333333336,12,1,14481.452767757175,11895.278820327381,63.27420962817801,24.047101014828886,58.2267414130026,28.918420088031283,33.289888914586754,0.620670334765813,4628.985801392594,41.66666666666667,66.66666666666666,True,True
6419,京晨科,光電業,12,1,12393.291739018605,10072.451274236411,24.39919505962379,20.997857495097904,49.447641146893716,24.259324398699608,21.793169727998627,0.7330467797404135,4654.179208957931,41.66666666666667,41.66666666666667,12,1,12469.31281354153,10150.116310222586,24.55292958278713,20.883366122723064,48.31550046035688,24.446379292402046,21.84774587171393,0.7392005527211687,4805.763180564608,41.66666666666667,41.66666666666667,12,1,12451.641552620596,9373.465950360827,23.01558435115375,21.960186679536875,49.988128630015986,22.575830355377626,21.070366982995477,0.6776628229136183,3289.9234644978155,41.66666666666667,41.66666666666667,True,False
6697,東捷資訊,資訊服務業,12,1,32115.823314836067,27588.732597599916,27.02233529220473,25.211497289310643,45.34654182913707,24.481192079939408,25.20057844363402,1.1330710086665967,-13.525295510429714,50.0,83.33333333333334,12,1,33310.32807242066,28732.23370324446,28.159258975836416,26.01650472941656,43.34436136687195,25.495891472594458,26.03649635488379,1.1790914511003843,289.6184959253757,50.0,83.33333333333334,12,1,29446.195749825507,22871.870018526384,20.547640073936414,16.961522538849767,33.024763383017614,20.295627614284207,20.421614095484895,0.9432578819329311,-2741.8194184327235,41.66666666666667,75.0,True,False
6533,晶心科,半導體業,12,1,37279.85895009942,30317.615957936334,23.513145404521634,18.771723172773488,43.15789984261584,24.612000477289815,24.2527785525591,0.919504013033272,-73.5457882165174,41.66666666666667,58.333333333333336,12,1,40496.41203147226,32842.54727158823,25.131276618896152,22.95199519370185,45.345242344726095,26.661753029830376,26.24654573811089,0.9956093097873914,-678.3298369242111,41.66666666666667,66.66666666666666,12,1,33637.76059412204,25882.537224671643,21.454301042200903,23.504901538008095,34.2828737998839,21.011580178695908,20.0499857056827,0.7826128191043785,5369.510650152674,41.66666666666667,50.0,True,False
3046,建碁,電腦及週邊設備業,12,1,181767.77573725293,154128.24688019376,26.920189904135267,20.90934705849978,28.46459776010694,24.616908186288175,24.93677463537927,1.4234689249057908,-32030.341514865922,66.66666666666666,58.333333333333336,12,1,188960.10392399537,160120.70855160718,27.910977895517032,21.00151507438809,30.868655632552937,25.574006458415422,25.99381590752718,1.4793515011679526,-36440.27196684306,66.66666666666666,58.333333333333336,12,1,130693.63540834995,111132.50524211947,20.339219646111705,13.78265286603892,26.91308810016019,17.749755372121864,18.404487369309017,1.0236679298104088,7659.032552928261,58.333333333333336,58.333333333333336,True,False
5432,新門,綠能環保類,12,1,5801.7157217886015,4092.252250162668,27.02318285898155,13.664813866338404,63.0703664916202,24.725105734775347,27.989994572972883,0.7137105077614372,-1553.8532226459001,41.66666666666667,91.66666666666666,12,1,5799.660751427945,4090.955125303843,26.792732280729393,13.20047757879468,63.54866638811304,24.717268595878455,27.983424222760995,0.7135008609766564,-1623.9432261137263,50.0,91.66666666666666,12,1,6125.034238109689,4809.185775151709,33.62396292052709,22.76548549664739,58.76566742318472,29.056768625168928,32.08615615255255,0.8399699423960967,-923.0431914354693,41.66666666666667,75.0,False,True
1235,興泰,食品工業,12,1,5346.791924369645,3639.008152756153,34.325898779831455,18.18910683184863,79.84464042064575,24.823266691531092,32.652123461214195,1.0370484222811809,-730.1923724338127,50.0,75.0,12,1,5437.041577906458,3686.584315243088,34.41646540956518,18.610139301100766,80.25073913139204,25.1478045106284,33.10496572084491,1.0510768007038649,-898.0098821403038,58.333333333333336,75.0,12,1,6813.215899154401,5669.345064203885,47.458275024964266,33.01965779179515,76.76641721095623,38.67308304557097,41.940817567963876,1.6053404777524853,780.1652149246034,50.0,83.33333333333334,True,True
4991,環宇-KY,半導體業,12,1,53799.37569441886,45449.201751050154,27.850287328565816,28.229212350247966,57.57748955972689,24.941140846870496,26.914511746367324,1.6817818979742294,-4779.385257574431,41.66666666666667,66.66666666666666,12,1,57110.03890739555,48060.16232894356,29.660664055267773,28.879216445104138,64.06323946763818,26.373956672230097,28.40371430742949,1.7784410682374687,-3733.2321929816303,41.66666666666667,66.66666666666666,12,1,36013.35613291546,27867.261318640347,14.914169919988387,11.920412026002776,24.9023467588851,15.292706203551646,15.916111416630931,1.0192072305325393,-14194.76283890967,66.66666666666666,75.0,True,False
2020,美亞,鋼鐵工業,12,1,157038.69179130447,98619.41210166283,22.713349955025684,23.45745504703856,40.777536931386656,24.946756057492596,24.038150814655715,0.7990306165856781,-20242.760009809295,41.66666666666667,41.66666666666667,12,1,160031.9909650504,102262.57095099421,23.588458885991944,24.86100684781928,41.41263321175978,25.868329134801915,25.064719200215063,0.8284031022084367,-22060.006967546167,50.0,33.33333333333333,12,1,135775.53830933967,81132.3122503604,18.69667219542318,11.561132141012243,41.2468625735503,20.523221128144737,19.09147042136349,0.6580028197881435,-3887.5373901775456,33.33333333333333,58.333333333333336,True,False
3052,夆典,建材營造,12,1,89131.56312006188,71332.78264168861,23.749896301129787,25.250103267914643,39.01468802158935,25.02813177004534,24.499673375469545,0.3403505897271463,-21424.85515976022,58.333333333333336,66.66666666666666,12,1,87562.8281987809,71099.1446631499,23.686919906123492,25.34411136169225,37.600667851206,24.946156528132708,24.379509538456688,0.33958053292536455,-20885.90632541011,50.0,66.66666666666666,12,1,111635.58353943974,89991.3214872966,29.86671839291572,29.379149870977137,51.74086955503947,31.574748228429055,32.06871420580282,0.4282654447365437,-26275.39466891125,50.0,66.66666666666666,False,True
3593,力銘,電子零組件業,12,1,27655.15552922842,22862.69002097579,26.170502969549368,25.711535366839527,41.038124569623655,25.10073423741973,25.25329496234965,0.9330837186793989,1173.4897811541705,41.66666666666667,33.33333333333333,12,1,28068.64049370846,23102.042326065024,26.5304088759723,26.946079768931575,42.08822896309165,25.363516901823896,25.56108320997356,0.9429808905021217,1054.1411040423081,41.66666666666667,33.33333333333333,12,1,27064.25097322469,21165.400847988563,23.34619134370942,23.256393612516344,38.557851115336625,23.237296277314627,23.360359680364926,0.8633885204106385,2247.6278751609043,33.33333333333333,25.0,True,False
4164,承業醫,生技醫療業,12,1,120627.91499710361,92121.7086624644,24.526423130843696,18.279687855908165,52.287410047411484,25.133927443218095,25.25825581687972,1.0715688872395666,-20195.72489177634,41.66666666666667,83.33333333333334,12,1,123793.69445605937,95293.82763029162,25.661938360085497,18.967608699129133,53.045401061929695,25.99938911491536,26.234946615925843,1.1081958847236588,-19520.675306544214,41.66666666666667,83.33333333333334,12,1,98574.26773370428,64675.754266605065,14.810759092002629,12.035084821951127,28.91114745271294,17.645739952873868,16.380355905275728,0.7550090167924569,-26271.17115886572,33.33333333333333,91.66666666666666,True,False
3666,光耀,光電業,12,1,11535.503993580027,9634.425333105253,26.807676297723066,28.00454198651481,44.27218862536573,25.149028956664832,24.71036514892615,0.253821354867838,3521.47711723124,25.0,50.0,12,1,11654.879600839224,9792.777403318205,27.36563315820674,27.43171949274345,44.847069821729555,25.562380107506105,25.14431958574343,0.25816623745182543,3595.7523113652715,25.0,50.0,12,1,11238.250392645117,9274.7566484301,24.693221041030586,25.771386443162204,44.096175888758246,24.2101750185249,23.630095460251766,0.24370031848915782,2853.000370024945,25.0,66.66666666666666,True,False
8923,時報,文化創意業,12,1,10314.126338382312,9389.383911530489,26.42129007777626,24.661860623562564,36.99698855532489,25.185608957787835,25.136095571840272,1.4211194178217592,-54.302348449280544,50.0,75.0,12,1,10639.451777015078,9688.732960014639,27.288283717234833,25.690829956275685,41.28734392522195,25.988567719304573,25.894958470919526,1.465904843240352,-74.89424977018977,50.0,75.0,12,1,9347.750452360577,8222.543145060892,23.466366136330578,20.27582955266093,38.878520555208254,22.0557342463896,22.385479242433913,1.2478048330076768,131.02476343888824,50.0,75.0,True,False
4109,加捷生醫,生技醫療業,12,1,14072.998868668537,10164.337752790068,25.026712921515465,18.789566767218258,46.82402072332498,25.198078109934414,23.327209210964195,1.169828584354759,958.1764592181247,41.66666666666667,66.66666666666666,12,1,14548.706810435662,10533.114988263975,26.09471513588658,18.760103047518044,47.76882815699493,26.11230172298647,24.157322611919017,1.2123578908748638,1128.747021178607,41.66666666666667,66.66666666666666,12,1,10736.58727360417,7817.869361802863,18.00682019135467,12.915128478083632,39.51134547477334,19.381024875712857,17.927633238376963,0.8952755792869213,-576.9585984262334,41.66666666666667,58.333333333333336,True,False
4526,東台,電機機械,12,1,137269.0946714076,113257.01024460576,26.701378552077653,18.88011686065007,37.863427532002106,25.35764611528244,24.589257797638695,0.6868812301426446,6129.376624037861,41.66666666666667,83.33333333333334,12,1,139945.1475478432,115657.18130548613,27.153159938577982,21.004628006829133,35.918859356032385,25.8950317327069,25.060823707627183,0.7008868110350784,6087.897094373281,41.66666666666667,83.33333333333334,12,1,136715.0421066349,109560.1485982545,26.469105023504362,18.09985125082748,58.646722062602784,24.529938327809738,23.686875023975364,0.6649887769210127,6502.692391019082,58.333333333333336,75.0,True,False
6152,百一,通信網路業,12,1,41635.132108169615,33266.498012368465,27.96718505025798,22.225787799833146,58.470017378924524,25.374903136818048,25.211830144828056,0.3629272101372381,4074.0857212888127,58.333333333333336,58.333333333333336,12,1,42422.41973110843,33890.915380230734,28.681643539478614,23.025993798974447,59.40649727164635,25.851194035263713,25.721638011037896,0.369648088499406,4626.760436998629,50.0,58.333333333333336,12,1,37520.83210434491,29717.44228813318,23.291473351007962,19.96330575396939,52.887786754404,22.667766810170235,22.011354273940483,0.3245210178192985,-899.9867200995844,58.333333333333336,66.66666666666666,True,False
6240,松崗,資訊服務業,12,1,1444.7763544760176,1054.2187837382855,25.058780742538705,16.321814628541144,62.983674020457094,25.434527735050523,21.772000564493386,1.0283031891031031,434.8199094111874,50.0,33.33333333333333,12,1,1393.1938208969746,1025.475716614519,24.135133421347255,17.35510348852504,59.11533470545588,24.7410603550087,21.280888121516416,0.9996525924631084,410.714395471171,41.66666666666667,33.33333333333333,12,1,2184.3278486018858,1560.6965345237804,39.49787251126813,27.92690654073327,101.40573329645693,37.654023913879456,31.561966678975722,1.5248723883493753,651.7695348713335,50.0,50.0,False,True
1538,正峰,電機機械,12,1,2882.961532171045,2450.5425543875804,26.23544268098251,25.134270352031507,42.54809303590513,25.44145923143225,26.294030503009154,0.3130110841924459,286.52486988369645,41.66666666666667,58.333333333333336,12,1,2904.1161625107893,2485.1635954477138,26.52686250565087,25.340521209957455,40.885183529172345,25.800893840353478,26.63845215713622,0.3173695276340331,269.481558641301,41.66666666666667,58.333333333333336,12,1,2816.3901583920388,2259.6578323388762,24.799650663653107,21.095179247992895,52.51547300286552,23.45969977771036,24.27015136563937,0.2889791766272567,439.91467106525073,33.33333333333333,58.333333333333336,True,False
4533,協易機,電機機械,12,1,112257.3148457685,85623.3519306825,28.211271993039738,19.98145592372328,35.629753381274334,25.521536696036,25.142345976617936,0.8149881997732814,-4688.621316606829,50.0,58.333333333333336,12,1,117719.18084654899,88706.10347505736,29.363667314848225,19.10437858996209,38.552390639693385,26.440404678782325,25.892091605031702,0.8436812402334319,-3446.161408766546,50.0,58.333333333333336,12,1,89433.10313230637,61396.87962229631,19.028696019900472,7.052545656519212,47.07379734792891,18.300413157979133,19.75658796140704,0.5898111171102592,-15870.760487169415,50.0,91.66666666666666,True,False
2889,國票金,金融保險,12,1,235267.68806449827,183462.10688151993,112.70075712303881,20.475455073010085,72.95448653190546,25.553975730063627,38.34226594028684,0.9211025247159893,-26758.414863511687,41.66666666666667,58.333333333333336,12,1,228162.13797813575,178454.58267606795,110.04560868263556,17.73586817596363,72.88015428796074,24.856490270047274,37.58757363951803,0.8954768007083715,-15279.39177704291,41.66666666666667,58.333333333333336,12,1,339895.35234706255,287587.8642459487,143.41074212176227,37.419293725783895,76.71258996048076,40.05739075016624,54.07565535518021,1.4469406748165607,-130069.6226417307,58.333333333333336,50.0,False,True
4171,瑞基,農業科技業,12,1,6739.388581564109,4973.2199489960085,30.128572939786906,14.89302347850297,58.910760676876215,25.641652905140088,27.13399960365978,0.15325724794280524,-189.76444673509286,58.333333333333336,58.333333333333336,12,1,6737.401716333585,5024.033503915874,30.55101224672414,15.704066577893999,57.96972865454949,25.90364484426486,27.308245079562727,0.15478132870871278,-80.23241122688826,58.333333333333336,58.333333333333336,12,1,7092.0437573832305,5282.755153724924,30.60348378760577,18.83444413390966,67.38004887781673,27.237599668601188,29.846312792415002,0.16324426544347637,-1175.552766308943,58.333333333333336,33.33333333333333,True,True
3228,金麗科,半導體業,12,1,9269.611193073755,6621.556275734642,27.010523563421767,20.474895214905054,36.27605487311972,25.71594677714062,24.251205088625206,0.3561511325719189,176.38795657521587,58.333333333333336,66.66666666666666,12,1,9512.14384792189,6800.387234858669,27.72512609909206,20.97272616584383,36.38151291618045,26.410467405741368,24.82876498968494,0.3659416243892745,141.55326411370302,58.333333333333336,66.66666666666666,12,1,7953.9757098682185,5940.6812279136,24.1955178189265,15.994416656456089,52.11736134101352,23.07165202791169,22.43212427756118,0.31857232576985445,489.9001887288232,50.0,58.333333333333336,True,False
8076,伍豐,電腦及週邊設備業,12,1,48393.39341918067,42334.07003334606,26.854746587889238,20.043921999602645,43.57625678888069,25.79129621855168,26.260952043102254,0.8319540919696352,-649.0965718657486,50.0,50.0,12,1,50558.754011920144,43743.27434591315,27.683815619749502,22.745611951958868,45.45844472562047,26.64982944791634,27.06788848078262,0.8595894098729971,-192.6503660736295,50.0,50.0,12,1,36456.861935255074,33848.33147430818,22.046468597514615,19.521529084768417,34.79016441770249,20.621507520301314,21.106832283589103,0.6659799906123939,-4757.112423994827,66.66666666666666,58.333333333333336,True,False
2425,承啟,電腦及週邊設備業,12,1,222993.84245348437,185133.4542239808,29.962015723357933,30.90646556797434,61.680847316686496,25.873084436129005,28.34619206258217,1.3937307663638407,-13876.461782169272,58.333333333333336,66.66666666666666,12,1,226804.11684241402,188286.89171737863,30.590763014301146,30.882616855204116,60.542043091808836,26.313788980171203,28.858940927110854,1.4181805776473349,-11873.160262847034,58.333333333333336,66.66666666666666,12,1,208094.2921309577,167472.30842741512,26.650109932300342,24.521348268890584,56.57263377810663,23.40487403974923,25.47448379414932,1.2606156061228975,-31906.175456069614,75.0,75.0,True,False
5530,龍巖,其他,12,1,111635.00694972498,87799.28117978554,24.723972204930718,24.61072778115024,38.75185272074596,26.03473535972575,24.467868417035934,1.282293743449561,-4221.251751752796,41.66666666666667,91.66666666666666,12,1,114630.49866726238,88991.88449600054,25.016336812186474,24.711777579297245,41.470509080981856,26.388372784879728,24.795666107957263,1.2989236009997576,-5703.7152584366,41.66666666666667,91.66666666666666,12,1,105138.34089132992,78298.25147423269,22.45893802498385,16.59099883127792,40.630164193771535,23.217436736033697,21.23667195582137,1.1504671421102153,9120.919808401399,33.33333333333333,91.66666666666666,True,False
6680,鑫創電子,電腦及週邊設備業,12,1,14578.155224582006,12313.912593202751,29.404497028963238,22.020221890724322,50.33247172358601,26.205854384598048,26.265307049322402,1.0531103764231695,681.3034053691184,41.66666666666667,75.0,12,1,14683.299844096071,12312.715450141595,29.15711618005194,21.417241468795247,51.0439590985301,26.203306684466128,26.236271248024,1.053143137373602,241.52819110797887,41.66666666666667,75.0,12,1,16881.109244942974,14849.719096190543,36.88521183518069,28.48928217709036,74.95653276630695,31.60243126151179,31.129057301906027,1.2774498015325062,4639.280333719363,41.66666666666667,75.0,False,True
1742,台蠟,化學工業,12,1,2986.8134012267606,2444.4984818005682,27.603445270115273,22.921617756191324,61.335235992271386,26.261163088608715,24.500455924460514,0.12100518122464354,1100.2680961974472,33.33333333333333,58.333333333333336,12,1,2853.288915676068,2258.0248152895697,25.406413079502073,17.475897742474924,57.6613425719632,24.257882904785845,22.982915005675334,0.1117026005353202,848.6358291666237,33.33333333333333,58.333333333333336,12,1,5592.491005582848,4192.830419957024,48.194533066370155,36.74080890742811,93.8863661509875,45.04343295000429,37.17787469163285,0.20821327110685758,3364.958499474856,25.0,58.333333333333336,False,True
3062,建漢,電子工業,12,1,106988.4249630798,91696.27613249444,26.13712272354723,22.03560660984228,51.66205597536828,26.28000359179252,25.0009850670824,0.6645122284950219,13036.012877301071,41.66666666666667,50.0,12,1,111889.00195158129,97081.9047990087,27.711121630363404,25.0681737707101,52.88163760940725,27.823516007668047,26.40008971717099,0.703408336513684,16528.190480259193,41.66666666666667,50.0,12,1,81588.9274510564,65229.25441202314,18.400325990600454,13.947900777828126,40.68582126901744,18.694598216409418,18.34568387849995,0.47270755836809547,-18393.585549322193,75.0,75.0,True,False
4147,中裕,生技醫療業,12,1,15946.519582987377,13416.833291236971,26.653002716135845,23.924751436433635,41.36800136670071,26.33548695425593,25.862217930786308,0.5224218913811827,-1935.7582583859505,58.333333333333336,58.333333333333336,12,1,16462.323039846608,13797.51604078745,27.150574213354002,22.297348648151992,43.33472704392343,27.08271734512953,26.69952397551895,0.5369829011485062,-2662.138664742299,58.333333333333336,50.0,12,1,14088.472272064986,11886.710125944692,26.156505055981473,16.77910760715991,60.092366486707775,23.332055534691467,22.623666709952335,0.4648500397192567,4601.665398821159,41.66666666666667,75.0,True,False
8104,錸寶,電子工業,12,1,103307.00021925091,79165.30993077562,27.325614653407076,20.509886227544925,48.576760560744106,26.476079822270204,25.916720485346524,1.492919070695856,-15183.513113451294,66.66666666666666,33.33333333333333,12,1,103121.4444776918,79987.22970073855,27.336960293958867,20.882324092631443,49.30333351321799,26.75096301866101,26.186145777172133,1.510508310509768,-17144.820381454072,66.66666666666666,33.33333333333333,12,1,111226.9707021617,72055.05045013732,27.300007052063997,18.807377434345245,42.03760398847913,24.098121626552334,23.68748968099838,1.3405686583187928,2468.2522985736773,58.333333333333336,41.66666666666667,True,False
5251,天鉞電,光電業,12,1,10041.139207600518,6741.229572810913,32.82917537552491,9.718086523136293,97.76660554512986,26.489953426309913,24.354194219221405,0.6578077059498499,4297.63574183919,41.66666666666667,66.66666666666666,12,1,10224.648064645733,6987.883447676635,33.66707809155658,12.900360293842672,99.97410188216608,27.459190504952737,24.952992985819268,0.6816266110543947,4586.278748079593,41.66666666666667,66.66666666666666,12,1,11017.938125187973,8892.579843900698,39.295146534936535,28.561686436287083,88.61044534643607,34.94377744599608,33.300304519150906,0.8662122573032874,1699.848685675565,41.66666666666667,83.33333333333334,True,True
6265,方土昶,電子通路業,12,1,30851.367120790743,20128.350744882893,22.7273849894283,18.07786574917855,44.41927420931995,26.545301267983206,26.511669048120584,0.5508904942693812,-16738.189349135213,83.33333333333334,33.33333333333333,12,1,30991.585877469566,20225.608226387423,22.961403209824095,18.113048449900976,46.38661753410428,26.67356459068784,26.81586931396292,0.5536113353298594,-16655.520835305764,83.33333333333334,41.66666666666667,12,1,30606.19995209336,19668.03154212088,21.172860153518318,18.825763638933513,39.60736786758284,25.93823156457683,24.907005781356915,0.5378725201590658,-17482.205973600252,75.0,33.33333333333333,True,False
6508,惠光,農業科技業,12,1,37080.14703206456,31485.222613022095,30.54479451230913,27.099349998936844,46.17617716052517,26.549513231184402,29.134328767132256,0.6309041406945571,-3562.029628246135,58.333333333333336,58.333333333333336,12,1,37025.00091693516,31338.880881801848,30.499052924738514,27.068045302183137,48.66774706432665,26.426112428939497,29.153013523403438,0.6276926548631313,-3792.6553507337903,58.333333333333336,58.333333333333336,12,1,43210.62076904551,33044.070360060956,31.12772708175467,27.52717332719757,59.38814856524199,27.863991753190874,29.808293548965832,0.664651222101503,-1486.3981258572637,66.66666666666666,50.0,False,True
4119,旭富,生技醫療業,12,1,37943.28915024531,29729.33293508654,28.950165850027233,27.717459475050312,51.502896095403216,26.549558667389917,28.54281509981913,0.5135924469337251,-2962.415054755266,41.66666666666667,58.333333333333336,12,1,38091.24365567021,30643.164614890236,29.51742080287465,28.5331482583815,51.345066774312606,27.365649221727047,29.255876300993073,0.5289215274865008,-2695.006210637661,41.66666666666667,50.0,12,1,41961.3587398686,35900.50153676484,35.00977336757079,27.601142393261142,53.04329851656908,32.06067468181103,33.129081673911074,0.6169864550180006,-5369.094651813729,50.0,66.66666666666666,True,True
4527,方土霖,電機機械,12,1,88933.74811837672,67939.40763874036,25.685368361093413,22.816870208803664,35.57295492990579,26.57869049270453,24.654495005388245,1.1485739457559663,-13122.006934692365,50.0,91.66666666666666,12,1,92372.38637284358,70587.12188510953,26.677977565606998,21.695658834438113,37.698839010675925,27.614507258160742,25.64272908072332,1.1937062945503134,-15892.988535575185,50.0,83.33333333333334,12,1,78294.36917272862,58685.59805608607,23.106090797811998,20.675447668659725,41.20615651130857,22.95849200519897,21.40471325013555,0.9955745055709926,11816.82747325293,33.33333333333333,83.33333333333334,True,False
4183,福永生技,生技醫療業,12,1,14428.133508447643,11083.189839723227,30.487604817696983,20.812328417161474,59.84114661870235,26.615358676955147,27.18338730438515,0.86198962657963,880.3633145112663,58.333333333333336,75.0,12,1,14672.615557717972,11304.55740649274,31.27656451354874,19.272305636759732,60.47637458070264,27.14695447872502,27.440986783632255,0.8788185552459636,1567.3287079415604,50.0,75.0,12,1,14724.768243602153,13225.450706454458,33.9212750686479,31.222600091409262,54.124094960699566,31.759819989284377,35.6465677390885,1.0296615143487093,-5302.325226361388,75.0,83.33333333333334,True,True
5201,凱衛,資訊服務業,12,1,8105.099024741217,6769.957815369216,27.58956412371207,23.155113506849577,47.52904591161064,26.671140485438332,25.705076218285512,0.8531622281563186,813.4272755101443,41.66666666666667,83.33333333333334,12,1,8483.503682539404,7072.600867860915,29.01583471755473,24.643904285455577,49.233490779886566,27.863442651874763,26.608680004091323,0.8929896561279294,1172.883080599754,41.66666666666667,83.33333333333334,12,1,6743.241174373438,5519.231040524438,20.7178325436877,23.134606266585646,34.86733092019733,21.743737622594196,21.937169242378392,0.6785250649874084,-2421.674970296355,58.333333333333336,83.33333333333334,True,False
2429,銘旺科,電子工業,12,1,13128.475514101185,11146.42415621397,27.139005338207596,21.226977736850795,46.41050668671659,26.98157077361244,28.141890825951926,0.508028649788738,-3390.034520232754,58.333333333333336,58.333333333333336,12,1,12940.480968019749,10815.668249536564,26.247246293916593,20.78912818652906,46.05210658718506,26.180927107111412,27.280923776239945,0.49306883031165344,-3528.226003984076,58.333333333333336,58.333333333333336,12,1,15958.748723960949,14123.227316310644,35.16483673682658,28.42389364613624,61.3344760320198,34.18736377212174,34.817343500199286,0.642667025082499,-2146.311166470868,58.333333333333336,41.66666666666667,False,True
2408,南亞科,電子工業,12,1,2118320.216336836,1505905.5824931357,21.360277345879563,17.36166633704444,38.39403733481777,27.13892690279899,25.071265945412673,0.8612829546910404,-1491267.3195363607,91.66666666666666,25.0,12,1,2332444.6422188343,1654097.9670496483,23.306848025467666,18.366263996895714,41.71207408407807,29.809600508625138,27.77735766995619,0.9454886512148,-1636725.4471771333,91.66666666666666,16.666666666666664,12,1,751664.034589455,552433.4387497994,9.55820137832718,6.60941836270066,21.32284507510786,9.95577072506206,9.917762929978903,0.32267873729322005,-182144.17076940587,66.66666666666666,66.66666666666666,True,False
6735,美達科技,其他電子類,12,1,9088.06923958792,7784.653386391355,31.863120587263648,22.847819772583513,50.15779019843096,27.19664164942552,31.399877048695323,0.4993688498180911,-2601.357815061066,50.0,50.0,12,1,9291.302664055655,7910.172328016183,32.07384152423611,24.162212662513088,50.24804836196798,27.63515747102308,31.743073088199814,0.5075695619276798,-2729.3750893126366,50.0,50.0,12,1,8343.19498879042,6904.674589116031,30.570014488251278,21.94071065642585,50.94107811307757,24.122327762769153,30.066083339321064,0.4417958949712902,-1449.2023467969373,41.66666666666667,41.66666666666667,True,False
3083,網龍,文化創意業,12,1,10312.713977293573,8980.194158547632,29.611595046987,22.192705320681654,65.75040738272115,27.218208199275505,28.595532008760756,0.7817109210505359,-2791.3696646004996,75.0,50.0,12,1,10616.381961922456,9216.81429413434,30.607252345816093,23.450445381834793,69.30286918747825,27.935383797133785,29.412805329589027,0.8026696608867344,-2719.4722844536814,75.0,50.0,12,1,8389.393070514485,7199.516560292254,22.342251266887057,21.317436074727993,40.27918697157035,21.821125157483092,23.036189549121833,0.6231028966566518,-3438.446085921864,66.66666666666666,75.0,True,False
6706,惠特,電子工業,12,1,25909.39480092735,20428.062937073762,34.28032391750553,22.23008189560699,48.01877948825169,27.253193820521123,26.929411306856245,0.1290052067204603,7980.706543592391,25.0,50.0,12,1,26717.495531257508,21129.69883644136,35.82268635177052,24.076533396195927,51.122303494910796,28.18925022566356,28.085925344492065,0.13353691388832883,8097.543285448929,25.0,50.0,12,1,21945.88727822305,15604.838160216153,24.37665850570949,12.250561374446029,42.03274755715212,20.818502480057216,19.119631179209463,0.09806679752597149,6929.175866883521,50.0,50.0,True,False
4550,長佳,電機機械,12,1,25706.35130871653,20910.526411632953,29.277345630303188,21.382049299557433,49.655418757916706,27.30264423125879,29.41380101897777,0.5545226767596173,-6962.940942398957,58.333333333333336,75.0,12,1,26274.590213495194,21197.399081674743,29.842626273531835,21.66378136983215,50.85161606130749,27.6772107197172,29.89212380641881,0.5621654522613203,-6969.368818315997,58.333333333333336,66.66666666666666,12,1,22008.05138243867,18328.672381256805,24.18981984124533,24.896999189035718,38.889643027399664,23.931545835133004,25.071084084860324,0.48573769724428906,-6905.090059145627,58.333333333333336,66.66666666666666,True,False
3515,華擎,電子工業,12,1,1258357.8837317233,1091331.341806125,27.387254835645752,31.33890733366036,37.46510136782657,27.36002671007321,27.632121990267517,2.143621489461322,-234003.7391636685,58.333333333333336,91.66666666666666,12,1,1265598.1789245019,1108662.6100842494,27.8695491618495,31.96973960080375,38.15145682571544,27.7945271636423,28.072344710050945,2.174747513521257,-231191.2511680833,58.333333333333336,91.66666666666666,12,1,1239505.7831392568,1051129.4045489514,25.985479529805744,24.26398428840794,43.071732451750165,26.35215125097331,26.47400512541274,2.0895612605328546,-259316.1311239357,58.333333333333336,83.33333333333334,True,False
8201,無敵,電子工業,12,1,12898.676149307556,10855.371598004342,28.169744279125688,27.961254557858677,48.9926187268984,27.411285499419662,29.01788344278583,0.5872864966520756,-3037.631965013747,50.0,75.0,12,1,13157.693739909193,11111.459524022963,29.096097386915414,28.70629948441406,51.14074125089483,28.057942243472645,29.62826785709371,0.600984723914292,-2887.2479989822364,58.333333333333336,75.0,12,1,13407.582401127498,10969.992494701733,26.379591152703373,25.01172259562216,48.23826724461617,27.70071880856122,29.775773150509472,0.5907007100287923,-4391.087659297354,58.333333333333336,83.33333333333334,True,True
1533,車王電,汽車工業,12,1,133585.91422038214,91643.69345161051,27.41790832544727,14.330194235750444,52.82185987856332,27.4705890201339,23.512220087391942,1.0633271561624484,36720.97658032382,41.66666666666667,58.333333333333336,12,1,140712.8468780802,96157.75757898421,28.81679708448456,13.878775469799242,58.07834673967371,28.823699046401973,24.548602970467147,1.1160950056983105,41100.39726286573,41.66666666666667,58.333333333333336,12,1,88837.86081008847,61034.174926771004,17.471139783596765,9.9634739781591,32.488236424238984,18.295254942791946,16.646906141961143,0.7051210936300901,-2693.809562553528,58.333333333333336,75.0,True,False
1312,國喬,塑膠工業,12,1,675752.5339561421,521566.9167540066,28.3647041958492,22.375730941666998,48.72649558814503,27.562653287891525,29.069622278102564,1.410551692772012,-125263.74531224881,50.0,41.66666666666667,12,1,692767.6874976738,532649.465520745,29.00741161118376,21.64696932494678,52.31462786502692,28.148320130230438,29.636829199920406,1.4402115516493987,-117694.13218064175,50.0,33.33333333333333,12,1,554464.829916101,430569.3122811794,22.951864972135883,17.391583028716152,40.64468777599807,22.753806442844855,24.351263475171322,1.1665057252403692,-193390.26349671246,66.66666666666666,50.0,True,False
5704,老爺知,觀光餐旅,12,1,11153.486854037079,7515.379434299462,26.05494025549347,20.564293404233748,64.42982982523282,27.585785446034418,30.956334131121537,0.750552331767332,-4113.176986936624,75.0,58.333333333333336,12,1,11498.06769845872,7851.444918574035,26.97211336637311,21.278216508846086,62.20316330806984,28.819339975923587,32.59709509891586,0.783906306957689,-4456.248816030234,75.0,58.333333333333336,12,1,9492.926196653736,6618.089558486502,24.22086920170087,13.058576959550228,59.29960555269981,24.292213083725276,24.34818769974048,0.6593723566124886,-1025.5305250941487,58.333333333333336,50.0,True,False
4503,金雨,電機機械,12,1,19023.414674751282,15462.54452943849,35.02849160007375,22.92004417354433,51.700236697284595,27.743094800709596,29.85298436305241,1.4262749497766343,-1969.4908304549408,75.0,25.0,12,1,18961.776260498107,15739.866161291066,35.249047681576876,23.6683595704101,54.96687263491321,28.240668813067373,30.40094613496281,1.4540557773251013,-2283.582296602743,75.0,25.0,12,1,21815.10633940011,13834.269614232855,34.18471642454299,17.778552489541823,40.95463272594523,24.821623160116182,25.890170582652832,1.2490530782563494,857.3323648752412,66.66666666666666,50.0,True,False
2511,太子,建材營造,12,1,368643.73203337076,216577.77438640976,23.539421752853006,18.84648927509452,54.464223293961055,27.815754295465446,23.470049252855844,0.8404239904915561,-55026.63820012657,58.333333333333336,66.66666666666666,12,1,370259.57355079416,219540.37644940335,23.99881680505761,18.16618406765987,54.06577491629984,28.19625045345274,23.886899245547113,0.8516162705614061,-53394.59062669298,58.333333333333336,66.66666666666666,12,1,361572.87002362905,204147.46908608094,21.65832745434103,11.359931128125943,57.49292344874277,26.21929168968264,21.676350135403386,0.7940622048825593,-69715.06636102924,50.0,83.33333333333334,True,False
2101,南港,橡膠工業,12,1,459674.78914565634,196084.39334267922,29.887234390004252,8.177097048840897,29.969120352648897,27.903624037545416,18.883331459910035,0.8572177941913012,139581.50145036646,33.33333333333333,58.333333333333336,12,1,441633.41517414246,190852.70943786376,29.062067319538997,9.348389036606248,30.83570210303067,27.15913367666225,18.85476603681963,0.8321473414452271,123974.02991405677,41.66666666666667,66.66666666666666,12,1,633332.8013463843,305286.9575107756,46.2068876720474,20.494498707021457,37.26621570719158,43.44360273007329,27.357371342226077,1.3399840124900606,280048.7452771533,8.333333333333332,50.0,False,True
3693,營邦,電腦及週邊設備業,12,1,201056.0202443555,174802.01726115806,29.5006358087581,29.082903853068387,49.77252577633695,27.90716513962065,27.764555205198338,1.2188673424937282,14897.022934192568,58.333333333333336,50.0,12,1,202039.0515761994,177328.89031664198,29.935911306849576,29.43377070270997,48.65156270258601,28.310580756620606,28.123035619811926,1.235763680809728,14551.219506852605,58.333333333333336,50.0,12,1,213007.3827618912,188229.27352488704,30.64986182897939,25.927731507252215,54.911839962176735,30.050828375291754,29.81286460004885,1.3158331351912502,18009.253780251707,41.66666666666667,41.66666666666667,True,True
6589,台康生技,化學生技醫療,12,1,30435.15141001114,23426.450415923664,30.633218883792402,21.650824620065013,68.8702898471459,27.967539863571815,28.203150452149956,0.4041980426709347,-2256.3850459856935,75.0,66.66666666666666,12,1,31543.532964842474,24173.590245419822,31.856065005158197,22.349464899898948,74.54116284824319,28.859508667812545,29.21567268161712,0.4169697648362935,-2052.0644476757116,75.0,66.66666666666666,12,1,25641.8005528305,20421.942463307452,25.17667537707406,21.03228365879999,43.08202149484195,24.3806244562724,24.621526657055483,0.35382601938744873,-4095.270430775561,41.66666666666667,75.0,True,False
3455,由田,光電業,12,1,53608.995560498566,39057.036022118664,31.963746612394168,20.481339180814526,60.54369609029203,27.97541473664059,28.727582759648357,0.7141469365935428,7090.993805752307,33.33333333333333,58.333333333333336,12,1,54360.711041714094,38505.11934827359,31.927844099530223,15.369735060381512,61.01562446415625,27.58009293490072,28.265519871043864,0.7043815067170228,6181.668456558578,33.33333333333333,58.333333333333336,12,1,64601.73654406891,46259.66966546397,33.61341189500624,24.128863639150794,56.29634072551413,33.13445095368877,30.35777882551749,0.8435076919210472,15274.92194849583,25.0,58.333333333333336,False,True
1906,寶隆,造紙工業,12,1,80330.51568110086,72736.03178634497,29.918773010008863,26.591511540915548,41.78272614090923,28.05129717768847,29.134130974359067,0.6396558939194109,-6793.584135815608,58.333333333333336,75.0,12,1,81255.29704627069,73600.68099971833,30.162401751068842,27.643249513728108,42.34085832247169,28.384756832320658,29.41691147127618,0.6474697251512797,-7225.108929133817,58.333333333333336,66.66666666666666,12,1,86277.92564479342,71223.71184184018,29.87657687116098,23.517586666560504,61.23681243210194,27.468057548729035,28.905319461007938,0.6257823286307757,-2909.860995951846,50.0,50.0,True,False
2431,聯昌,電子零組件業,12,1,11074.41574087296,8805.353652704633,27.770934620339617,29.062998839018462,48.69050835904677,28.17059611035722,28.14389871215487,0.2060840259923148,-14.301788758864253,33.33333333333333,50.0,12,1,11308.313175931939,9024.686677092413,28.55981154701904,30.87752827829484,48.860651481971004,28.87229899332927,28.740940596769043,0.2112250596758892,256.1960720242405,33.33333333333333,50.0,12,1,9826.383795846114,7412.605157822705,22.33940995635185,18.878462879467353,37.885088731459646,23.71483466339075,23.87568468297129,0.17336741694538746,-2448.7825358068267,50.0,66.66666666666666,True,False
3176,基亞,生技醫療業,12,1,67176.7460516222,37235.397513030686,23.780223486275922,13.00379346021564,62.910155153411004,28.235265468590214,23.573850892925087,0.2776406544376347,-7538.006977351294,58.333333333333336,83.33333333333334,12,1,67377.86646606073,36502.62456915453,22.96650526860584,13.74742182966185,62.87499393055248,27.679610366712943,22.908745522328687,0.2720148368863225,-8756.846716703458,50.0,91.66666666666666,12,1,73933.89020818876,50821.51311778755,38.1128205761026,30.564592617317004,82.08201681275956,38.537494165169086,34.616057889467214,0.3812617519838542,3431.5506768181635,50.0,75.0,False,True
8473,山林水,綠能環保,12,1,196186.9351182527,121883.94189002966,24.481979029186938,14.200714440829177,63.138454244854046,28.540923367834697,26.741718377584377,1.3366828191055344,-30580.431948826943,33.33333333333333,83.33333333333334,12,1,198946.9551970305,127676.60907870294,26.167016786495363,15.78316114336234,64.72459127207858,29.89736185976059,27.890290245655596,1.3978295897012922,-23755.128294952563,33.33333333333333,75.0,12,1,193239.06011271107,95712.99900987733,16.229539742814687,8.782116388897771,49.37908999418108,22.41261094518316,21.35648803322858,1.059914584569595,-92008.16483369652,66.66666666666666,83.33333333333334,True,False
5484,慧友,電子工業,12,1,14962.983009546464,12139.79285793494,28.341618620530205,28.477270905523678,49.76570857326854,28.643859651977316,30.571112477429956,1.0817014177686388,-5415.449824022246,66.66666666666666,33.33333333333333,12,1,15557.302330223596,12801.506442015956,29.928656919096113,28.994243553107967,51.20723191876223,30.205173856760855,32.38352013254037,1.1406374768813936,-5394.039365324107,66.66666666666666,33.33333333333333,12,1,11140.87519951471,8313.593971927128,18.45050992336856,16.24901096105802,38.228156128645914,19.615937580001955,19.69554480772947,0.741367378431438,-5608.143952305502,83.33333333333334,66.66666666666666,True,False
5212,凌網,資訊服務業,12,1,36445.3661145914,31539.28260626479,30.05758341465821,27.085434026641543,42.534726273202374,28.70957153700572,29.502073197593525,2.3165863329370144,-6039.374760094554,58.333333333333336,58.333333333333336,12,1,38775.30657262111,33658.53638344677,32.21893853625175,27.295093728007707,46.94076653957232,30.638685419545013,31.288311222118896,2.4704638502303076,-5850.751864401677,58.333333333333336,58.333333333333336,12,1,21740.798382033445,15923.468192102633,14.839568483796631,12.423467345251145,29.73822597947334,14.494811276639458,15.98566289855133,1.1895863978936534,-7736.980821330456,58.333333333333336,91.66666666666666,True,False
5364,力麗店,觀光餐旅,12,1,9238.818591242936,7462.119874247076,32.60403403714205,22.83786308848592,56.27350759399724,28.737857112449184,26.910612486979872,0.5326837400193052,4185.399006956092,41.66666666666667,66.66666666666666,12,1,9490.91060349532,7547.477333145173,33.221191916900914,23.51597620521299,60.85215069140519,29.066582796119977,27.171272483611155,0.5386972038739409,4211.0301277603385,50.0,66.66666666666666,12,1,9834.62418180202,7916.451248756394,30.803944223623592,23.01875682579891,62.50027328775782,30.487562335948937,27.570314106706334,0.5681068972161137,3954.718919717856,33.33333333333333,83.33333333333334,True,True
8096,擎亞,電子通路業,12,1,1163866.1155289127,833133.7895145741,33.057686132553094,17.951465818917946,45.2162064749215,28.815188648289762,27.949547890129573,1.187604337884754,908.5474865431121,50.0,33.33333333333333,12,1,1174880.9535290152,828034.7114230115,33.24911434026878,18.055916305785694,45.18259981393269,28.63882934202955,27.88104274563653,1.1798597705138592,-1034.6216735789396,58.333333333333336,33.33333333333333,12,1,1155882.7778659235,889256.583776183,31.545303119043446,26.24040612182117,45.51866642382077,30.75628013259947,28.38438309787954,1.271866098550209,18397.069927640277,50.0,33.33333333333333,False,True
3432,台端,電子零組件業,12,1,4633.707099667105,3729.195599501883,27.623679477440348,24.202663115044317,48.48213972574575,28.817461117028632,34.96207307985927,1.7797548219234984,-3468.251126888501,75.0,41.66666666666667,12,1,4722.359664987056,3773.2093184210366,28.102719671422662,23.22811273426486,50.706353390491145,29.157578335266788,35.865382537858956,1.8034552094826521,-3487.4273665361907,75.0,41.66666666666667,12,1,4228.433396228099,3458.692290511564,25.43100201144971,25.94317295576618,42.71545843415611,26.72713938922832,30.45039127052905,1.6346606476845589,-3295.664970059293,91.66666666666666,50.0,True,False
3259,鑫創,半導體業,12,1,8018.033340706757,6805.086726976927,28.990015460603715,25.835378565051677,55.2409198767053,28.970554684940588,27.4203999960545,0.5187907692725622,-107.18894290270025,58.333333333333336,50.0,12,1,7870.516256828702,6768.67135078134,29.23421739095196,26.013012893003573,54.41416034526906,28.815527469304264,27.45435449617622,0.515433747999055,97.79594798998914,58.333333333333336,50.0,12,1,9980.18389106654,7157.00728922992,26.917183494192205,21.14564751219108,58.98241582587392,30.46874777233927,27.48378964506268,0.5507650546088044,-1952.0529609369066,50.0,41.66666666666667,False,True
6130,上亞科技,生技醫療業,12,1,5480.781755711491,3738.6264389067824,27.75533273982323,25.057530592332267,61.87504815253219,29.04915647946218,28.963661393530387,0.5767778068533761,-630.6644142662875,50.0,58.333333333333336,12,1,5527.07889185575,3782.5141071789535,27.906413803341408,24.27882281549694,58.301373044715476,29.390164002944474,29.748834234847603,0.5837474922584598,-850.9816000750476,58.333333333333336,50.0,12,1,6113.038073023977,4893.134970673448,38.727801643788204,34.56319745326587,61.13936094418542,38.019696741829435,33.857270177157154,0.7529750588675078,1352.1902580125513,50.0,50.0,True,True
2438,翔耀,電子工業,12,1,13741.55296244921,10866.100546192096,32.83510362893334,21.19368416492412,70.0610445401723,29.1189509829956,28.26084199132416,0.9376845425738699,1631.856911408958,58.333333333333336,75.0,12,1,13864.41058524905,10995.826733944712,33.39395101409093,19.917030287879218,72.17302703747521,29.466590919357415,28.54284967558475,0.948886416112272,1917.8263856734332,50.0,75.0,12,1,13541.529308474699,11315.424431890691,32.463765594654596,28.7363763139188,70.1758701455741,30.323048087336456,30.532477774323034,0.9772345802183873,-941.8683569713361,50.0,58.333333333333336,True,True
6227,茂綸,電子通路業,12,1,566702.1797948112,426611.31036264234,29.877848301743903,23.408154801852685,62.70128416998174,29.12680186073698,28.03955049829771,1.8414920032176518,-15925.887491077243,50.0,75.0,12,1,577979.4878022461,437015.8789062302,30.659513550898236,23.82237288603772,65.64018461745849,29.837171696356034,28.604003015123354,1.886565259799587,-11621.047289084643,50.0,75.0,12,1,504235.80635704735,419161.99876203184,27.987020621742964,25.237794003063343,45.07008260269279,28.61820160162657,27.895890590853938,1.8135121357738775,-54669.44930901072,41.66666666666667,83.33333333333334,True,False
6103,合邦,半導體業,12,1,2756.6722472585247,2236.219108767115,30.20569023895005,31.536691114599925,59.08178624619785,29.310165918698665,34.79683569391187,0.07092430912984979,-868.3278308804198,50.0,58.333333333333336,12,1,2679.0836820463032,2143.2519404940176,28.752494792173515,28.819427708564792,58.488848063391316,28.091643495563506,33.410647781192864,0.06808685294651745,-875.403335182199,50.0,58.333333333333336,12,1,3857.577349400805,3305.51217976375,46.603349895480434,42.12140721180406,87.13164440725627,43.325410312127275,50.007437510922415,0.10428192529686493,-804.6482921644125,58.333333333333336,58.333333333333336,False,True
9940,信義,其他,12,1,554628.7691074314,281069.1518532526,21.780741743502045,20.15295619334144,34.09103108375008,29.43823739273359,24.503672992288603,0.7543127384947024,-181255.8571426666,66.66666666666666,41.66666666666667,12,1,563480.0724354533,289608.30264993204,22.643634940864356,22.211326171242256,34.85541800513669,30.3325993197808,25.500812971256803,0.7770609540784005,-186079.63426078612,66.66666666666666,33.33333333333333,12,1,480892.96429222106,217062.69723378983,15.685101953321952,8.358211263738037,27.21154879127039,22.734416666299897,17.5195667251515,0.5834597752408559,-137841.86307959122,58.333333333333336,58.333333333333336,True,False
5398,慕康生醫,其他,12,1,6741.876506137691,5653.130604395216,35.81857313366125,29.659459505325337,67.3162007733061,29.51397102129772,31.300133502099946,0.6779608271399818,1024.8005126768514,41.66666666666667,66.66666666666666,12,1,6823.041966961676,5789.540984310247,36.37371930993754,29.402720543803056,66.73338677468182,30.226144908928454,31.722369911507197,0.6942558394517411,1175.3908085299129,41.66666666666667,58.333333333333336,12,1,6944.766763624152,5572.774313935632,35.74646852191252,31.121265152068684,72.56152676092431,29.094445382502244,32.2698745706885,0.6670924220069873,-330.5121500007056,50.0,66.66666666666666,True,False
4530,宏易,觀光餐旅,12,1,14411.128231078952,9560.853321418623,25.765437949928078,22.049256877972702,47.687025008605794,29.56522990301024,29.64638601122438,1.9515349960905546,-6012.607808241418,58.333333333333336,50.0,12,1,14664.710950227161,9675.239877980484,26.031358001224646,22.787163485819484,48.280509658640604,29.918949882689134,30.1520118193012,1.9756188100314145,-6214.022578246164,58.333333333333336,33.33333333333333,12,1,12402.40043217388,8674.28395418547,23.95221854205445,20.94722233847414,42.34566315829248,26.823672608276507,26.176507953123824,1.7685134246248593,-4199.874878198697,50.0,58.333333333333336,True,False
6140,訊達,資訊服務業,12,1,66786.96986880049,58111.50669514036,33.142452580696094,23.121281225896524,66.2461899212843,29.62692339701029,30.439263920675604,0.6505737982730868,8291.998513542909,50.0,66.66666666666666,12,1,68447.67233968838,58234.336137165206,33.46394557772782,21.307964912947806,68.29246782439171,29.689545391804863,30.359248045953464,0.6515570497431008,10036.45566813306,50.0,66.66666666666666,12,1,76395.1362096351,66726.51971020743,35.182064894886736,38.7201439274701,53.71094074751321,34.019105688903664,34.64508756600693,0.7505174948603104,-7408.115877768486,66.66666666666666,66.66666666666666,True,True
3209,全科,電子通路業,12,1,1481467.0421290065,1181806.2679944912,28.581280241698785,25.420149040563306,52.505041765908125,29.929813414793642,30.268144342473192,1.273034039112738,-353731.0457772026,41.66666666666667,83.33333333333334,12,1,1548805.7254708936,1246529.860414777,30.119696690297143,28.50984994915317,53.65202549750181,31.568969592194573,32.09668981300156,1.3426471555651547,-368396.2912217436,41.66666666666667,83.33333333333334,12,1,1025210.8102031599,771127.5129138107,19.613648486715043,17.813093171478585,42.182188181564925,19.529175978809256,19.945506455002796,0.8318065728019092,-221743.83677633503,50.0,91.66666666666666,True,False
5202,力新,資訊服務業,12,1,5272.033784062751,3746.3800644383386,30.902257538535732,20.630656348250504,60.83815875289329,29.952270426039725,27.765033297543273,0.811466805558784,385.9264745123767,33.33333333333333,91.66666666666666,12,1,5460.144596583074,3842.8908818806426,32.05206683182723,21.497604651090008,64.33664185653328,30.723873427697118,28.09541185323815,0.8318598583203434,534.3496391464446,33.33333333333333,91.66666666666666,12,1,4643.028971524691,3217.8438582792915,23.10220282976023,22.059266098945653,42.28145758672265,25.726628845491156,24.91021988458683,0.7023234490385111,-949.8820071942364,41.66666666666667,83.33333333333334,True,False
8092,建暐,其他電子類,12,1,10842.498391388435,8604.941450219108,30.379076466185346,22.778512254693915,56.23153423658973,30.028585629054383,32.19439447097685,0.7908870263909117,-3715.8940905425766,50.0,75.0,12,1,10682.908015493602,8503.681434692158,29.361764653284713,23.344774425343743,56.92207968692124,29.675219477216945,31.444648515627694,0.7816148732430586,-3580.93486774284,50.0,83.33333333333334,12,1,13929.696750994402,11484.30905681804,44.500286397078014,35.42029005876809,59.430412250518195,40.076688481640296,42.895756764067464,1.0571199548047021,-4930.527095740206,66.66666666666666,66.66666666666666,False,True
1423,利華,紡織纖維,12,1,3548.628672326093,2144.5398479260966,26.791262559779423,25.770757825590824,47.3911456613856,30.138284273098282,29.93401607451271,0.29056365190179634,-1042.796776633837,50.0,75.0,12,1,3550.8704939886084,2162.4893656393056,27.12458158739817,27.034632419602524,49.425924533012505,30.39053776604636,30.199129979731204,0.292731849869112,-1040.814433809482,41.66666666666667,66.66666666666666,12,1,3815.596187599976,2608.09814594486,33.8532062276272,28.419018569386413,68.82828470913756,36.652899413662716,36.959627018809975,0.35409271915265483,-1060.6378620530331,50.0,66.66666666666666,True,True
2498,宏達電,電子工業,12,1,88902.15741412732,73164.5339807347,34.40500306264222,26.403372555335892,70.46765568681165,30.268070108437882,32.47527904838564,0.5315718529470502,-3757.5057768351085,50.0,75.0,12,1,94017.88124309556,77689.0146576827,36.719436438799185,28.252647553266506,75.90502701794489,32.139841728963674,34.30998010509038,0.5643700802371826,-3398.478074951568,58.333333333333336,75.0,12,1,54670.11614251964,45850.889352545644,18.06135779225567,18.625513181282862,29.250586805877433,18.96845176137543,18.741718992816622,0.33610861024742394,-6988.755093787062,50.0,83.33333333333334,True,False
4542,科嶠,電子零組件業,12,1,22422.99532669958,18506.243941328215,28.543729792836185,30.24637589395943,40.05498564315416,30.49470261849286,32.01624290535142,0.9128039447173566,-7107.425172571474,58.333333333333336,83.33333333333334,12,1,22757.036426353858,18902.334606367538,28.96602561210199,31.958626362831176,40.90558859870367,31.14738325312781,32.45103727940307,0.9324233601066774,-7197.214719529999,58.333333333333336,75.0,12,1,21155.526586425534,15756.059097437277,26.10227377612188,22.480525725593758,45.42753935525498,25.96293111336046,30.49555204881777,0.7758894365877543,-6299.319249944754,58.333333333333336,66.66666666666666,True,False
3576,聯合再生,電子工業,12,1,101677.19474060017,77509.91530893302,33.51222985068061,22.885624370636528,67.82826373029475,30.530138375978026,27.7901984593586,0.17169361366595604,25136.32497228829,50.0,83.33333333333334,12,1,101113.39454179344,78994.20202939979,33.9031832083387,25.011322260153552,69.16907127146112,31.114779434929808,28.484256396105117,0.17505170159097216,23215.989064282927,50.0,83.33333333333334,12,1,116778.38147283588,71858.62557062467,32.76161074698454,13.788613003549049,64.88749869454605,28.304169517340743,24.409608734815457,0.15834667828079038,42419.34814433641,33.33333333333333,83.33333333333334,True,False
3349,寶德,電腦及週邊設備業,12,1,15103.725867120458,12278.816703679879,35.47113766025196,22.28934488921372,66.4230306152701,30.740526796063293,29.450837153345805,0.3640943166371546,3585.904579366184,50.0,33.33333333333333,12,1,15216.98006477128,12390.236793323755,35.75262696543638,23.077328467976084,63.60540426074813,31.01947161085891,29.595855737891657,0.3678186749405119,3597.8491682270437,50.0,25.0,12,1,15332.751590724602,12770.94569421908,36.508980923868,36.050138538649364,75.11069859224807,31.972592131500388,31.568125657920216,0.375564493079562,3478.4032796184224,50.0,41.66666666666667,True,True
6207,復華滬深,ETF,12,1,38939.71823086397,28571.869845048757,34.458332172256846,17.72847417039458,61.55975343306008,30.771575951975745,28.26966873358046,0.8225166549977736,10203.61289178584,41.66666666666667,58.333333333333336,12,1,40519.41092073612,29791.0435278943,35.8894516284197,19.438062003749952,64.21676230319306,32.08461201800111,29.361753825976518,0.8575876475230202,10216.244568469216,41.66666666666667,58.333333333333336,12,1,26445.79021679235,20614.28979834623,24.232031083793014,20.013703804199697,38.59054927580803,22.20135355739674,20.920840213056728,0.5927371792334123,10089.927801635431,41.66666666666667,58.333333333333336,True,False
3066,李洲,光電業,12,1,11010.108804401261,6231.23887926216,26.898799901185168,12.441660452057892,59.48964732364478,30.91186188797129,26.01837744081335,0.7359427382474409,-1565.725239213735,58.333333333333336,83.33333333333334,12,1,11241.969936281825,6422.153394223678,28.06333164646523,12.53129327647411,59.68259897613797,31.858948532095948,26.907062068543276,0.7580279344741276,-1536.9282357168768,58.333333333333336,83.33333333333334,12,1,9665.210406186687,5116.802756926597,20.728066564646415,12.260785381885928,49.88817646177412,25.383379323893706,21.32740172708367,0.6076062595225322,-1824.8982706854624,50.0,83.33333333333334,True,False
8099,大世科,資訊服務業,12,1,230564.69155387284,128990.76566301589,24.400641694274984,10.13880152486043,65.63621407207863,30.98998235078628,25.46429535209313,2.327450613668512,-57305.31747279924,58.333333333333336,66.66666666666666,12,1,235114.1618401932,132864.7565162784,25.581773086720766,11.252266853458982,66.10653530790671,31.920707178665452,26.273115719624435,2.39446625925248,-54800.949689301866,58.333333333333336,66.66666666666666,12,1,202507.6977429565,103543.22830498929,16.870571954376377,11.881004378819956,32.30422376303479,24.87622118701073,20.260642798988147,1.8967209682931758,-79844.62752427573,66.66666666666666,75.0,True,False
1532,勤美,電機機械,12,1,688932.4723171676,397423.8278271987,25.520110250066878,18.04560958008051,68.06414787460902,30.990335101093898,26.53119702507957,0.6629637061084136,-59105.72635752182,33.33333333333333,58.333333333333336,12,1,703334.6935564175,418349.7670365839,27.121444852252026,19.975767438486574,69.14420136875874,32.6220990341964,28.25986378495713,0.6983398011678806,-68752.17961633178,41.66666666666667,50.0,12,1,631029.0119036043,399741.5990127058,27.99464998532242,18.37109793921311,63.20757722850735,31.17107037839024,27.46932421515151,0.6714750752223216,27712.35297176756,25.0,75.0,True,True
3284,太普高,其他,12,1,28224.69527573175,22445.402596108892,28.81666139942193,24.041537561540576,52.951105128362684,31.004613790705537,30.443843806900766,1.086140814077309,-4366.458251050539,50.0,50.0,12,1,28780.50531924695,23193.192395901267,29.843887530537927,25.53538251694587,53.570287190282926,32.037561800433416,31.56815680142711,1.1220613709003777,-4578.248707364724,50.0,41.66666666666667,12,1,24928.003533461837,18058.47321273737,23.24711036789329,18.340061304269206,49.1516659641185,24.944795942657166,24.261756545027556,0.8706153405287546,-2460.344144222863,41.66666666666667,58.333333333333336,True,False
2388,威盛,電子工業,12,1,317977.3503384058,247112.3656147764,34.24067877101356,20.546857927963107,62.908587977076245,31.060213360977173,27.46423689063989,1.035083063934896,122416.0172789177,25.0,50.0,12,1,308482.09917800815,241531.8899974476,33.03796479571419,22.751803892247587,62.845778005181344,30.358788473158448,26.962365107199766,1.0129168876573382,107898.1187499498,33.33333333333333,66.66666666666666,12,1,506040.8590923177,398179.16070275585,55.67844449017895,32.497974906074624,149.96745264937178,50.04820238984786,40.60666246893816,1.6659084478201176,253077.1040396286,25.0,33.33333333333333,False,True
4908,前鼎,通信網路業,12,1,24725.160818703112,21196.589629573456,32.29110669446652,26.013406009998754,54.31424869036064,31.221654861110203,28.47137757794721,1.3480501433270147,8166.72881568092,41.66666666666667,33.33333333333333,12,1,25586.606840072305,22103.784310530475,33.62498319376782,26.847674824290728,56.25675271770479,32.55791317981432,29.666052829889395,1.4047035012459201,8205.875192690624,41.66666666666667,25.0,12,1,19133.39608076065,15441.547369845655,23.989703690696455,18.99560308628914,37.22932697165051,22.744727851416478,21.43675822693787,0.9865351531966352,7814.411422593573,33.33333333333333,41.66666666666667,True,False
6431,光麗-KY,生技醫療業,12,1,12349.9170164439,9951.636084575342,34.864574868962364,34.008523037646334,62.95652088550497,31.247859720412723,32.14421800900868,0.5503913493470978,1283.816590900198,33.33333333333333,58.333333333333336,12,1,12874.534108091711,10262.254547036471,35.53685795390255,32.41703654327069,69.81247380731307,32.22319302832978,33.07663878159565,0.5673905340151466,1478.3493505016038,33.33333333333333,58.333333333333336,12,1,12284.791143662218,10906.418062193992,40.922622618519846,32.948954237805026,75.74269314741983,34.24584849800165,36.603303346814585,0.6020917166426354,-466.97824551245566,58.333333333333336,50.0,True,True
1599,宏佳騰,電機機械,12,1,56450.2293105482,48701.32753258664,32.06072319479199,25.43921002956061,58.804559403205694,31.34918686325924,31.656501122708182,0.690953275618857,-5888.048008326409,50.0,58.333333333333336,12,1,56379.12190037843,48679.06173161213,31.939971381990873,27.466989298752104,53.69618670908321,31.334854302099735,31.789761946588996,0.6902914779935339,-7371.840762873236,50.0,58.333333333333336,12,1,65666.46399040121,51008.13415936779,34.26234251597238,27.412727633810473,55.81383825655294,32.83408503060343,31.606898545051365,0.7258097412446595,7466.086782594946,41.66666666666667,66.66666666666666,False,True
1789,神隆,生技醫療業,12,1,94562.22821503348,82784.38540046308,32.881513270376104,33.995709613631774,58.39583764584803,31.403101603439477,31.303720939088702,1.2813826591822612,-1793.8620103575013,41.66666666666667,75.0,12,1,100982.95195322776,87796.03356135024,34.61908349655482,34.60762277611884,61.16007098506198,33.304200411333134,33.095500328025345,1.3584221913518937,-3959.6338430700853,41.66666666666667,75.0,12,1,57765.039768240036,44521.14665905051,19.76886289557183,14.650964051434146,39.41086907584812,16.888475831191858,18.10321622167664,0.6934193401567597,17698.084484055675,33.33333333333333,75.0,True,False
6425,易發,電機機械,12,1,43291.38182852782,37140.94246661417,39.351426567344205,33.41436377733918,86.68958715699556,31.609469663989113,35.062434332201214,0.6624989656925716,-2158.3865719710266,58.333333333333336,83.33333333333334,12,1,46219.84135234084,40018.921435526565,42.11405543626155,34.70771217095867,94.94764496174386,34.05882562724204,37.586256965598125,0.713873156343431,-2384.3080500519886,58.333333333333336,83.33333333333334,12,1,32043.242682977656,29575.8605960923,29.062686836401895,27.15909656114846,52.4808131265525,25.171070150923274,27.38627029877496,0.5270076678004135,-125.09326924243457,41.66666666666667,75.0,True,False
1530,亞崴,電機機械,12,1,57589.385428128924,50805.99371505922,35.11498208100299,26.19417087359286,78.0721138636201,31.647118359065768,30.935469292226873,0.8104751705621515,9896.374749934586,58.333333333333336,66.66666666666666,12,1,58939.88467748788,51656.794141456085,35.54668269249657,26.09902152969979,73.65229751548121,32.17708303105179,31.370899512096546,0.8237306044359544,10675.426781887216,58.333333333333336,58.333333333333336,12,1,54326.014177167475,45334.50473187206,32.6670605751307,19.973282138053268,57.46700852415769,28.23892088491768,28.916658254997348,0.7258124682228919,2884.906462360889,50.0,75.0,True,False
8927,北基,油電燃氣業,12,1,338618.33315530024,286075.0188781156,31.447012532954883,30.34689324451203,62.164626118319624,32.03214977837538,29.534279406110613,1.671437152210432,17991.808015228267,58.333333333333336,41.66666666666667,12,1,324005.0992594879,275112.72723785246,30.06834776685074,31.21398588382471,59.27843531870135,30.8046893412068,28.609877803502208,1.6044369914960364,11507.792061584682,58.333333333333336,41.66666666666667,12,1,525635.3781945178,384735.6436404842,43.85499542789218,30.50109622419962,88.14034331488413,43.07929371289262,38.23670844717413,2.2744385986399913,76347.95159802029,58.333333333333336,50.0,False,True
4432,銘旺實,紡織纖維,12,1,38073.66180677146,29195.119812026274,45.19445628308714,28.12750674972826,66.96269341947357,32.16939482635497,35.90249416667526,0.8068278102539642,3925.6887166964448,33.33333333333333,75.0,12,1,39552.190255376976,30934.877442934812,47.67626717207882,27.588149754467178,68.46307197179466,34.086391587841334,37.688528592277834,0.854921843395149,5312.201149608831,33.33333333333333,75.0,12,1,30984.709132465196,25134.034294660512,32.567933100065765,24.29391678050463,53.45928644858383,27.694583136152005,29.95868036444523,0.6960669088413213,-8552.923179515048,58.333333333333336,58.333333333333336,True,False
6625,必應,其他,12,1,135616.32460998878,117984.33362708718,31.71382188080291,31.195578862538127,48.25096951122523,32.39286236319111,33.10083905105929,1.4873715673766783,-24028.303011243417,58.333333333333336,58.333333333333336,12,1,137984.87236722306,119087.41573887625,31.99465110472867,33.368146959341125,48.54832234055751,32.6957160211642,33.78423858602329,1.4989944329066436,-25989.932935978966,58.333333333333336,58.333333333333336,12,1,165203.00093023892,127136.14149662973,36.220492617727956,28.078687429564734,66.75706985535379,34.90551165804969,37.12331123961872,1.6277536154049834,-6373.6336886236095,50.0,66.66666666666666,True,True
3027,盛達,電子工業,12,1,81683.53020679596,57058.884031962785,35.42725297017923,30.38577214096987,75.43424607460317,32.47432875653279,30.278890441643085,1.576204172583574,8115.272776990557,41.66666666666667,58.333333333333336,12,1,81967.21197991777,57230.4824147303,35.084445347516464,29.534328856674357,75.90500463932594,32.57199176538098,30.31936888456942,1.5812189633114675,6755.24168899216,41.66666666666667,50.0,12,1,92220.99732816608,71371.69576316049,48.315936564384145,38.004343865517086,78.23899767989381,40.62028116122591,37.620945693715505,1.9670631975430763,20355.552568976054,41.66666666666667,50.0,True,True
4770,上品,化學生技醫療,12,1,175303.91096202534,128231.41289679334,35.059017468731504,21.117098214346974,82.32419948592833,32.55911435600671,29.301954365828504,0.8722719522598094,16650.312675841004,50.0,75.0,12,1,176365.56292520557,128945.54499412824,35.227214990445326,18.75787862371378,84.54260589963626,32.740438947985865,29.42795102791049,0.8771196816810735,16490.464675438227,50.0,75.0,12,1,172573.01243800126,132026.68330246178,36.811562062551026,28.021535510825935,63.02001434461475,33.52276780377447,31.161391771949738,0.8963853723224346,18088.94467946605,50.0,75.0,True,True
1799,易威,生技醫療業,12,1,19618.36487624321,16235.03170632897,40.17117894117485,27.904642135025252,107.25691207767547,32.61083351064556,33.79709249581352,1.0974461909370852,867.1846169937362,41.66666666666667,75.0,12,1,20053.163138069947,16456.760363876845,40.736031420495614,27.91060146051861,110.00533657619576,33.0562133821868,34.07904108234139,1.1125145128634186,615.8636685290361,50.0,75.0,12,1,18466.22975916763,16186.67238154658,39.08988806476829,31.390104716980225,87.59909658358602,32.51369554887915,33.503860661744554,1.0947676513070437,3129.073153176028,41.66666666666667,91.66666666666666,True,False
6582,申豐,橡膠工業,12,1,29641.332627490498,22417.574363655975,39.08984561000253,22.559537107504422,80.43636283399053,32.75061022798757,29.594018074506895,0.09382548187421813,22417.574363655975,0.0,41.66666666666667,12,1,31363.414689186386,23538.626458794824,41.57579681259434,23.332786568387164,82.24061279344618,34.388394031782376,31.004625239799456,0.09867758613655543,23538.626458794824,0.0,41.66666666666667,12,1,24993.35894202219,19626.834266313508,28.15294835861364,22.257492889281096,53.90804869489845,28.673521436264547,24.48947806693125,0.08075760760211324,12328.105507406299,41.66666666666667,58.333333333333336,True,False
4303,信立,塑膠工業,12,1,31326.29211927576,27108.92915248919,31.933848448423657,33.39462006513041,57.95438278069606,32.919860655799226,36.635396795386804,1.9082274863894468,-15046.847797420307,66.66666666666666,50.0,12,1,33552.29321543895,29173.0502865451,34.407120693768235,36.19023870287788,60.39727335776679,35.42643624672668,40.060258783784626,2.0571513389504363,-16771.328393900756,66.66666666666666,50.0,12,1,19173.360292027355,15001.771410017434,18.138242795558224,16.18001319572857,38.189446966740675,18.21747445758402,18.463729616986733,1.0904996031242062,473.477570903724,41.66666666666667,50.0,True,False
6179,亞通,其他,12,1,181861.7792330356,114889.46541415162,33.60514123161965,15.984306080508548,83.4795190406809,32.98539936783719,25.534523212224286,1.1015992712498928,69910.0158981337,33.33333333333333,75.0,12,1,192204.92907445072,118550.0803183316,34.52194408631983,14.439938965372567,88.60321778628925,34.03638210251149,25.823019567105227,1.1369571195800798,72412.24855544137,25.0,75.0,12,1,103821.57230150705,85789.57242696929,26.412839485854008,22.672617660591378,51.9141715139255,24.630659546536727,22.80735196464857,0.8202627322274769,47389.92198236464,33.33333333333333,75.0,True,False
3213,茂訊,電腦及週邊設備業,12,1,94053.18571245747,79516.66631860765,33.20117480758214,33.70449329906087,47.18965466543286,33.04919508214993,31.798680212907083,1.6753000365822615,5.375373044318015,41.66666666666667,66.66666666666666,12,1,96019.43198925814,81019.20655665181,33.50683155601752,36.60101494970571,47.337019672059654,33.673689892419425,32.30460739714939,1.70618452655859,-161.03856465198865,41.66666666666667,66.66666666666666,12,1,90109.2567954471,65993.80417621013,30.450264071663753,19.091610013354472,61.60507041806381,27.428741789724466,27.499128027096315,1.3973396267953095,1503.1008123110223,41.66666666666667,75.0,True,False
6649,台生材,生技醫療業,12,1,8722.255514141782,6076.2265947883925,31.90418120827627,26.71275921247348,71.75956345797773,33.08275331666404,32.79473189146117,1.137169659493507,-2448.1482520797895,66.66666666666666,83.33333333333334,12,1,8646.007622842035,5994.28475143982,31.009399722731228,25.629751757290993,68.7548252025891,32.63661100325218,32.08906290352911,1.1218227648835422,-2488.478113769343,66.66666666666666,83.33333333333334,12,1,9926.012452467843,7943.653794675163,46.09901123238498,36.4598263091159,92.63377068376664,43.25018740209979,46.470396807008726,1.4838701597264572,-2085.1794968738086,50.0,66.66666666666666,False,True
3288,點晶,電子零組件業,12,1,2527.990664801083,2045.5886627808623,37.52489126949737,38.745784179852215,82.58221900096274,33.199972886877134,33.69779642083599,0.786677691444086,144.83254731925226,58.333333333333336,83.33333333333334,12,1,2635.2264445200594,2134.8764477329396,38.732944453827386,39.089843581665406,88.02246020214434,34.64911664362265,35.21115082003545,0.8206179451444418,139.22230341186057,41.66666666666667,83.33333333333334,12,1,2209.540388364202,1924.0828591417123,36.62708959621983,27.67384065775302,71.43657031127528,31.227929601823917,31.735508120876972,0.7370721999931161,195.32474248577364,41.66666666666667,91.66666666666666,True,False
2107,厚生,橡膠工業,12,1,53004.27058231938,40382.146130428875,30.350886233719898,26.595533964461048,51.407199284898084,33.54388893262412,30.693672809658302,0.5054611253498938,-121.53004173319034,33.33333333333333,66.66666666666666,12,1,53305.31983599175,41221.37820462416,31.198363102614064,27.14727452631284,51.5299518176083,34.241006599292405,31.360871100799393,0.5159433745857535,545.6918531194569,33.33333333333333,66.66666666666666,12,1,51613.517508786106,35826.32688430493,25.701073026577507,21.62986890779493,50.44753317952,29.75954586439032,27.5329420501214,0.4492454793184659,-6126.527095407044,41.66666666666667,50.0,True,False
1468,昶和,紡織纖維,12,1,28699.417175873088,23402.370144478715,32.08005688867574,31.81666004570375,47.16588350734226,33.565139025890176,30.449757211378785,1.0339952761505822,3351.615610847993,41.66666666666667,33.33333333333333,12,1,29670.66237527886,24145.52147792462,32.95550249556548,32.41919106021898,49.53001685461305,34.6310130237114,31.34093279427726,1.0662798520777461,3270.544229767255,41.66666666666667,41.66666666666667,12,1,22562.81750503517,18597.92934119381,27.11369135911949,21.07621735464059,51.270776887005695,26.67431034023401,25.514708397424847,0.8246159084673862,4081.2580405746153,41.66666666666667,58.333333333333336,True,False
3057,喬鼎,電子工業,12,1,20375.262117473314,16364.347806378268,37.2519494942515,23.95705634575542,62.60681399101243,33.63401107759514,31.656953190176328,0.8324246089324961,3243.2773263679933,41.66666666666667,33.33333333333333,12,1,20375.414347295224,16441.81458651117,37.33490452164696,26.13869715766086,56.94841243383244,33.793230288281926,31.823588903482676,0.8360328999265291,3309.624937600965,41.66666666666667,33.33333333333333,12,1,22706.933300455614,17339.599096509035,40.48765305600162,22.59467521220604,113.53242800563234,35.63846692782538,33.17345224231312,0.8830385310128838,2646.1488252712347,66.66666666666666,25.0,True,True
2485,兆赫,電子工業,12,1,88908.90554461196,73266.04739282474,31.25481792930473,32.039743506273915,47.38495020880074,33.69755911836355,35.00840645841377,0.4902495404556108,-34045.68093752898,58.333333333333336,75.0,12,1,88253.38779081605,72380.08133415744,30.784719459799163,31.556869166797654,49.717719756348814,33.2900730494245,34.814290208145685,0.48445024551829347,-35138.536396502204,58.333333333333336,75.0,12,1,101688.56931515259,83397.69117566907,36.97712328585721,32.69933228141132,51.81420674624489,38.35744835065798,38.398915422243405,0.5568120507283607,-24209.981806770073,66.66666666666666,58.333333333333336,False,True
6199,天品,其他,12,1,9730.9374991745,7468.901659911834,27.64000478859266,33.0880388753022,44.90962139258884,33.980057824236916,33.30389453122508,1.7744891389781712,-7036.924456920883,75.0,33.33333333333333,12,1,10406.056134357632,7964.599819741913,29.402149198144816,36.07854343841164,45.31571155973791,36.23525583076586,35.580943812862756,1.8840771790961834,-7454.153002349885,75.0,33.33333333333333,12,1,5471.119940351985,3859.1450988954257,18.974131249350123,13.020881038953089,43.189411595607254,17.557330325612426,22.59703362019415,0.9882191633653776,-3281.86754805987,75.0,58.333333333333336,True,False
5443,均豪,半導體業,12,1,156942.74660670746,132280.08986406054,37.248645104291086,28.139391759657272,63.51981563025105,33.99186047724523,32.669173808280256,1.0777962444984375,13596.6967508156,58.333333333333336,50.0,12,1,164140.1487713049,136238.25801564296,38.397792790838494,28.33314889932194,64.8054284756014,35.00898633263535,33.33231149277566,1.1099364429186598,15208.610858693815,58.333333333333336,33.33333333333333,12,1,110313.84185299116,96656.57649981865,26.906315925364392,26.18021875513992,51.94930002209796,24.83772777873407,25.17511822677161,0.788534458716439,-910.5302200884616,58.333333333333336,58.333333333333336,True,False
4768,晶呈科技,化學工業,12,1,48158.244750459584,34977.655321048944,31.254489355003535,36.967320973181764,50.88796852500327,34.14455659395364,32.07380822453883,1.534960251247843,-20109.12409477655,66.66666666666666,50.0,12,1,47882.478483749015,34741.59805112088,31.148352510807815,36.597650135353454,50.866399841523034,33.91412174237505,31.86554263408823,1.5242658348254887,-19864.938779592216,66.66666666666666,41.66666666666667,12,1,51848.49621515526,37102.17075040145,32.20972095276501,39.04688166989616,55.10407855445153,36.21847025816087,34.44763223906144,1.6312099990490314,-22306.79193143557,66.66666666666666,50.0,False,True
2939,永邑-KY,貿易百貨,12,1,10155.925562432403,8549.179778134589,42.984198150394654,25.276360050198114,99.50503771895762,34.260214710468425,36.90688351127644,0.2035449208037007,773.6042910032957,50.0,66.66666666666666,12,1,10476.317493823335,8561.548465255328,43.31477230909454,25.662990819401944,106.39205121306591,34.309781322405506,36.85328171801862,0.20420952738147066,1421.4092100932673,50.0,66.66666666666666,12,1,11423.23126672456,9988.631640348656,47.55666481558375,30.779238971248805,67.49115997912098,40.02871310969125,46.370755802459755,0.23314185094478102,-5056.63998080646,66.66666666666666,58.333333333333336,True,True
3047,訊舟,電子工業,12,1,138406.9133898806,103925.294990738,32.51761528640061,27.578882004776204,78.42369321760451,34.35957742299922,26.85306960729929,0.7629426892184412,70826.34740354835,16.666666666666664,41.66666666666667,12,1,134132.0752013505,104515.08987056284,33.07351178625091,28.347997028249804,72.68691880750914,34.554574250661204,27.56649807560648,0.7648273733124485,71274.3961116405,16.666666666666664,41.66666666666667,12,1,198714.57728376382,121085.77577758551,36.74745386307681,19.809386535676133,73.83589024232319,40.03314196052713,28.51114301059459,0.8945325775850184,66793.90903071912,41.66666666666667,50.0,True,True
8940,新天地,觀光餐旅,12,1,60546.29848807077,45479.10505967543,36.472052684002904,32.70434106646511,48.00540621359153,34.36900813182257,33.80668234625373,1.0577957064009642,-1459.8832304697055,50.0,83.33333333333334,12,1,63451.97532296278,46677.01529964277,37.411498038324794,33.7011178767322,51.11713036202528,35.2742807119362,34.607107712145485,1.0851146141368389,-1388.60321270471,50.0,83.33333333333334,12,1,44026.37503304698,37111.773143940016,30.53733667795852,26.313040563326478,57.51174257006548,28.045732898586902,28.06103151901485,0.8686133872076183,-2101.4033903547593,58.333333333333336,75.0,True,False
2712,遠雄來,觀光餐旅,12,1,17508.936071179043,15119.114490992617,38.666875269871696,30.027312768761526,69.63556109664025,34.558436758568476,39.62334391309816,0.6785394306048355,-1433.7960243241505,58.333333333333336,41.66666666666667,12,1,18519.418497821887,15941.902654092102,40.52183926682968,32.13091798645403,71.11036823908647,36.43912049286471,41.67587188297337,0.7152638048984962,-1382.7037237834945,58.333333333333336,33.33333333333333,12,1,10329.792626052118,8259.270758699071,22.675420685510563,13.549059386980355,51.20622209433803,18.87858487720576,23.207075218699558,0.37222971188648785,-1893.6267291900801,50.0,58.333333333333336,True,False
6588,東典光電,通信網路業,12,1,6442.349531886287,5015.930423298098,39.43560064354532,25.472626847369256,75.3380493198298,34.752003487013525,36.37293871182411,0.793791301291911,-399.1413466013735,58.333333333333336,66.66666666666666,12,1,6488.100059917549,5009.448276697211,39.38358257719324,25.423051653316676,74.21735555171634,34.70709305918323,36.38113221740303,0.7926279614608486,-401.33320390805466,58.333333333333336,66.66666666666666,12,1,6234.134093351212,5074.269742706069,39.90376324071395,25.705737252097947,85.54857292376393,35.1561973374862,36.36827953812752,0.8042613597714735,-379.41463084125354,58.333333333333336,50.0,False,True
4721,美琪瑪,化學工業,12,1,94271.30191841806,73418.51406097102,35.51910573396406,30.36041475512664,61.23093032166946,34.81390121366078,34.67145084184428,0.5587902875284393,-7049.2892068347965,50.0,58.333333333333336,12,1,94299.08047645299,73267.07364410281,35.49420345301495,29.942818608443524,61.17492226093599,34.742090556906994,34.565091180749334,0.557828292878927,-6366.942500928388,50.0,58.333333333333336,12,1,96615.35272618789,74781.47781278494,35.74322626250599,26.089732027408207,66.21424132917552,35.46019712444488,35.52478938165826,0.5674482393740496,-13190.409559992486,50.0,58.333333333333336,False,True
2506,太設,建材營造,12,1,53207.19185711052,33082.11487662915,28.207892811977835,19.001684292436874,63.145271365502865,34.83498214922644,30.253556828101765,0.24044813608094143,-10965.571647702673,50.0,83.33333333333334,12,1,53027.574664090724,32562.30132970953,27.42889418237909,16.679879313981537,58.43094185819546,34.28762610214786,29.87039019115952,0.23671152985709235,-12434.142318415046,58.333333333333336,83.33333333333334,12,1,59002.0169993791,42383.66884039843,40.64707534047951,34.62989720379406,81.21406733605274,44.62938215951334,37.71394083933051,0.3095419128080446,2251.5643887085957,25.0,58.333333333333336,False,True
6163,華電網,資訊服務業,12,1,256068.84241943317,178203.32068133648,36.25892385808855,36.013628298656684,52.85415356174327,35.022998534119566,35.05138741650997,1.0055266245686678,-45275.43973613327,50.0,66.66666666666666,12,1,272857.75411212374,193726.4467942144,39.15343031961913,38.52200870147132,55.666618634821,38.0738194785197,38.30337977277618,1.0926479820815382,-48384.84911992407,50.0,50.0,12,1,163206.19588998012,117515.93644845346,25.260802217283114,13.514473046345996,57.324755102265854,23.09586855190922,24.60505216224904,0.6570655538815542,-17290.75528201628,41.66666666666667,91.66666666666666,True,False
5410,國眾,資訊服務業,12,1,179261.38995536912,128230.09169947523,35.92665316282258,24.43252516212093,64.5574633953677,35.05967564636823,33.98646208875092,0.7791676941961102,-18921.466919722956,50.0,50.0,12,1,182987.78441782735,133883.25951725527,37.55333803141447,26.085394849387654,64.8308697984989,36.60532088017466,35.573099387027085,0.8135615477323164,-19690.047211721223,50.0,50.0,12,1,155686.42396790985,96885.36438826863,26.088096501059603,13.45947546512496,62.09680576718697,26.489643774830075,24.823578660534864,0.5888987631591222,-12004.244291738452,41.66666666666667,83.33333333333334,True,False
6727,亞泰金屬,電子零組件業,12,1,54093.1810714221,47753.367628200525,42.69758009731704,35.81923613481273,71.73408506655701,35.14800446638949,39.0724861824252,1.201665829251893,-11229.749128184749,50.0,33.33333333333333,12,1,54306.40795633686,48286.49563022433,42.85438616380812,34.591792269426406,74.69787408021644,35.54040371123823,39.69088053459995,1.2148430600837725,-10757.039328227731,50.0,33.33333333333333,12,1,59433.22675402354,47925.91827152477,44.838470017508335,31.644142840500322,57.782488997839806,35.275007253490465,38.013345827382075,1.2077741716447143,-15484.137327797938,66.66666666666666,50.0,True,True
6674,鋐寶科技,電子工業,12,1,21831.890790225334,17551.13649058829,37.14446918746452,30.017258802914277,83.92727367390007,35.226151614353725,31.760707818346095,0.33634833475764925,5865.394015200269,50.0,41.66666666666667,12,1,22679.13892381836,18128.393260201097,38.215753601292406,27.27600179963853,88.24442976112365,36.38473952105122,32.2321126571631,0.3473428979041375,6266.099390567261,50.0,41.66666666666667,12,1,18307.884279863283,15116.30622780886,32.79454458316386,40.80296056654817,61.08391612380812,30.339305680594475,31.429092071811155,0.2895427630419045,2259.0456368973482,33.33333333333333,50.0,True,False
6804,明係,運動休閒類,12,1,47359.1994112302,39360.44101213475,37.41757845550217,35.01252547588821,57.10761006061057,35.25744409875266,36.86546714285741,0.3787243082539787,-6930.391232282025,58.333333333333336,66.66666666666666,12,1,47397.35320952136,39618.16931635456,37.589887704115874,36.760163374691835,56.327123631835796,35.4883063819241,37.29288426774811,0.3811483403013098,-7277.447357968148,58.333333333333336,66.66666666666666,12,1,48872.109198061335,37287.08467662469,36.183604429815496,22.921488108191895,80.66500478803215,33.40021782749458,33.31698178107877,0.35917509178000157,-3806.8861011069107,58.333333333333336,58.333333333333336,True,False
5512,力麒,建材營造,12,1,292794.68578826805,205773.9576217129,35.35670395678639,19.066111828604587,55.49125180575775,35.28609621680424,32.0776274300972,0.9265644110616189,11952.16569079319,25.0,75.0,12,1,304402.67327432596,211892.72866681908,36.699564378227386,20.45470063099164,55.96318848340353,36.335342420364796,32.59195368694393,0.9539772673188675,19141.25924409454,25.0,75.0,12,1,236650.7869690636,180235.6097172515,28.294072032674507,27.75161630523199,55.06256350935117,30.90678305302827,29.92055299611026,0.8106396956301193,-52749.676288919196,50.0,66.66666666666666,True,False
6598,ABC-KY,生技醫療業,12,1,15586.718285024608,14032.544951124093,37.2341796024276,30.494391055311787,78.27311206802192,35.31103120997175,36.94095499438233,1.0018972380558402,-3014.0383833917713,58.333333333333336,58.333333333333336,12,1,16076.314832456786,14444.872637737104,38.4375442346268,30.549653126163477,83.58416556049137,36.348598939948005,37.7642459423157,1.031213190051511,-2777.548354717252,58.333333333333336,58.333333333333336,12,1,13149.129988252362,11693.052927865052,29.593778259329877,29.99703241764657,45.869966079032366,29.424010991150908,31.730207973555018,0.8347930400079829,-5142.4486414624635,66.66666666666666,66.66666666666666,True,False
5381,光譜,電機機械,12,1,80219.36102376295,64795.85449920996,39.50143585828524,27.324005780061146,79.96100782380768,35.38686397033246,35.852523448272514,1.551682989928908,-4825.892791663406,58.333333333333336,66.66666666666666,12,1,81309.05835511866,66443.20473055822,40.29923019848289,27.66961364390328,74.62030106492803,36.2865289103006,36.84504573774396,1.591253235987731,-5517.859872888759,58.333333333333336,66.66666666666666,12,1,87453.08736148002,68392.64209702027,41.94757736233542,32.675892396906605,80.04743839028536,37.3511722495827,36.0349728014344,1.637053799435549,1401.8109393647271,58.333333333333336,91.66666666666666,True,True
8027,鈦昇,電機機械,12,1,78812.40836050671,53977.32697515579,35.0402410772886,22.674134674168748,81.38588216755434,35.7989884583703,34.129399424554244,0.7726697642627965,-20198.195555024722,50.0,75.0,12,1,79687.54007529326,54514.10086400391,35.42632321129979,23.699392963773867,81.64889903674651,36.15498908545718,34.503878548468094,0.7799816966954715,-20038.068293791785,50.0,83.33333333333334,12,1,73626.16279012112,49804.9225455911,32.088563362048724,27.19308909164615,75.16292887688753,33.03175513304486,31.548742416268833,0.7160135216551913,-21639.340906121182,58.333333333333336,66.66666666666666,True,False
8937,合騏*,其他,12,1,2255.5695730586076,2011.3789440375551,40.403317025669814,36.17630766591746,72.28247081757688,36.75541714145499,36.90979434357107,0.20473589180812027,477.1511323721672,41.66666666666667,50.0,12,1,2223.316426105136,1994.4774538758832,39.34881504617649,35.10034736588244,63.556807948875885,36.44656369390053,36.89807019282459,0.20274109316165365,371.3930454181165,41.66666666666667,50.0,12,1,3308.1752447170215,2553.8749549847275,55.2911471154537,36.44547251536624,150.6411320975035,46.668848540867295,42.76380600272741,0.26148947166807207,1428.9739149586214,41.66666666666667,58.333333333333336,False,True
3085,新零售,數位雲端類,12,1,2007.515083098163,1674.5833468655565,38.34471920070793,28.926244146714037,72.26691120604099,36.8020075131159,34.947937637999345,0.18973514844105566,279.29527291822103,41.66666666666667,58.333333333333336,12,1,2115.7459637444704,1738.7510125063625,40.074964257402186,29.873448464814796,79.11607659005601,38.21220839528295,35.94008418187276,0.1968959215791294,343.1591222015022,41.66666666666667,66.66666666666666,12,1,1470.5734358821724,1142.4553174702492,23.87426074974478,24.58842365686718,42.38755555174556,25.107528541733952,25.03696231352525,0.13045563401578328,-295.479370631311,50.0,66.66666666666666,True,False
1449,佳和,紡織纖維,12,1,116175.34959775601,82912.51513227815,32.29841120158781,28.022893099761177,54.29570775111154,36.80731024557209,35.09950521490954,1.399235567612214,-28525.42859692566,41.66666666666667,41.66666666666667,12,1,117357.52181272958,83129.88277725031,32.10022528536824,29.13880209611027,57.11668562448467,36.903806152529874,35.00862215039009,1.403599028886033,-29580.321402974052,41.66666666666667,41.66666666666667,12,1,112838.2370549837,83108.68120386808,35.1213550310782,34.18956842528919,61.44285374242008,36.89439414895081,35.54908378801549,1.3984347970583186,-19031.39334249021,50.0,33.33333333333333,True,True
8476,台境*,綠能環保,12,1,50804.49166490264,37460.63951647139,36.903224539917915,28.49883774658083,55.634095425616806,36.857225309446896,35.6062553364267,0.45928489195697647,-3519.8308494840458,58.333333333333336,58.333333333333336,12,1,49730.42069932633,37564.55198861598,37.107505767872496,27.63178594113711,59.46250208564015,36.959463964411945,36.23037077311308,0.46030145064823547,-4298.195216031158,58.333333333333336,58.333333333333336,12,1,66138.85294350919,39485.168021855054,40.002410119841954,26.7219949905582,67.72517656018371,38.84914280555675,34.57130121339338,0.48503649548766953,3485.4484494399453,66.66666666666666,58.333333333333336,True,True
3041,揚智,電子工業,12,1,74591.00072488535,43181.666958565525,29.81105976727904,18.402423350963694,66.31875653462944,37.08798705826848,33.28065731716305,0.7614217066279325,-18572.5407412916,33.33333333333333,58.333333333333336,12,1,75078.20942004504,43664.86476405541,30.106835342809347,19.33084249927762,67.31968415594723,37.5029972980026,33.66288886960258,0.7698712555087868,-18783.099570504462,41.66666666666667,58.333333333333336,12,1,72344.92104341852,44439.294504981655,32.05140576764495,25.90279699165649,61.03448991298968,38.168141611133684,34.32457743895352,0.7828955794894665,-16677.511278375896,33.33333333333333,50.0,True,True
2314,台揚,電子工業,12,1,71612.63643673834,52082.075134281884,33.11176195684566,33.17836820606577,58.530500756669554,37.24424661479655,32.22031965521732,0.4875563737976503,-6040.609692708604,58.333333333333336,25.0,12,1,72910.99291942238,52900.40968582841,33.85108472634982,33.18316549905184,61.46189147519585,37.829443225581095,32.910108813532936,0.49521649130412987,-6349.111079828787,58.333333333333336,25.0,12,1,66726.45986203125,47586.05988605169,30.009517636453765,24.305993800266265,53.775743776093854,34.02911549228968,29.243982783366025,0.4444746630880904,-3264.0972086269735,58.333333333333336,33.33333333333333,True,False
1795,美時,生技醫療業,12,1,729437.4381487021,636834.9810310442,39.51749235134274,35.622566620193666,59.53895497358391,37.27577594639975,37.713878628019195,2.0057639075322884,-143218.99157207966,58.333333333333336,83.33333333333334,12,1,761553.1581744554,671436.3440800938,41.68060405516169,38.06668662308241,63.02129038082774,39.30109285717657,39.87011148762963,2.114557952574568,-158735.4674052771,58.333333333333336,83.33333333333334,12,1,519589.59056312044,418775.89607891283,26.52995637511633,29.124931620281625,44.002093942606116,24.512152973627842,25.398587601058537,1.3211222641515572,-3570.7090733029568,41.66666666666667,91.66666666666666,True,False
1465,偉全,紡織纖維,12,1,12486.147149521024,11112.64615878673,47.250867511993704,32.83942424400371,102.36801149666812,37.2856498705269,39.399870776123635,0.6143200372898344,624.355337615485,58.333333333333336,91.66666666666666,12,1,12531.344248962088,11175.177751545643,47.56930109894631,32.51447727929438,103.8406470377778,37.49545868115044,39.804038757123145,0.617882809906191,688.8455224801386,58.333333333333336,91.66666666666666,12,1,13501.784944015744,12036.549614530437,49.42298104160236,34.8405715883082,96.67407557280653,40.38557227179867,41.94526268317368,0.6638409581900488,43.943673833599554,58.333333333333336,66.66666666666666,True,True
3035,智原,電子工業,12,1,794651.4548606686,561315.8689805168,33.030002445850904,35.207387174098706,56.117599058620314,37.43601570008529,33.97454549044374,2.639704159665061,-126811.47121508773,41.66666666666667,33.33333333333333,12,1,814222.3969299982,566059.734856812,32.85974218112479,33.37067731852558,55.84975118648408,37.752399838211716,34.27868639709949,2.6705352996222174,-149517.37060363396,41.66666666666667,33.33333333333333,12,1,831196.1906117783,531152.9441776775,35.30279854031362,22.758183466208198,67.19687539842573,35.424350274465944,32.27412607037501,2.4120852436968794,77541.62328182803,50.0,25.0,True,False
6283,淳安,電子工業,12,1,69812.53530160716,56548.62258776848,37.4740241151537,35.43500683021465,51.856524343452904,37.483924001410884,34.61647870733538,1.0311194417105385,4387.347688207061,41.66666666666667,58.333333333333336,12,1,70807.89263913345,57020.92685923039,37.717424228231394,33.86156063923759,52.52959445804534,37.79699647969349,34.77590600484474,1.0399246273447142,4086.4484352978493,41.66666666666667,58.333333333333336,12,1,66432.24067986381,57628.17531240114,38.70606857941736,44.597470103579326,59.07933831324171,38.19951830652133,36.24984024100893,1.047969113912765,7095.440964389897,50.0,66.66666666666666,True,True
1447,力鵬,紡織纖維,12,1,1032168.194334491,871350.3364781253,43.447617051537854,29.58702641515554,83.33661034645824,37.532542091775625,36.54810983237215,1.312779463767953,267253.6481115711,41.66666666666667,66.66666666666666,12,1,1051744.4623864968,887923.1478992851,43.80750155791074,29.973926062147747,84.72214025409026,38.24639932715337,37.080988422291355,1.337291924575534,265903.68438924884,41.66666666666667,75.0,12,1,976281.8613921759,861838.42565868,45.36321662950224,39.142072336513,72.79862903390492,37.12282607026467,37.00886415266531,1.3031844354340947,279403.321612471,33.33333333333333,66.66666666666666,True,False
4198,欣大健康,生技醫療業,12,1,8986.618600637057,6403.6230636183,37.959712264743544,24.427909574870842,92.77479438297365,37.63129307075852,34.946650314675715,0.7313159376083535,-1395.9489124993331,58.333333333333336,58.333333333333336,12,1,9124.18277651461,6532.942634320566,38.80735130439257,24.58489379398782,96.73742668789068,38.391247649054996,35.78990013490056,0.745912565855356,-1492.2058208075352,58.333333333333336,58.333333333333336,12,1,8195.041364012191,5888.781025488879,35.0363393450072,26.600963061836236,57.670690842736825,34.60579150242484,32.17382576750351,0.6737070063390975,-529.6367377255125,41.66666666666667,66.66666666666666,True,False
4402,郡都開發,紡織纖維,12,1,909.5795749222017,751.4819387120752,37.198193563488964,33.40979450328315,65.21790622964845,38.019238857223755,40.01661497337126,0.1439188587299485,-45.544862230808384,41.66666666666667,66.66666666666666,12,1,946.894843345428,781.1742366296712,38.66459599425462,34.875049898404576,68.34098161521385,39.521442048804985,41.65171778572312,0.14967603205423627,-25.621477694037548,41.66666666666667,66.66666666666666,12,1,735.7763646841988,609.8873704422716,29.136962242140125,27.0061542280035,47.847537999310234,30.855636600646147,31.86312193893684,0.11623843814247271,-224.85532306174616,50.0,75.0,True,False
1762,中化生,生技醫療業,12,1,33195.57532968159,25595.463758270318,58.01684506822128,27.65490812415086,127.18406938715452,38.16051191599769,40.703327159080175,0.4065539029106473,4275.685020374596,58.333333333333336,75.0,12,1,33498.5967986054,26138.38567397137,57.35548417563834,29.03774363857994,131.73651698113156,38.969959184827566,41.357698394487954,0.41502928562309377,3844.5807744155736,58.333333333333336,75.0,12,1,35715.51019997462,28504.093164887458,74.87152724117296,38.643936067826445,122.45492215429046,42.49701420322701,43.68111794562359,0.4512061806128753,8155.623234005795,33.33333333333333,50.0,True,True
4903,聯光通,通信網路業,12,1,60822.84261068128,43382.00065023939,43.08800843518538,37.11420289525257,79.94958537637324,38.52080363427292,40.00176047856799,1.096643859861074,-4404.6782630236075,58.333333333333336,66.66666666666666,12,1,60326.46727404413,42885.456462317634,43.188687627569614,38.236436195327656,84.37222470448535,38.07990001360121,39.56294316642527,1.0829312800953692,-1442.8376636947116,58.333333333333336,58.333333333333336,12,1,77790.31502568588,59829.8088547272,52.56949995537216,42.20931676477222,72.33622152300404,53.12554247901687,59.054217315109106,1.5264119986028877,-31061.243656983675,75.0,41.66666666666667,False,True
4707,磐亞,化學工業,12,1,48533.41893677442,43225.6911553176,40.91057168528536,35.303094023112195,61.16570843607024,38.61157568468471,37.49697911122457,0.9405373816602763,9647.420400808134,41.66666666666667,33.33333333333333,12,1,51760.82434115881,45717.220361851614,43.1371270771755,38.50059808339816,64.1099038449306,40.83714723617292,39.299753337669216,0.9944755748762173,10593.815441771227,41.66666666666667,33.33333333333333,12,1,28729.929828289725,22708.659964871407,22.40955766201671,14.727829642928015,44.537040801747615,20.284629799922502,21.047792953845764,0.4961999066251718,1129.865032140248,50.0,75.0,True,False
2230,泰茂,居家生活類,12,1,80745.40486804786,66245.0298998877,45.39460556605026,40.924717989625655,102.56413525491273,38.77468456250106,39.217070974246695,2.0336930705482534,3794.3163363631634,33.33333333333333,50.0,12,1,79244.6141485292,64563.90234969106,44.47396398956476,42.42180160812594,99.2178571894317,37.79068333906263,38.59488690384299,1.9832760333129202,4376.040216853779,33.33333333333333,58.333333333333336,12,1,102254.86036751622,81907.53591353922,54.20287826932528,37.38545818560412,136.65856974252762,47.94229654871957,45.00415955881059,2.5040232850647843,-1441.1985880523935,41.66666666666667,58.333333333333336,False,True
3025,星通,電子工業,12,1,36359.59352477085,22216.532418943407,32.95217761171804,28.51366834851644,61.65830823817985,39.3375999532728,33.72735977094366,0.9557630827195679,-11530.205581806265,41.66666666666667,83.33333333333334,12,1,36202.061518713694,21888.70853607509,32.148360765063636,24.000287854817426,61.78129118212154,38.75714011749723,32.86839297461588,0.941822643017844,-11411.85034665778,41.66666666666667,83.33333333333334,12,1,39393.44069059323,26494.345901959387,43.1827112897101,42.445735555000944,69.69428391611643,46.91209053066428,43.82210167880182,1.1400397587438273,-12595.402698142658,33.33333333333333,75.0,False,True
1781,合世,生技醫療業,12,1,18664.268686668533,13222.310226856165,40.87775509807365,25.838259227889505,95.43680751644278,39.86185515226307,32.79247341131132,0.5452318959669133,6482.392936198444,41.66666666666667,66.66666666666666,12,1,19793.6903366903,13681.62424270428,41.82613688185743,25.610869081677812,102.34821418527267,41.24656844782269,33.0604097309627,0.5641967471140561,6714.863659790804,41.66666666666667,66.66666666666666,12,1,11748.225938114416,10586.503899619318,36.20371916674013,31.38075915807096,69.14457798721486,31.915578879579094,31.217895546152945,0.4354654019920159,4390.156423867175,41.66666666666667,58.333333333333336,True,False
2236,百達-KY,汽車工業,12,1,350477.5004044496,312440.36658367567,37.76943905737327,40.81413473555738,55.699790941410484,40.07368551398708,44.41986849128548,3.6563454310309815,-181811.30504688786,83.33333333333334,41.66666666666667,12,1,362375.5476094827,333160.98232267174,40.76220216527829,43.6401168564338,55.434544675469354,42.73131726579954,48.969968217473934,3.9059309864430447,-210344.34266994832,83.33333333333334,41.66666666666667,12,1,394599.1323254215,294621.6692655219,38.8343836145505,23.671266346712155,71.18641031588642,37.78825459990773,34.11396181019461,3.3784531498174215,74986.03356065683,50.0,50.0,True,False
8080,泰霖,建材營造,12,1,9432.085620497337,6822.024759350119,38.839036764410125,43.38061867221288,74.85290920825148,40.50141599697291,41.9720159529731,0.5602646993174966,-1557.0677721681957,50.0,75.0,12,1,9323.414290768875,6701.284445829908,37.73904213879524,37.7130103229071,73.21098262124148,39.784597480771446,41.130257737881635,0.5504355094471993,-1740.512842299085,50.0,75.0,12,1,11448.744775506939,9147.656961686649,54.954657790693005,65.07957878370931,90.66984081680529,54.308372231438554,54.78967444905172,0.7490638753731375,93.93785900980917,41.66666666666667,58.333333333333336,False,True
6218,豪勉,通信網路業,12,1,51246.3137703807,44774.86679096906,42.18457805292502,42.09601014440455,84.91418272840205,40.72086694791372,38.240309500356034,1.2457864387801894,6346.318081403618,41.66666666666667,58.333333333333336,12,1,54102.23327200436,47127.181885012695,44.49471647309544,42.01788058908317,88.4032503255005,42.860199051598286,39.787005453849495,1.3102160001149121,7729.316993595705,50.0,58.333333333333336,12,1,36499.04593691648,28696.16326129962,25.507661722782814,20.557266084746495,45.95422717407949,26.097959186216517,25.673223591306776,0.8046384020036051,-6100.672128325234,41.66666666666667,75.0,True,False
8093,保銳,電子零組件業,12,1,9931.76535262602,7200.634939276188,52.107339228895846,42.73509191130391,98.37493680961087,41.960723210544735,44.02241510242621,0.6208670095779176,-2568.9949886881323,66.66666666666666,83.33333333333334,12,1,9930.933453980351,7245.875350458885,52.13788326858092,42.7888323868588,100.87432787325565,42.22435556902106,44.33106881659146,0.6245501405234742,-2565.4152167800694,66.66666666666666,83.33333333333334,12,1,10219.91053619982,7422.949754836351,55.847273403108254,42.25142763130996,132.83444307268192,43.25623263714275,45.018719517237685,0.6409464975702597,-2601.2129358607062,58.333333333333336,66.66666666666666,True,True
6512,啟發電,其他電子類,12,1,7790.9561569563975,6312.637948838054,43.28333808929417,35.02421886371382,68.31660839545252,41.99117255974625,38.12629946091587,0.7323080561088928,1449.5351281864314,41.66666666666667,41.66666666666667,12,1,8100.15521704241,6505.368644909767,44.33891336111526,39.5799280885793,69.06303212220469,43.27320203488778,38.73283284131276,0.7543127874747769,1604.2472156311003,41.66666666666667,41.66666666666667,12,1,6511.762939397374,5336.143401703087,37.462454554331444,35.020706605416265,61.598794854682815,35.495607414917515,34.48109020219903,0.6212258832785077,57.12634118440641,50.0,66.66666666666666,True,False
6443,元晶,光電業,12,1,74398.45106676783,64343.02327666031,52.738239133678945,33.02240953737318,110.4185190073556,42.29953638143197,41.10651441198662,0.3471370750170004,15389.484922517144,41.66666666666667,66.66666666666666,12,1,73252.70350322426,63111.68990920722,52.76502105710136,36.00229401755697,111.42152213885448,41.49004954164982,40.63515369442621,0.3402586382571971,16583.935191090244,41.66666666666667,66.66666666666666,12,1,98437.55313650881,77834.79013117841,55.2860898022307,34.11305326605677,121.40134327118616,51.16911467989994,47.35131114987042,0.42169758000393864,4639.432505359205,50.0,33.33333333333333,False,True
3310,佳穎,電子零組件業,12,1,239188.99067441752,94260.58015896282,25.98449594504311,12.302958410130147,85.04318831922002,42.3577537222727,28.638093817835912,1.9221734075768309,-53907.48833840093,50.0,58.333333333333336,12,1,239544.93101923206,98413.94818971226,27.379656957660604,14.245852030170465,85.27846555691092,44.22414728645146,29.89361275916152,1.9928667988306668,-57598.97086301845,50.0,58.333333333333336,12,1,267973.63222190284,124196.05921086243,32.05449331546719,11.59852904295926,89.39302858583945,55.80982082285958,32.75338896797521,2.435027081425633,-20684.14561684339,41.66666666666667,66.66666666666666,True,True
2466,冠西電,電子工業,12,1,45766.626832204594,33558.36897144098,51.06312651470392,38.620237657443845,103.79392270187695,42.51051705668469,40.73688108857449,0.6761160889746617,3819.4193158175385,41.66666666666667,66.66666666666666,12,1,47690.71485012659,34726.36462613987,52.395876132349464,38.58517818901909,107.77574978486028,43.990091324536195,41.697154891767205,0.6995352522671531,3784.6081905493133,33.33333333333333,66.66666666666666,12,1,33514.568663570906,27061.044903700134,42.76849796867437,25.278956252588785,84.29625768400184,34.279944055965785,35.726570202322925,0.5460926756930392,4132.719443231576,50.0,83.33333333333334,True,False
8176,智捷,通信網路業,12,1,15292.037480636693,13241.616270425766,85.9546787920663,31.90825327173149,292.0009634593418,42.5707001138909,48.20591245649073,0.5688110505982792,4665.123432985315,33.33333333333333,75.0,12,1,15302.354344010546,13393.726172812612,85.65501199249174,35.52667012706609,302.7787480420933,43.05972085778046,48.48297897808173,0.5750484996985468,4803.53033720262,33.33333333333333,66.66666666666666,12,1,20261.13171796441,15183.938919723032,96.08531104600286,34.32012471722106,244.14351835260936,48.815106637913615,50.70048543096593,0.6511671496521757,3419.4612950295486,66.66666666666666,58.333333333333336,True,True
5386,青雲,電腦及週邊設備業,12,1,260336.4540580104,209018.38389998965,51.313593120359805,36.991566900149174,123.80684317157235,42.62870564425252,45.27746875603655,1.4968595107349245,-38437.25245748484,58.333333333333336,50.0,12,1,265248.3073721461,214194.14783188186,52.75484663119157,36.59764705258277,127.76947315864535,43.684287995527136,46.20314942827281,1.5345436773779901,-38401.59923397138,58.333333333333336,50.0,12,1,226445.21524851254,179383.5999969718,41.844277827112506,35.29982179068937,64.39614756447779,36.58477564985913,39.941751006436164,1.2901856858101142,-38758.131469106134,41.66666666666667,58.333333333333336,True,False
6654,天正國際,其他電子類,12,1,15463.520847548652,13105.09696543131,55.380635823458235,47.74944992261726,61.20901992893718,43.36934923986325,46.56225460798653,0.439776094062001,-961.3289996170766,58.333333333333336,58.333333333333336,12,1,15781.475165935864,13402.423256872178,56.68565606126368,52.733619083275606,64.66448198836355,44.35330592524348,47.25612683901637,0.44986125746980604,-711.1936953320159,58.333333333333336,41.66666666666667,12,1,15159.309678043743,11780.928922352226,47.882291822979,23.6552378091317,83.07291267691248,38.9872140703145,43.91718303069316,0.3956730308180756,-3212.546738182635,66.66666666666666,66.66666666666666,True,False
2427,三商電,電子工業,12,1,382328.1714345416,236687.35544097805,38.3535198422036,32.92036580229717,78.02665443950949,43.51017137972996,39.60137164240688,2.3229276865875432,-79923.51958072868,33.33333333333333,83.33333333333334,12,1,387285.5836812604,246306.83021742947,40.67174493046922,35.559212893943844,83.52382531955574,45.27851677919835,41.21254529813791,2.4144192347579585,-75639.67394079325,33.33333333333333,83.33333333333334,12,1,361963.6401589481,200801.5536424656,27.010444948617373,17.71635665525321,66.88943155547685,36.913294316131775,32.39261110211012,1.9744792306898713,-118478.1303401478,33.33333333333333,83.33333333333334,True,False
3672,康聯訊,通信網路業,12,1,11403.486799010563,8542.139892910902,58.587940270823935,31.307316129717744,158.07081473447516,43.74060854321154,42.024440805090705,0.4604085347169169,1434.0217049996052,41.66666666666667,75.0,12,1,11443.455083800969,8466.382506997417,58.509511796271276,31.19829773404507,157.7863534223402,43.352687693981636,41.58611577744211,0.4563478349885919,1591.5804705818919,41.66666666666667,75.0,12,1,11454.513400015428,9253.51774535757,59.488625377396154,35.21528818759906,162.42895922100553,47.38326724000992,46.20417902081142,0.49859466110946665,15.992814759018984,50.0,83.33333333333334,False,True
4413,飛寶企業,紡織纖維,12,1,39633.860058331134,31512.089727578044,46.84334533075567,45.08319513961626,79.00961288526047,43.857450323346235,46.39279009229309,1.4166925437287892,-13562.130756005155,75.0,83.33333333333334,12,1,40253.53427549164,31457.640163190896,46.74750299906194,44.32477416605558,79.61581153137189,43.78166927912221,46.149087862399334,1.412291154716691,-13182.456556823157,75.0,83.33333333333334,12,1,36146.25184546724,32305.314008256097,48.41005851562684,42.93904098575633,73.695176806395,44.96143278804022,51.214082675319275,1.4706131301097622,-16979.19854864317,66.66666666666666,75.0,False,True
6465,威潤,通信網路業,12,1,13926.586033687128,9626.897043905918,43.508695608916966,35.25942921424432,88.90437630805232,43.88379146841977,45.929140836057606,1.2473440169095227,-5198.129524239399,58.333333333333336,50.0,12,1,13904.013455700091,9538.160697747553,44.19692162693132,39.55235879502861,95.71720246530869,43.479290693899884,46.03584368304115,1.23766534901444,-4868.650778301059,58.333333333333336,50.0,12,1,16182.529472988937,10589.095333644565,38.440307117725766,33.50295219722954,75.02752194531767,48.26993052294415,46.71238597831254,1.3556743004932177,-8163.438237684474,58.333333333333336,66.66666666666666,False,True
6169,昱泉,文化創意業,12,1,1564.9222993881735,1278.2687162706372,74.32936283665033,34.01080642147703,85.76980932831077,44.49247185070091,48.49604242832799,0.34053272274103885,-120.07476891014169,50.0,50.0,12,1,1544.8408535123863,1247.8883184567837,72.56211821369031,33.99245452135629,79.03106196438647,43.43502674753859,47.62620216685124,0.3324377484171804,-93.27345246635873,50.0,58.333333333333336,12,1,1920.2750451943316,1615.3115406663217,92.81546683968011,46.50455692013472,146.91700630493884,56.22386149204043,61.01561898106298,0.4302038119094182,-361.28661690418886,58.333333333333336,41.66666666666667,False,True
5534,長虹,建材營造,12,1,447430.74312679505,320890.06834594597,76.46088584838887,32.469385971126584,218.3677801333074,45.3556202480143,47.5972832730333,0.4909623104428384,-63398.279694781784,66.66666666666666,75.0,12,1,449275.081011327,321391.85423027416,78.61314267618499,31.547725228084005,231.1699404963174,45.42654425676506,47.99163341966119,0.4917818751162051,-63450.827061060154,66.66666666666666,75.0,12,1,475125.5171333112,338867.594377757,63.44340630550958,38.59772428159952,181.74188301130638,47.89662080904931,48.57905525605541,0.5170908177856891,-62925.353398276435,58.333333333333336,75.0,True,True
5227,立凱-KY,電子零組件業,12,1,19780.287482342876,15145.189158401641,58.419610507959064,46.173568588849975,137.81147952303127,45.36185446170465,43.64958199015059,0.4883512956019363,4464.5072893961615,41.66666666666667,66.66666666666666,12,1,19669.988626265073,15322.253918262517,59.40162430738829,44.412141905539734,135.86412157573395,45.89218695099218,43.968780153457146,0.4940077948979679,4518.775016463279,50.0,66.66666666666666,12,1,24430.414073579108,19468.43998441265,62.37344605007266,60.96239849685134,106.02368443454546,58.310565284650394,52.32912179811684,0.6276578951541197,3976.0977457920726,33.33333333333333,58.333333333333336,True,True
3067,全域,居家生活類,12,1,2835.4875179318096,2216.772422516612,43.27320911210837,39.76928792942027,79.49920208328244,45.52984813302185,52.46739649459901,0.3532125687239196,-1319.7235879716502,66.66666666666666,66.66666666666666,12,1,2954.348885596834,2295.4544463769976,44.87209304389465,34.545086679896734,81.78316437299408,47.145882580570245,56.101938375619774,0.36547404911265674,-1420.0679574557507,75.0,66.66666666666666,12,1,2944.5403514963436,2261.313630420503,50.350741875197826,38.570902740306515,109.15591028814175,46.44467114819778,49.13967971985238,0.360159813862708,-416.6242626147494,50.0,66.66666666666666,True,True
1417,嘉裕,紡織纖維,12,1,21446.978422424967,15386.484303793057,48.8795813319322,30.827599250206088,134.8094682022997,45.71317801104634,39.19676570748638,0.4145654110746742,2256.9193541640093,50.0,66.66666666666666,12,1,21236.94877787608,15412.451514832805,49.457694995933096,31.87061999520039,143.85030936100785,45.79032648221578,39.32998623491526,0.41515265760700887,2465.1210089942283,41.66666666666667,66.66666666666666,12,1,24873.977249857373,16209.251771933457,48.34695307282239,41.22464443706651,64.41617279611471,48.15761658390005,42.6107254532629,0.4367650562669381,383.1044606920362,58.333333333333336,41.66666666666667,True,True
6441,廣錠,電腦及週邊設備業,12,1,10469.187389597062,8973.249993261323,57.75544993480196,39.378625865901974,129.1055006240215,45.77021164632147,44.676297215561725,0.17105127105630158,1404.9765430192826,41.66666666666667,50.0,12,1,10421.159235832143,8926.791064371855,57.52328822032122,39.8484113067449,127.90961572910915,45.53323674762487,44.34986683306633,0.17034807795262127,1497.5964996900548,41.66666666666667,50.0,12,1,12720.368400003284,9606.078342173065,63.35648516405789,48.31352163985954,137.19312210807485,48.99810427020181,49.787082511313436,0.1816116879888614,571.3969329823328,50.0,41.66666666666667,False,True
2501,國建,建材營造,12,1,1260104.195005734,928208.2865100448,48.4466377908082,48.33195209938984,90.15636669804375,45.857746320544194,43.66890634313137,1.1256925028956748,64559.85829437673,41.66666666666667,91.66666666666666,12,1,1319924.3226464817,978281.941057077,50.80241171383384,48.00828116901854,96.79511629368453,48.33161450393874,45.503471022017976,1.1869418021521672,80667.12203329468,41.66666666666667,83.33333333333334,12,1,1017388.2113789432,714815.9517196942,36.83230186289046,30.52699331448624,72.5727556561806,35.31518631781291,34.981003638727955,0.864341679556563,-80405.51535588592,33.33333333333333,83.33333333333334,True,False
8101,華冠,電子工業,12,1,18440.679180740997,14471.284553913678,45.006536812265246,46.32208618828748,71.64333863140833,46.12116611254758,46.67886538165772,0.20413641029680255,-4952.531575622626,75.0,58.333333333333336,12,1,18337.958671508233,14549.01314492968,44.68883752556076,46.56095324048894,71.71621153002016,46.36889348219382,48.062869372609526,0.20526101051254741,-5715.151136207724,58.333333333333336,58.333333333333336,12,1,24353.468268760542,17951.380534304066,64.75269097760041,42.98889957801832,71.74797757897667,57.212516310328475,52.64999806737912,0.25281033972235734,1911.0444696432362,58.333333333333336,41.66666666666667,True,True
2540,愛山林,建材營造,12,1,567397.084272174,436278.4864816254,48.14837309241014,40.329014462698446,104.1134446257909,46.31326545392666,41.101969377363226,1.7847812008932606,41569.657267876166,33.33333333333333,58.333333333333336,12,1,568779.8819870015,439280.5271987435,48.32729942122598,42.438988651490455,99.38275123485042,46.63194793070114,41.5336291873108,1.7974825653815352,35483.500846684874,41.66666666666667,58.333333333333336,12,1,586503.4267152161,460512.20711960905,55.03486462055075,46.579091518405924,131.62936905975556,48.88580288499366,43.691359888261246,1.8646551269013367,96345.06505859732,33.33333333333333,58.333333333333336,True,True
5345,馥鴻,其他,12,1,1315.276080614173,898.9250795401686,43.91111577735562,32.684939127414275,75.66644915745563,46.534234737422985,48.02035190045258,0.7936255564708499,-774.4995036491813,66.66666666666666,58.333333333333336,12,1,1369.5084695430835,933.1385728545164,44.02861845811919,35.78551836010094,75.12304309866023,48.305348665951406,48.860107776394756,0.8231894252687463,-812.3294447323523,66.66666666666666,58.333333333333336,12,1,951.3842257815816,591.0036397110392,42.853591650483324,26.664514439405316,80.55710368661411,30.59420938066723,42.42079704672291,0.527550737289782,-434.0300339006428,66.66666666666666,58.333333333333336,True,False
3054,立萬利,食品工業,12,1,6676.4439094244635,4869.905074050573,42.640107401294884,35.40035085197458,78.58182016768627,46.54999274223902,42.0257319542995,0.5629964324257959,-628.5086337034423,50.0,58.333333333333336,12,1,6744.08510619781,4945.2614941131205,44.12149879249631,34.82266655948906,81.16213982508089,47.270302636098016,43.00766114644698,0.5715380096472744,-554.1253871110071,50.0,50.0,12,1,6697.114482603842,4646.447672963064,37.20162025000595,37.82340461289131,74.04874239190721,44.41402905492813,39.40370189521767,0.5389691506346769,-1297.957853035367,25.0,66.66666666666666,True,False
2025,千興,鋼鐵工業,12,1,42555.91203437423,31788.277719305042,54.15200199856901,31.521184104685045,135.08658573517516,46.59198930916323,42.99068102627031,0.3113722108918055,6767.849699504856,41.66666666666667,41.66666666666667,12,1,43733.27311728291,32784.51876634784,55.93968350041163,34.62942393320285,142.47855728700128,48.05217701178226,43.96524582516041,0.3208817866016632,8129.868423749421,41.66666666666667,33.33333333333333,12,1,44919.067391731434,38660.08970955866,61.3822231953389,50.34837636045629,94.95070197705073,56.66398482938722,60.85160091045183,0.38063016552071544,-5490.318818696215,58.333333333333336,41.66666666666667,True,True
2348,海悅,其他,12,1,335540.754187169,288617.2629154917,58.99165314241564,51.77725059211043,107.37614804807762,46.82578832264409,53.237218185947846,0.977178922120094,-37991.61664136232,41.66666666666667,91.66666666666666,12,1,347566.74261251633,299590.22026521317,59.90119235653414,52.46032221542036,109.6716976900487,48.60606082935796,54.67978108610838,1.0138436000342568,-42015.46568401022,50.0,83.33333333333334,12,1,317507.77362606867,285327.0467820619,65.23684122038821,50.78487473956164,159.10658542242865,46.29197768829945,52.945217764364614,0.9644941413697409,-1776.9752575314099,41.66666666666667,66.66666666666666,True,False
4924,欣厚-KY,綠能環保類,12,1,31930.408759660022,28432.054630685903,59.58937967896289,38.44131506304158,86.9379255619882,46.9472144227766,46.21192516212922,1.4373048663698176,4113.575651687256,50.0,33.33333333333333,12,1,33337.53840569641,29249.625771465366,61.42182079320552,41.445041055402385,88.3855228439207,48.29719380874128,46.80235033536229,1.4788077464480365,4877.612165043842,50.0,33.33333333333333,12,1,25201.14507666585,23513.228333711275,46.818769198660284,38.56088720677474,93.07689544558338,38.825212834357124,41.64267801251138,1.189395910615748,-2762.752968522029,58.333333333333336,58.333333333333336,True,False
3093,港建*,其他電子類,12,1,95483.46328150586,74314.75908471487,57.56931729272537,45.373322259879366,140.87833002751384,47.811416650175744,49.36338680991605,1.1089277707630707,-1408.888844254292,33.33333333333333,75.0,12,1,98027.23798503127,75033.31168018,58.139860847723924,48.931259711638255,147.9418246081261,48.27370729001601,49.63682786724555,1.1200930775895503,-2543.436721122722,33.33333333333333,75.0,12,1,82215.1984345792,70419.30888700293,54.640283367060846,43.100702362699955,101.75964616524405,45.305225487926215,46.9152220809944,1.0449605144570144,8802.04204756152,41.66666666666667,75.0,True,False
5468,凱鈺,半導體業,12,1,11789.489355174199,6620.061939516541,38.27737065866811,14.744564221305234,76.24310403707862,48.13627775911393,34.141879997811714,2.127127638519242,-1923.7211702249567,33.33333333333333,58.333333333333336,12,1,11814.17291614602,6639.60838417397,37.761556650061955,14.772667962428992,76.44968066731633,48.27840529475174,34.50954535332893,2.1354010865437156,-2086.4955449030645,33.33333333333333,58.333333333333336,12,1,12377.598122751873,6766.207705603727,46.2347230762723,12.50535818286536,76.38832467041293,49.198943524776695,33.55242843933645,2.1591539619803384,-458.75179812198695,41.66666666666667,58.333333333333336,True,True
5516,雙喜,建材營造,12,1,114276.31417931277,88913.88317858327,49.55812057873744,45.189612541007364,65.79719191248495,48.73117308525478,48.49564204136025,1.3467159124132246,-17431.278508544903,50.0,66.66666666666666,12,1,118304.4217907786,91608.9299803429,51.161880298072646,46.02604458547651,68.46778836915014,50.20825166369938,49.90021416132787,1.387234879856509,-17728.243368684427,50.0,58.333333333333336,12,1,83833.02931313284,65869.09316898488,35.68870361944532,34.4164833433267,55.4298467106238,36.10097844607175,36.61706834349525,1.0003723257849648,-14758.594767289242,41.66666666666667,66.66666666666666,True,False
3498,陽程,其他電子類,12,1,68542.95967506895,54408.000238770444,50.74654680465866,42.03952759780927,70.98289003376908,48.84207901896656,48.85389161910656,0.6430942890589094,-14611.29173549661,33.33333333333333,91.66666666666666,12,1,68290.79386543267,54222.08435645373,49.80680822421675,44.37365816882527,71.03453004331081,48.67518227262146,48.35002984506394,0.6410769265653348,-14748.680771104593,33.33333333333333,91.66666666666666,12,1,73292.95455226848,56081.243179620855,59.20419402863565,46.20808059613329,105.38265721369693,50.34414973607239,52.070131781097096,0.6612505515010807,-13374.790415024785,33.33333333333333,75.0,False,True
3147,大綜,資訊服務業,12,1,415303.17213715543,334061.989451101,47.99371186667396,50.027588518387624,68.16585448083649,49.0275364677153,46.705740448273716,2.7274994798667227,-58886.97406954853,33.33333333333333,50.0,12,1,408321.33699231734,325688.73552009976,46.05505967704268,47.45626781662654,67.53394414542909,47.79866270949417,45.77908183757171,2.665721132112822,-67306.15793805226,33.33333333333333,50.0,12,1,508989.35483175924,423836.72029583505,69.01148424066342,61.09733904425156,133.53581212941648,62.203036911814145,56.252837881892404,3.3910914667581395,16885.680746985003,41.66666666666667,41.66666666666667,False,True
4702,中美實,居家生活類,12,1,3364.709812878678,2831.7421760101292,107.54793483757672,35.78511701171754,297.7893648937506,49.26268300804818,51.37875744002446,0.08945085510433622,1342.4236486861407,33.33333333333333,75.0,12,1,3398.5242966140913,2859.5310020236298,109.8491950732583,36.06475280190187,306.92594930855967,49.74611406991048,51.49825390461103,0.09044675660979822,1390.6392516212957,33.33333333333333,75.0,12,1,3707.8226385077896,3156.1107906698385,95.36058979148576,49.30110320310239,219.66306245813274,54.90559371408409,57.597320369987415,0.09885136087242404,908.4832222697441,41.66666666666667,58.333333333333336,True,True
6869,雲豹能源,綠能環保,12,1,422271.93866578233,307283.7391559976,44.87374075954815,41.30269544351614,77.59700273427553,49.369339716037246,46.552198366786634,0.8786017558005836,-107028.82725652344,50.0,75.0,12,1,418357.24097398337,304528.6366174803,43.78546342740648,43.956230073661274,76.34481610816665,48.92669477312498,46.60297094269665,0.8711893881395761,-113246.62998193922,50.0,66.66666666666666,12,1,524186.2641582239,359306.4296392815,64.09810615460803,39.1171180070952,150.24392812295332,57.72749718465503,55.18310593353627,1.0207949619952779,-51068.602727781436,58.333333333333336,66.66666666666666,False,True
6222,立軒,光電業,12,1,146.72468301639958,114.62674508673577,82.71877940488993,42.581799072788804,148.80583548570473,49.72960741290055,53.235669215584814,0.011049668215457031,-8.954546961035133,50.0,83.33333333333334,12,1,149.73129915253392,116.75535528052096,83.17445871664772,44.56382920008578,152.9920858204515,50.65308255120215,54.08567661662745,0.01126060418792632,-7.775346354054477,41.66666666666667,83.33333333333334,12,1,126.12867318816846,104.5975394433542,83.53280016316079,39.20317996191518,111.12958247298353,45.37854205785431,51.08637501903388,0.010032787338279982,-19.567352423861045,66.66666666666666,75.0,True,False
3024,憶聲,光電業,12,1,99945.31078933457,70951.56164174892,65.41919833330469,32.289372425632266,166.96217443384703,49.73327451421386,41.77915644366204,1.4279807661869557,54830.87826123292,33.33333333333333,58.333333333333336,12,1,89664.9931312906,68626.3860412496,64.46167308632856,31.878429176575246,161.91498160284593,48.10344997254597,41.94744718697028,1.3785754806851938,49425.488243442116,33.33333333333333,58.333333333333336,12,1,238888.94708207448,117746.39955944435,84.74471926279566,44.48898772269562,101.70497815494188,82.53396932851231,45.53724049516539,2.4079192755575725,103479.38842135014,25.0,50.0,False,True
4946,辣椒,文化創意業,12,1,16885.679115099705,14791.906183472054,47.2507166290236,53.451334741414016,67.39791830924824,50.034776905353965,66.6494958855048,1.5757275233184946,-14791.906183472054,100.0,66.66666666666666,12,1,18195.313315085325,16222.764772073157,52.044229802966,58.62235111212599,71.22149254432995,54.87476773383562,75.05639298722224,1.7215630350023128,-16222.764772073157,100.0,66.66666666666666,12,1,11668.531140343475,8309.568074049394,26.33285213983197,19.235299437347926,64.1684345420939,28.10776242141643,30.07471147250546,0.9044623524359438,-1914.1788860621264,58.333333333333336,58.333333333333336,True,False
1442,名軒,建材營造,12,1,174406.35979491065,139551.45321749273,52.40280409246784,41.06017570206813,95.40751048345498,50.2881928063322,44.52231567232092,0.3894212751128714,40728.74512033716,41.66666666666667,25.0,12,1,180261.2538339826,142655.52723808034,53.71024134954936,46.336773215817445,91.96078047408544,51.40676426677522,45.320987783386286,0.39799965750464233,41515.597502226556,41.66666666666667,25.0,12,1,175791.1287649305,137283.47036434032,50.34454453476002,45.81474420256612,108.98987099588453,49.470911750698676,45.202852522571504,0.3826575595820132,33647.07368333238,41.66666666666667,66.66666666666666,True,False
2534,宏盛,建材營造,12,1,273773.32597565185,202472.08738055165,66.00127630249352,47.81833265805026,150.97222840271277,51.24716622246235,57.79197026488438,0.757241377401615,-107050.80694331125,50.0,66.66666666666666,12,1,275841.42318094557,206723.7374342118,66.70481642068995,51.20520637705871,153.60215278503878,52.32328994814973,59.54725654251981,0.7732210555558217,-118718.94156083046,58.333333333333336,66.66666666666666,12,1,344670.81809407135,231214.45584416646,73.5639292646272,35.77703550005258,148.3546607803228,58.52206990591996,53.21515381684853,0.8512467405017213,-2037.5953856380559,33.33333333333333,50.0,True,True
4188,安克,生技醫療業,12,1,1710.464458666301,1316.8619525698425,59.68160293087149,42.84547714928466,126.9014058394424,51.91820294653912,44.79282195664533,0.5244183430464011,502.66607416167614,33.33333333333333,50.0,12,1,1732.8178688096314,1348.7543332438865,60.810208616176865,46.02867195207395,120.806645817946,53.17558234690225,45.91641220505054,0.5369372120632983,497.324879343221,33.33333333333333,50.0,12,1,1600.401862477565,1211.2452474435133,57.324800132125574,33.177547065540026,161.5264960268875,47.75419052246332,41.51004411346369,0.4828338308336538,550.736827527771,16.666666666666664,41.66666666666667,True,False
4934,太極,電子工業,12,1,4877.257326555893,3870.422849349179,58.08269892289507,47.489814968988284,88.58973587396794,51.988620831447385,42.82673731914796,0.04788220413201628,1889.5371669313643,33.33333333333333,58.333333333333336,12,1,5181.185272934937,4061.5046027610874,61.79712285462136,49.88766125111468,97.552803300828,54.55528530522968,43.80958704179896,0.050164840973903245,2249.1833130106056,33.33333333333333,58.333333333333336,12,1,3715.1405717573944,2790.1754634815484,34.29516318052723,36.19014690386325,68.92953962994133,37.478430618644666,38.82483320479624,0.03510518572853027,-1347.278147781815,58.333333333333336,58.333333333333336,True,False
1456,怡華,建材營造,12,1,49869.1504891997,36362.31002529778,87.59307620043742,37.14960337334469,304.3470320354478,52.6360021162562,54.09164170689723,0.34684669718653366,1746.0034812254114,50.0,50.0,12,1,51393.69449638583,36967.90376485463,89.90668054060279,41.73891196160211,309.5848018399933,53.51262500778121,55.06621532456569,0.35249657329249634,2312.380783401661,50.0,58.333333333333336,12,1,43527.940157407334,35317.019632516654,72.84369077500355,42.33034123265077,209.62725942351196,51.122899475410456,52.29524139589991,0.3365245343775476,-3351.3922383608565,50.0,66.66666666666666,True,False
2542,興富發,建材營造,12,1,1950596.2611396336,1352856.80208362,132.3150996437762,56.357692098654425,302.7704327589581,52.70683445530682,73.613641495878,0.6073865353097753,-585651.9833961258,33.33333333333333,66.66666666666666,12,1,1954968.0872476683,1358322.312544871,136.89829705540023,61.187669474338094,328.5276086741194,52.91976885801021,74.62925727392205,0.6098050050181117,-574442.8272625961,33.33333333333333,66.66666666666666,12,1,2069750.3480174113,1442046.5170593404,98.4841338625459,50.292750350625404,94.45563649719276,56.181634992289844,63.14039471559377,0.6486651489302736,-686534.3885978953,50.0,66.66666666666666,True,True
8478,東哥遊艇,運動休閒,12,1,254606.1338616498,230097.9414484102,56.394081465114965,57.94172365800401,78.5185665464013,52.78127416689679,68.77513908357335,1.4467430120293712,-71521.29722236273,66.66666666666666,41.66666666666667,12,1,257849.24610261573,232685.05345832184,57.05664317525548,60.22596412343573,78.06144376921364,53.37472175463297,68.27545676315073,1.4626927160403451,-61527.09706917796,58.333333333333336,41.66666666666667,12,1,270261.874344866,244254.39297469985,56.712968708706526,56.07999518942501,85.0347680428342,56.02856766520481,82.80546785170712,1.5378307569804255,-161469.0986010255,75.0,41.66666666666667,True,True
6228,全譜,電腦及週邊設備業,12,1,2965.460508525135,2259.6751269772617,80.9082793590682,39.83546117726387,72.51533899629193,52.887795291153175,54.21556485309351,0.7047594486734189,-401.71356055730445,58.333333333333336,66.66666666666666,12,1,3090.1523362227304,2310.0179041052393,84.21070791049434,39.195564402424786,73.7613516760196,54.06607019418945,54.82622978055054,0.7205711840418957,-361.5623561719945,58.333333333333336,66.66666666666666,12,1,2228.539245378754,1806.5901328254638,51.186422396232935,47.171875229689036,81.69179869596977,42.283321163826656,47.420092567062675,0.562453830357127,-763.0744000250951,58.333333333333336,75.0,True,False
8277,商丞,半導體業,12,1,15212.385949966687,10808.787101000486,55.57430002730298,42.737172258319504,137.16036920488193,53.20135898212306,46.72470193062503,0.5433763163039723,351.09387632855186,41.66666666666667,58.333333333333336,12,1,15416.620245901839,11048.657502955357,57.293230266539396,43.76194731368565,142.76592124083422,54.382012393494804,47.81876538824694,0.5553300481329991,468.9499284014955,41.66666666666667,58.333333333333336,12,1,13987.718721381798,8858.910960499272,41.33381296595059,33.73488396018796,87.4001044265847,43.603976819615696,37.597807460042034,0.4465301044901468,-709.6105923279447,33.33333333333333,75.0,True,False
8038,長園科,電子零組件業,12,1,31059.593625943948,26569.8529093643,73.5246414429149,59.41864189636459,85.74120816859505,53.413091827063454,75.38608884647665,1.4552137097557043,-16592.273190769247,66.66666666666666,58.333333333333336,12,1,31176.429558051914,26599.39683588012,73.22975963687927,57.498031607429745,86.07581769195662,53.47248366733086,76.42379997629037,1.4587194997340875,-17400.532442614876,66.66666666666666,58.333333333333336,12,1,32482.280347308228,27036.280644145692,77.23431548436999,60.987972664052336,126.18339272507544,54.35074652592659,68.4916285914425,1.4611903648815947,-9317.939924158594,58.333333333333336,58.333333333333336,True,True
6225,天瀚,電子工業,12,1,3239.356533677573,2444.398738562533,69.27852688346636,62.0219864454048,141.77332985941382,53.83051304389789,61.97546430481903,1.4002069774105272,-644.90992759258,41.66666666666667,58.333333333333336,12,1,3275.5370795119024,2473.0945285667362,68.34950905614737,63.18154296738865,134.38695030812073,54.46245130902504,62.36451432043442,1.4160132356046429,-736.4896461098814,50.0,58.333333333333336,12,1,3209.0694073785075,2743.823388460975,85.3054241890028,63.818731721505564,186.17883421138677,60.424438277021345,64.02657200426877,1.5682622600827025,179.30753906313112,33.33333333333333,75.0,True,True
2465,麗臺,電腦及週邊設備業,12,1,378639.8143535555,207454.98437274364,49.61778030078878,34.46918111944276,86.23721611351291,55.842688919302,42.69415266038606,0.991216978217431,-26130.74809567744,50.0,83.33333333333334,12,1,384727.58720755205,214020.2283121677,51.68540357055548,34.00047859471266,88.98926611490592,57.60991989761326,44.189206979320964,1.0219438236215892,-26660.76716272518,50.0,75.0,12,1,336000.5247014189,175358.8181440807,39.795499530555496,36.41118406330814,79.65372103802297,47.20304966633972,36.650611036089884,0.840442524407345,-21360.57649224772,25.0,100.0,True,False
1595,川寶,半導體業,12,1,36934.96743066726,33522.91702217678,77.10844490706074,54.11917716150878,184.67663130580385,56.17024485299199,59.15655582168268,0.7036334330796449,3999.9739912919613,50.0,58.333333333333336,12,1,37822.96393186029,34228.10904797052,78.7955637174667,56.54828282232523,186.5459146754677,57.35184873104975,60.41549655040811,0.7185382235796904,4380.717324293918,50.0,50.0,12,1,30713.717113374994,27878.271584604456,63.242741923114124,37.17462183945567,151.08834626023076,46.71220407071125,49.24778699515737,0.5843936646499791,573.2839942743134,58.333333333333336,58.333333333333336,True,False
6640,均華,半導體業,12,1,140513.88727462612,127720.15919315342,67.76626758703627,44.42001214214901,147.15491767933685,56.96088256544566,56.110972015732926,2.021240579902106,11180.754258186667,50.0,41.66666666666667,12,1,147284.299729794,133191.90872513803,70.5278189207988,46.008108794037284,160.97860358537346,59.40118395942964,57.93639123225621,2.106805381206154,14100.508463235892,50.0,41.66666666666667,12,1,106737.15995411295,83366.72552751996,45.22281980716781,31.078472984687178,73.47186869288068,37.180052801667365,37.9547086745356,1.3227915211920247,-15097.03358725651,66.66666666666666,66.66666666666666,True,False
3489,森寶,建材營造,12,1,53922.429919649694,34206.87613034258,599.8437280237156,28.666103155863343,170.68192982233458,57.08559220155494,52.300827343879085,0.4025283891715918,21600.870685906644,50.0,41.66666666666667,12,1,56978.74151116648,35549.15233983355,609.0873134760578,28.96168904162947,183.27903622020196,59.32562815294897,53.05969862334826,0.4185869623641323,22596.675434478046,50.0,50.0,12,1,32841.99611726695,25604.933039297917,521.4805122233203,36.256094768295924,77.06120483240107,42.73037854318803,48.916438099949836,0.2937560243629657,12638.627948764044,33.33333333333333,50.0,True,False
8171,天宇,綠能環保類,12,1,17697.290107190154,14728.876748665003,92.66341252866974,39.78716726598534,186.1071872401819,57.28925598153095,55.0403297797725,0.32964238376535177,2496.9848233701946,50.0,58.333333333333336,12,1,18045.623059135098,14777.809497042575,93.05576155488446,39.99085878680001,199.90827199193214,57.479584191585175,54.74799315289584,0.33080920738479475,3012.391380204035,41.66666666666667,58.333333333333336,12,1,16797.560961064675,14329.850979920731,89.27585371205487,47.517359897672705,94.22375269891404,55.73721030969181,57.21095407422736,0.3200261103429869,-2141.674188134362,50.0,50.0,True,False
4154,樂威科-KY,其他,12,1,2031.6262285894004,1285.1818391980298,58.94400639873588,31.897292766359232,78.9050407913324,57.5647869447813,48.65065092457734,0.08517288582161442,-316.327929531316,50.0,58.333333333333336,12,1,2077.837767989472,1308.7022966379625,60.689830775651146,30.885070424633888,79.47945189928343,58.61829554572636,48.85816400359668,0.08666766721893508,-294.0743418934361,50.0,58.333333333333336,12,1,1720.497308212347,1073.4977222386362,43.2315870064986,41.007293841887375,73.73534081977306,48.08320953627575,45.37217185976575,0.07171985324572872,-516.6102182722362,50.0,66.66666666666666,True,False
3073,天方能源,綠能環保類,12,1,6410.420353335122,4233.404726873009,50.18328472065705,31.789320382871477,114.40268165682366,57.66599321468426,48.16314004542968,1.0730324669710436,-1085.7268691835695,58.333333333333336,58.333333333333336,12,1,6531.756713762431,4324.086992368099,51.96690524090782,31.711421227090785,121.69657268443316,58.901236061544004,48.911112900437594,1.0953895757354493,-991.1469498256033,66.66666666666666,58.333333333333336,12,1,5703.748824698478,3647.0912298515996,40.6957065446895,44.94953834834205,58.59905507103127,49.67943102130563,47.10390101772375,0.9286564015948283,-1936.9461434052653,58.333333333333336,66.66666666666666,True,False
3055,蔚華科,電子工業,12,1,32919.436199978074,22145.75197368482,88.1627140746683,48.19997241140047,106.30995698114212,57.870787869676,57.102581626239555,0.20729507171144854,-2274.617908968197,58.333333333333336,75.0,12,1,33704.26273250811,22803.64743043794,90.82432715265033,48.60547868941815,110.44914344914456,59.589985685285264,58.42025283996016,0.2134225847315272,-1415.8246562633049,50.0,66.66666666666666,12,1,32803.845374462384,24099.448223324307,75.15962243060984,53.05008915090006,75.7915135811428,62.97614357667645,60.368705638593326,0.22436646105195177,-10003.757183312217,66.66666666666666,83.33333333333334,True,True
3115,富榮綱,電子零組件業,12,1,263.96930515121954,213.10153639647024,54.37333100997706,50.181018676085145,93.49520610011994,57.947392629903526,107.97943053273438,0.019893337741862967,-0.2424479903950593,41.66666666666667,25.0,12,1,255.44387190241883,204.4838997882117,53.88973111475058,42.705340345712074,94.59385061244686,55.60405160794335,108.26694782316231,0.01909613482859128,-14.12064031088635,41.66666666666667,25.0,12,1,457.4511772992757,290.6602658707969,58.72573006701525,37.29537697656195,107.2346663629429,79.03746182754504,97.95364342278016,0.027068163961308126,124.66128289402654,41.66666666666667,33.33333333333333,False,True
2208,台船,航運業,12,1,2166047.2181337797,1109218.870946348,49.47972400697746,30.458660708234003,85.88676652708,61.11329992548833,47.131088717461836,1.800904107142779,-423263.25180966844,50.0,50.0,12,1,2198699.6104059382,1131514.2034577013,51.029944674050554,31.622638305061635,86.88228078341722,62.34167908346492,47.93915015291174,1.8360112608398718,-426189.8660104538,50.0,50.0,12,1,1943112.8303804628,933362.1176878192,37.36323800729015,34.94362540918809,76.49054622000745,51.42433160074109,39.141125064736656,1.5221872828596312,-396923.7240025997,41.66666666666667,75.0,True,False
4744,皇將,生技醫療業,12,1,95603.55352773069,74600.47565579515,85.63143483047504,56.155187122600836,102.66345166016977,61.424298251047695,60.396996024615845,2.3858604189131483,-20647.3061481796,50.0,83.33333333333334,12,1,99365.68412552742,78205.17359431095,92.0219802268507,57.67244023401052,111.7372611043735,64.39232277547485,63.33147159027094,2.501350575266303,-20071.147625688867,58.333333333333336,83.33333333333334,12,1,70722.93036087241,49185.087539232394,39.4864352241223,36.991815005497756,73.09680878469972,40.49785822349524,38.51251319338086,1.5637738601752933,-25832.73285059624,50.0,91.66666666666666,True,False
5205,中茂,綠能環保類,12,1,2216.127054068978,1259.5624777244836,101.8176892574891,25.67958859701296,167.2290211231249,61.55968611857534,55.203778383133496,0.9887995182513798,-187.4602538889112,50.0,83.33333333333334,12,1,2212.981813399627,1250.134902455442,97.49585394080023,25.47862505702169,173.08629145730737,61.0989240804191,54.87269436842238,0.9807803483120606,-188.39233184317126,41.66666666666667,83.33333333333334,12,1,2308.310296893016,1375.451751385678,142.52947589364345,33.62723819475546,161.55722670899453,67.22364279977248,60.25855809720607,1.0863716173168905,-179.07155230057108,50.0,75.0,False,True
4609,唐鋒,居家生活類,12,1,13591.60511058689,8437.443814009517,77.61367056851147,41.27252993619604,209.14467375124008,61.65618804995506,57.453455209919035,0.41705780699978606,-710.0770172691464,50.0,58.333333333333336,12,1,13765.562812815646,8590.241026297714,78.5847194454052,41.48486919151537,213.5763623910552,62.7727458442372,58.680010020626895,0.42453030835836997,-640.471796631938,58.333333333333336,58.333333333333336,12,1,12652.01933744107,8591.74588671515,79.81303385082322,43.841161409069116,169.2594759929041,62.78374253457751,61.978328282499405,0.42258328708686177,-1336.524003004025,66.66666666666666,58.333333333333336,True,True
2924,宏太-KY,居家生活類,12,1,4745.358700271825,3599.817760252317,71.22511936685783,51.848705138850136,170.3304270105455,64.05844609331623,54.193514779425364,0.3336308530190568,360.79133355980815,58.333333333333336,50.0,12,1,4700.91952883188,3592.0858381114344,69.90187388933306,56.91015980830565,178.51150772804553,63.92085720669862,54.18278510809517,0.33243307554270335,352.41203577246733,58.333333333333336,50.0,12,1,6369.685336746029,4302.886552493411,93.45399522428751,57.14564216626214,104.30815644490568,76.56949452053226,63.94008215577958,0.4032747712971468,436.2050136458752,58.333333333333336,16.666666666666664,False,True
3609,三一東林,電子零組件業,12,1,58431.232374278334,36377.74799884037,71.09544353556542,46.69861438210333,167.71631989480403,65.62372798592983,62.747195106636575,1.6174644058434966,-13435.523390747432,66.66666666666666,58.333333333333336,12,1,58542.48918233029,36363.28065332555,71.42111934264,47.11950097256457,168.89274971264632,65.59762958240103,62.64013290435388,1.6165777307567073,-13142.847093789993,66.66666666666666,58.333333333333336,12,1,57693.47992679812,36507.95410847377,68.16436127189425,51.892860230212456,156.5689725536602,65.85861361768914,64.19369872518882,1.6254444816246008,-16069.610063364404,66.66666666666666,66.66666666666666,False,True
5508,永信建,建材營造,12,1,161709.26103248418,140740.83432108627,99.76209952000485,69.02330151936053,212.93110966110694,66.6556163422681,63.18868646056427,0.37880623235071637,46842.29735602264,41.66666666666667,50.0,12,1,170304.20609814124,147679.63080415942,106.14999527455895,73.86603433938188,223.35199213546866,69.94186768846684,65.17992832288103,0.39755436598590327,54254.402845330864,41.66666666666667,50.0,12,1,108910.12844083518,88152.84074596567,48.87176439442988,33.06697693806381,108.3825532870085,41.74965965342301,42.6305687346534,0.23607022889068952,-19866.652047751584,58.333333333333336,83.33333333333334,True,False
3523,迎輝,光電業,12,1,10692.34156494705,6023.910286037805,69.10264411669228,39.61212804278325,136.39015875269595,67.79801674384377,53.0517601802956,0.5690824469686803,-1513.5186294308908,50.0,83.33333333333334,12,1,10714.315175504484,5973.004631240662,68.56809572619234,37.80369049321302,144.6362967333926,67.22508284004834,51.92069258247455,0.5641549911149358,-1438.6364468456206,50.0,83.33333333333334,12,1,10739.065254985178,6523.3064859203705,75.40635222287642,70.21452439506403,84.92392725271621,73.41863031770895,64.05800457901096,0.6173731947644449,-2187.458272698322,41.66666666666667,58.333333333333336,False,True
1463,強盛新,紡織纖維,12,1,107888.02548787261,45908.98535537552,83.96813368308965,41.27219882344721,261.9127423426106,67.83952519958208,53.009847534157636,2.096745951626611,-16543.33638132467,41.66666666666667,66.66666666666666,12,1,108398.4054926876,48563.104257727064,86.37062904331646,41.50499202460522,280.04440442591545,71.76150615309236,54.902860527656614,2.1987357536166314,-18978.98214358256,50.0,66.66666666666666,12,1,132776.22788172646,67662.26935798717,92.76173420483399,47.556372229940806,147.43573561934429,99.98426651428083,58.122755423819136,2.9012882579592048,5377.475478996418,50.0,66.66666666666666,True,True
5522,遠雄,建材營造,12,1,2845737.589808303,1781148.494030363,351.4443994030819,80.64615243540952,1000.48704181226,68.6082542611905,102.7715570582578,1.4469882064500716,-1185697.1737433032,50.0,58.333333333333336,12,1,2794826.5706729405,1721607.7880990494,355.38352680043965,79.73014053340279,975.4729774331288,66.31479927688265,99.74566005419057,1.4015907983582696,-1196160.6677474433,50.0,58.333333333333336,12,1,3473951.0798962656,2317014.8474121857,315.9922528268626,102.69931183343574,1073.2189257927023,89.24934911996105,130.43630675428932,1.8555648792762895,-1091525.727706042,50.0,58.333333333333336,False,True
2538,基泰,建材營造,12,1,22759.051563775454,17317.780707630427,80.32775084622413,58.86101799594273,204.42133923763438,69.5828540165157,51.084581712250156,0.5246495446875735,13421.63363845839,25.0,58.333333333333336,12,1,22944.832033684677,17382.10486921784,80.72621668233677,57.186052841187205,215.25168091783024,69.84130853912666,51.45724154369788,0.5271442046911147,13237.970155431387,25.0,58.333333333333336,12,1,23904.890822857393,17953.83134832929,79.41946904412355,71.63213042569129,152.38244560938375,72.13850589974803,49.0414266984393,0.541685754215791,15074.604985701442,33.33333333333333,66.66666666666666,True,True
2724,藝舍-KY,其他,12,1,15543.875874235233,10055.942647585229,89.72610174343055,40.54059100475719,280.72726132716684,71.36218369990168,53.03839505891662,0.6291060862491328,4475.481925501338,41.66666666666667,58.333333333333336,12,1,16618.060062310407,10686.359087802894,94.85801596351146,44.51788865484061,302.7597336800285,75.83594567238609,54.83650794493792,0.6687938446766603,5000.601240174111,41.66666666666667,58.333333333333336,12,1,8489.628230824897,7115.761535428969,63.10031675436147,46.422809869595255,115.04741600410722,50.497133849298116,51.40653206987874,0.4341080425680179,-250.59190655360604,58.333333333333336,41.66666666666667,True,False
5213,亞昕,建材營造,12,1,2109164.8153497404,1095410.8696305675,137.285964340811,72.55530697878758,190.56361819178852,72.90556206418624,84.16610657875574,1.9851819010233198,-909092.9267679984,58.333333333333336,75.0,12,1,2120846.5114932624,1127662.2958933718,133.81594698760622,75.21126003701346,152.5864069995016,75.0520702140044,84.59322478503766,2.044106627012462,-967212.1059117321,66.66666666666666,75.0,12,1,2313044.40736414,1370361.1408875657,204.6449494265913,82.22713899399953,483.7161454960336,91.20500076927442,98.72337719198589,2.426272900272872,-386020.3144743969,41.66666666666667,66.66666666666666,True,True
2524,京城,建材營造,12,1,268918.93169429264,227668.5980577909,96.96396901538559,78.53829699997819,130.89335085975657,74.33951254954313,61.3592780196076,0.6888519695674747,145408.4808429391,16.666666666666664,58.333333333333336,12,1,272879.218066237,227265.38465941823,98.00937317720769,81.14359153723002,134.6929684072946,74.207853252898,60.892905604922866,0.6876661012919509,142488.3177461078,25.0,58.333333333333336,12,1,281971.5622365678,232297.65417537116,87.85478050753213,77.28396227597723,151.69399581034273,75.85101557754547,58.86589959197141,0.7026101378874038,171689.94871442113,16.666666666666664,66.66666666666666,False,True
1591,駿吉-KY,電機機械,12,1,10188.12837976443,7825.54092202176,130.69614457897296,45.93036949611608,410.4003469597433,74.94532407363218,66.49191672107536,0.33007827912291854,266.45845939022365,66.66666666666666,66.66666666666666,12,1,10389.770328194452,7971.2536486373165,135.97643140794037,43.20266676036742,415.2345631452743,76.34081706595993,67.76118557266516,0.3359689615754236,519.8829705740039,66.66666666666666,66.66666666666666,12,1,10247.888966761418,6985.802839886458,90.4079307679286,61.612750537120455,221.87136413143645,66.90313972756384,64.93483306994915,0.2969840644478322,-2014.362141263794,41.66666666666667,66.66666666666666,True,False
6596,寬宏藝術,文化創意業,12,1,251050.07175655317,193335.6911971897,104.14764351666645,75.82752130441938,196.58833884559758,75.0969141166,84.29215558110053,2.0075720772617456,-55284.090269379725,50.0,50.0,12,1,255088.12690019043,195924.95317084994,104.10612320145354,76.77583912978905,198.39533126967726,76.10265487174604,85.16306759808433,2.0337129772263807,-55563.3811772273,50.0,50.0,12,1,223908.57564953834,175280.81350527715,110.11147639515329,67.2926608760923,225.92035475939488,68.08390171821993,80.98053607385513,1.8285302271022799,-52770.47209875154,58.333333333333336,58.333333333333336,True,False
5519,隆大,建材營造,12,1,535982.8043360648,366747.97410902585,88.74986168930715,70.19983851585798,132.3060051320595,79.7078790488885,68.48496081238534,1.216804658157161,-42222.36237678281,33.33333333333333,50.0,12,1,540888.3407409389,370242.22789235384,89.3674569927859,69.27451274829053,133.52895926310882,80.4673094413924,68.4848222502037,1.2293320380512884,-41041.289488247916,33.33333333333333,50.0,12,1,511511.8556379208,358537.76922553685,91.85003250384248,70.17835763003697,186.1262663871445,77.92349831874384,71.83316421648526,1.1846785555755337,-52852.018373597,33.33333333333333,41.66666666666667,True,False
2545,皇翔,建材營造,12,1,557980.7337632121,405341.50004558224,136.31968778089794,84.15840055182488,296.5299260683361,80.04874581656613,81.92979821354083,0.813817050518559,29622.585702166572,33.33333333333333,50.0,12,1,561572.9463746207,408497.77575013693,136.0197192477857,85.5588668458698,285.44580536629576,80.67206198718395,82.13445934450809,0.8202649910429032,28600.56404626476,33.33333333333333,50.0,12,1,536383.7944430192,376935.01870459196,139.01940457890805,74.15294875413075,377.9632447842134,74.43890028100597,78.98229223518015,0.7557855857994603,38820.78060528286,33.33333333333333,58.333333333333336,True,False
6148,驊宏資,資訊服務業,12,1,73215.73734051647,61913.807797707144,91.46430128500937,81.58847818541567,172.8474079688845,82.19510828820349,84.18029163506388,1.496412343844284,-8546.188784435917,50.0,50.0,12,1,76139.80765071674,64455.254110532034,95.77750982259428,83.1846158465045,180.21787939597587,85.56906415235942,86.89065234807632,1.5572709032293375,-7526.386578383947,58.333333333333336,50.0,12,1,55300.019609541894,41921.51189669465,57.9662038968706,62.016996500926936,115.75295190550409,55.653873223440044,59.96521649150507,1.0187958564022652,-17724.408638903707,50.0,75.0,True,False
2509,全坤建,建材營造,12,1,38239.60254299574,18261.26656466148,89.3066396748609,15.652819740862887,380.57572778113797,82.91216686313848,36.36806409532401,0.2698398069245897,14707.472780891962,50.0,41.66666666666667,12,1,38083.95747566321,18226.674023334883,89.03377893337739,14.645322548242762,414.2211384646124,82.75510532808367,36.24314575187519,0.26841508225475236,14808.761864069666,50.0,58.333333333333336,12,1,49503.8348368857,19248.113720760386,95.02148225509454,23.257050652926438,80.19919038464427,87.39277809484925,37.54688191828171,0.29144339685576137,13795.871032292605,50.0,41.66666666666667,False,True
8291,尚茂,電子零組件業,12,1,287.4875104678273,212.92935584186606,105.27190509206747,75.08754219690653,203.32955533056722,88.62824384677047,74.43930022337527,0.03108771289428414,12.807671704762328,25.0,66.66666666666666,12,1,295.7025354795828,223.36303680928913,113.11425965039557,82.19400488120743,216.20164411223075,92.97108712145229,77.16670173568207,0.03255820822021603,24.017759468250365,25.0,66.66666666666666,12,1,245.04831551649107,140.374935509741,48.25794065128963,48.441587008691236,97.13145626359676,58.428693240266796,52.747256994988,0.020911508291289346,-88.08311816663002,50.0,91.66666666666666,True,False
3466,德晉,通信網路業,12,1,12533.01358936712,6032.10091451861,179.8390118656446,26.079987181168306,395.66252274719614,94.37322978086767,61.477777203822356,0.09637692725304718,4126.184377244917,50.0,75.0,12,1,12915.493940419972,6204.267508265817,184.44383915400755,30.245482088248522,413.6571921030114,97.06680499496721,61.61950489808893,0.09911895135980571,4416.237622560834,50.0,75.0,12,1,9544.88780104034,5954.327895356421,152.7950541001191,44.67794973334982,247.97095806327562,93.15645786140605,74.48075915884097,0.09621182949384181,1515.7051694016618,66.66666666666666,50.0,True,False
5531,鄉林,建材營造,12,1,131181.07369569383,85697.34775205962,152.91940738266555,44.057522732069096,485.4744193477394,95.87262949589008,63.457016532475116,0.3210426937716342,34148.97567213953,50.0,58.333333333333336,12,1,134119.73823453163,87335.05969751974,157.0530756556135,44.04641429793035,525.0842485382047,97.70479530599613,63.79495624399244,0.3266860967998509,37091.40262290383,58.333333333333336,58.333333333333336,12,1,123961.16135293005,71753.4728968801,117.14656398943535,32.21277386272585,231.46157870727092,80.27312749501802,55.34065958445197,0.2731963310023355,7667.133115260823,50.0,66.66666666666666,True,False
1808,潤隆,建材營造,12,1,1281209.453228166,542184.4653755011,1575.2343587836074,532.9537400680927,3761.7114495580113,100.15943368990439,138.9254343997829,0.44674951753843367,-475601.83327127574,25.0,66.66666666666666,12,1,1282553.388654051,545733.5264811432,1707.5638935419515,575.0170488523305,4138.063005803677,100.81506285889172,140.61261424960955,0.449637011257237,-472297.34188466595,25.0,66.66666666666666,12,1,1270369.1844142987,518736.6936953683,413.67464732640923,115.3220402647412,1184.2768098317756,95.82785342017873,137.31592066520182,0.4276433511685387,-505342.2557507632,50.0,58.333333333333336,True,False
6264,富裔,建材營造,12,1,18005.40038897798,9859.294534716288,162.55272492153426,88.1440988727978,241.28891285717572,102.39876615595938,87.53115321761427,0.2864844568221212,-1897.0852075295415,41.66666666666667,50.0,12,1,18160.197320802956,10001.626421072528,169.87177615330384,88.27827843892689,249.13724940854283,103.87702704939443,86.90638711315853,0.29061829862577265,-1707.8792691283197,41.66666666666667,50.0,12,1,17398.628691788275,8578.30755751013,96.68126383560804,86.9364827776359,170.70565477035572,89.09441811504377,83.01994455243857,0.2492798805892585,-3599.9386531405394,41.66666666666667,41.66666666666667,True,False
2718,全心投控,建材營造,12,1,471886.10962971445,275492.0665208218,319.4759881861887,97.65738371314269,834.3273745468691,109.4009710112125,131.73397403506104,1.9047581824090798,3379.2191702249643,50.0,58.333333333333336,12,1,482988.1747512569,279135.9778359931,321.5010774906192,97.51211752787853,893.9993803727845,110.84800881957115,131.76706614629228,1.9328058677008302,4022.25350488167,50.0,58.333333333333336,12,1,378116.9002112672,242696.86468428036,301.25018444631297,98.96477938052023,297.2793221136299,96.37763073598477,129.79585069523708,1.6523290147833247,-2408.0898416854266,50.0,33.33333333333333,True,False
1436,華友聯,建材營造,12,1,512795.3567823918,359592.4317257961,195.4191558339239,90.79912912237027,414.19974928480644,110.90225583897949,107.80001182281234,1.1655690209881762,37217.66802018535,50.0,41.66666666666667,12,1,533206.4413788583,372245.2300438182,201.31053841353892,90.94161969890129,393.2094916784194,114.80451782322032,110.06286194012564,1.2070387568761702,48102.72091069943,50.0,33.33333333333333,12,1,376816.0344768009,249293.3536803187,147.09062858189853,84.08511502571892,357.9681603692463,76.88480860435354,91.0030059143058,0.8040515862481902,-60747.80799444133,41.66666666666667,41.66666666666667,True,False
3308,聯德,電子工業,12,1,948.3093636968517,761.733846713946,124.17926029123151,93.22987085684753,263.0818794839294,113.94672351741899,87.69037185561992,0.031406730805712844,362.3939417801746,33.33333333333333,58.333333333333336,12,1,1029.9136964379063,819.835112059228,134.93749655125276,95.90982219066764,295.35856888899104,122.63801227512761,91.06577745790975,0.03374184279021085,417.53170386932806,33.33333333333333,66.66666666666666,12,1,487.7563477251245,302.891210188468,39.1948878453531,33.717472526682634,93.4351249895672,45.30908155399671,49.049373147876786,0.013033359544557864,-133.84591702220638,58.333333333333336,58.333333333333336,True,False
8089,康全電訊,通信網路業,12,1,102282.42904727299,79409.28224182948,136.85828654478212,90.15338405645504,282.71427775165495,116.3983498604988,75.70545852709392,0.7210213452762032,46586.80644811239,16.666666666666664,75.0,12,1,104823.31738554584,83215.79754195,144.89996043667546,100.87884991029156,285.8348071653963,121.9779507225675,78.85764769828042,0.7531494831702958,50379.159945145984,8.333333333333332,75.0,12,1,86255.90744829716,52381.715582900564,77.59108446516862,34.56957456902043,257.4107667470716,76.78126642857225,49.114644284461825,0.48949475656208824,12455.624974809978,33.33333333333333,83.33333333333334,True,False
3266,昇陽,建材營造,12,1,269140.6533043685,146372.68577053415,163.1073416179083,49.72769300802356,197.6647585687279,122.53126666799746,61.396468119369395,0.5308711819239267,113134.3539818909,33.33333333333333,50.0,12,1,293622.1827268955,157780.97416659925,174.52556295339593,49.208587491228016,208.44676980795361,132.08135465282197,63.59383167676022,0.5724420409149956,122137.1804325201,33.33333333333333,50.0,12,1,100485.72930201946,70344.1464189111,81.18303932502981,40.66261805316965,213.8124814663907,58.88637841147949,48.51819204094049,0.25476834741443266,32108.91592622815,58.333333333333336,66.66666666666666,True,False
4909,新復興,通信網路業,12,1,59220.03222086772,42961.08763291903,165.77280430141803,139.697721199498,258.14522514210176,173.82831098774966,85.88679835789415,0.7742788126128076,42961.08763291903,0.0,33.33333333333333,12,1,60125.5050093517,45401.322075222386,177.49826625490826,152.1579621953978,270.5680331134542,183.70193977350448,89.9204046948027,0.8137660247741691,45401.322075222386,0.0,33.33333333333333,12,1,58065.100477735425,24593.19645172245,76.48700689512987,24.690250652157125,202.08900353932916,99.5085095964169,42.75348108512824,0.4769334883654652,20998.97765218892,33.33333333333333,50.0,True,False
6405,悅城,電子工業,12,1,607.1754435921913,527.3747432198801,985.033733646962,907.1283814643803,2027.0059929200343,796.0373482564228,149.34491456422455,0.04242090209159988,527.3747432198801,0.0,41.66666666666667,12,1,661.6372699474408,579.5813945220448,1078.4308181446415,1006.5299470462323,2229.0380982206293,874.8398407879922,152.89086767208875,0.046617752730028696,579.5813945220448,0.0,41.66666666666667,12,1,195.52779653131358,100.13522465189409,181.67179148270344,60.81416355094156,208.71704521467868,151.1475089085194,69.90387523264886,0.008064744381883334,57.514881500398474,50.0,25.0,True,False
